2026-07-16 09:40:54 | INFO     | trace_id=5f9799eb-8708-46dc-aef3-5c7c89ec0462 - Received request: GET /api/v1/practice/categories
2026-07-16 09:40:54 | INFO     | trace_id=5f9799eb-8708-46dc-aef3-5c7c89ec0462 - Returned response: 200
2026-07-16 09:41:00 | INFO     | trace_id=c392a74f-1e79-4ae3-8412-81c1aa1d2dd0 - Received request: GET /api/v1/history
2026-07-16 09:41:00 | INFO     | trace_id=c392a74f-1e79-4ae3-8412-81c1aa1d2dd0 - Returned response: 200
2026-07-16 09:41:00 | INFO     | trace_id=dc83eba1-368d-4f73-b8fe-af8d38c64aaa - Received request: GET /api/v1/practice/history
2026-07-16 09:41:00 | INFO     | trace_id=dc83eba1-368d-4f73-b8fe-af8d38c64aaa - Returned response: 200
2026-07-16 09:41:08 | INFO     | trace_id=45eaf065-c38d-4a62-9f9a-9e3400b0a8ba - Received request: GET /api/v1/admin/personas
2026-07-16 09:41:08 | INFO     | trace_id=45eaf065-c38d-4a62-9f9a-9e3400b0a8ba - Returned response: 200
2026-07-16 09:41:08 | INFO     | trace_id=0f55d7bd-fc79-446b-a346-8932b49e26e7 - Received request: GET /api/v1/admin/personas
2026-07-16 09:41:08 | INFO     | trace_id=0f55d7bd-fc79-446b-a346-8932b49e26e7 - Returned response: 200
2026-07-16 09:41:09 | INFO     | trace_id=3b05b7f4-2a49-4846-ad93-dd3129a52521 - Received request: GET /api/v1/admin/questions
2026-07-16 09:41:09 | INFO     | trace_id=3b05b7f4-2a49-4846-ad93-dd3129a52521 - Returned response: 200
2026-07-16 09:41:11 | INFO     | trace_id=754f4d1a-9f0c-45eb-ab3f-a8a462d18c6e - Received request: GET /api/v1/admin/questions
2026-07-16 09:41:11 | INFO     | trace_id=754f4d1a-9f0c-45eb-ab3f-a8a462d18c6e - Returned response: 200
2026-07-16 09:41:14 | INFO     | trace_id=7fb9cc67-ba92-4767-914a-3d023f1c5b80 - Received request: GET /api/v1/admin/questions
2026-07-16 09:41:14 | INFO     | trace_id=7fb9cc67-ba92-4767-914a-3d023f1c5b80 - Returned response: 200
2026-07-16 09:41:22 | INFO     | trace_id=dff7f58a-f95c-46aa-84b6-df2b111b76d2 - Received request: GET /api/v1/admin/personas
2026-07-16 09:41:22 | INFO     | trace_id=dff7f58a-f95c-46aa-84b6-df2b111b76d2 - Returned response: 200
2026-07-16 09:41:22 | INFO     | trace_id=418c107d-5100-4165-b840-d0aec3dc5db5 - Received request: GET /api/v1/admin/questions
2026-07-16 09:41:22 | INFO     | trace_id=418c107d-5100-4165-b840-d0aec3dc5db5 - Returned response: 200
2026-07-16 09:41:23 | INFO     | trace_id=bd43f66a-b3b8-4ae8-b7f4-207cbe341ee6 - Received request: GET /api/v1/admin/personas
2026-07-16 09:41:23 | INFO     | trace_id=bd43f66a-b3b8-4ae8-b7f4-207cbe341ee6 - Returned response: 200
2026-07-16 09:48:19 | INFO     | trace_id=ff6cb39b-f8cc-46cb-b7bd-a78dd869e87e - Received request: GET /api/v1/admin/personas
2026-07-16 09:48:19 | INFO     | trace_id=ff6cb39b-f8cc-46cb-b7bd-a78dd869e87e - Returned response: 200
2026-07-16 09:48:19 | INFO     | trace_id=1febaa0d-4017-4668-b5e0-80739beb9faf - Received request: GET /api/v1/admin/personas
2026-07-16 09:48:19 | INFO     | trace_id=1febaa0d-4017-4668-b5e0-80739beb9faf - Returned response: 200
2026-07-16 09:48:30 | INFO     | trace_id=2637f9a1-2e56-405e-9a3e-67343cd06c4e - Received request: GET /api/v1/admin/personas
2026-07-16 09:48:30 | INFO     | trace_id=2637f9a1-2e56-405e-9a3e-67343cd06c4e - Returned response: 200
2026-07-16 09:48:30 | INFO     | trace_id=ce667bed-d13a-47c1-9f48-1a902e0c4559 - Received request: GET /api/v1/admin/personas
2026-07-16 09:48:30 | INFO     | trace_id=ce667bed-d13a-47c1-9f48-1a902e0c4559 - Returned response: 200
2026-07-16 09:48:31 | INFO     | trace_id=a751b245-110c-49ad-b4e6-6734fe5260b9 - Received request: GET /api/v1/admin/questions
2026-07-16 09:48:31 | INFO     | trace_id=a751b245-110c-49ad-b4e6-6734fe5260b9 - Returned response: 200
2026-07-16 09:48:35 | INFO     | trace_id=0ce26bba-c1aa-4f31-b1ee-6f0c32913521 - Received request: GET /api/v1/practice/categories
2026-07-16 09:48:35 | INFO     | trace_id=0ce26bba-c1aa-4f31-b1ee-6f0c32913521 - Returned response: 200
2026-07-16 09:49:55 | INFO     | trace_id=0852984d-cee4-4034-90f2-9083986cd5fc - Received request: GET /api/v1/practice/categories
2026-07-16 09:49:55 | INFO     | trace_id=0852984d-cee4-4034-90f2-9083986cd5fc - Returned response: 200
2026-07-16 09:50:42 | INFO     | trace_id=aecb7c70-6aec-45ca-aa46-88bd3bb4f7ae - Received request: GET /api/v1/practice/categories
2026-07-16 09:50:42 | INFO     | trace_id=aecb7c70-6aec-45ca-aa46-88bd3bb4f7ae - Returned response: 200
2026-07-16 09:56:35 | INFO     | trace_id=e5714f21-ddba-4456-b673-e87583278984 - Received request: GET /api/v1/practice/categories
2026-07-16 09:56:35 | INFO     | trace_id=e5714f21-ddba-4456-b673-e87583278984 - Returned response: 200
2026-07-16 10:33:06 | INFO     | trace_id=9fe00e3c-e005-4f2c-aa5c-521f5394369c - Received request: POST /api/v1/admin/builder/extract
2026-07-16 10:33:43 | INFO     | trace_id=9fe00e3c-e005-4f2c-aa5c-521f5394369c - Returned response: 200
2026-07-16 10:43:42 | INFO     | trace_id=17d4237e-7307-4ff0-9d5f-2c6e86a65976 - Received request: GET /api/v1/admin/personas
2026-07-16 10:43:42 | ERROR    | trace_id=17d4237e-7307-4ff0-9d5f-2c6e86a65976 - Request failed: GET /api/v1/admin/personas - (pymysql.err.OperationalError) (1045, "Access denied for user 'root'@'192.168.65.1' (using password: YES)")
(Background on this error at: https://sqlalche.me/e/20/e3q8)
2026-07-16 10:43:42 | INFO     | trace_id=d923dfe1-e6a3-4fad-ac57-bce23c7d8c18 - Received request: GET /api/v1/admin/personas
2026-07-16 10:43:42 | ERROR    | trace_id=d923dfe1-e6a3-4fad-ac57-bce23c7d8c18 - Request failed: GET /api/v1/admin/personas - (pymysql.err.OperationalError) (1045, "Access denied for user 'root'@'192.168.65.1' (using password: YES)")
(Background on this error at: https://sqlalche.me/e/20/e3q8)
2026-07-16 10:43:43 | INFO     | trace_id=a8023781-de29-4b7c-af79-8002d87cfa2c - Received request: GET /api/v1/admin/questions
2026-07-16 10:43:43 | ERROR    | trace_id=a8023781-de29-4b7c-af79-8002d87cfa2c - Request failed: GET /api/v1/admin/questions - (pymysql.err.OperationalError) (1045, "Access denied for user 'root'@'192.168.65.1' (using password: YES)")
(Background on this error at: https://sqlalche.me/e/20/e3q8)
2026-07-16 10:44:05 | INFO     | trace_id=76e8fe5b-ed13-4bf0-b410-68f2012d64ea - Received request: GET /api/v1/admin/questions
2026-07-16 10:44:05 | ERROR    | trace_id=76e8fe5b-ed13-4bf0-b410-68f2012d64ea - Request failed: GET /api/v1/admin/questions - (pymysql.err.OperationalError) (1045, "Access denied for user 'root'@'192.168.65.1' (using password: YES)")
(Background on this error at: https://sqlalche.me/e/20/e3q8)
2026-07-16 10:45:00 | INFO     | trace_id=26ecf56d-c2b1-4839-b359-9cd0fcdb20c4 - Received request: GET /api/v1/admin/personas
2026-07-16 10:45:00 | ERROR    | trace_id=26ecf56d-c2b1-4839-b359-9cd0fcdb20c4 - Request failed: GET /api/v1/admin/personas - (pymysql.err.OperationalError) (1045, "Access denied for user 'root'@'192.168.65.1' (using password: YES)")
(Background on this error at: https://sqlalche.me/e/20/e3q8)
2026-07-16 10:45:08 | INFO     | trace_id=62f3aee9-4ab2-4c70-858e-5a80a180c25b - Received request: GET /api/v1/admin/personas
2026-07-16 10:45:08 | ERROR    | trace_id=62f3aee9-4ab2-4c70-858e-5a80a180c25b - Request failed: GET /api/v1/admin/personas - (pymysql.err.OperationalError) (1045, "Access denied for user 'root'@'192.168.65.1' (using password: YES)")
(Background on this error at: https://sqlalche.me/e/20/e3q8)
2026-07-16 10:45:08 | INFO     | trace_id=e2edc010-2aa6-4a6c-84cc-461d0244b343 - Received request: GET /api/v1/admin/personas
2026-07-16 10:45:08 | ERROR    | trace_id=e2edc010-2aa6-4a6c-84cc-461d0244b343 - Request failed: GET /api/v1/admin/personas - (pymysql.err.OperationalError) (1045, "Access denied for user 'root'@'192.168.65.1' (using password: YES)")
(Background on this error at: https://sqlalche.me/e/20/e3q8)
2026-07-16 10:45:15 | INFO     | trace_id=f6d544e6-a484-40bb-8634-5174dff81225 - Received request: GET /api/v1/admin/questions
2026-07-16 10:45:15 | ERROR    | trace_id=f6d544e6-a484-40bb-8634-5174dff81225 - Request failed: GET /api/v1/admin/questions - (pymysql.err.OperationalError) (1045, "Access denied for user 'root'@'192.168.65.1' (using password: YES)")
(Background on this error at: https://sqlalche.me/e/20/e3q8)
2026-07-16 10:45:16 | INFO     | trace_id=d4d08924-7bb7-45b2-95e6-5ffbb26fd0bd - Received request: GET /api/v1/admin/personas
2026-07-16 10:45:16 | ERROR    | trace_id=d4d08924-7bb7-45b2-95e6-5ffbb26fd0bd - Request failed: GET /api/v1/admin/personas - (pymysql.err.OperationalError) (1045, "Access denied for user 'root'@'192.168.65.1' (using password: YES)")
(Background on this error at: https://sqlalche.me/e/20/e3q8)
2026-07-16 10:45:17 | INFO     | trace_id=5671d3bf-430b-4d6b-9686-f21dc046c0e0 - Received request: GET /api/v1/admin/questions
2026-07-16 10:45:17 | ERROR    | trace_id=5671d3bf-430b-4d6b-9686-f21dc046c0e0 - Request failed: GET /api/v1/admin/questions - (pymysql.err.OperationalError) (1045, "Access denied for user 'root'@'192.168.65.1' (using password: YES)")
(Background on this error at: https://sqlalche.me/e/20/e3q8)
2026-07-16 10:45:18 | INFO     | trace_id=ffd03d36-b72e-411c-a92e-c395163fe08a - Received request: GET /api/v1/admin/questions
2026-07-16 10:45:18 | ERROR    | trace_id=ffd03d36-b72e-411c-a92e-c395163fe08a - Request failed: GET /api/v1/admin/questions - (pymysql.err.OperationalError) (1045, "Access denied for user 'root'@'192.168.65.1' (using password: YES)")
(Background on this error at: https://sqlalche.me/e/20/e3q8)
2026-07-16 10:45:22 | INFO     | trace_id=c5976684-ec24-4a6a-8aeb-df1c33cb97ec - Received request: GET /api/v1/practice/categories
2026-07-16 10:45:22 | INFO     | trace_id=c5976684-ec24-4a6a-8aeb-df1c33cb97ec - Returned response: 500
2026-07-16 10:45:51 | INFO     | trace_id=55e69df0-6292-4469-9112-d0d06277f178 - Received request: GET /api/v1/admin/questions
2026-07-16 10:45:51 | ERROR    | trace_id=55e69df0-6292-4469-9112-d0d06277f178 - Request failed: GET /api/v1/admin/questions - (pymysql.err.OperationalError) (1045, "Access denied for user 'root'@'192.168.65.1' (using password: YES)")
(Background on this error at: https://sqlalche.me/e/20/e3q8)
2026-07-16 10:46:49 | INFO     | trace_id=39e65cb8-0587-4150-9cc9-222a8b25e0b1 - Received request: GET /api/v1/admin/questions
2026-07-16 10:46:49 | INFO     | trace_id=39e65cb8-0587-4150-9cc9-222a8b25e0b1 - Returned response: 200
2026-07-16 10:47:04 | INFO     | trace_id=f48ef245-bd68-489c-82d6-711be9799f75 - Received request: GET /api/v1/admin/personas
2026-07-16 10:47:04 | INFO     | trace_id=f48ef245-bd68-489c-82d6-711be9799f75 - Returned response: 200
2026-07-16 10:47:04 | INFO     | trace_id=04f8160f-7715-4bb0-b7b4-382823fe3b19 - Received request: GET /api/v1/admin/personas
2026-07-16 10:47:04 | INFO     | trace_id=04f8160f-7715-4bb0-b7b4-382823fe3b19 - Returned response: 200
2026-07-16 10:47:05 | INFO     | trace_id=3aa15bac-ba00-4213-b758-1556d6847cf7 - Received request: GET /api/v1/admin/questions
2026-07-16 10:47:05 | INFO     | trace_id=3aa15bac-ba00-4213-b758-1556d6847cf7 - Returned response: 200
2026-07-16 10:51:31 | INFO     | trace_id=23f84152-5d03-4c32-b320-a8ae12958aaf - Received request: GET /api/v1/admin/personas
2026-07-16 10:51:32 | INFO     | trace_id=23f84152-5d03-4c32-b320-a8ae12958aaf - Returned response: 200
2026-07-16 10:54:37 | INFO     | trace_id=d0d94850-6e59-474a-bbf4-652e2296b3cd - Received request: GET /api/v1/admin/personas
2026-07-16 10:54:37 | INFO     | trace_id=d0d94850-6e59-474a-bbf4-652e2296b3cd - Returned response: 200
2026-07-16 10:54:37 | INFO     | trace_id=d87ee697-c1d2-41b9-8f4f-3a9daa81b79b - Received request: GET /api/v1/admin/personas
2026-07-16 10:54:37 | INFO     | trace_id=d87ee697-c1d2-41b9-8f4f-3a9daa81b79b - Returned response: 200
2026-07-16 10:54:53 | INFO     | trace_id=8b17fafc-2b84-4ab4-a699-f07772573554 - Received request: GET /api/v1/admin/personas
2026-07-16 10:54:53 | INFO     | trace_id=8b17fafc-2b84-4ab4-a699-f07772573554 - Returned response: 200
2026-07-16 10:56:14 | INFO     | trace_id=75b6dec1-0f6a-4a6f-a571-8011e1735194 - Received request: GET /api/v1/practice/categories
2026-07-16 10:56:14 | INFO     | trace_id=75b6dec1-0f6a-4a6f-a571-8011e1735194 - Returned response: 200
2026-07-16 10:56:56 | INFO     | trace_id=a8c27a39-7e42-4114-88f0-3b60dbe2bf66 - Received request: OPTIONS /api/v1/chat
2026-07-16 10:56:56 | INFO     | trace_id=a8c27a39-7e42-4114-88f0-3b60dbe2bf66 - Returned response: 200
2026-07-16 10:56:56 | INFO     | trace_id=e4313dcd-3c7f-4688-aed0-3d7670348709 - Received request: POST /api/v1/chat
2026-07-16 10:56:56 | INFO     | trace_id=e4313dcd-3c7f-4688-aed0-3d7670348709 - Returned response: 200
2026-07-16 13:37:35 | INFO     | trace_id=467e2464-1e27-4f98-9aa5-28b5b7b391b9 - Received request: GET /api/v1/admin/personas
2026-07-16 13:37:35 | INFO     | trace_id=467e2464-1e27-4f98-9aa5-28b5b7b391b9 - Returned response: 200
2026-07-16 13:37:35 | INFO     | trace_id=126cebb6-e9ea-46d6-80a2-781e465320bd - Received request: GET /api/v1/admin/personas
2026-07-16 13:37:35 | INFO     | trace_id=126cebb6-e9ea-46d6-80a2-781e465320bd - Returned response: 200
2026-07-16 13:41:42 | INFO     | trace_id=19211e2c-c99b-47fd-b74f-63a3b15ac35e - Received request: POST /api/v1/admin/builder/upload
2026-07-16 13:41:42 | INFO     | trace_id=19211e2c-c99b-47fd-b74f-63a3b15ac35e - Returned response: 200
2026-07-16 13:41:46 | INFO     | trace_id=4e5d6dce-3258-4985-b34c-241df06f5652 - Received request: OPTIONS /api/v1/admin/builder/extract
2026-07-16 13:41:46 | INFO     | trace_id=4e5d6dce-3258-4985-b34c-241df06f5652 - Returned response: 200
2026-07-16 13:41:46 | INFO     | trace_id=17d71f35-65e0-438f-a028-2d00872f95f3 - Received request: POST /api/v1/admin/builder/extract
2026-07-16 13:42:50 | INFO     | trace_id=17d71f35-65e0-438f-a028-2d00872f95f3 - Returned response: 200
2026-07-16 14:03:57 | INFO     | trace_id=890e1c73-c99d-49e6-b095-023cce6e6409 - Received request: POST /api/v1/admin/builder/upload
2026-07-16 14:03:58 | INFO     | trace_id=890e1c73-c99d-49e6-b095-023cce6e6409 - Returned response: 200
2026-07-16 14:04:00 | INFO     | trace_id=e3cecd3f-7457-47ea-95a7-475e5aa982fc - Received request: GET /api/v1/admin/questions
2026-07-16 14:04:00 | INFO     | trace_id=e3cecd3f-7457-47ea-95a7-475e5aa982fc - Returned response: 200
2026-07-16 14:04:03 | INFO     | trace_id=0085a966-2a5e-4e65-83d3-d80966843ab0 - Received request: GET /api/v1/admin/personas
2026-07-16 14:04:03 | INFO     | trace_id=0085a966-2a5e-4e65-83d3-d80966843ab0 - Returned response: 200
2026-07-16 14:04:03 | INFO     | trace_id=d9ca8dfc-7039-4c10-b0c6-dab81c04fa7c - Received request: GET /api/v1/admin/personas
2026-07-16 14:04:03 | INFO     | trace_id=d9ca8dfc-7039-4c10-b0c6-dab81c04fa7c - Returned response: 200
2026-07-16 14:04:08 | INFO     | trace_id=3c96a5af-926c-466e-b62d-705cc01fc00d - Received request: POST /api/v1/admin/builder/upload
2026-07-16 14:04:08 | INFO     | trace_id=3c96a5af-926c-466e-b62d-705cc01fc00d - Returned response: 200
2026-07-16 14:04:12 | INFO     | trace_id=3396661e-b216-4283-8aa9-f6fbc4433301 - Received request: OPTIONS /api/v1/admin/builder/extract
2026-07-16 14:04:12 | INFO     | trace_id=3396661e-b216-4283-8aa9-f6fbc4433301 - Returned response: 200
2026-07-16 14:04:12 | INFO     | trace_id=baeb66b8-9620-4711-9b13-f3edf32ebacd - Received request: POST /api/v1/admin/builder/extract
2026-07-16 14:05:35 | INFO     | trace_id=baeb66b8-9620-4711-9b13-f3edf32ebacd - Returned response: 200
2026-07-16 14:07:51 | INFO     | trace_id=36d72bb4-5129-45d9-bf35-ea9a2e2f5d81 - Received request: OPTIONS /api/v1/admin/builder/save
2026-07-16 14:07:51 | INFO     | trace_id=36d72bb4-5129-45d9-bf35-ea9a2e2f5d81 - Returned response: 200
2026-07-16 14:07:51 | INFO     | trace_id=26857505-7ffe-4a66-869a-076f81bcc116 - Received request: POST /api/v1/admin/builder/save
2026-07-16 14:07:51 | INFO     | trace_id=26857505-7ffe-4a66-869a-076f81bcc116 - Returned response: 200
2026-07-16 14:07:51 | INFO     | trace_id=d8a4558d-1f7d-42b7-87dc-db76b97c31e1 - Received request: GET /api/v1/admin/questions
2026-07-16 14:07:51 | INFO     | trace_id=d8a4558d-1f7d-42b7-87dc-db76b97c31e1 - Returned response: 200
2026-07-16 14:08:09 | INFO     | trace_id=69eb9005-b7b2-4342-a674-c24c8f6a5146 - Received request: GET /api/v1/practice/categories
2026-07-16 14:08:09 | INFO     | trace_id=69eb9005-b7b2-4342-a674-c24c8f6a5146 - Returned response: 200
2026-07-16 14:08:13 | INFO     | trace_id=2112646e-ad70-459e-9621-2103c533c14a - Received request: GET /api/v1/admin/personas
2026-07-16 14:08:13 | INFO     | trace_id=2112646e-ad70-459e-9621-2103c533c14a - Returned response: 200
2026-07-16 14:08:13 | INFO     | trace_id=2d496921-2081-4965-a0bc-3eb785636447 - Received request: GET /api/v1/admin/personas
2026-07-16 14:08:13 | INFO     | trace_id=2d496921-2081-4965-a0bc-3eb785636447 - Returned response: 200
2026-07-16 14:08:16 | INFO     | trace_id=ff48432e-85a5-4d56-8fa6-885192dbe989 - Received request: GET /api/v1/admin/questions
2026-07-16 14:08:16 | INFO     | trace_id=ff48432e-85a5-4d56-8fa6-885192dbe989 - Returned response: 200
2026-07-16 14:08:44 | INFO     | trace_id=7b215ed0-cf39-4d22-be0e-197496429067 - Received request: OPTIONS /api/v1/chat
2026-07-16 14:08:44 | INFO     | trace_id=7b215ed0-cf39-4d22-be0e-197496429067 - Returned response: 200
2026-07-16 14:08:44 | INFO     | trace_id=cbe53bff-0df5-46d4-8824-dd1462d8a0f0 - Received request: POST /api/v1/chat
2026-07-16 14:08:45 | INFO     | trace_id=cbe53bff-0df5-46d4-8824-dd1462d8a0f0 - Returned response: 200
2026-07-16 14:09:20 | INFO     | trace_id=ac37e87c-58a8-4293-a9f4-3fa422c8b065 - Received request: POST /api/v1/chat
2026-07-16 14:09:20 | INFO     | trace_id=ac37e87c-58a8-4293-a9f4-3fa422c8b065 - Returned response: 200
2026-07-16 14:10:39 | INFO     | trace_id=a245a1a1-61d8-44a2-9b52-a6df34059c6a - Received request: GET /api/v1/practice/categories
2026-07-16 14:10:39 | INFO     | trace_id=a245a1a1-61d8-44a2-9b52-a6df34059c6a - Returned response: 200
2026-07-16 14:10:49 | INFO     | trace_id=c8ed69e8-6248-4190-82ab-a5ea9603dd92 - Received request: GET /api/v1/admin/personas
2026-07-16 14:10:49 | INFO     | trace_id=c8ed69e8-6248-4190-82ab-a5ea9603dd92 - Returned response: 200
2026-07-16 14:10:49 | INFO     | trace_id=9a7b8f81-9a91-483d-a1da-73e639285131 - Received request: GET /api/v1/admin/personas
2026-07-16 14:10:49 | INFO     | trace_id=9a7b8f81-9a91-483d-a1da-73e639285131 - Returned response: 200
2026-07-16 14:12:17 | INFO     | trace_id=8b858cf0-ddca-44ac-86c5-7404d0b48943 - Received request: POST /api/v1/admin/builder/upload
2026-07-16 14:12:17 | INFO     | trace_id=8b858cf0-ddca-44ac-86c5-7404d0b48943 - Returned response: 500
2026-07-16 14:13:51 | INFO     | trace_id=104b8dfb-1cf8-4d46-9dd8-01f8081f107e - Received request: POST /api/v1/admin/builder/upload
2026-07-16 14:13:51 | INFO     | trace_id=10c346e4-65b0-4dae-85cd-53cba26fe86f - Received request: GET /api/v1/admin/personas
2026-07-16 14:13:51 | INFO     | trace_id=a679dd0a-e13a-4918-942b-1e9ff6d6a3cd - Received request: POST /api/v1/admin/builder/upload
2026-07-16 14:13:51 | INFO     | trace_id=daaa2c61-dc4a-4a2b-bc60-df58ac53b55d - Received request: GET /api/v1/admin/personas
2026-07-16 14:13:51 | INFO     | trace_id=7b17d638-8b8d-49cb-9077-55dab3d70788 - Received request: GET /api/v1/admin/personas
2026-07-16 14:13:51 | INFO     | trace_id=5f93b8ec-ae05-481d-932a-c07f02a85045 - Received request: POST /api/v1/admin/builder/upload
2026-07-16 14:13:51 | INFO     | trace_id=104b8dfb-1cf8-4d46-9dd8-01f8081f107e - Returned response: 500
2026-07-16 14:13:51 | INFO     | trace_id=a679dd0a-e13a-4918-942b-1e9ff6d6a3cd - Returned response: 200
2026-07-16 14:13:51 | INFO     | trace_id=5f93b8ec-ae05-481d-932a-c07f02a85045 - Returned response: 200
2026-07-16 14:13:51 | INFO     | trace_id=7b17d638-8b8d-49cb-9077-55dab3d70788 - Returned response: 200
2026-07-16 14:13:51 | INFO     | trace_id=10c346e4-65b0-4dae-85cd-53cba26fe86f - Returned response: 200
2026-07-16 14:13:51 | INFO     | trace_id=daaa2c61-dc4a-4a2b-bc60-df58ac53b55d - Returned response: 200
2026-07-16 14:13:51 | INFO     | trace_id=f0e3a186-f683-4c35-bec3-7fc18b2cb74d - Received request: GET /api/v1/admin/personas
2026-07-16 14:13:52 | INFO     | trace_id=f0e3a186-f683-4c35-bec3-7fc18b2cb74d - Returned response: 200
2026-07-16 14:14:06 | INFO     | trace_id=bde248c9-9e75-4c95-b832-e31b6474bc1b - Received request: GET /api/v1/admin/personas
2026-07-16 14:14:06 | INFO     | trace_id=bde248c9-9e75-4c95-b832-e31b6474bc1b - Returned response: 200
2026-07-16 14:14:06 | INFO     | trace_id=cc82d154-1c98-4d17-b4f3-8d8726b9165d - Received request: GET /api/v1/admin/personas
2026-07-16 14:14:06 | INFO     | trace_id=cc82d154-1c98-4d17-b4f3-8d8726b9165d - Returned response: 200
2026-07-16 14:14:11 | INFO     | trace_id=2413b4e2-3009-4796-b1c3-dd5c9a19a647 - Received request: POST /api/v1/admin/builder/upload
2026-07-16 14:14:11 | INFO     | trace_id=2413b4e2-3009-4796-b1c3-dd5c9a19a647 - Returned response: 200
2026-07-16 14:14:13 | INFO     | trace_id=40c6f0d9-50ba-41e5-ad76-7e72c347f5e9 - Received request: OPTIONS /api/v1/admin/builder/extract
2026-07-16 14:14:13 | INFO     | trace_id=40c6f0d9-50ba-41e5-ad76-7e72c347f5e9 - Returned response: 200
2026-07-16 14:14:13 | INFO     | trace_id=de295b9b-8c83-446d-94c3-0ddb5ecc9e81 - Received request: POST /api/v1/admin/builder/extract
2026-07-16 14:15:56 | INFO     | trace_id=de295b9b-8c83-446d-94c3-0ddb5ecc9e81 - Returned response: 200
2026-07-16 14:16:59 | INFO     | trace_id=217d8456-5d15-42da-bcda-6f8f51f03982 - Received request: POST /api/v1/admin/builder/save
2026-07-16 14:17:00 | INFO     | trace_id=217d8456-5d15-42da-bcda-6f8f51f03982 - Returned response: 200
2026-07-16 14:17:00 | INFO     | trace_id=ab10fcb9-df2a-4564-96ed-59ce92a30d32 - Received request: GET /api/v1/admin/questions
2026-07-16 14:17:00 | INFO     | trace_id=ab10fcb9-df2a-4564-96ed-59ce92a30d32 - Returned response: 200
2026-07-16 14:18:56 | INFO     | trace_id=cb28753e-bb4c-4710-b90e-b2018447c8a0 - Received request: GET /api/v1/admin/personas
2026-07-16 14:18:57 | INFO     | trace_id=cb28753e-bb4c-4710-b90e-b2018447c8a0 - Returned response: 200
2026-07-16 14:19:34 | INFO     | trace_id=3ead1b34-e1b4-4781-9091-256aa8dd533d - Received request: GET /api/v1/practice/categories
2026-07-16 14:19:34 | INFO     | trace_id=3ead1b34-e1b4-4781-9091-256aa8dd533d - Returned response: 200
2026-07-16 14:19:36 | INFO     | trace_id=e78e7c9e-bfff-474c-93c6-86ae1da666d1 - Received request: GET /api/v1/admin/personas
2026-07-16 14:19:36 | INFO     | trace_id=e78e7c9e-bfff-474c-93c6-86ae1da666d1 - Returned response: 200
2026-07-16 14:19:36 | INFO     | trace_id=bacab004-9f9e-4711-99c9-394a4deb3c03 - Received request: GET /api/v1/admin/personas
2026-07-16 14:19:36 | INFO     | trace_id=bacab004-9f9e-4711-99c9-394a4deb3c03 - Returned response: 200
2026-07-16 14:19:36 | INFO     | trace_id=65ed47e0-f6e7-461a-80ef-1abc6d15ee81 - Received request: GET /api/v1/admin/questions
2026-07-16 14:19:36 | INFO     | trace_id=65ed47e0-f6e7-461a-80ef-1abc6d15ee81 - Returned response: 200
2026-07-16 14:26:21 | INFO     | trace_id=e4c5cb48-bc22-4708-a0db-07c7b19bce15 - Received request: GET /api/v1/admin/personas
2026-07-16 14:26:21 | INFO     | trace_id=e4c5cb48-bc22-4708-a0db-07c7b19bce15 - Returned response: 200
2026-07-16 14:26:21 | INFO     | trace_id=16002bb5-3223-472c-936c-4562de37a5ed - Received request: GET /api/v1/admin/personas
2026-07-16 14:26:21 | INFO     | trace_id=16002bb5-3223-472c-936c-4562de37a5ed - Returned response: 200
2026-07-16 14:26:22 | INFO     | trace_id=a41f9d40-3d30-40d0-87f9-733e7d026579 - Received request: GET /api/v1/admin/questions
2026-07-16 14:26:22 | INFO     | trace_id=a41f9d40-3d30-40d0-87f9-733e7d026579 - Returned response: 200
2026-07-16 14:26:48 | INFO     | trace_id=6dc2cf42-ef53-4ef3-9ff1-ccb5cddf8b53 - Received request: OPTIONS /api/v1/chat
2026-07-16 14:26:48 | INFO     | trace_id=6dc2cf42-ef53-4ef3-9ff1-ccb5cddf8b53 - Returned response: 200
2026-07-16 14:26:48 | INFO     | trace_id=80009c21-cb39-4006-b2fe-1cc9b1052aba - Received request: POST /api/v1/chat
2026-07-16 14:26:49 | INFO     | trace_id=80009c21-cb39-4006-b2fe-1cc9b1052aba - Returned response: 200
2026-07-16 14:29:39 | INFO     | trace_id=b0c041ac-23c5-4d77-87b1-f8691a9cefe2 - Received request: GET /api/v1/admin/personas
2026-07-16 14:29:39 | INFO     | trace_id=d6847c84-2fb1-41f7-8e31-b5d729ab98bd - Received request: GET /api/v1/admin/questions
2026-07-16 14:29:39 | INFO     | trace_id=b0c041ac-23c5-4d77-87b1-f8691a9cefe2 - Returned response: 200
2026-07-16 14:29:39 | INFO     | trace_id=d6847c84-2fb1-41f7-8e31-b5d729ab98bd - Returned response: 200
2026-07-16 14:33:06 | INFO     | trace_id=7109529d-0ab7-4b61-90c2-beaddd9e0fcd - Received request: GET /api/v1/admin/personas
2026-07-16 14:33:06 | INFO     | trace_id=7109529d-0ab7-4b61-90c2-beaddd9e0fcd - Returned response: 200
2026-07-16 14:33:06 | INFO     | trace_id=c4578e96-5b9e-4b51-878a-19e4c117aeee - Received request: GET /api/v1/admin/personas
2026-07-16 14:33:06 | INFO     | trace_id=c4578e96-5b9e-4b51-878a-19e4c117aeee - Returned response: 200
2026-07-16 14:33:13 | INFO     | trace_id=4b4d58a2-54f8-4064-a82d-cb2d4fd32604 - Received request: POST /api/v1/chat
2026-07-16 14:33:13 | INFO     | trace_id=4b4d58a2-54f8-4064-a82d-cb2d4fd32604 - Returned response: 200
2026-07-16 14:35:28 | INFO     | trace_id=46c6101e-5ae0-4da4-9c99-ea3c2362840a - Received request: GET /api/v1/admin/personas
2026-07-16 14:35:28 | INFO     | trace_id=46c6101e-5ae0-4da4-9c99-ea3c2362840a - Returned response: 200
2026-07-16 14:35:28 | INFO     | trace_id=fd962270-a3d9-482a-9062-455779c15ea5 - Received request: GET /api/v1/admin/personas
2026-07-16 14:35:28 | INFO     | trace_id=fd962270-a3d9-482a-9062-455779c15ea5 - Returned response: 200
2026-07-16 14:35:29 | INFO     | trace_id=77b4eb38-b896-497a-8744-85972b12ef16 - Received request: GET /api/v1/admin/questions
2026-07-16 14:35:29 | INFO     | trace_id=77b4eb38-b896-497a-8744-85972b12ef16 - Returned response: 200
2026-07-16 14:35:36 | INFO     | trace_id=81b01c7f-d857-4ac4-b073-e1eeedc6c96d - Received request: GET /api/v1/practice/categories
2026-07-16 14:35:36 | INFO     | trace_id=81b01c7f-d857-4ac4-b073-e1eeedc6c96d - Returned response: 200
2026-07-16 14:36:07 | INFO     | trace_id=80e32f34-495b-440a-ac01-7b05b4bace57 - Received request: GET /api/v1/admin/personas
2026-07-16 14:36:07 | INFO     | trace_id=80e32f34-495b-440a-ac01-7b05b4bace57 - Returned response: 200
2026-07-16 14:36:07 | INFO     | trace_id=2a48691c-3ef1-4099-bded-5a4ab683c156 - Received request: GET /api/v1/admin/personas
2026-07-16 14:36:07 | INFO     | trace_id=2a48691c-3ef1-4099-bded-5a4ab683c156 - Returned response: 200
2026-07-16 14:36:12 | INFO     | trace_id=ceafbb78-c37b-4e75-92dc-99f56001741f - Received request: POST /api/v1/chat
2026-07-16 14:36:12 | INFO     | trace_id=ceafbb78-c37b-4e75-92dc-99f56001741f - Returned response: 200
2026-07-16 14:38:42 | INFO     | trace_id=d17ead7b-bd30-41d5-a419-dcaaf2f989a9 - Received request: GET /api/v1/practice/categories
2026-07-16 14:38:42 | INFO     | trace_id=d17ead7b-bd30-41d5-a419-dcaaf2f989a9 - Returned response: 200
2026-07-16 14:41:44 | INFO     | trace_id=ea4dfaa4-d2f2-406d-8899-7ea8c513c918 - Received request: GET /api/v1/admin/personas
2026-07-16 14:41:44 | INFO     | trace_id=ea4dfaa4-d2f2-406d-8899-7ea8c513c918 - Returned response: 200
2026-07-16 14:41:44 | INFO     | trace_id=4b72364b-9667-42a2-87fd-adb7146233e9 - Received request: GET /api/v1/admin/personas
2026-07-16 14:41:44 | INFO     | trace_id=4b72364b-9667-42a2-87fd-adb7146233e9 - Returned response: 200
2026-07-16 14:41:45 | INFO     | trace_id=9af772b8-e354-422e-ac05-c6d224537eff - Received request: GET /api/v1/admin/questions
2026-07-16 14:41:45 | INFO     | trace_id=9af772b8-e354-422e-ac05-c6d224537eff - Returned response: 200
2026-07-16 14:41:47 | INFO     | trace_id=7b3109e2-d963-4bf7-8ac5-dc47c4f44cdc - Received request: GET /api/v1/admin/questions
2026-07-16 14:41:47 | INFO     | trace_id=7b3109e2-d963-4bf7-8ac5-dc47c4f44cdc - Returned response: 200
2026-07-16 14:41:59 | INFO     | trace_id=b5d672d3-913c-41c9-b19f-d3e9e48bc107 - Received request: GET /api/v1/admin/questions
2026-07-16 14:41:59 | INFO     | trace_id=b5d672d3-913c-41c9-b19f-d3e9e48bc107 - Returned response: 200
2026-07-16 14:41:59 | INFO     | trace_id=44e901b5-51a0-445a-b8bc-a497ecbc9784 - Received request: GET /api/v1/admin/personas
2026-07-16 14:41:59 | INFO     | trace_id=44e901b5-51a0-445a-b8bc-a497ecbc9784 - Returned response: 200
2026-07-16 14:42:18 | INFO     | trace_id=f9435e54-e007-4545-b229-dabd4664642f - Received request: GET /api/v1/admin/questions
2026-07-16 14:42:18 | INFO     | trace_id=f9435e54-e007-4545-b229-dabd4664642f - Returned response: 200
2026-07-16 14:44:09 | INFO     | trace_id=fae332e0-00e2-4c0c-8e35-a650d4217e25 - Received request: GET /api/v1/admin/personas
2026-07-16 14:44:09 | INFO     | trace_id=fae332e0-00e2-4c0c-8e35-a650d4217e25 - Returned response: 200
2026-07-16 14:44:11 | INFO     | trace_id=b0fa44b0-bb5c-44a1-8305-7580d9402073 - Received request: GET /api/v1/admin/questions
2026-07-16 14:44:11 | INFO     | trace_id=b0fa44b0-bb5c-44a1-8305-7580d9402073 - Returned response: 200
2026-07-16 14:44:12 | INFO     | trace_id=05b8f0a2-8b35-4c35-b9a2-90780dffe3e4 - Received request: GET /api/v1/practice/categories
2026-07-16 14:44:12 | INFO     | trace_id=05b8f0a2-8b35-4c35-b9a2-90780dffe3e4 - Returned response: 200
2026-07-16 14:44:18 | INFO     | trace_id=5b1474aa-21f6-4f80-80fa-f8ef4f0afab9 - Received request: OPTIONS /api/v1/chat
2026-07-16 14:44:18 | INFO     | trace_id=5b1474aa-21f6-4f80-80fa-f8ef4f0afab9 - Returned response: 200
2026-07-16 14:44:18 | INFO     | trace_id=eb81a300-d0c2-43f3-9953-d41bcb061798 - Received request: POST /api/v1/chat
2026-07-16 14:44:18 | INFO     | trace_id=eb81a300-d0c2-43f3-9953-d41bcb061798 - Returned response: 200
2026-07-16 14:46:37 | INFO     | trace_id=74b2b86e-4f81-4756-9436-5e2298b6c95d - Received request: GET /api/v1/admin/personas
2026-07-16 14:46:37 | INFO     | trace_id=74b2b86e-4f81-4756-9436-5e2298b6c95d - Returned response: 200
2026-07-16 14:46:37 | INFO     | trace_id=0f522bb4-05f6-47f0-aa22-0b439f20b78b - Received request: GET /api/v1/admin/personas
2026-07-16 14:46:37 | INFO     | trace_id=0f522bb4-05f6-47f0-aa22-0b439f20b78b - Returned response: 200
2026-07-16 14:46:38 | INFO     | trace_id=cfae2fa7-582e-454f-b3bb-cfa66e8c1d41 - Received request: GET /api/v1/admin/questions
2026-07-16 14:46:38 | INFO     | trace_id=cfae2fa7-582e-454f-b3bb-cfa66e8c1d41 - Returned response: 200
2026-07-16 14:46:41 | INFO     | trace_id=c484f981-c5d9-415f-822d-f7748fcff527 - Received request: GET /api/v1/admin/personas
2026-07-16 14:46:41 | INFO     | trace_id=c484f981-c5d9-415f-822d-f7748fcff527 - Returned response: 200
2026-07-16 14:46:43 | INFO     | trace_id=ad1e3906-c794-4434-8c3c-6b97df0e1279 - Received request: GET /api/v1/admin/questions
2026-07-16 14:46:43 | INFO     | trace_id=ad1e3906-c794-4434-8c3c-6b97df0e1279 - Returned response: 200
2026-07-16 14:46:44 | INFO     | trace_id=300becae-1a7e-4652-a136-15905b38fbc1 - Received request: GET /api/v1/admin/personas
2026-07-16 14:46:44 | INFO     | trace_id=300becae-1a7e-4652-a136-15905b38fbc1 - Returned response: 200
2026-07-16 14:46:44 | INFO     | trace_id=3f08533e-5839-4629-9e33-98fe973ada33 - Received request: GET /api/v1/admin/personas
2026-07-16 14:46:44 | INFO     | trace_id=3f08533e-5839-4629-9e33-98fe973ada33 - Returned response: 200
2026-07-16 14:46:45 | INFO     | trace_id=47916071-75b4-4320-8765-0f78e9807607 - Received request: GET /api/v1/admin/questions
2026-07-16 14:46:45 | INFO     | trace_id=47916071-75b4-4320-8765-0f78e9807607 - Returned response: 200
2026-07-16 14:46:48 | INFO     | trace_id=ec76ed67-8aec-49e5-83e2-92a13d7fcbca - Received request: GET /api/v1/admin/questions
2026-07-16 14:46:48 | INFO     | trace_id=ec76ed67-8aec-49e5-83e2-92a13d7fcbca - Returned response: 200
2026-07-16 16:37:19 | INFO     | trace_id=3ccd2cc2-a801-4bc5-9ff2-1b40fac81375 - Received request: GET /api/v1/admin/personas
2026-07-16 16:37:19 | INFO     | trace_id=3ccd2cc2-a801-4bc5-9ff2-1b40fac81375 - Returned response: 200
2026-07-16 16:37:19 | INFO     | trace_id=725d0b62-ddf5-412d-add1-db6149e5fbe5 - Received request: GET /api/v1/admin/questions
2026-07-16 16:37:19 | INFO     | trace_id=725d0b62-ddf5-412d-add1-db6149e5fbe5 - Returned response: 200
2026-07-16 16:37:36 | INFO     | trace_id=a4497899-b158-40f4-bb30-8a0898e5fa05 - Received request: GET /api/v1/admin/personas
2026-07-16 16:37:36 | INFO     | trace_id=a4497899-b158-40f4-bb30-8a0898e5fa05 - Returned response: 200
2026-07-16 16:37:36 | INFO     | trace_id=c6d83f01-918f-406a-a964-c9e3a9234055 - Received request: GET /api/v1/admin/personas
2026-07-16 16:37:36 | INFO     | trace_id=c6d83f01-918f-406a-a964-c9e3a9234055 - Returned response: 200
2026-07-16 16:37:37 | INFO     | trace_id=4f2f29ff-d196-405d-a08b-3be12774840c - Received request: GET /api/v1/admin/questions
2026-07-16 16:37:37 | INFO     | trace_id=4f2f29ff-d196-405d-a08b-3be12774840c - Returned response: 200
2026-07-16 16:37:40 | INFO     | trace_id=124dbaca-cd23-4c60-80fc-567bf8ac8f4b - Received request: GET /api/v1/admin/dashboard/stats
2026-07-16 16:37:40 | INFO     | trace_id=124dbaca-cd23-4c60-80fc-567bf8ac8f4b - Returned response: 200
2026-07-16 16:37:48 | INFO     | trace_id=e8e09959-c48f-42cf-93ad-da06c4773046 - Received request: GET /api/v1/practice/categories
2026-07-16 16:37:48 | INFO     | trace_id=65ae1636-0801-40a9-8561-a701b52d8699 - Received request: GET /api/v1/practice/recommended
2026-07-16 16:37:48 | INFO     | trace_id=e8e09959-c48f-42cf-93ad-da06c4773046 - Returned response: 200
2026-07-16 16:37:48 | INFO     | trace_id=65ae1636-0801-40a9-8561-a701b52d8699 - Returned response: 200
2026-07-16 16:37:48 | INFO     | trace_id=692f57c5-f30a-4e17-85bc-40995f81d8d4 - Received request: GET /api/v1/history
2026-07-16 16:37:48 | INFO     | trace_id=692f57c5-f30a-4e17-85bc-40995f81d8d4 - Returned response: 200
2026-07-16 16:37:48 | INFO     | trace_id=e5d11820-865e-4a38-ba13-ba7c927bef00 - Received request: GET /api/v1/practice/history
2026-07-16 16:37:48 | INFO     | trace_id=e5d11820-865e-4a38-ba13-ba7c927bef00 - Returned response: 200
2026-07-16 16:37:49 | INFO     | trace_id=8ca2f847-dff2-4857-87a0-8a14370add74 - Received request: GET /api/v1/history/d3360f94-0f3e-493b-bce9-4764e585dfd1
2026-07-16 16:37:50 | INFO     | trace_id=8ca2f847-dff2-4857-87a0-8a14370add74 - Returned response: 200
2026-07-16 16:38:12 | INFO     | trace_id=79b7f8bd-24ae-4a7a-9ce3-4ffa0aacb194 - Received request: GET /api/v1/practice/recommended
2026-07-16 16:38:12 | INFO     | trace_id=79b7f8bd-24ae-4a7a-9ce3-4ffa0aacb194 - Returned response: 200
2026-07-16 16:38:15 | INFO     | trace_id=4cbd2cc6-82c0-41f2-9747-ec3c70cc4776 - Received request: GET /api/v1/practice/recommended
2026-07-16 16:38:15 | INFO     | trace_id=4cbd2cc6-82c0-41f2-9747-ec3c70cc4776 - Returned response: 200
2026-07-16 16:38:34 | INFO     | trace_id=8baa173d-bfd8-43fd-8b87-d2f90a3644d8 - Received request: OPTIONS /api/v1/chat
2026-07-16 16:38:34 | INFO     | trace_id=8baa173d-bfd8-43fd-8b87-d2f90a3644d8 - Returned response: 200
2026-07-16 16:38:34 | INFO     | trace_id=7c178c89-c45c-4910-a328-c3e230c895b5 - Received request: POST /api/v1/chat
2026-07-16 16:38:34 | INFO     | trace_id=7c178c89-c45c-4910-a328-c3e230c895b5 - Returned response: 200
2026-07-16 16:39:29 | INFO     | trace_id=675aad89-f970-45c1-a09e-381d70e4142d - Received request: GET /api/v1/admin/personas
2026-07-16 16:39:29 | INFO     | trace_id=675aad89-f970-45c1-a09e-381d70e4142d - Returned response: 200
2026-07-16 16:39:29 | INFO     | trace_id=aa373c34-3cb4-409c-bdf2-79fdd835c75f - Received request: GET /api/v1/admin/personas
2026-07-16 16:39:29 | INFO     | trace_id=aa373c34-3cb4-409c-bdf2-79fdd835c75f - Returned response: 200
2026-07-16 16:39:30 | INFO     | trace_id=c95c1a72-317b-4874-b1fa-dcae02621fa3 - Received request: GET /api/v1/admin/questions
2026-07-16 16:39:30 | INFO     | trace_id=c95c1a72-317b-4874-b1fa-dcae02621fa3 - Returned response: 200
2026-07-16 16:39:37 | INFO     | trace_id=a85dc6d7-c539-41f7-af6f-58275b7d4d98 - Received request: GET /api/v1/admin/dashboard/stats
2026-07-16 16:39:37 | INFO     | trace_id=a85dc6d7-c539-41f7-af6f-58275b7d4d98 - Returned response: 200
2026-07-16 16:39:39 | INFO     | trace_id=6c4f818d-d53f-4bad-acd1-b964cc3d585d - Received request: GET /api/v1/admin/weaknesses/overview
2026-07-16 16:39:39 | INFO     | trace_id=6c4f818d-d53f-4bad-acd1-b964cc3d585d - Returned response: 200
2026-07-16 16:39:44 | INFO     | trace_id=5b95bd44-e1a5-442a-b755-93d4ba754860 - Received request: GET /api/v1/admin/exam-papers
2026-07-16 16:39:44 | INFO     | trace_id=5b95bd44-e1a5-442a-b755-93d4ba754860 - Returned response: 200
2026-07-16 16:39:44 | INFO     | trace_id=0526a336-8428-45c1-a0a9-db49e37476b6 - Received request: GET /api/v1/admin/personas
2026-07-16 16:39:44 | INFO     | trace_id=0526a336-8428-45c1-a0a9-db49e37476b6 - Returned response: 200
2026-07-16 16:39:49 | INFO     | trace_id=012bc317-efe8-4053-a240-b554b0c9d41f - Received request: GET /api/v1/admin/dashboard/stats
2026-07-16 16:39:49 | INFO     | trace_id=012bc317-efe8-4053-a240-b554b0c9d41f - Returned response: 200
2026-07-16 16:39:57 | INFO     | trace_id=de92b61e-24d1-4c69-a527-7a7c9b2228c2 - Received request: GET /api/v1/admin/personas
2026-07-16 16:39:57 | INFO     | trace_id=de92b61e-24d1-4c69-a527-7a7c9b2228c2 - Returned response: 200
2026-07-16 16:39:57 | INFO     | trace_id=ae6636e5-f965-419e-b99e-641dd1dd0c7c - Received request: GET /api/v1/admin/personas
2026-07-16 16:39:57 | INFO     | trace_id=ae6636e5-f965-419e-b99e-641dd1dd0c7c - Returned response: 200
2026-07-16 16:40:10 | INFO     | trace_id=f5d87d57-848a-4b3d-8bf9-eb5c2684aed5 - Received request: GET /api/v1/admin/personas
2026-07-16 16:40:10 | INFO     | trace_id=f5d87d57-848a-4b3d-8bf9-eb5c2684aed5 - Returned response: 200
2026-07-16 16:40:10 | INFO     | trace_id=c6bf1ea2-40fd-4a47-a600-83aaaf402b91 - Received request: GET /api/v1/admin/personas
2026-07-16 16:40:10 | INFO     | trace_id=c6bf1ea2-40fd-4a47-a600-83aaaf402b91 - Returned response: 200
2026-07-16 16:40:12 | INFO     | trace_id=00049a6e-ac33-4e7f-b957-93eeef6fdfa2 - Received request: GET /api/v1/admin/exam-papers
2026-07-16 16:40:12 | INFO     | trace_id=00049a6e-ac33-4e7f-b957-93eeef6fdfa2 - Returned response: 200
2026-07-16 16:40:12 | INFO     | trace_id=79f94943-3885-4d1b-90f2-a04c7af57be8 - Received request: GET /api/v1/admin/questions
2026-07-16 16:40:12 | INFO     | trace_id=f3bd44d9-105d-4b62-a783-a0bc5d65210f - Received request: GET /api/v1/admin/personas
2026-07-16 16:40:12 | INFO     | trace_id=f3bd44d9-105d-4b62-a783-a0bc5d65210f - Returned response: 200
2026-07-16 16:40:12 | INFO     | trace_id=79f94943-3885-4d1b-90f2-a04c7af57be8 - Returned response: 200
2026-07-16 16:40:19 | INFO     | trace_id=05704fef-d5cf-49e7-8ef0-6b1bda3083e4 - Received request: OPTIONS /api/v1/admin/exam-papers
2026-07-16 16:40:19 | INFO     | trace_id=05704fef-d5cf-49e7-8ef0-6b1bda3083e4 - Returned response: 200
2026-07-16 16:40:19 | INFO     | trace_id=fb26fca1-087e-45e4-9296-098c9f8cb70f - Received request: POST /api/v1/admin/exam-papers
2026-07-16 16:40:19 | ERROR    | trace_id=fb26fca1-087e-45e4-9296-098c9f8cb70f - Request failed: POST /api/v1/admin/exam-papers - (pymysql.err.IntegrityError) (1452, 'Cannot add or update a child row: a foreign key constraint fails (`customer_service`.`exam_papers`, CONSTRAINT `exam_papers_ibfk_1` FOREIGN KEY (`created_by`) REFERENCES `users` (`id`))')
[SQL: INSERT INTO exam_papers (id, title, question_ids, created_by) VALUES (%s, %s, %s, %s)]
[parameters: ('4352ad19-c0fe-412a-a4c4-1e64f5403bbd', '111', '["4851ab53-b843-4438-a7bb-2171d097ecf5", "6bcc3cfd-836c-4a10-95bc-1c43ce10d075", "a0a0c6ba-83f3-4cbf-a409-c2840c25ac3d"]', 'admin')]
(Background on this error at: https://sqlalche.me/e/20/gkpj)
2026-07-16 16:40:33 | INFO     | trace_id=10538e63-1fea-4952-827b-aeda52a0b571 - Received request: POST /api/v1/admin/exam-papers
2026-07-16 16:40:33 | ERROR    | trace_id=10538e63-1fea-4952-827b-aeda52a0b571 - Request failed: POST /api/v1/admin/exam-papers - (pymysql.err.IntegrityError) (1452, 'Cannot add or update a child row: a foreign key constraint fails (`customer_service`.`exam_papers`, CONSTRAINT `exam_papers_ibfk_1` FOREIGN KEY (`created_by`) REFERENCES `users` (`id`))')
[SQL: INSERT INTO exam_papers (id, title, question_ids, created_by) VALUES (%s, %s, %s, %s)]
[parameters: ('44b37460-6d1c-4b85-8763-89ec51a80ca9', '111', '["4851ab53-b843-4438-a7bb-2171d097ecf5", "6bcc3cfd-836c-4a10-95bc-1c43ce10d075", "a0a0c6ba-83f3-4cbf-a409-c2840c25ac3d"]', 'admin')]
(Background on this error at: https://sqlalche.me/e/20/gkpj)
2026-07-16 16:40:35 | INFO     | trace_id=db0c2730-d3a3-46a6-9477-5e2b57dd655e - Received request: GET /api/v1/admin/personas
2026-07-16 16:40:35 | INFO     | trace_id=db0c2730-d3a3-46a6-9477-5e2b57dd655e - Returned response: 200
2026-07-16 16:40:37 | INFO     | trace_id=1fe885e4-b7b6-45eb-bce7-07cc26a0d7f7 - Received request: GET /api/v1/admin/dashboard/stats
2026-07-16 16:40:37 | INFO     | trace_id=1fe885e4-b7b6-45eb-bce7-07cc26a0d7f7 - Returned response: 200
2026-07-16 16:40:46 | INFO     | trace_id=41f5ec18-874a-4d7b-b973-5509913e73bf - Received request: GET /api/v1/admin/weaknesses/overview
2026-07-16 16:40:46 | INFO     | trace_id=41f5ec18-874a-4d7b-b973-5509913e73bf - Returned response: 200
2026-07-16 16:40:50 | INFO     | trace_id=6546be0c-f902-48ae-9bbd-f63ce5f3e5d7 - Received request: GET /api/v1/practice/categories
2026-07-16 16:40:50 | INFO     | trace_id=5e1bcb49-a5bb-493e-899b-eace8ff18206 - Received request: GET /api/v1/practice/recommended
2026-07-16 16:40:50 | INFO     | trace_id=6546be0c-f902-48ae-9bbd-f63ce5f3e5d7 - Returned response: 200
2026-07-16 16:40:50 | INFO     | trace_id=5e1bcb49-a5bb-493e-899b-eace8ff18206 - Returned response: 200
2026-07-16 16:40:53 | INFO     | trace_id=7cc9b065-27c4-4ed2-8dd0-104153ca6931 - Received request: OPTIONS /api/v1/practice/reverse-training
2026-07-16 16:40:53 | INFO     | trace_id=7cc9b065-27c4-4ed2-8dd0-104153ca6931 - Returned response: 200
2026-07-16 16:40:53 | INFO     | trace_id=c1d4a74d-4874-43ea-aea0-9fcd628fc498 - Received request: POST /api/v1/practice/reverse-training
2026-07-16 16:41:15 | INFO     | trace_id=c1d4a74d-4874-43ea-aea0-9fcd628fc498 - Returned response: 200
2026-07-16 16:41:15 | INFO     | trace_id=d6e8e119-0aeb-4927-af20-2901d853d63e - Received request: GET /api/v1/practice/recommended
2026-07-16 16:41:15 | INFO     | trace_id=d6e8e119-0aeb-4927-af20-2901d853d63e - Returned response: 200
2026-07-16 16:41:37 | INFO     | trace_id=703798c3-0e11-4797-b430-8e87f5d47a4a - Received request: POST /api/v1/chat
2026-07-16 16:41:37 | INFO     | trace_id=703798c3-0e11-4797-b430-8e87f5d47a4a - Returned response: 200
2026-07-16 16:43:31 | INFO     | trace_id=e20ea61f-eb16-4b8f-93fe-3d86e9e4e349 - Received request: POST /api/v1/admin/exam-papers
2026-07-16 16:43:32 | ERROR    | trace_id=e20ea61f-eb16-4b8f-93fe-3d86e9e4e349 - Request failed: POST /api/v1/admin/exam-papers - (pymysql.err.IntegrityError) (1452, 'Cannot add or update a child row: a foreign key constraint fails (`customer_service`.`exam_papers`, CONSTRAINT `exam_papers_ibfk_1` FOREIGN KEY (`created_by`) REFERENCES `users` (`id`))')
[SQL: INSERT INTO exam_papers (id, title, question_ids, created_by) VALUES (%s, %s, %s, %s)]
[parameters: ('398de56d-c343-4fc1-a6bc-b6ab71da5bf0', '测试试卷', '["test-id"]', 'admin')]
(Background on this error at: https://sqlalche.me/e/20/gkpj)
2026-07-16 16:47:12 | INFO     | trace_id=5227b840-0529-4077-a992-8e8f8b64afa6 - Received request: GET /api/v1/practice/recommended
2026-07-16 16:47:12 | INFO     | trace_id=5227b840-0529-4077-a992-8e8f8b64afa6 - Returned response: 200
2026-07-16 16:47:25 | INFO     | trace_id=e07f158a-c72e-4ebb-871b-5e7156b621b7 - Received request: POST /api/v1/practice/reverse-training
2026-07-16 16:47:53 | INFO     | trace_id=e07f158a-c72e-4ebb-871b-5e7156b621b7 - Returned response: 200
2026-07-16 16:50:07 | INFO     | trace_id=1a3ba98f-cc45-46ef-9f92-1bdaab8ee06c - Received request: POST /api/v1/admin/exam-papers
2026-07-16 16:50:07 | INFO     | trace_id=1a3ba98f-cc45-46ef-9f92-1bdaab8ee06c - Returned response: 200
2026-07-16 16:55:53 | INFO     | trace_id=f8820942-b8ba-45a4-8464-c5539235dcb1 - Received request: GET /api/v1/practice/categories
2026-07-16 16:55:54 | INFO     | trace_id=42e3d8f6-67f4-4df9-a618-24f3e8adac6e - Received request: GET /api/v1/practice/recommended
2026-07-16 16:55:54 | INFO     | trace_id=f8820942-b8ba-45a4-8464-c5539235dcb1 - Returned response: 200
2026-07-16 16:55:54 | INFO     | trace_id=42e3d8f6-67f4-4df9-a618-24f3e8adac6e - Returned response: 200
2026-07-16 16:55:54 | INFO     | trace_id=65e2b0bc-0e78-40d4-93c0-9e2cdfa8ebbb - Received request: GET /api/v1/admin/personas
2026-07-16 16:55:54 | INFO     | trace_id=65e2b0bc-0e78-40d4-93c0-9e2cdfa8ebbb - Returned response: 200
2026-07-16 16:55:54 | INFO     | trace_id=765e01d1-a5ee-4e81-b5f1-8615b9ca7bee - Received request: GET /api/v1/admin/personas
2026-07-16 16:55:54 | INFO     | trace_id=765e01d1-a5ee-4e81-b5f1-8615b9ca7bee - Returned response: 200
2026-07-16 16:55:56 | INFO     | trace_id=71c99af2-b8d7-4719-8a22-31135f3b7281 - Received request: GET /api/v1/admin/exam-papers
2026-07-16 16:55:56 | INFO     | trace_id=71c99af2-b8d7-4719-8a22-31135f3b7281 - Returned response: 200
2026-07-16 16:55:56 | INFO     | trace_id=4ef71601-05af-4838-9a40-816bbc2e717e - Received request: GET /api/v1/admin/questions
2026-07-16 16:55:56 | INFO     | trace_id=0053446b-0a13-46c2-b748-3ab5dbd33089 - Received request: GET /api/v1/admin/personas
2026-07-16 16:55:56 | INFO     | trace_id=0053446b-0a13-46c2-b748-3ab5dbd33089 - Returned response: 200
2026-07-16 16:55:56 | INFO     | trace_id=4ef71601-05af-4838-9a40-816bbc2e717e - Returned response: 200
2026-07-16 16:56:03 | INFO     | trace_id=692958e2-1fbb-42c8-be1c-71a412a06254 - Received request: OPTIONS /api/v1/admin/exam-papers
2026-07-16 16:56:03 | INFO     | trace_id=692958e2-1fbb-42c8-be1c-71a412a06254 - Returned response: 200
2026-07-16 16:56:03 | INFO     | trace_id=c649bb08-953a-44cf-8ec2-165fc5273514 - Received request: POST /api/v1/admin/exam-papers
2026-07-16 16:56:03 | INFO     | trace_id=c649bb08-953a-44cf-8ec2-165fc5273514 - Returned response: 200
2026-07-16 16:56:03 | INFO     | trace_id=c67e4cca-b0c1-4584-9ebd-688e9fd80c3d - Received request: GET /api/v1/admin/exam-papers
2026-07-16 16:56:03 | INFO     | trace_id=c67e4cca-b0c1-4584-9ebd-688e9fd80c3d - Returned response: 200
2026-07-16 16:56:03 | INFO     | trace_id=7cca0b3d-867e-45b1-9797-f9af551d516a - Received request: GET /api/v1/admin/personas
2026-07-16 16:56:03 | INFO     | trace_id=7cca0b3d-867e-45b1-9797-f9af551d516a - Returned response: 200
2026-07-16 16:56:09 | INFO     | trace_id=6d45c0a4-71d5-4fac-bb1a-d90b992177cd - Received request: OPTIONS /api/v1/admin/exam-papers/9187a64d-9fd5-473d-93c3-942db87e3bd0/distribute
2026-07-16 16:56:09 | INFO     | trace_id=6d45c0a4-71d5-4fac-bb1a-d90b992177cd - Returned response: 200
2026-07-16 16:56:09 | INFO     | trace_id=05aaebf9-bb12-489e-81a9-5116e63c341b - Received request: POST /api/v1/admin/exam-papers/9187a64d-9fd5-473d-93c3-942db87e3bd0/distribute
2026-07-16 16:56:09 | INFO     | trace_id=05aaebf9-bb12-489e-81a9-5116e63c341b - Returned response: 200
2026-07-16 16:56:11 | INFO     | trace_id=677925d8-f3ec-4483-9fbe-a38298e436c0 - Received request: GET /api/v1/practice/categories
2026-07-16 16:56:11 | INFO     | trace_id=16ec03a1-0b2d-4527-b9a6-a95404f39b61 - Received request: GET /api/v1/practice/recommended
2026-07-16 16:56:11 | INFO     | trace_id=677925d8-f3ec-4483-9fbe-a38298e436c0 - Returned response: 200
2026-07-16 16:56:11 | INFO     | trace_id=16ec03a1-0b2d-4527-b9a6-a95404f39b61 - Returned response: 200
2026-07-16 16:56:18 | INFO     | trace_id=2cd4e3e2-4588-4fa7-a3dc-5fc42de02d5f - Received request: GET /api/v1/practice/recommended
2026-07-16 16:56:18 | INFO     | trace_id=2cd4e3e2-4588-4fa7-a3dc-5fc42de02d5f - Returned response: 200
2026-07-16 16:56:23 | INFO     | trace_id=7fa73548-e6fb-4cc7-b355-5a05ea9603be - Received request: GET /api/v1/practice/recommended
2026-07-16 16:56:23 | INFO     | trace_id=7fa73548-e6fb-4cc7-b355-5a05ea9603be - Returned response: 200
2026-07-16 16:56:26 | INFO     | trace_id=407af958-5147-4822-8736-eb9cde67d78c - Received request: GET /api/v1/practice/recommended
2026-07-16 16:56:26 | INFO     | trace_id=407af958-5147-4822-8736-eb9cde67d78c - Returned response: 200
2026-07-16 16:56:29 | INFO     | trace_id=49af782f-8663-427b-9113-24e27eee7c08 - Received request: OPTIONS /api/v1/practice/reverse-training
2026-07-16 16:56:29 | INFO     | trace_id=49af782f-8663-427b-9113-24e27eee7c08 - Returned response: 200
2026-07-16 16:56:29 | INFO     | trace_id=e3437f02-e9b2-4bbb-a4b3-dc8f3a59e2e2 - Received request: POST /api/v1/practice/reverse-training
2026-07-16 16:56:57 | INFO     | trace_id=e3437f02-e9b2-4bbb-a4b3-dc8f3a59e2e2 - Returned response: 200
2026-07-16 16:56:57 | INFO     | trace_id=ea8d72e8-6b37-42ba-b026-21c0b103615e - Received request: GET /api/v1/practice/recommended
2026-07-16 16:56:57 | INFO     | trace_id=ea8d72e8-6b37-42ba-b026-21c0b103615e - Returned response: 200
2026-07-16 16:59:41 | INFO     | trace_id=e75dfa59-a26d-4ac2-a2a1-e71396b0343d - Received request: GET /api/v1/practice/recommended
2026-07-16 16:59:41 | INFO     | trace_id=e75dfa59-a26d-4ac2-a2a1-e71396b0343d - Returned response: 200
2026-07-16 17:13:45 | INFO     | trace_id=0fea961c-b949-4490-8582-b31bfa248bd4 - Received request: GET /api/v1/pomodoro/stats
2026-07-16 17:13:45 | INFO     | trace_id=0fea961c-b949-4490-8582-b31bfa248bd4 - Returned response: 200
2026-07-16 17:13:45 | INFO     | trace_id=60503004-0d85-4d13-86f4-27b555a57075 - Received request: GET /api/v1/feynman/progress
2026-07-16 17:13:45 | INFO     | trace_id=60503004-0d85-4d13-86f4-27b555a57075 - Returned response: 200
2026-07-16 17:13:45 | INFO     | trace_id=45625d9f-b76b-4c0f-bf4d-4e182f8b3f21 - Received request: GET /api/v1/trend
2026-07-16 17:13:45 | INFO     | trace_id=45625d9f-b76b-4c0f-bf4d-4e182f8b3f21 - Returned response: 200
2026-07-16 17:16:33 | INFO     | trace_id=ef60ff13-f6fd-4056-8f25-f0b66b4e0d98 - Received request: GET /api/v1/feynman/progress
2026-07-16 17:16:33 | INFO     | trace_id=4da449d2-ad10-4b33-89cd-358bd9110b29 - Received request: GET /api/v1/pomodoro/stats
2026-07-16 17:16:33 | INFO     | trace_id=ef60ff13-f6fd-4056-8f25-f0b66b4e0d98 - Returned response: 200
2026-07-16 17:16:33 | INFO     | trace_id=ef318e43-fd48-4ac2-a3cb-f6cfc21584d2 - Received request: GET /api/v1/feynman/progress
2026-07-16 17:16:33 | INFO     | trace_id=4da449d2-ad10-4b33-89cd-358bd9110b29 - Returned response: 200
2026-07-16 17:16:33 | INFO     | trace_id=d4f71b37-ff58-4e48-8696-946bf922abf3 - Received request: GET /api/v1/pomodoro/stats
2026-07-16 17:16:33 | INFO     | trace_id=ef318e43-fd48-4ac2-a3cb-f6cfc21584d2 - Returned response: 200
2026-07-16 17:16:33 | INFO     | trace_id=d4f71b37-ff58-4e48-8696-946bf922abf3 - Returned response: 200
2026-07-16 17:16:34 | INFO     | trace_id=b2878eff-d4de-4a8b-8daf-9fdbc8aeb3f0 - Received request: GET /api/v1/practice/categories
2026-07-16 17:16:34 | INFO     | trace_id=a93c4023-4260-4915-8f2f-a0b2d7f3beb6 - Received request: GET /api/v1/practice/recommended
2026-07-16 17:16:34 | INFO     | trace_id=b2878eff-d4de-4a8b-8daf-9fdbc8aeb3f0 - Returned response: 200
2026-07-16 17:16:34 | INFO     | trace_id=a93c4023-4260-4915-8f2f-a0b2d7f3beb6 - Returned response: 200
2026-07-16 17:16:37 | INFO     | trace_id=3dbbc2c7-8ff2-4cf5-8710-77e77d55d4bc - Received request: OPTIONS /api/v1/practice/teaching-question
2026-07-16 17:16:37 | INFO     | trace_id=3dbbc2c7-8ff2-4cf5-8710-77e77d55d4bc - Returned response: 200
2026-07-16 17:16:37 | INFO     | trace_id=a7a6e815-37d0-4f46-a0d1-eeda2122690d - Received request: POST /api/v1/practice/teaching-question
2026-07-16 17:17:04 | INFO     | trace_id=77cb61f9-56ba-44be-9a10-0a6ca20f5d20 - Received request: GET /api/v1/capability-portrait
2026-07-16 17:17:04 | INFO     | trace_id=a7a6e815-37d0-4f46-a0d1-eeda2122690d - Returned response: 200
2026-07-16 17:17:04 | INFO     | trace_id=77cb61f9-56ba-44be-9a10-0a6ca20f5d20 - Returned response: 200
2026-07-16 17:17:24 | INFO     | trace_id=586abb3c-871b-490a-b5cc-f76d029cc438 - Received request: OPTIONS /api/v1/chat
2026-07-16 17:17:24 | INFO     | trace_id=586abb3c-871b-490a-b5cc-f76d029cc438 - Returned response: 200
2026-07-16 17:17:24 | INFO     | trace_id=06f2d49f-190f-4b82-92ca-545010144199 - Received request: POST /api/v1/chat
2026-07-16 17:17:24 | INFO     | trace_id=06f2d49f-190f-4b82-92ca-545010144199 - Returned response: 200
2026-07-16 17:17:57 | INFO     | trace_id=e489ce11-a828-488a-b617-22f2f008fedf - Received request: GET /api/v1/capability-portrait
2026-07-16 17:17:57 | INFO     | trace_id=e489ce11-a828-488a-b617-22f2f008fedf - Returned response: 200
2026-07-16 17:17:59 | INFO     | trace_id=4aa819e5-008f-4a0f-b5b0-a3452f88ce1c - Received request: GET /api/v1/history
2026-07-16 17:17:59 | INFO     | trace_id=4aa819e5-008f-4a0f-b5b0-a3452f88ce1c - Returned response: 200
2026-07-16 17:17:59 | INFO     | trace_id=a1c835ea-6646-4931-bbdc-e891547396f3 - Received request: GET /api/v1/practice/history
2026-07-16 17:17:59 | INFO     | trace_id=a1c835ea-6646-4931-bbdc-e891547396f3 - Returned response: 200
2026-07-16 17:17:59 | INFO     | trace_id=bdd08ea8-b925-4b3c-9c19-3e6dc1ade72a - Received request: GET /api/v1/trend
2026-07-16 17:17:59 | INFO     | trace_id=bdd08ea8-b925-4b3c-9c19-3e6dc1ade72a - Returned response: 200
2026-07-16 17:18:12 | INFO     | trace_id=8f169936-0d43-475e-8358-922f6b7cb6bf - Received request: GET /api/v1/feynman/progress
2026-07-16 17:18:12 | INFO     | trace_id=96a11852-508a-477b-aca7-3395c8c98f67 - Received request: GET /api/v1/pomodoro/stats
2026-07-16 17:18:12 | INFO     | trace_id=8f169936-0d43-475e-8358-922f6b7cb6bf - Returned response: 200
2026-07-16 17:18:12 | INFO     | trace_id=96a11852-508a-477b-aca7-3395c8c98f67 - Returned response: 200
2026-07-16 17:18:21 | INFO     | trace_id=8b5d3c20-f129-406d-a961-5e7d44d71b16 - Received request: GET /api/v1/practice/recommended
2026-07-16 17:18:21 | INFO     | trace_id=8b5d3c20-f129-406d-a961-5e7d44d71b16 - Returned response: 200
2026-07-16 17:18:23 | INFO     | trace_id=aa525d06-d6bc-4703-a08e-29969a984f50 - Received request: GET /api/v1/practice/recommended
2026-07-16 17:18:23 | INFO     | trace_id=aa525d06-d6bc-4703-a08e-29969a984f50 - Returned response: 200
2026-07-16 17:18:24 | INFO     | trace_id=b2c161bf-5c12-409d-accd-2219a324f4a8 - Received request: GET /api/v1/feynman/progress
2026-07-16 17:18:24 | INFO     | trace_id=7cac4c6d-e1ae-4a87-8f17-6ff3156cbe6a - Received request: GET /api/v1/pomodoro/stats
2026-07-16 17:18:24 | INFO     | trace_id=b2c161bf-5c12-409d-accd-2219a324f4a8 - Returned response: 200
2026-07-16 17:18:24 | INFO     | trace_id=7cac4c6d-e1ae-4a87-8f17-6ff3156cbe6a - Returned response: 200
2026-07-16 17:18:24 | INFO     | trace_id=70fb0390-57d4-49b6-8072-7ce3fb641820 - Received request: GET /api/v1/admin/personas
2026-07-16 17:18:24 | INFO     | trace_id=70fb0390-57d4-49b6-8072-7ce3fb641820 - Returned response: 200
2026-07-16 17:18:24 | INFO     | trace_id=993cc68b-ec67-443c-bb20-65bc38a19283 - Received request: GET /api/v1/admin/personas
2026-07-16 17:18:24 | INFO     | trace_id=993cc68b-ec67-443c-bb20-65bc38a19283 - Returned response: 200
2026-07-16 17:18:25 | INFO     | trace_id=dd6cfe25-4093-4a7b-8296-854b7b11055e - Received request: GET /api/v1/admin/questions
2026-07-16 17:18:25 | INFO     | trace_id=dd6cfe25-4093-4a7b-8296-854b7b11055e - Returned response: 200
2026-07-16 17:18:37 | INFO     | trace_id=1837bb9e-3188-4bd3-bc2e-3e23568c640f - Received request: GET /api/v1/admin/dashboard/stats
2026-07-16 17:18:37 | INFO     | trace_id=1837bb9e-3188-4bd3-bc2e-3e23568c640f - Returned response: 200
2026-07-16 17:18:41 | INFO     | trace_id=b9c6b7b8-fc8d-4a2c-9747-7997a27d181e - Received request: GET /api/v1/admin/weaknesses/overview
2026-07-16 17:18:41 | INFO     | trace_id=b9c6b7b8-fc8d-4a2c-9747-7997a27d181e - Returned response: 200
2026-07-16 17:18:42 | INFO     | trace_id=d93b72b6-3f00-4af0-8678-3a15bc8b5638 - Received request: GET /api/v1/admin/exam-papers
2026-07-16 17:18:42 | INFO     | trace_id=d93b72b6-3f00-4af0-8678-3a15bc8b5638 - Returned response: 200
2026-07-16 17:18:42 | INFO     | trace_id=24fa1aaf-7a09-40a8-81cd-4788046ae9bf - Received request: GET /api/v1/admin/personas
2026-07-16 17:18:42 | INFO     | trace_id=24fa1aaf-7a09-40a8-81cd-4788046ae9bf - Returned response: 200
2026-07-16 17:18:45 | INFO     | trace_id=16017d54-84d6-4a44-a290-22073edde440 - Received request: GET /api/v1/admin/exam-papers/9187a64d-9fd5-473d-93c3-942db87e3bd0/assignments
2026-07-16 17:18:45 | INFO     | trace_id=16017d54-84d6-4a44-a290-22073edde440 - Returned response: 200
2026-07-16 17:18:47 | INFO     | trace_id=f1dfed6a-719b-44c0-8ef4-d632315f1067 - Received request: GET /api/v1/feynman/progress
2026-07-16 17:18:47 | INFO     | trace_id=2810bde2-c05d-4f14-915e-5816a0d9456a - Received request: GET /api/v1/pomodoro/stats
2026-07-16 17:18:47 | INFO     | trace_id=f1dfed6a-719b-44c0-8ef4-d632315f1067 - Returned response: 200
2026-07-16 17:18:47 | INFO     | trace_id=0bde39c1-52af-4b88-8042-8ec5b3100439 - Received request: GET /api/v1/feynman/progress
2026-07-16 17:18:47 | INFO     | trace_id=0bde39c1-52af-4b88-8042-8ec5b3100439 - Returned response: 200
2026-07-16 17:18:47 | INFO     | trace_id=2810bde2-c05d-4f14-915e-5816a0d9456a - Returned response: 200
2026-07-16 17:18:47 | INFO     | trace_id=9aef7a22-7e2e-4b64-abf8-27e951b56532 - Received request: GET /api/v1/pomodoro/stats
2026-07-16 17:18:47 | INFO     | trace_id=9aef7a22-7e2e-4b64-abf8-27e951b56532 - Returned response: 200
2026-07-16 17:18:48 | INFO     | trace_id=a3b6da47-f294-4f95-adb4-8e3dfcc94173 - Received request: GET /api/v1/practice/categories
2026-07-16 17:18:48 | INFO     | trace_id=37ec4b88-8842-4239-9239-341fff7c4549 - Received request: GET /api/v1/practice/recommended
2026-07-16 17:18:48 | INFO     | trace_id=a3b6da47-f294-4f95-adb4-8e3dfcc94173 - Returned response: 200
2026-07-16 17:18:48 | INFO     | trace_id=37ec4b88-8842-4239-9239-341fff7c4549 - Returned response: 200
2026-07-16 17:29:18 | INFO     | trace_id=400eb88a-b02e-4334-9924-9688ffb2a1c8 - Received request: GET /api/v1/feynman/progress
2026-07-16 17:29:18 | INFO     | trace_id=12a19059-e483-433f-ad7f-4de7e02ad723 - Received request: GET /api/v1/pomodoro/stats
2026-07-16 17:29:18 | INFO     | trace_id=b79e69e5-0c05-40a8-8090-1d3b7debe206 - Received request: GET /api/v1/admin/personas
2026-07-16 17:29:19 | INFO     | trace_id=400eb88a-b02e-4334-9924-9688ffb2a1c8 - Returned response: 200
2026-07-16 17:29:19 | INFO     | trace_id=b79e69e5-0c05-40a8-8090-1d3b7debe206 - Returned response: 200
2026-07-16 17:29:19 | INFO     | trace_id=0ed427d4-7cd9-4afd-be5b-9cb5412927bf - Received request: GET /api/v1/feynman/progress
2026-07-16 17:29:19 | INFO     | trace_id=9a99d4ff-f772-4b2a-9a43-0506df31bdb8 - Received request: GET /api/v1/admin/personas
2026-07-16 17:29:19 | INFO     | trace_id=12a19059-e483-433f-ad7f-4de7e02ad723 - Returned response: 200
2026-07-16 17:29:19 | INFO     | trace_id=022257fb-4cb0-4f00-8183-b9700b4904cd - Received request: GET /api/v1/pomodoro/stats
2026-07-16 17:29:19 | INFO     | trace_id=022257fb-4cb0-4f00-8183-b9700b4904cd - Returned response: 200
2026-07-16 17:29:19 | INFO     | trace_id=9a99d4ff-f772-4b2a-9a43-0506df31bdb8 - Returned response: 200
2026-07-16 17:29:19 | INFO     | trace_id=2ebb2c26-cdef-4aaa-9663-a483fde010e3 - Received request: GET /api/v1/admin/personas
2026-07-16 17:29:19 | INFO     | trace_id=0ed427d4-7cd9-4afd-be5b-9cb5412927bf - Returned response: 200
2026-07-16 17:29:19 | INFO     | trace_id=2ebb2c26-cdef-4aaa-9663-a483fde010e3 - Returned response: 200
2026-07-16 17:29:19 | INFO     | trace_id=fe312ec8-fd0c-4b9a-bf2a-88a08df27dd8 - Received request: GET /api/v1/admin/personas
2026-07-16 17:29:19 | INFO     | trace_id=fe312ec8-fd0c-4b9a-bf2a-88a08df27dd8 - Returned response: 200
2026-07-16 17:29:19 | INFO     | trace_id=d7b91069-4281-46e7-9d1e-d9a37f92112a - Received request: GET /api/v1/admin/personas
2026-07-16 17:29:19 | INFO     | trace_id=d7b91069-4281-46e7-9d1e-d9a37f92112a - Returned response: 200
2026-07-16 17:29:19 | INFO     | trace_id=e807c29f-dfdf-413d-afd1-0b08bf61378c - Received request: GET /api/v1/admin/personas
2026-07-16 17:29:19 | INFO     | trace_id=e807c29f-dfdf-413d-afd1-0b08bf61378c - Returned response: 200
2026-07-16 17:36:40 | INFO     | trace_id=1ae9c5cc-4c03-4f3c-bfd1-dc1b52bb9c4d - Received request: GET /api/v1/feynman/progress
2026-07-16 17:36:40 | INFO     | trace_id=dc3703f8-0009-4974-a8d4-197621d04e7a - Received request: GET /api/v1/pomodoro/stats
2026-07-16 17:36:40 | INFO     | trace_id=1ae9c5cc-4c03-4f3c-bfd1-dc1b52bb9c4d - Returned response: 200
2026-07-16 17:36:40 | INFO     | trace_id=dc3703f8-0009-4974-a8d4-197621d04e7a - Returned response: 200
2026-07-16 17:40:49 | INFO     | trace_id=fde98002-81b7-4a4f-8aa7-f09b0d8e9dc9 - Received request: GET /api/v1/exam-papers
2026-07-16 17:40:49 | INFO     | trace_id=fde98002-81b7-4a4f-8aa7-f09b0d8e9dc9 - Returned response: 200
2026-07-16 17:40:59 | INFO     | trace_id=da176499-a0d5-4659-b093-e94926ac1d92 - Received request: GET /api/v1/exam-papers/9187a64d-9fd5-473d-93c3-942db87e3bd0/detail
2026-07-16 17:40:59 | INFO     | trace_id=da176499-a0d5-4659-b093-e94926ac1d92 - Returned response: 200
2026-07-16 17:52:46 | INFO     | trace_id=b467c46e-f70c-483a-8621-5fef826ac2a9 - Received request: GET /api/v1/admin/personas
2026-07-16 17:52:46 | INFO     | trace_id=b467c46e-f70c-483a-8621-5fef826ac2a9 - Returned response: 200
2026-07-16 17:52:46 | INFO     | trace_id=df0d87b7-5871-495e-8cf7-56dc0f6d5783 - Received request: GET /api/v1/admin/personas
2026-07-16 17:52:46 | INFO     | trace_id=df0d87b7-5871-495e-8cf7-56dc0f6d5783 - Returned response: 200
2026-07-16 17:52:46 | INFO     | trace_id=f89b2fde-dd2e-4d14-8e74-83fdca8d4cc4 - Received request: GET /api/v1/admin/personas
2026-07-16 17:52:46 | INFO     | trace_id=f89b2fde-dd2e-4d14-8e74-83fdca8d4cc4 - Returned response: 200
2026-07-16 17:52:46 | INFO     | trace_id=557edcee-80c3-4a1f-b0d7-b3c505c0eaff - Received request: GET /api/v1/admin/personas
2026-07-16 17:52:46 | INFO     | trace_id=557edcee-80c3-4a1f-b0d7-b3c505c0eaff - Returned response: 200
2026-07-16 17:52:46 | INFO     | trace_id=3d681b1c-ec1f-4047-92a3-58fef5534aa0 - Received request: GET /api/v1/admin/personas
2026-07-16 17:52:46 | INFO     | trace_id=3d681b1c-ec1f-4047-92a3-58fef5534aa0 - Returned response: 200
2026-07-16 17:52:46 | INFO     | trace_id=206fda0b-4f05-45f0-a4d6-72449f494c8b - Received request: GET /api/v1/admin/personas
2026-07-16 17:52:46 | INFO     | trace_id=206fda0b-4f05-45f0-a4d6-72449f494c8b - Returned response: 200
2026-07-16 18:13:48 | INFO     | trace_id=6f942bef-dc0b-4f36-9a59-eaaa91cd4f87 - Received request: GET /api/v1/admin/personas
2026-07-16 18:13:48 | INFO     | trace_id=6f942bef-dc0b-4f36-9a59-eaaa91cd4f87 - Returned response: 200
2026-07-16 18:13:48 | INFO     | trace_id=69fc2f48-fbf7-4bdc-866c-dac13a74104f - Received request: GET /api/v1/admin/personas
2026-07-16 18:13:48 | INFO     | trace_id=69fc2f48-fbf7-4bdc-866c-dac13a74104f - Returned response: 200
2026-07-16 18:13:53 | INFO     | trace_id=09627e97-0894-4872-af1d-7024aa12f5e2 - Received request: GET /api/v1/admin/questions
2026-07-16 18:13:53 | INFO     | trace_id=09627e97-0894-4872-af1d-7024aa12f5e2 - Returned response: 200
2026-07-16 18:14:42 | INFO     | trace_id=ce8ba88a-6826-4a2e-ab7f-f225f157e9a0 - Received request: GET /api/v1/practice/categories
2026-07-16 18:14:42 | INFO     | trace_id=ce8ba88a-6826-4a2e-ab7f-f225f157e9a0 - Returned response: 200
2026-07-16 18:15:37 | INFO     | trace_id=7725d400-d7c0-4c9a-ab26-777f76ab26da - Received request: GET /api/v1/feynman/progress
2026-07-16 18:15:37 | INFO     | trace_id=3d7afe43-1a6e-4235-b720-af8793511a17 - Received request: GET /api/v1/pomodoro/stats
2026-07-16 18:15:37 | INFO     | trace_id=7725d400-d7c0-4c9a-ab26-777f76ab26da - Returned response: 200
2026-07-16 18:15:37 | INFO     | trace_id=a7b5257b-8661-4130-89d7-14d7e650b0ef - Received request: GET /api/v1/feynman/progress
2026-07-16 18:15:37 | INFO     | trace_id=a7b5257b-8661-4130-89d7-14d7e650b0ef - Returned response: 200
2026-07-16 18:15:37 | INFO     | trace_id=0bfa73a4-2fa1-4c7f-a98d-e9710d68bb35 - Received request: GET /api/v1/feynman/progress
2026-07-16 18:15:37 | INFO     | trace_id=c1d3192c-3930-4609-8271-c065dc8e98d6 - Received request: GET /api/v1/pomodoro/stats
2026-07-16 18:15:37 | INFO     | trace_id=0bfa73a4-2fa1-4c7f-a98d-e9710d68bb35 - Returned response: 200
2026-07-16 18:15:37 | INFO     | trace_id=3d7afe43-1a6e-4235-b720-af8793511a17 - Returned response: 200
2026-07-16 18:15:37 | INFO     | trace_id=abda06a2-fd97-438c-8e8e-6d17f0f9437c - Received request: GET /api/v1/feynman/progress
2026-07-16 18:15:37 | INFO     | trace_id=1eabeeab-5461-40e1-826e-4bf0c2e6d2a3 - Received request: GET /api/v1/pomodoro/stats
2026-07-16 18:15:37 | INFO     | trace_id=c1d3192c-3930-4609-8271-c065dc8e98d6 - Returned response: 200
2026-07-16 18:15:37 | INFO     | trace_id=8861b669-bdaf-4065-a812-329c5464f710 - Received request: GET /api/v1/pomodoro/stats
2026-07-16 18:15:37 | INFO     | trace_id=8861b669-bdaf-4065-a812-329c5464f710 - Returned response: 200
2026-07-16 18:15:37 | INFO     | trace_id=abda06a2-fd97-438c-8e8e-6d17f0f9437c - Returned response: 200
2026-07-16 18:15:37 | INFO     | trace_id=1eabeeab-5461-40e1-826e-4bf0c2e6d2a3 - Returned response: 200
2026-07-16 18:15:44 | INFO     | trace_id=f1d70ae6-bf7f-48b3-bd5e-343e097696c7 - Received request: GET /api/v1/feynman/progress
2026-07-16 18:15:44 | INFO     | trace_id=dd1e798a-25e2-494b-ad8a-b2186f5c22d9 - Received request: GET /api/v1/pomodoro/stats
2026-07-16 18:15:44 | INFO     | trace_id=f1d70ae6-bf7f-48b3-bd5e-343e097696c7 - Returned response: 200
2026-07-16 18:15:44 | INFO     | trace_id=f3b7f4dd-709c-4acb-bd29-9c6ac1e5ab4a - Received request: GET /api/v1/feynman/progress
2026-07-16 18:15:44 | INFO     | trace_id=dd1e798a-25e2-494b-ad8a-b2186f5c22d9 - Returned response: 200
2026-07-16 18:15:44 | INFO     | trace_id=f3b7f4dd-709c-4acb-bd29-9c6ac1e5ab4a - Returned response: 200
2026-07-16 18:15:44 | INFO     | trace_id=e9c1404e-ae8a-4fcb-97d7-3a20768f2483 - Received request: GET /api/v1/pomodoro/stats
2026-07-16 18:15:44 | INFO     | trace_id=e9c1404e-ae8a-4fcb-97d7-3a20768f2483 - Returned response: 200
2026-07-16 18:15:45 | INFO     | trace_id=26ec5b4e-a1d3-4de2-af89-a4963dc3d85d - Received request: GET /api/v1/practice/categories
2026-07-16 18:15:45 | INFO     | trace_id=9e36df4a-c3bd-41c4-8d30-1c8bbbec0a2f - Received request: GET /api/v1/practice/recommended
2026-07-16 18:15:45 | INFO     | trace_id=9e36df4a-c3bd-41c4-8d30-1c8bbbec0a2f - Returned response: 200
2026-07-16 18:15:45 | INFO     | trace_id=26ec5b4e-a1d3-4de2-af89-a4963dc3d85d - Returned response: 200
2026-07-16 18:15:47 | INFO     | trace_id=33f5850e-c102-4664-8949-c4558213ba53 - Received request: GET /api/v1/exam-papers
2026-07-16 18:15:47 | INFO     | trace_id=33f5850e-c102-4664-8949-c4558213ba53 - Returned response: 200
2026-07-16 18:15:56 | INFO     | trace_id=6116bc10-fe1a-4373-970c-5c7f54a90ae2 - Received request: GET /api/v1/feynman/progress
2026-07-16 18:15:56 | INFO     | trace_id=926abaa9-3697-4e3b-b6dd-b1a019dbb3ae - Received request: GET /api/v1/pomodoro/stats
2026-07-16 18:15:56 | INFO     | trace_id=6116bc10-fe1a-4373-970c-5c7f54a90ae2 - Returned response: 200
2026-07-16 18:15:56 | INFO     | trace_id=a4a90d6e-12c8-4299-8ab7-8cf5485b2445 - Received request: GET /api/v1/feynman/progress
2026-07-16 18:15:56 | INFO     | trace_id=a4a90d6e-12c8-4299-8ab7-8cf5485b2445 - Returned response: 200
2026-07-16 18:15:56 | INFO     | trace_id=926abaa9-3697-4e3b-b6dd-b1a019dbb3ae - Returned response: 200
2026-07-16 18:15:56 | INFO     | trace_id=f30edb35-6837-43eb-934a-bc3fe895eebc - Received request: GET /api/v1/pomodoro/stats
2026-07-16 18:15:56 | INFO     | trace_id=f30edb35-6837-43eb-934a-bc3fe895eebc - Returned response: 200
2026-07-16 18:16:13 | INFO     | trace_id=969f13b7-c466-44c8-b0e9-75246455b581 - Received request: GET /api/v1/exam-papers
2026-07-16 18:16:13 | INFO     | trace_id=969f13b7-c466-44c8-b0e9-75246455b581 - Returned response: 200
2026-07-16 18:16:35 | INFO     | trace_id=8f5964da-434f-45ab-a594-b21019d157f4 - Received request: GET /api/v1/feynman/progress
2026-07-16 18:16:35 | INFO     | trace_id=3bf109aa-bac0-4fa6-8d41-e2eac8d96e39 - Received request: GET /api/v1/pomodoro/stats
2026-07-16 18:16:35 | INFO     | trace_id=8f5964da-434f-45ab-a594-b21019d157f4 - Returned response: 200
2026-07-16 18:16:35 | INFO     | trace_id=b719c05c-ffd1-4abd-a4ad-c5ce3b5ae25f - Received request: GET /api/v1/feynman/progress
2026-07-16 18:16:35 | INFO     | trace_id=b719c05c-ffd1-4abd-a4ad-c5ce3b5ae25f - Returned response: 200
2026-07-16 18:16:35 | INFO     | trace_id=3bf109aa-bac0-4fa6-8d41-e2eac8d96e39 - Returned response: 200
2026-07-16 18:16:35 | INFO     | trace_id=ce1bff94-993c-472e-857c-65f1c909914b - Received request: GET /api/v1/pomodoro/stats
2026-07-16 18:16:35 | INFO     | trace_id=ce1bff94-993c-472e-857c-65f1c909914b - Returned response: 200
2026-07-16 18:17:23 | INFO     | trace_id=302ca92f-a058-4d3e-8cce-4d774ea5ee74 - Received request: GET /api/v1/feynman/progress
2026-07-16 18:17:23 | INFO     | trace_id=b2b0eaaf-092d-41ce-9d41-f1f28fa3eca9 - Received request: GET /api/v1/pomodoro/stats
2026-07-16 18:17:23 | INFO     | trace_id=302ca92f-a058-4d3e-8cce-4d774ea5ee74 - Returned response: 200
2026-07-16 18:17:23 | INFO     | trace_id=8f7841f1-b391-4014-91f7-37fcf136f3d2 - Received request: GET /api/v1/feynman/progress
2026-07-16 18:17:23 | INFO     | trace_id=8f7841f1-b391-4014-91f7-37fcf136f3d2 - Returned response: 200
2026-07-16 18:17:23 | INFO     | trace_id=b2b0eaaf-092d-41ce-9d41-f1f28fa3eca9 - Returned response: 200
2026-07-16 18:17:23 | INFO     | trace_id=f0f136a5-9d07-4810-890a-7e6b4a6e51c1 - Received request: GET /api/v1/pomodoro/stats
2026-07-16 18:17:23 | INFO     | trace_id=f0f136a5-9d07-4810-890a-7e6b4a6e51c1 - Returned response: 200
2026-07-16 18:17:24 | INFO     | trace_id=7516334c-d792-445f-b4e6-1dfcbfb8b54c - Received request: GET /api/v1/exam-papers
2026-07-16 18:17:24 | INFO     | trace_id=7516334c-d792-445f-b4e6-1dfcbfb8b54c - Returned response: 200
2026-07-16 18:17:26 | INFO     | trace_id=227867c1-59ff-4ac8-a06b-f96120e915c0 - Received request: GET /api/v1/feynman/progress
2026-07-16 18:17:26 | INFO     | trace_id=a4611a30-6497-4080-ada2-4af6f56a5dfc - Received request: GET /api/v1/pomodoro/stats
2026-07-16 18:17:26 | INFO     | trace_id=227867c1-59ff-4ac8-a06b-f96120e915c0 - Returned response: 200
2026-07-16 18:17:26 | INFO     | trace_id=52bf84e3-9030-40cc-bb13-7b2b33799c4f - Received request: GET /api/v1/feynman/progress
2026-07-16 18:17:26 | INFO     | trace_id=52bf84e3-9030-40cc-bb13-7b2b33799c4f - Returned response: 200
2026-07-16 18:17:26 | INFO     | trace_id=a4611a30-6497-4080-ada2-4af6f56a5dfc - Returned response: 200
2026-07-16 18:17:26 | INFO     | trace_id=d63bea15-c0ce-4fcb-8f1e-c14b69d7b1d7 - Received request: GET /api/v1/pomodoro/stats
2026-07-16 18:17:26 | INFO     | trace_id=d63bea15-c0ce-4fcb-8f1e-c14b69d7b1d7 - Returned response: 200
2026-07-16 18:17:32 | INFO     | trace_id=7c063ce4-f73f-43fd-91a5-3ac68f5bc5ca - Received request: GET /api/v1/practice/categories
2026-07-16 18:17:32 | INFO     | trace_id=03344da7-149d-4894-ba13-0757c9d7c1b0 - Received request: GET /api/v1/practice/recommended
2026-07-16 18:17:32 | INFO     | trace_id=7c063ce4-f73f-43fd-91a5-3ac68f5bc5ca - Returned response: 200
2026-07-16 18:17:32 | INFO     | trace_id=03344da7-149d-4894-ba13-0757c9d7c1b0 - Returned response: 200
2026-07-16 18:17:34 | INFO     | trace_id=32865c43-5b0d-4a54-9bb4-1f563e9baac3 - Received request: GET /api/v1/exam-papers
2026-07-16 18:17:34 | INFO     | trace_id=32865c43-5b0d-4a54-9bb4-1f563e9baac3 - Returned response: 200
2026-07-16 18:18:16 | INFO     | trace_id=6ed32249-a920-47ab-833c-802120e10e62 - Received request: GET /api/v1/feynman/progress
2026-07-16 18:18:16 | INFO     | trace_id=49077f11-549e-453a-b2e2-a4ac836f63f3 - Received request: GET /api/v1/pomodoro/stats
2026-07-16 18:18:16 | INFO     | trace_id=6ed32249-a920-47ab-833c-802120e10e62 - Returned response: 200
2026-07-16 18:18:16 | INFO     | trace_id=e2feb789-c31e-4455-a054-7ef2a715c92d - Received request: GET /api/v1/feynman/progress
2026-07-16 18:18:16 | INFO     | trace_id=e2feb789-c31e-4455-a054-7ef2a715c92d - Returned response: 200
2026-07-16 18:18:16 | INFO     | trace_id=49077f11-549e-453a-b2e2-a4ac836f63f3 - Returned response: 200
2026-07-16 18:18:16 | INFO     | trace_id=9c46775f-5cdd-43ff-98f0-8a160fbbf409 - Received request: GET /api/v1/pomodoro/stats
2026-07-16 18:18:16 | INFO     | trace_id=9c46775f-5cdd-43ff-98f0-8a160fbbf409 - Returned response: 200
2026-07-16 18:19:44 | INFO     | trace_id=f99f2e61-c33d-454e-a503-64c8b1242a55 - Received request: GET /api/v1/feynman/progress
2026-07-16 18:19:44 | INFO     | trace_id=a539f247-ab8f-4595-8f09-9a0dc05cc539 - Received request: GET /api/v1/pomodoro/stats
2026-07-16 18:19:45 | INFO     | trace_id=f99f2e61-c33d-454e-a503-64c8b1242a55 - Returned response: 200
2026-07-16 18:19:45 | INFO     | trace_id=a3dd34df-30e2-44fa-8fef-6753354dc3d7 - Received request: GET /api/v1/feynman/progress
2026-07-16 18:19:45 | INFO     | trace_id=a3dd34df-30e2-44fa-8fef-6753354dc3d7 - Returned response: 200
2026-07-16 18:19:45 | INFO     | trace_id=a539f247-ab8f-4595-8f09-9a0dc05cc539 - Returned response: 200
2026-07-16 18:19:45 | INFO     | trace_id=56764598-d6a9-4e16-a6da-bbb079587a10 - Received request: GET /api/v1/pomodoro/stats
2026-07-16 18:19:45 | INFO     | trace_id=56764598-d6a9-4e16-a6da-bbb079587a10 - Returned response: 200
2026-07-16 18:19:46 | INFO     | trace_id=7f79501c-4cc5-4962-99e4-46d66c8ac971 - Received request: GET /api/v1/exam-papers
2026-07-16 18:19:46 | INFO     | trace_id=7f79501c-4cc5-4962-99e4-46d66c8ac971 - Returned response: 200
2026-07-16 18:19:53 | INFO     | trace_id=a48a7e7c-512d-4ee1-8ef7-c24d672041cf - Received request: GET /api/v1/exam-papers/9187a64d-9fd5-473d-93c3-942db87e3bd0/detail
2026-07-16 18:19:53 | INFO     | trace_id=a48a7e7c-512d-4ee1-8ef7-c24d672041cf - Returned response: 200
2026-07-16 18:20:04 | INFO     | trace_id=1316e044-03b2-4e48-8e1e-2fc1d7298e96 - Received request: OPTIONS /api/v1/exam-papers/submit
2026-07-16 18:20:04 | INFO     | trace_id=1316e044-03b2-4e48-8e1e-2fc1d7298e96 - Returned response: 200
2026-07-16 18:20:04 | INFO     | trace_id=857e64d0-6657-4107-81ea-4f0e9e9a37e2 - Received request: POST /api/v1/exam-papers/submit
2026-07-16 18:20:05 | INFO     | trace_id=857e64d0-6657-4107-81ea-4f0e9e9a37e2 - Returned response: 500
2026-07-16 18:24:07 | INFO     | trace_id=534bf6ac-300d-41fc-a325-6f1a4c782caf - Received request: GET /api/v1/feynman/progress
2026-07-16 18:24:07 | INFO     | trace_id=c3d5c98e-aac7-42a7-be1b-ed5d15dc3d16 - Received request: GET /api/v1/pomodoro/stats
2026-07-16 18:24:07 | INFO     | trace_id=534bf6ac-300d-41fc-a325-6f1a4c782caf - Returned response: 200
2026-07-16 18:24:07 | INFO     | trace_id=93732e5b-437d-4c0e-988c-80b8884666a1 - Received request: GET /api/v1/feynman/progress
2026-07-16 18:24:07 | INFO     | trace_id=93732e5b-437d-4c0e-988c-80b8884666a1 - Returned response: 200
2026-07-16 18:24:07 | INFO     | trace_id=c3d5c98e-aac7-42a7-be1b-ed5d15dc3d16 - Returned response: 200
2026-07-16 18:24:07 | INFO     | trace_id=a5d5a86e-f83e-4d99-8859-5eb504860be1 - Received request: GET /api/v1/pomodoro/stats
2026-07-16 18:24:07 | INFO     | trace_id=a5d5a86e-f83e-4d99-8859-5eb504860be1 - Returned response: 200
2026-07-16 18:24:09 | INFO     | trace_id=5dfacd16-a183-4be6-b9ac-7a24ab826d93 - Received request: GET /api/v1/exam-papers
2026-07-16 18:24:09 | INFO     | trace_id=5dfacd16-a183-4be6-b9ac-7a24ab826d93 - Returned response: 200
2026-07-16 18:24:10 | INFO     | trace_id=8c65a1ff-c060-4e15-98d4-2baf5877a6f5 - Received request: GET /api/v1/exam-papers/9187a64d-9fd5-473d-93c3-942db87e3bd0/detail
2026-07-16 18:24:10 | INFO     | trace_id=8c65a1ff-c060-4e15-98d4-2baf5877a6f5 - Returned response: 200
2026-07-16 18:24:14 | INFO     | trace_id=9be592a2-2d45-4233-9ced-1a307e37ccb9 - Received request: POST /api/v1/exam-papers/submit
2026-07-16 18:24:48 | INFO     | trace_id=9be592a2-2d45-4233-9ced-1a307e37ccb9 - Returned response: 500
2026-07-16 18:25:00 | INFO     | trace_id=16b94c2b-414a-474e-8a71-257eed3ab557 - Received request: OPTIONS /api/v1/chat
2026-07-16 18:25:00 | INFO     | trace_id=16b94c2b-414a-474e-8a71-257eed3ab557 - Returned response: 200
2026-07-16 18:25:00 | INFO     | trace_id=67314dca-e00d-42bd-b9c8-2bf9c0fb78f2 - Received request: POST /api/v1/chat
2026-07-16 18:25:00 | INFO     | trace_id=67314dca-e00d-42bd-b9c8-2bf9c0fb78f2 - Returned response: 200
2026-07-16 18:25:59 | INFO     | trace_id=4e32268d-4baa-4f6a-9511-bf2cd7e032b1 - Received request: GET /api/v1/feynman/progress
2026-07-16 18:25:59 | INFO     | trace_id=da91bc0e-4ef4-4275-baa7-af168bd0e598 - Received request: GET /api/v1/pomodoro/stats
2026-07-16 18:26:00 | INFO     | trace_id=4e32268d-4baa-4f6a-9511-bf2cd7e032b1 - Returned response: 200
2026-07-16 18:26:00 | INFO     | trace_id=cbfcf962-4a84-4264-b5f0-3287a37585af - Received request: GET /api/v1/feynman/progress
2026-07-16 18:26:00 | INFO     | trace_id=cbfcf962-4a84-4264-b5f0-3287a37585af - Returned response: 200
2026-07-16 18:26:00 | INFO     | trace_id=da91bc0e-4ef4-4275-baa7-af168bd0e598 - Returned response: 200
2026-07-16 18:26:00 | INFO     | trace_id=f4bd96c9-8be2-4171-9b02-353156b8b1ab - Received request: GET /api/v1/pomodoro/stats
2026-07-16 18:26:00 | INFO     | trace_id=f4bd96c9-8be2-4171-9b02-353156b8b1ab - Returned response: 200
2026-07-16 18:26:01 | INFO     | trace_id=de0cad9a-0c30-481a-91af-229e1329d4e2 - Received request: GET /api/v1/exam-papers
2026-07-16 18:26:01 | INFO     | trace_id=de0cad9a-0c30-481a-91af-229e1329d4e2 - Returned response: 200
2026-07-16 18:26:02 | INFO     | trace_id=23c9a357-4556-4ffe-adc2-2de9c039ec38 - Received request: GET /api/v1/exam-papers/9187a64d-9fd5-473d-93c3-942db87e3bd0/detail
2026-07-16 18:26:02 | INFO     | trace_id=23c9a357-4556-4ffe-adc2-2de9c039ec38 - Returned response: 200
2026-07-16 18:26:05 | INFO     | trace_id=d1d386e7-1642-4f5e-ba27-c909ddeba1e2 - Received request: POST /api/v1/exam-papers/submit
2026-07-16 18:26:40 | INFO     | trace_id=d1d386e7-1642-4f5e-ba27-c909ddeba1e2 - Returned response: 500
2026-07-16 18:27:07 | INFO     | trace_id=6ba70aab-8740-4077-941e-ea79ff1af039 - Received request: POST /api/v1/exam-papers/submit
2026-07-16 18:27:19 | INFO     | trace_id=6ba70aab-8740-4077-941e-ea79ff1af039 - Returned response: 500
2026-07-16 18:27:52 | INFO     | trace_id=822024b7-008a-430d-8283-3e95bba79adc - Received request: POST /api/v1/exam-papers/submit
2026-07-16 18:28:07 | INFO     | trace_id=822024b7-008a-430d-8283-3e95bba79adc - Returned response: 200
2026-07-16 18:28:30 | INFO     | trace_id=6e798250-4ebe-4dd6-a8c5-4ee14b068345 - Received request: GET /api/v1/feynman/progress
2026-07-16 18:28:30 | INFO     | trace_id=ad5a89a2-4120-46c6-b136-32b684712d56 - Received request: GET /api/v1/pomodoro/stats
2026-07-16 18:28:30 | INFO     | trace_id=6e798250-4ebe-4dd6-a8c5-4ee14b068345 - Returned response: 200
2026-07-16 18:28:30 | INFO     | trace_id=18d6923a-662a-495d-9870-00d56b496a52 - Received request: GET /api/v1/feynman/progress
2026-07-16 18:28:30 | INFO     | trace_id=18d6923a-662a-495d-9870-00d56b496a52 - Returned response: 200
2026-07-16 18:28:30 | INFO     | trace_id=ad5a89a2-4120-46c6-b136-32b684712d56 - Returned response: 200
2026-07-16 18:28:30 | INFO     | trace_id=9fc7b842-0bf0-4d49-a314-6d58bacd1ab4 - Received request: GET /api/v1/pomodoro/stats
2026-07-16 18:28:30 | INFO     | trace_id=9fc7b842-0bf0-4d49-a314-6d58bacd1ab4 - Returned response: 200
2026-07-16 18:28:32 | INFO     | trace_id=d46d5979-8caa-458a-84b1-b7ecdc0db30e - Received request: GET /api/v1/exam-papers
2026-07-16 18:28:32 | INFO     | trace_id=d46d5979-8caa-458a-84b1-b7ecdc0db30e - Returned response: 200
2026-07-16 18:28:34 | INFO     | trace_id=469ca9db-59ab-40b7-88fa-0a42b74309e2 - Received request: GET /api/v1/practice/categories
2026-07-16 18:28:34 | INFO     | trace_id=45876a79-a8cc-43c6-9af6-ee077c40dcc5 - Received request: GET /api/v1/practice/recommended
2026-07-16 18:28:34 | INFO     | trace_id=469ca9db-59ab-40b7-88fa-0a42b74309e2 - Returned response: 200
2026-07-16 18:28:34 | INFO     | trace_id=45876a79-a8cc-43c6-9af6-ee077c40dcc5 - Returned response: 200
2026-07-16 18:28:34 | INFO     | trace_id=007d3aaa-8365-4907-8f73-f75ef390cfa2 - Received request: GET /api/v1/exam-papers
2026-07-16 18:28:34 | INFO     | trace_id=007d3aaa-8365-4907-8f73-f75ef390cfa2 - Returned response: 200
2026-07-16 18:28:35 | INFO     | trace_id=ba6d7ef2-1ec1-4c31-b0fb-d64ec33b3068 - Received request: GET /api/v1/admin/personas
2026-07-16 18:28:35 | INFO     | trace_id=ba6d7ef2-1ec1-4c31-b0fb-d64ec33b3068 - Returned response: 200
2026-07-16 18:28:35 | INFO     | trace_id=af9af2a6-60f4-45aa-bfdb-f48510f41dac - Received request: GET /api/v1/admin/personas
2026-07-16 18:28:35 | INFO     | trace_id=af9af2a6-60f4-45aa-bfdb-f48510f41dac - Returned response: 200
2026-07-16 18:28:36 | INFO     | trace_id=0d0820db-06f8-4442-bc3e-9a02c0213913 - Received request: GET /api/v1/admin/questions
2026-07-16 18:28:36 | INFO     | trace_id=0d0820db-06f8-4442-bc3e-9a02c0213913 - Returned response: 200
2026-07-16 18:28:38 | INFO     | trace_id=e2f63205-a0c1-4072-a8e4-b61a3692aaac - Received request: GET /api/v1/admin/dashboard/stats
2026-07-16 18:28:38 | INFO     | trace_id=e2f63205-a0c1-4072-a8e4-b61a3692aaac - Returned response: 200
2026-07-16 18:28:40 | INFO     | trace_id=5d12cecf-4849-4232-a028-b74579351848 - Received request: GET /api/v1/feynman/progress
2026-07-16 18:28:40 | INFO     | trace_id=36b5347b-76b3-4457-b686-cae15dd17b80 - Received request: GET /api/v1/pomodoro/stats
2026-07-16 18:28:40 | INFO     | trace_id=5d12cecf-4849-4232-a028-b74579351848 - Returned response: 200
2026-07-16 18:28:40 | INFO     | trace_id=3d7b31f2-c761-4190-896f-0097f514982c - Received request: GET /api/v1/feynman/progress
2026-07-16 18:28:40 | INFO     | trace_id=3d7b31f2-c761-4190-896f-0097f514982c - Returned response: 200
2026-07-16 18:28:40 | INFO     | trace_id=36b5347b-76b3-4457-b686-cae15dd17b80 - Returned response: 200
2026-07-16 18:28:40 | INFO     | trace_id=efde59f9-9616-4d0f-bece-bda776a79735 - Received request: GET /api/v1/pomodoro/stats
2026-07-16 18:28:40 | INFO     | trace_id=efde59f9-9616-4d0f-bece-bda776a79735 - Returned response: 200
2026-07-16 18:28:42 | INFO     | trace_id=85c0745e-4ffe-47c5-af51-01562d8d4e6d - Received request: GET /api/v1/exam-papers
2026-07-16 18:28:42 | INFO     | trace_id=85c0745e-4ffe-47c5-af51-01562d8d4e6d - Returned response: 200
2026-07-16 18:28:52 | INFO     | trace_id=513b7c55-fe1b-4030-9e78-bb30513478c5 - Received request: GET /api/v1/admin/personas
2026-07-16 18:28:52 | INFO     | trace_id=513b7c55-fe1b-4030-9e78-bb30513478c5 - Returned response: 200
2026-07-16 18:28:52 | INFO     | trace_id=2190d1a1-6d07-46f2-afb7-77e12b422d3a - Received request: GET /api/v1/admin/personas
2026-07-16 18:28:52 | INFO     | trace_id=2190d1a1-6d07-46f2-afb7-77e12b422d3a - Returned response: 200
2026-07-16 18:28:54 | INFO     | trace_id=364c7982-906b-4ae6-817d-feebd68a7aff - Received request: GET /api/v1/admin/dashboard/stats
2026-07-16 18:28:54 | INFO     | trace_id=364c7982-906b-4ae6-817d-feebd68a7aff - Returned response: 200
2026-07-16 18:28:55 | INFO     | trace_id=a270c4f1-c760-42ff-bc5b-4d877c78fcde - Received request: GET /api/v1/admin/exam-papers
2026-07-16 18:28:55 | INFO     | trace_id=a270c4f1-c760-42ff-bc5b-4d877c78fcde - Returned response: 200
2026-07-16 18:28:55 | INFO     | trace_id=83f937f5-fa18-4db0-a7be-02f245f76aa5 - Received request: GET /api/v1/admin/questions
2026-07-16 18:28:55 | INFO     | trace_id=54b30d6f-a6c9-4222-a6b7-0175045cfcdb - Received request: GET /api/v1/admin/personas
2026-07-16 18:28:55 | INFO     | trace_id=83f937f5-fa18-4db0-a7be-02f245f76aa5 - Returned response: 200
2026-07-16 18:28:55 | INFO     | trace_id=54b30d6f-a6c9-4222-a6b7-0175045cfcdb - Returned response: 200
2026-07-16 18:28:57 | INFO     | trace_id=b6bfb3ae-e9f3-47ad-91a5-4ca59c22c563 - Received request: GET /api/v1/admin/exam-papers/9187a64d-9fd5-473d-93c3-942db87e3bd0/assignments
2026-07-16 18:28:57 | INFO     | trace_id=b6bfb3ae-e9f3-47ad-91a5-4ca59c22c563 - Returned response: 200
2026-07-16 18:29:03 | INFO     | trace_id=66ec27cf-1288-4835-9a36-5bf963abd17e - Received request: OPTIONS /api/v1/admin/exam-papers/9187a64d-9fd5-473d-93c3-942db87e3bd0/distribute
2026-07-16 18:29:03 | INFO     | trace_id=66ec27cf-1288-4835-9a36-5bf963abd17e - Returned response: 200
2026-07-16 18:29:03 | INFO     | trace_id=e51117cf-e88a-457c-ba8a-a59e6f3acc85 - Received request: POST /api/v1/admin/exam-papers/9187a64d-9fd5-473d-93c3-942db87e3bd0/distribute
2026-07-16 18:29:03 | INFO     | trace_id=e51117cf-e88a-457c-ba8a-a59e6f3acc85 - Returned response: 200
2026-07-16 18:29:04 | INFO     | trace_id=79c5b229-a1a4-4e01-8022-6f8fb2208c43 - Received request: GET /api/v1/feynman/progress
2026-07-16 18:29:04 | INFO     | trace_id=313ef9ac-fea5-4490-83a0-2a274d3a7c0d - Received request: GET /api/v1/pomodoro/stats
2026-07-16 18:29:04 | INFO     | trace_id=79c5b229-a1a4-4e01-8022-6f8fb2208c43 - Returned response: 200
2026-07-16 18:29:04 | INFO     | trace_id=d99adc57-1021-4ec1-ad49-43c9ec67299c - Received request: GET /api/v1/feynman/progress
2026-07-16 18:29:04 | INFO     | trace_id=d99adc57-1021-4ec1-ad49-43c9ec67299c - Returned response: 200
2026-07-16 18:29:04 | INFO     | trace_id=313ef9ac-fea5-4490-83a0-2a274d3a7c0d - Returned response: 200
2026-07-16 18:29:04 | INFO     | trace_id=299bfec3-bcf8-437e-8e39-1903c09349d0 - Received request: GET /api/v1/pomodoro/stats
2026-07-16 18:29:04 | INFO     | trace_id=299bfec3-bcf8-437e-8e39-1903c09349d0 - Returned response: 200
2026-07-16 18:29:05 | INFO     | trace_id=f7429405-bf53-4ac4-894e-9049eaba7ce0 - Received request: GET /api/v1/exam-papers
2026-07-16 18:29:05 | INFO     | trace_id=f7429405-bf53-4ac4-894e-9049eaba7ce0 - Returned response: 200
2026-07-16 18:29:06 | INFO     | trace_id=1c6b58fc-acf5-4d64-92d3-f70bc8cb348c - Received request: GET /api/v1/exam-papers/9187a64d-9fd5-473d-93c3-942db87e3bd0/detail
2026-07-16 18:29:06 | INFO     | trace_id=1c6b58fc-acf5-4d64-92d3-f70bc8cb348c - Returned response: 200
2026-07-16 18:29:09 | INFO     | trace_id=2392a5cd-ede3-48d6-aa71-07e5216c3411 - Received request: POST /api/v1/exam-papers/submit
2026-07-16 18:29:36 | INFO     | trace_id=2392a5cd-ede3-48d6-aa71-07e5216c3411 - Returned response: 200
2026-07-16 18:29:36 | INFO     | trace_id=118abd60-892b-4ae4-9079-ebc1153a461b - Received request: GET /api/v1/exam-papers
2026-07-16 18:29:36 | INFO     | trace_id=118abd60-892b-4ae4-9079-ebc1153a461b - Returned response: 200
2026-07-16 18:29:47 | INFO     | trace_id=0d9374a4-80a2-477d-89e0-80bfc4ff047a - Received request: GET /api/v1/exam-papers
2026-07-16 18:29:47 | INFO     | trace_id=0d9374a4-80a2-477d-89e0-80bfc4ff047a - Returned response: 200
2026-07-17 10:33:57 | INFO     | trace_id=2ea17fe0-d236-4233-bf1e-b5d2852604bc - Received request: GET /api/v1/health
2026-07-17 10:33:57 | INFO     | trace_id=2ea17fe0-d236-4233-bf1e-b5d2852604bc - Returned response: 200
2026-07-17 10:34:56 | INFO     | trace_id=053ade85-2903-4f68-bd1f-23907a4ff2ef - Received request: POST /api/v1/dynamic-exam/start
2026-07-17 10:35:48 | INFO     | trace_id=053ade85-2903-4f68-bd1f-23907a4ff2ef - Returned response: 200
2026-07-17 10:36:01 | INFO     | trace_id=8b74107e-14d2-4b34-bfef-b7112e1c62d7 - Received request: GET /api/v1/feynman/progress
2026-07-17 10:36:01 | INFO     | trace_id=c70fc105-076e-4a25-b541-4afceee9a762 - Received request: GET /api/v1/pomodoro/stats
2026-07-17 10:36:01 | INFO     | trace_id=8b74107e-14d2-4b34-bfef-b7112e1c62d7 - Returned response: 200
2026-07-17 10:36:01 | INFO     | trace_id=b14eb5ee-608b-4af1-8bf7-5f87eaec1a3d - Received request: GET /api/v1/feynman/progress
2026-07-17 10:36:01 | INFO     | trace_id=b14eb5ee-608b-4af1-8bf7-5f87eaec1a3d - Returned response: 200
2026-07-17 10:36:01 | INFO     | trace_id=c70fc105-076e-4a25-b541-4afceee9a762 - Returned response: 200
2026-07-17 10:36:01 | INFO     | trace_id=e2a0c69f-670e-41f5-881c-7192bc9f25e9 - Received request: GET /api/v1/pomodoro/stats
2026-07-17 10:36:01 | INFO     | trace_id=e2a0c69f-670e-41f5-881c-7192bc9f25e9 - Returned response: 200
2026-07-17 10:36:21 | INFO     | trace_id=d7712179-d34f-4331-8c4b-a2035098a1ff - Received request: GET /api/v1/feynman/progress
2026-07-17 10:36:21 | INFO     | trace_id=254a2cc1-07aa-48bc-884d-f7b7e7e3ff2e - Received request: GET /api/v1/pomodoro/stats
2026-07-17 10:36:21 | INFO     | trace_id=d7712179-d34f-4331-8c4b-a2035098a1ff - Returned response: 200
2026-07-17 10:36:21 | INFO     | trace_id=bc4eea9b-2931-4621-ab15-4bca0908f8b8 - Received request: GET /api/v1/feynman/progress
2026-07-17 10:36:21 | INFO     | trace_id=254a2cc1-07aa-48bc-884d-f7b7e7e3ff2e - Returned response: 200
2026-07-17 10:36:21 | INFO     | trace_id=db8c0c91-bac4-4351-92a2-c8980780c662 - Received request: GET /api/v1/pomodoro/stats
2026-07-17 10:36:21 | INFO     | trace_id=db8c0c91-bac4-4351-92a2-c8980780c662 - Returned response: 200
2026-07-17 10:36:21 | INFO     | trace_id=bc4eea9b-2931-4621-ab15-4bca0908f8b8 - Returned response: 200
2026-07-17 10:36:23 | INFO     | trace_id=ad4c9fec-529b-40af-a959-3f3fe441d8cf - Received request: GET /api/v1/exam-papers
2026-07-17 10:36:23 | INFO     | trace_id=ad4c9fec-529b-40af-a959-3f3fe441d8cf - Returned response: 200
2026-07-17 10:36:28 | INFO     | trace_id=922c3fda-b613-4773-b721-4733ebca7aec - Received request: POST /api/v1/dynamic-exam/start
2026-07-17 10:37:22 | INFO     | trace_id=922c3fda-b613-4773-b721-4733ebca7aec - Returned response: 200
2026-07-17 10:37:54 | INFO     | trace_id=5ed12a16-8521-4252-b7fd-2e20e45e44aa - Received request: OPTIONS /api/v1/dynamic-exam/chat
2026-07-17 10:37:54 | INFO     | trace_id=5ed12a16-8521-4252-b7fd-2e20e45e44aa - Returned response: 200
2026-07-17 10:37:54 | INFO     | trace_id=a830d1d7-badc-425e-91c0-3741c4b80aaa - Received request: POST /api/v1/dynamic-exam/chat
2026-07-17 10:38:22 | INFO     | trace_id=a830d1d7-badc-425e-91c0-3741c4b80aaa - Returned response: 200
2026-07-17 10:39:03 | INFO     | trace_id=d03d1119-e30d-4ab7-8799-371c19b39851 - Received request: POST /api/v1/dynamic-exam/chat
2026-07-17 10:39:29 | INFO     | trace_id=d03d1119-e30d-4ab7-8799-371c19b39851 - Returned response: 200
2026-07-17 10:40:11 | INFO     | trace_id=18015d1a-7131-4e63-9dd4-0a9372ff0274 - Received request: POST /api/v1/dynamic-exam/chat
2026-07-17 10:40:32 | INFO     | trace_id=18015d1a-7131-4e63-9dd4-0a9372ff0274 - Returned response: 200
2026-07-17 10:40:49 | INFO     | trace_id=ca0c3ab8-87ac-4a79-8070-d317999857fd - Received request: POST /api/v1/dynamic-exam/chat
2026-07-17 10:41:12 | INFO     | trace_id=ca0c3ab8-87ac-4a79-8070-d317999857fd - Returned response: 200
2026-07-17 10:41:21 | INFO     | trace_id=5eeff0a1-a44e-4dce-a2b6-8ea1f66f43ea - Received request: GET /api/v1/dynamic-exam/history
2026-07-17 10:41:21 | INFO     | trace_id=5eeff0a1-a44e-4dce-a2b6-8ea1f66f43ea - Returned response: 200
2026-07-17 10:41:23 | INFO     | trace_id=c455c0e0-c741-4ebe-9426-56e10c72a43c - Received request: GET /api/v1/dynamic-exam/298beb2b-ff71-41fa-8c67-496232b52208/detail
2026-07-17 10:41:23 | INFO     | trace_id=c455c0e0-c741-4ebe-9426-56e10c72a43c - Returned response: 200
2026-07-17 10:41:59 | INFO     | trace_id=8fd2031f-ba86-4cc1-a643-5516f7f14530 - Received request: GET /api/v1/feynman/progress
2026-07-17 10:41:59 | INFO     | trace_id=f36725f3-6ab8-4d08-821b-2aa10da4d19e - Received request: GET /api/v1/pomodoro/stats
2026-07-17 10:42:00 | INFO     | trace_id=8fd2031f-ba86-4cc1-a643-5516f7f14530 - Returned response: 200
2026-07-17 10:42:00 | INFO     | trace_id=b0521a64-a8c3-43e7-ad5b-fd746809b31a - Received request: GET /api/v1/feynman/progress
2026-07-17 10:42:00 | INFO     | trace_id=b0521a64-a8c3-43e7-ad5b-fd746809b31a - Returned response: 200
2026-07-17 10:42:00 | INFO     | trace_id=f36725f3-6ab8-4d08-821b-2aa10da4d19e - Returned response: 200
2026-07-17 10:42:00 | INFO     | trace_id=45c49ef0-2e68-4258-a319-03ce13f9f675 - Received request: GET /api/v1/pomodoro/stats
2026-07-17 10:42:00 | INFO     | trace_id=45c49ef0-2e68-4258-a319-03ce13f9f675 - Returned response: 200
2026-07-17 10:42:02 | INFO     | trace_id=34675510-6391-4eac-8a88-9acedbbee488 - Received request: GET /api/v1/dynamic-exam/history
2026-07-17 10:42:02 | INFO     | trace_id=34675510-6391-4eac-8a88-9acedbbee488 - Returned response: 200
2026-07-17 10:42:03 | INFO     | trace_id=3506c953-af73-43df-9371-0c9c101b7dc3 - Received request: GET /api/v1/dynamic-exam/298beb2b-ff71-41fa-8c67-496232b52208/detail
2026-07-17 10:42:03 | INFO     | trace_id=3506c953-af73-43df-9371-0c9c101b7dc3 - Returned response: 200
2026-07-17 10:42:22 | INFO     | trace_id=e9c98900-dcda-447a-b034-7c1764647f6e - Received request: GET /api/v1/feynman/progress
2026-07-17 10:42:22 | INFO     | trace_id=db3c8c34-7e50-4ac8-b635-1ff09fc6cbef - Received request: GET /api/v1/pomodoro/stats
2026-07-17 10:42:22 | INFO     | trace_id=e9c98900-dcda-447a-b034-7c1764647f6e - Returned response: 200
2026-07-17 10:42:22 | INFO     | trace_id=c85c6d00-eb07-4d80-a74b-c5010c324e25 - Received request: GET /api/v1/feynman/progress
2026-07-17 10:42:22 | INFO     | trace_id=c85c6d00-eb07-4d80-a74b-c5010c324e25 - Returned response: 200
2026-07-17 10:42:22 | INFO     | trace_id=db3c8c34-7e50-4ac8-b635-1ff09fc6cbef - Returned response: 200
2026-07-17 10:42:22 | INFO     | trace_id=9095c02c-63b4-41c9-9f8d-3a228b3291fe - Received request: GET /api/v1/pomodoro/stats
2026-07-17 10:42:22 | INFO     | trace_id=9095c02c-63b4-41c9-9f8d-3a228b3291fe - Returned response: 200
2026-07-17 10:42:26 | INFO     | trace_id=575bc063-1604-48e5-90c8-3e97dd36e4d6 - Received request: GET /api/v1/dynamic-exam/history
2026-07-17 10:42:26 | INFO     | trace_id=575bc063-1604-48e5-90c8-3e97dd36e4d6 - Returned response: 200
2026-07-17 10:42:28 | INFO     | trace_id=7e7affd2-7bda-429f-8d61-0b7eb82b8454 - Received request: GET /api/v1/dynamic-exam/49814764-d8a1-44de-9b80-0cbc32f858c1/detail
2026-07-17 10:42:28 | INFO     | trace_id=7e7affd2-7bda-429f-8d61-0b7eb82b8454 - Returned response: 200
2026-07-17 10:45:28 | INFO     | trace_id=a4110c0d-121e-4dde-bcff-549a99cb12c7 - Received request: GET /api/v1/feynman/progress
2026-07-17 10:45:28 | INFO     | trace_id=7d2ae0d1-c59f-455b-96e7-35658160d0d3 - Received request: GET /api/v1/pomodoro/stats
2026-07-17 10:45:28 | INFO     | trace_id=a4110c0d-121e-4dde-bcff-549a99cb12c7 - Returned response: 200
2026-07-17 10:45:28 | INFO     | trace_id=ff0741ef-dc65-4051-a496-bef18e8870b8 - Received request: GET /api/v1/feynman/progress
2026-07-17 10:45:28 | INFO     | trace_id=ff0741ef-dc65-4051-a496-bef18e8870b8 - Returned response: 200
2026-07-17 10:45:28 | INFO     | trace_id=7d2ae0d1-c59f-455b-96e7-35658160d0d3 - Returned response: 200
2026-07-17 10:45:28 | INFO     | trace_id=5e02c979-227f-4699-b27e-0caf078e5c2c - Received request: GET /api/v1/pomodoro/stats
2026-07-17 10:45:28 | INFO     | trace_id=5e02c979-227f-4699-b27e-0caf078e5c2c - Returned response: 200
2026-07-17 10:47:36 | INFO     | trace_id=a8b0097e-0219-480a-8348-b48acae2e733 - Received request: POST /api/v1/dynamic-exam/start
2026-07-17 10:48:33 | INFO     | trace_id=a8b0097e-0219-480a-8348-b48acae2e733 - Returned response: 200
2026-07-17 10:48:52 | INFO     | trace_id=ea479c55-51c4-4572-805f-9df800c0ce44 - Received request: POST /api/v1/dynamic-exam/65f95ac3-91b5-4086-855c-90e20231656d/resume
2026-07-17 10:48:52 | INFO     | trace_id=ea479c55-51c4-4572-805f-9df800c0ce44 - Returned response: 200
2026-07-17 10:49:00 | INFO     | trace_id=22017345-d53b-4418-b41d-52010957d962 - Received request: POST /api/v1/dynamic-exam/chat
2026-07-17 10:49:19 | INFO     | trace_id=22017345-d53b-4418-b41d-52010957d962 - Returned response: 200
2026-07-17 10:50:31 | INFO     | trace_id=34a50c38-27ae-467a-96e7-046ec4585ad2 - Received request: GET /api/v1/feynman/progress
2026-07-17 10:50:31 | INFO     | trace_id=985bd32a-a82f-422c-a964-175350b4b1d2 - Received request: GET /api/v1/pomodoro/stats
2026-07-17 10:50:31 | INFO     | trace_id=34a50c38-27ae-467a-96e7-046ec4585ad2 - Returned response: 200
2026-07-17 10:50:31 | INFO     | trace_id=3479fb04-2feb-4988-bbcf-e1f11e4e2b72 - Received request: GET /api/v1/feynman/progress
2026-07-17 10:50:31 | INFO     | trace_id=3479fb04-2feb-4988-bbcf-e1f11e4e2b72 - Returned response: 200
2026-07-17 10:50:31 | INFO     | trace_id=985bd32a-a82f-422c-a964-175350b4b1d2 - Returned response: 200
2026-07-17 10:50:31 | INFO     | trace_id=109ff455-5217-42a5-a2e4-40491cf9c651 - Received request: GET /api/v1/pomodoro/stats
2026-07-17 10:50:31 | INFO     | trace_id=109ff455-5217-42a5-a2e4-40491cf9c651 - Returned response: 200
2026-07-17 10:50:33 | INFO     | trace_id=1932fa77-494b-407f-9400-e86c4852a7bb - Received request: POST /api/v1/dynamic-exam/start
2026-07-17 10:51:38 | INFO     | trace_id=1932fa77-494b-407f-9400-e86c4852a7bb - Returned response: 200
2026-07-17 10:51:52 | INFO     | trace_id=33b43f77-281f-44d6-a951-e931ba84e817 - Received request: GET /api/v1/dynamic-exam/history
2026-07-17 10:51:52 | INFO     | trace_id=33b43f77-281f-44d6-a951-e931ba84e817 - Returned response: 200
2026-07-17 10:51:56 | INFO     | trace_id=8d7209e3-711b-4655-a8d7-afdbf475a3a1 - Received request: POST /api/v1/dynamic-exam/298beb2b-ff71-41fa-8c67-496232b52208/resume
2026-07-17 10:52:18 | INFO     | trace_id=8d7209e3-711b-4655-a8d7-afdbf475a3a1 - Returned response: 200
2026-07-17 10:52:18 | INFO     | trace_id=a8555bea-8be5-4242-b6eb-b249a1f188eb - Received request: POST /api/v1/dynamic-exam/298beb2b-ff71-41fa-8c67-496232b52208/resume
2026-07-17 10:52:18 | INFO     | trace_id=1321b794-b8d3-4b09-ba36-b5ce8251cd94 - Received request: POST /api/v1/dynamic-exam/298beb2b-ff71-41fa-8c67-496232b52208/resume
2026-07-17 10:52:18 | INFO     | trace_id=dbc70b06-30c0-48b1-aa4b-039086ab96c2 - Received request: POST /api/v1/dynamic-exam/298beb2b-ff71-41fa-8c67-496232b52208/resume
2026-07-17 10:52:18 | INFO     | trace_id=a8555bea-8be5-4242-b6eb-b249a1f188eb - Returned response: 200
2026-07-17 10:52:18 | INFO     | trace_id=61a51200-40e9-4270-b081-c5d6f3df6c2b - Received request: GET /api/v1/dynamic-exam/298beb2b-ff71-41fa-8c67-496232b52208/detail
2026-07-17 10:52:18 | INFO     | trace_id=1321b794-b8d3-4b09-ba36-b5ce8251cd94 - Returned response: 200
2026-07-17 10:52:18 | INFO     | trace_id=766a9b6a-ad34-4e28-bc24-0939f8168a73 - Received request: GET /api/v1/dynamic-exam/history
2026-07-17 10:52:18 | INFO     | trace_id=dbc70b06-30c0-48b1-aa4b-039086ab96c2 - Returned response: 200
2026-07-17 10:52:18 | INFO     | trace_id=02b4d2a7-449d-4699-a8a2-4ac686e83dd0 - Received request: GET /api/v1/dynamic-exam/history
2026-07-17 10:52:18 | INFO     | trace_id=766a9b6a-ad34-4e28-bc24-0939f8168a73 - Returned response: 200
2026-07-17 10:52:18 | INFO     | trace_id=61a51200-40e9-4270-b081-c5d6f3df6c2b - Returned response: 200
2026-07-17 10:52:18 | INFO     | trace_id=02b4d2a7-449d-4699-a8a2-4ac686e83dd0 - Returned response: 200
2026-07-17 10:52:33 | INFO     | trace_id=1b331ed6-32c7-46aa-b568-6d287e82abcc - Received request: POST /api/v1/dynamic-exam/65f95ac3-91b5-4086-855c-90e20231656d/resume
2026-07-17 10:52:33 | INFO     | trace_id=1b331ed6-32c7-46aa-b568-6d287e82abcc - Returned response: 200
2026-07-17 10:52:35 | INFO     | trace_id=82c0ae9a-7075-4cba-abfd-eb91a94f3cb3 - Received request: GET /api/v1/dynamic-exam/history
2026-07-17 10:52:35 | INFO     | trace_id=82c0ae9a-7075-4cba-abfd-eb91a94f3cb3 - Returned response: 200
2026-07-17 10:52:37 | INFO     | trace_id=219409e4-b813-4a78-b7f6-25309480b2c1 - Received request: POST /api/v1/dynamic-exam/298beb2b-ff71-41fa-8c67-496232b52208/resume
2026-07-17 10:52:37 | INFO     | trace_id=219409e4-b813-4a78-b7f6-25309480b2c1 - Returned response: 200
2026-07-17 10:53:10 | INFO     | trace_id=a2e86085-cecd-4514-9904-41cabb09e721 - Received request: OPTIONS /api/v1/dynamic-exam/chat
2026-07-17 10:53:10 | INFO     | trace_id=a2e86085-cecd-4514-9904-41cabb09e721 - Returned response: 200
2026-07-17 10:53:10 | INFO     | trace_id=e32e26e3-1d06-470d-94e9-0ecca4bf2eb8 - Received request: POST /api/v1/dynamic-exam/chat
2026-07-17 10:53:43 | INFO     | trace_id=e32e26e3-1d06-470d-94e9-0ecca4bf2eb8 - Returned response: 200
2026-07-17 10:53:56 | INFO     | trace_id=68d55a8b-fa67-4caf-b257-ee1a109603f5 - Received request: GET /api/v1/admin/personas
2026-07-17 10:53:56 | INFO     | trace_id=68d55a8b-fa67-4caf-b257-ee1a109603f5 - Returned response: 200
2026-07-17 10:53:56 | INFO     | trace_id=7eb73448-6915-4aec-8c1f-3378e27de96e - Received request: GET /api/v1/admin/personas
2026-07-17 10:53:56 | INFO     | trace_id=7eb73448-6915-4aec-8c1f-3378e27de96e - Returned response: 200
2026-07-17 10:53:58 | INFO     | trace_id=098cc575-e9a4-4381-bfbe-4e89d135e400 - Received request: GET /api/v1/admin/questions
2026-07-17 10:53:58 | INFO     | trace_id=098cc575-e9a4-4381-bfbe-4e89d135e400 - Returned response: 200
2026-07-17 10:54:10 | INFO     | trace_id=565155dd-62a7-4cc8-9acd-6ea157d7af2b - Received request: GET /api/v1/dynamic-exam/history
2026-07-17 10:54:11 | INFO     | trace_id=565155dd-62a7-4cc8-9acd-6ea157d7af2b - Returned response: 200
2026-07-17 11:01:02 | INFO     | trace_id=19c523a9-a72c-464c-96ac-282fac9f2b4a - Received request: POST /api/v1/dynamic-exam/start
2026-07-17 11:02:09 | INFO     | trace_id=03ee7155-5314-4b23-b991-a71e73d71e41 - Received request: POST /api/v1/dynamic-exam/start
2026-07-17 11:02:39 | INFO     | trace_id=19c523a9-a72c-464c-96ac-282fac9f2b4a - Returned response: 200
2026-07-17 11:02:49 | INFO     | trace_id=e6dbd0fe-d51e-4600-bdb2-d1bf4a72fe67 - Received request: OPTIONS /api/v1/dynamic-exam/a2fc0781-c6d7-4433-9531-cda0c5b2aa0b
2026-07-17 11:02:49 | INFO     | trace_id=e6dbd0fe-d51e-4600-bdb2-d1bf4a72fe67 - Returned response: 200
2026-07-17 11:02:53 | INFO     | trace_id=03ee7155-5314-4b23-b991-a71e73d71e41 - Returned response: 200
2026-07-17 11:02:53 | INFO     | trace_id=b3aaa051-8628-419a-958c-fca1fb2e27e3 - Received request: DELETE /api/v1/dynamic-exam/a2fc0781-c6d7-4433-9531-cda0c5b2aa0b
2026-07-17 11:02:53 | INFO     | trace_id=b3aaa051-8628-419a-958c-fca1fb2e27e3 - Returned response: 200
2026-07-17 11:02:53 | INFO     | trace_id=9c113fae-6f78-4774-8e4c-62754395dd54 - Received request: GET /api/v1/dynamic-exam/history
2026-07-17 11:02:53 | INFO     | trace_id=9c113fae-6f78-4774-8e4c-62754395dd54 - Returned response: 200
2026-07-17 11:02:58 | INFO     | trace_id=3813d7ba-d7c8-4864-ba1b-0e02b6413024 - Received request: GET /api/v1/dynamic-exam/history
2026-07-17 11:02:58 | INFO     | trace_id=3813d7ba-d7c8-4864-ba1b-0e02b6413024 - Returned response: 200
2026-07-17 11:03:01 | INFO     | trace_id=8c394efc-6b9f-40bd-b988-c0db20ad5e38 - Received request: OPTIONS /api/v1/dynamic-exam/49814764-d8a1-44de-9b80-0cbc32f858c1
2026-07-17 11:03:01 | INFO     | trace_id=8c394efc-6b9f-40bd-b988-c0db20ad5e38 - Returned response: 200
2026-07-17 11:03:01 | INFO     | trace_id=93a61961-e370-47a7-bd11-a1885e48d1fa - Received request: DELETE /api/v1/dynamic-exam/49814764-d8a1-44de-9b80-0cbc32f858c1
2026-07-17 11:03:01 | INFO     | trace_id=93a61961-e370-47a7-bd11-a1885e48d1fa - Returned response: 200
2026-07-17 11:03:01 | INFO     | trace_id=d135d40f-f680-41ed-a3ae-7f3ed3506f0f - Received request: GET /api/v1/dynamic-exam/history
2026-07-17 11:03:01 | INFO     | trace_id=d135d40f-f680-41ed-a3ae-7f3ed3506f0f - Returned response: 200
2026-07-17 11:03:04 | INFO     | trace_id=5693dae4-157d-4f70-a6a7-e80b59a138f1 - Received request: OPTIONS /api/v1/dynamic-exam/65f95ac3-91b5-4086-855c-90e20231656d
2026-07-17 11:03:04 | INFO     | trace_id=5693dae4-157d-4f70-a6a7-e80b59a138f1 - Returned response: 200
2026-07-17 11:03:04 | INFO     | trace_id=c4583c27-0640-4746-b096-9df553b74548 - Received request: DELETE /api/v1/dynamic-exam/65f95ac3-91b5-4086-855c-90e20231656d
2026-07-17 11:03:04 | INFO     | trace_id=c4583c27-0640-4746-b096-9df553b74548 - Returned response: 200
2026-07-17 11:03:04 | INFO     | trace_id=98cc4cc4-861b-4acc-8d6c-148735abd1d3 - Received request: GET /api/v1/dynamic-exam/history
2026-07-17 11:03:04 | INFO     | trace_id=98cc4cc4-861b-4acc-8d6c-148735abd1d3 - Returned response: 200
2026-07-17 11:03:05 | INFO     | trace_id=4043a15c-b4b5-4541-80a7-a7cf8c286942 - Received request: OPTIONS /api/v1/dynamic-exam/03b6d53b-ad75-4e20-a5a1-51bebff5fbc6
2026-07-17 11:03:05 | INFO     | trace_id=4043a15c-b4b5-4541-80a7-a7cf8c286942 - Returned response: 200
2026-07-17 11:03:05 | INFO     | trace_id=3bad7516-6c04-4e52-9e52-33dbbde925af - Received request: DELETE /api/v1/dynamic-exam/03b6d53b-ad75-4e20-a5a1-51bebff5fbc6
2026-07-17 11:03:05 | INFO     | trace_id=3bad7516-6c04-4e52-9e52-33dbbde925af - Returned response: 200
2026-07-17 11:03:05 | INFO     | trace_id=41ec5eb7-7c63-45c8-ae36-1f261d8b2885 - Received request: GET /api/v1/dynamic-exam/history
2026-07-17 11:03:05 | INFO     | trace_id=41ec5eb7-7c63-45c8-ae36-1f261d8b2885 - Returned response: 200
2026-07-17 11:03:07 | INFO     | trace_id=535e0a01-7861-4294-a21a-260e985725c9 - Received request: OPTIONS /api/v1/dynamic-exam/47a530cc-e36c-4391-9428-1aba1bc9e909
2026-07-17 11:03:07 | INFO     | trace_id=535e0a01-7861-4294-a21a-260e985725c9 - Returned response: 200
2026-07-17 11:03:07 | INFO     | trace_id=ecaf7d9b-4b8f-4186-8917-7118a8838651 - Received request: DELETE /api/v1/dynamic-exam/47a530cc-e36c-4391-9428-1aba1bc9e909
2026-07-17 11:03:07 | INFO     | trace_id=ecaf7d9b-4b8f-4186-8917-7118a8838651 - Returned response: 200
2026-07-17 11:03:07 | INFO     | trace_id=25445b86-0c07-4b07-b62a-19cd715f855b - Received request: GET /api/v1/dynamic-exam/history
2026-07-17 11:03:07 | INFO     | trace_id=25445b86-0c07-4b07-b62a-19cd715f855b - Returned response: 200
2026-07-17 11:19:32 | INFO     | trace_id=100da8a0-dbc7-4c7d-9ba2-5546a44d426a - Received request: GET /api/v1/health
2026-07-17 11:19:32 | INFO     | trace_id=100da8a0-dbc7-4c7d-9ba2-5546a44d426a - Returned response: 200
2026-07-17 11:19:48 | INFO     | trace_id=edc8c5a7-e162-4510-9e74-d46a1ea02ff6 - Received request: POST /api/v1/dynamic-exam/start
2026-07-17 11:36:35 | INFO     | trace_id=36710302-11ff-4578-b556-ffa3cf26d0a9 - Received request: POST /api/v1/dynamic-exam/start
2026-07-17 12:37:53 | INFO     | trace_id=4ae2aee7-1e8d-4e04-9cae-098de7f489f8 - Received request: GET /api/v1/admin/prewarm/status
2026-07-17 12:37:53 | INFO     | trace_id=4ae2aee7-1e8d-4e04-9cae-098de7f489f8 - Returned response: 200
2026-07-17 12:37:53 | INFO     | trace_id=2d340d55-bc5d-4a98-a582-e9e7eb15b6ca - Received request: POST /api/v1/admin/prewarm
2026-07-17 12:37:53 | INFO     | trace_id=2d340d55-bc5d-4a98-a582-e9e7eb15b6ca - Returned response: 200
2026-07-17 12:38:19 | INFO     | trace_id=06383358-c299-40e3-a317-70f46bc17354 - Received request: POST /api/v1/dynamic-exam/start
2026-07-17 12:38:49 | INFO     | trace_id=06383358-c299-40e3-a317-70f46bc17354 - Returned response: 200
2026-07-17 12:41:47 | INFO     | trace_id=bb10a73e-7de6-4914-9a21-74810303093d - Received request: GET /api/v1/feynman/progress
2026-07-17 12:41:47 | INFO     | trace_id=fa6996e3-9471-4026-856c-3b5b08003ddf - Received request: GET /api/v1/pomodoro/stats
2026-07-17 12:41:47 | INFO     | trace_id=bb10a73e-7de6-4914-9a21-74810303093d - Returned response: 200
2026-07-17 12:41:47 | INFO     | trace_id=9ab2670a-d08a-44ef-8dbc-dd28927d5091 - Received request: GET /api/v1/feynman/progress
2026-07-17 12:41:47 | INFO     | trace_id=9ab2670a-d08a-44ef-8dbc-dd28927d5091 - Returned response: 200
2026-07-17 12:41:47 | INFO     | trace_id=fa6996e3-9471-4026-856c-3b5b08003ddf - Returned response: 200
2026-07-17 12:41:47 | INFO     | trace_id=7a919e84-066d-4fec-9640-d2a15f77b3f3 - Received request: GET /api/v1/pomodoro/stats
2026-07-17 12:41:47 | INFO     | trace_id=7a919e84-066d-4fec-9640-d2a15f77b3f3 - Returned response: 200
2026-07-17 12:41:53 | INFO     | trace_id=2be56856-c390-45f7-b98b-5e74d60f6679 - Received request: GET /api/v1/exam-papers
2026-07-17 12:41:53 | INFO     | trace_id=2be56856-c390-45f7-b98b-5e74d60f6679 - Returned response: 200
2026-07-17 12:41:55 | INFO     | trace_id=2535d2cb-e96f-4354-8bbe-b372942cabad - Received request: GET /api/v1/practice/categories
2026-07-17 12:41:55 | INFO     | trace_id=338f477c-c1c7-4f2e-8f36-a2510bc9359c - Received request: GET /api/v1/practice/recommended
2026-07-17 12:41:55 | INFO     | trace_id=2535d2cb-e96f-4354-8bbe-b372942cabad - Returned response: 200
2026-07-17 12:41:55 | INFO     | trace_id=338f477c-c1c7-4f2e-8f36-a2510bc9359c - Returned response: 200
2026-07-17 12:41:59 | INFO     | trace_id=50cd6028-f61e-430a-b347-1323fc9cff83 - Received request: GET /api/v1/admin/prewarm/status
2026-07-17 12:41:59 | INFO     | trace_id=e45edfc3-64fc-432c-b2e9-e87b783eedcd - Received request: GET /api/v1/admin/personas
2026-07-17 12:41:59 | INFO     | trace_id=50cd6028-f61e-430a-b347-1323fc9cff83 - Returned response: 200
2026-07-17 12:41:59 | INFO     | trace_id=1da73e85-bc72-4d06-928e-ebd0a8d9e9be - Received request: GET /api/v1/admin/prewarm/status
2026-07-17 12:41:59 | INFO     | trace_id=e45edfc3-64fc-432c-b2e9-e87b783eedcd - Returned response: 200
2026-07-17 12:41:59 | INFO     | trace_id=1da73e85-bc72-4d06-928e-ebd0a8d9e9be - Returned response: 200
2026-07-17 12:41:59 | INFO     | trace_id=dd204a8a-3455-42d8-ab68-528871aea618 - Received request: GET /api/v1/admin/personas
2026-07-17 12:41:59 | INFO     | trace_id=dd204a8a-3455-42d8-ab68-528871aea618 - Returned response: 200
2026-07-17 12:42:02 | INFO     | trace_id=24ae5cd3-c873-42d5-942e-7b15b9301ef6 - Received request: OPTIONS /api/v1/dynamic-exam/start
2026-07-17 12:42:02 | INFO     | trace_id=24ae5cd3-c873-42d5-942e-7b15b9301ef6 - Returned response: 200
2026-07-17 12:42:02 | INFO     | trace_id=372ec0eb-f3f9-4e55-99b7-2a714c092991 - Received request: POST /api/v1/dynamic-exam/start
2026-07-17 12:42:40 | INFO     | trace_id=372ec0eb-f3f9-4e55-99b7-2a714c092991 - Returned response: 200
2026-07-17 12:42:55 | INFO     | trace_id=1e53d2c1-ee52-493f-b243-555209bd474f - Received request: OPTIONS /api/v1/dynamic-exam/chat
2026-07-17 12:42:55 | INFO     | trace_id=1e53d2c1-ee52-493f-b243-555209bd474f - Returned response: 200
2026-07-17 12:42:55 | INFO     | trace_id=dc253bac-796f-4bb1-9b93-dc30dbe3d951 - Received request: POST /api/v1/dynamic-exam/chat
2026-07-17 12:43:11 | INFO     | trace_id=dc253bac-796f-4bb1-9b93-dc30dbe3d951 - Returned response: 200
2026-07-17 12:43:25 | INFO     | trace_id=aa9df83e-297b-4252-917b-efec86368465 - Received request: POST /api/v1/dynamic-exam/chat
2026-07-17 12:43:41 | INFO     | trace_id=aa9df83e-297b-4252-917b-efec86368465 - Returned response: 200
2026-07-17 12:44:00 | INFO     | trace_id=0a11bdd5-43be-4053-87c8-92319030c20a - Received request: POST /api/v1/dynamic-exam/chat
2026-07-17 12:44:17 | INFO     | trace_id=0a11bdd5-43be-4053-87c8-92319030c20a - Returned response: 200
2026-07-17 12:44:42 | INFO     | trace_id=d37c794c-0b64-4a49-b657-1737dc3e9758 - Received request: POST /api/v1/dynamic-exam/chat
2026-07-17 12:45:08 | INFO     | trace_id=d37c794c-0b64-4a49-b657-1737dc3e9758 - Returned response: 200
2026-07-17 12:45:33 | INFO     | trace_id=7d468ae2-60ef-4e09-a43e-7b0d26cd6284 - Received request: POST /api/v1/dynamic-exam/chat
2026-07-17 12:45:58 | INFO     | trace_id=7d468ae2-60ef-4e09-a43e-7b0d26cd6284 - Returned response: 200
2026-07-17 12:46:18 | INFO     | trace_id=a317cbaa-90aa-44c1-8632-1928d82008dc - Received request: POST /api/v1/dynamic-exam/chat
2026-07-17 12:46:35 | INFO     | trace_id=a317cbaa-90aa-44c1-8632-1928d82008dc - Returned response: 200
2026-07-17 12:46:56 | INFO     | trace_id=5f66215b-5e97-4dfa-aaf5-7236522fd0bf - Received request: POST /api/v1/dynamic-exam/chat
2026-07-17 12:47:11 | INFO     | trace_id=5f66215b-5e97-4dfa-aaf5-7236522fd0bf - Returned response: 200
2026-07-17 12:47:29 | INFO     | trace_id=c818021c-0ba9-4975-a2d1-4790980dbbf8 - Received request: POST /api/v1/dynamic-exam/chat
2026-07-17 12:47:44 | INFO     | trace_id=c818021c-0ba9-4975-a2d1-4790980dbbf8 - Returned response: 200
2026-07-17 12:48:01 | INFO     | trace_id=379c6ec5-fe10-4a34-a62c-2666c43442b9 - Received request: POST /api/v1/dynamic-exam/chat
2026-07-17 12:48:21 | INFO     | trace_id=379c6ec5-fe10-4a34-a62c-2666c43442b9 - Returned response: 200
2026-07-17 12:48:32 | INFO     | trace_id=b93227e8-fe1e-43f4-a9c9-230aa77b0d3f - Received request: POST /api/v1/dynamic-exam/chat
2026-07-17 12:48:50 | INFO     | trace_id=b93227e8-fe1e-43f4-a9c9-230aa77b0d3f - Returned response: 200
2026-07-17 12:49:06 | INFO     | trace_id=4c231178-1507-423c-b724-fe347a19d729 - Received request: POST /api/v1/dynamic-exam/chat
2026-07-17 12:49:19 | INFO     | trace_id=4c231178-1507-423c-b724-fe347a19d729 - Returned response: 200
2026-07-17 12:50:03 | INFO     | trace_id=90ea946d-cad4-407f-8f81-05066c5c6128 - Received request: POST /api/v1/dynamic-exam/chat
2026-07-17 12:50:17 | INFO     | trace_id=90ea946d-cad4-407f-8f81-05066c5c6128 - Returned response: 200
2026-07-17 12:50:37 | INFO     | trace_id=0a29820d-a389-45e2-959e-98e57ad65383 - Received request: POST /api/v1/dynamic-exam/chat
2026-07-17 12:51:10 | INFO     | trace_id=0a29820d-a389-45e2-959e-98e57ad65383 - Returned response: 200
2026-07-17 12:51:35 | INFO     | trace_id=88f244d5-9af3-44ef-88d8-ce8722a82aed - Received request: POST /api/v1/dynamic-exam/chat
2026-07-17 12:51:51 | INFO     | trace_id=88f244d5-9af3-44ef-88d8-ce8722a82aed - Returned response: 200
2026-07-17 12:52:28 | INFO     | trace_id=2f39c712-4f23-4cbf-872d-9fc9aedb6c59 - Received request: POST /api/v1/dynamic-exam/chat
2026-07-17 12:52:45 | INFO     | trace_id=2f39c712-4f23-4cbf-872d-9fc9aedb6c59 - Returned response: 200
2026-07-17 12:52:45 | INFO     | trace_id=0bdb5d29-c335-452e-9730-7488c8a6efd5 - Received request: OPTIONS /api/v1/dynamic-exam/end
2026-07-17 12:52:45 | INFO     | trace_id=0bdb5d29-c335-452e-9730-7488c8a6efd5 - Returned response: 200
2026-07-17 12:52:45 | INFO     | trace_id=4dd85760-2797-4bce-b678-5f8ea68822b4 - Received request: POST /api/v1/dynamic-exam/end
2026-07-17 12:52:45 | INFO     | trace_id=4dd85760-2797-4bce-b678-5f8ea68822b4 - Returned response: 200
2026-07-17 13:08:18 | INFO     | trace_id=b42b75d8-dc0f-48e4-9e0d-73b2859772d3 - Received request: GET /api/v1/dynamic-exam/history
2026-07-17 13:08:18 | INFO     | trace_id=b42b75d8-dc0f-48e4-9e0d-73b2859772d3 - Returned response: 200
2026-07-17 13:08:21 | INFO     | trace_id=937c2e93-e31d-4526-8ed9-3c172b193913 - Received request: OPTIONS /api/v1/dynamic-exam/fe04ed00-9fa3-4e6f-9a82-db00c0a2f793
2026-07-17 13:08:21 | INFO     | trace_id=937c2e93-e31d-4526-8ed9-3c172b193913 - Returned response: 200
2026-07-17 13:08:21 | INFO     | trace_id=c8d606ab-6c3a-4a00-b95d-06393871e515 - Received request: DELETE /api/v1/dynamic-exam/fe04ed00-9fa3-4e6f-9a82-db00c0a2f793
2026-07-17 13:08:22 | INFO     | trace_id=c8d606ab-6c3a-4a00-b95d-06393871e515 - Returned response: 200
2026-07-17 13:08:22 | INFO     | trace_id=4dac95f2-3056-4ff3-ad8d-7e4b7d9b5c6f - Received request: GET /api/v1/dynamic-exam/history
2026-07-17 13:08:22 | INFO     | trace_id=4dac95f2-3056-4ff3-ad8d-7e4b7d9b5c6f - Returned response: 200
2026-07-17 13:08:23 | INFO     | trace_id=354aaf8e-ebba-450b-8cbd-d0dafc971e76 - Received request: OPTIONS /api/v1/dynamic-exam/dd844df5-b448-4608-bf17-8def35a291f8
2026-07-17 13:08:23 | INFO     | trace_id=354aaf8e-ebba-450b-8cbd-d0dafc971e76 - Returned response: 200
2026-07-17 13:08:23 | INFO     | trace_id=35bf7c3d-6c46-42f2-8295-34953415063a - Received request: DELETE /api/v1/dynamic-exam/dd844df5-b448-4608-bf17-8def35a291f8
2026-07-17 13:08:23 | INFO     | trace_id=35bf7c3d-6c46-42f2-8295-34953415063a - Returned response: 200
2026-07-17 13:08:23 | INFO     | trace_id=ac52a9ab-0a5d-4ff2-a693-b1730c400ae9 - Received request: GET /api/v1/dynamic-exam/history
2026-07-17 13:08:23 | INFO     | trace_id=ac52a9ab-0a5d-4ff2-a693-b1730c400ae9 - Returned response: 200
2026-07-17 13:08:25 | INFO     | trace_id=a2f0d8fe-3007-4654-ad47-299c870c8f97 - Received request: OPTIONS /api/v1/dynamic-exam/cdb713cf-b3da-459c-942b-d48d0e5ab953
2026-07-17 13:08:25 | INFO     | trace_id=a2f0d8fe-3007-4654-ad47-299c870c8f97 - Returned response: 200
2026-07-17 13:08:25 | INFO     | trace_id=b4262583-0f5a-46d9-8423-efc1b036c783 - Received request: DELETE /api/v1/dynamic-exam/cdb713cf-b3da-459c-942b-d48d0e5ab953
2026-07-17 13:08:25 | INFO     | trace_id=b4262583-0f5a-46d9-8423-efc1b036c783 - Returned response: 200
2026-07-17 13:08:25 | INFO     | trace_id=3aa248cf-3e98-4e79-95e8-2c1135ac6fc9 - Received request: GET /api/v1/dynamic-exam/history
2026-07-17 13:08:25 | INFO     | trace_id=3aa248cf-3e98-4e79-95e8-2c1135ac6fc9 - Returned response: 200
2026-07-17 13:08:26 | INFO     | trace_id=3aab4abc-dac9-4a23-b1be-f5351a236348 - Received request: OPTIONS /api/v1/dynamic-exam/start
2026-07-17 13:08:26 | INFO     | trace_id=3aab4abc-dac9-4a23-b1be-f5351a236348 - Returned response: 200
2026-07-17 13:08:26 | INFO     | trace_id=5eda1eff-a666-41f0-b87f-d94291dba0ac - Received request: POST /api/v1/dynamic-exam/start
2026-07-17 13:09:04 | INFO     | trace_id=d3faa4e4-d49d-42d6-96a3-16faa829b88e - Received request: GET /api/v1/admin/prewarm/status
2026-07-17 13:09:04 | INFO     | trace_id=21ea837d-5abb-444e-b595-31023fde96ad - Received request: GET /api/v1/admin/personas
2026-07-17 13:09:04 | INFO     | trace_id=2a2680ab-1af1-4c03-9521-f9e9a70f0b90 - Received request: POST /api/v1/dynamic-exam/start
2026-07-17 13:09:04 | INFO     | trace_id=d3faa4e4-d49d-42d6-96a3-16faa829b88e - Returned response: 200
2026-07-17 13:10:01 | INFO     | trace_id=857b6b34-dab3-4690-8778-23bd38ab874d - Received request: GET /api/v1/admin/prewarm/status
2026-07-17 13:10:01 | INFO     | trace_id=61f8a15c-a793-4a49-86e4-fcd368cca63d - Received request: GET /api/v1/admin/personas
2026-07-17 13:10:01 | INFO     | trace_id=857b6b34-dab3-4690-8778-23bd38ab874d - Returned response: 200
2026-07-17 13:10:01 | INFO     | trace_id=21ea837d-5abb-444e-b595-31023fde96ad - Returned response: 200
2026-07-17 13:10:01 | INFO     | trace_id=97cbbcad-4e86-4f4f-8b99-29cb3eb16f9b - Received request: GET /api/v1/admin/prewarm/status
2026-07-17 13:10:01 | INFO     | trace_id=7aa1628a-e453-44b8-8234-3f0c4e851989 - Received request: GET /api/v1/admin/personas
2026-07-17 13:10:01 | INFO     | trace_id=829cd307-d95e-42e7-b791-fbd3aef0d431 - Received request: GET /api/v1/admin/prewarm/status
2026-07-17 13:10:01 | INFO     | trace_id=97cbbcad-4e86-4f4f-8b99-29cb3eb16f9b - Returned response: 200
2026-07-17 13:10:01 | INFO     | trace_id=829cd307-d95e-42e7-b791-fbd3aef0d431 - Returned response: 200
2026-07-17 13:10:01 | INFO     | trace_id=41a5239b-d7d9-4ef6-ba92-5bb3628acd65 - Received request: GET /api/v1/admin/personas
2026-07-17 13:10:01 | INFO     | trace_id=7aa1628a-e453-44b8-8234-3f0c4e851989 - Returned response: 200
2026-07-17 13:10:01 | INFO     | trace_id=41a5239b-d7d9-4ef6-ba92-5bb3628acd65 - Returned response: 200
2026-07-17 13:10:01 | INFO     | trace_id=61f8a15c-a793-4a49-86e4-fcd368cca63d - Returned response: 200
2026-07-17 13:10:36 | INFO     | trace_id=2a2680ab-1af1-4c03-9521-f9e9a70f0b90 - Returned response: 200
2026-07-17 13:10:44 | INFO     | trace_id=5eda1eff-a666-41f0-b87f-d94291dba0ac - Returned response: 200
2026-07-17 13:11:52 | INFO     | trace_id=182c19c2-e6e1-4db6-8c2a-5820ab92fd53 - Received request: OPTIONS /api/v1/dynamic-exam/chat
2026-07-17 13:11:52 | INFO     | trace_id=182c19c2-e6e1-4db6-8c2a-5820ab92fd53 - Returned response: 200
2026-07-17 13:11:52 | INFO     | trace_id=68acd121-b1a8-414c-bc0a-3462c3e87670 - Received request: POST /api/v1/dynamic-exam/chat
2026-07-17 13:12:14 | INFO     | trace_id=68acd121-b1a8-414c-bc0a-3462c3e87670 - Returned response: 200
2026-07-17 13:12:36 | INFO     | trace_id=19f1c17d-b211-4372-9c1a-2e859419ab0f - Received request: POST /api/v1/dynamic-exam/chat
2026-07-17 13:12:56 | INFO     | trace_id=19f1c17d-b211-4372-9c1a-2e859419ab0f - Returned response: 200
2026-07-17 13:13:24 | INFO     | trace_id=3205c8bf-6893-448c-9361-7e23bebb0cb3 - Received request: POST /api/v1/dynamic-exam/chat
2026-07-17 13:13:49 | INFO     | trace_id=3205c8bf-6893-448c-9361-7e23bebb0cb3 - Returned response: 200
2026-07-17 13:14:33 | INFO     | trace_id=6a313bcd-ae8c-4a01-ae99-56d0edc94f88 - Received request: POST /api/v1/dynamic-exam/chat
2026-07-17 13:14:53 | INFO     | trace_id=6a313bcd-ae8c-4a01-ae99-56d0edc94f88 - Returned response: 200
2026-07-17 13:15:17 | INFO     | trace_id=f01ba496-8378-4732-8bf1-64c45ba86673 - Received request: POST /api/v1/dynamic-exam/chat
2026-07-17 13:15:39 | INFO     | trace_id=f01ba496-8378-4732-8bf1-64c45ba86673 - Returned response: 200
2026-07-17 13:15:59 | INFO     | trace_id=7c3ffd97-6dc8-4150-b65f-39ca9baeeec6 - Received request: POST /api/v1/dynamic-exam/chat
2026-07-17 13:16:38 | INFO     | trace_id=7c3ffd97-6dc8-4150-b65f-39ca9baeeec6 - Returned response: 200
2026-07-17 13:17:01 | INFO     | trace_id=09fee58d-c27c-40e4-9866-6963041e5e7c - Received request: POST /api/v1/dynamic-exam/chat
2026-07-17 13:17:19 | INFO     | trace_id=09fee58d-c27c-40e4-9866-6963041e5e7c - Returned response: 200
2026-07-17 13:17:24 | INFO     | trace_id=6f7df4f6-0552-4e22-a20b-1b56e4915e59 - Received request: POST /api/v1/dynamic-exam/chat
2026-07-17 13:17:52 | INFO     | trace_id=6f7df4f6-0552-4e22-a20b-1b56e4915e59 - Returned response: 200
2026-07-17 13:18:05 | INFO     | trace_id=5623de81-7cc3-44a9-bdd5-fecfab7deaec - Received request: POST /api/v1/dynamic-exam/chat
2026-07-17 13:18:24 | INFO     | trace_id=5623de81-7cc3-44a9-bdd5-fecfab7deaec - Returned response: 200
2026-07-17 13:18:59 | INFO     | trace_id=168e0c12-b3ec-4405-ba1f-80b8eac8636a - Received request: POST /api/v1/dynamic-exam/chat
2026-07-17 13:19:22 | INFO     | trace_id=168e0c12-b3ec-4405-ba1f-80b8eac8636a - Returned response: 200
2026-07-17 13:19:44 | INFO     | trace_id=9e400255-be3c-4c15-99be-95798a69047c - Received request: POST /api/v1/dynamic-exam/chat
2026-07-17 13:20:11 | INFO     | trace_id=9e400255-be3c-4c15-99be-95798a69047c - Returned response: 200
2026-07-17 13:20:37 | INFO     | trace_id=c830dc8f-158b-4cf7-82ba-e9d836a2a864 - Received request: POST /api/v1/dynamic-exam/chat
2026-07-17 13:21:02 | INFO     | trace_id=c830dc8f-158b-4cf7-82ba-e9d836a2a864 - Returned response: 200
2026-07-17 13:21:02 | INFO     | trace_id=42bae3e6-a9f1-49ef-afca-42fc5e50e2ad - Received request: OPTIONS /api/v1/dynamic-exam/end
2026-07-17 13:21:02 | INFO     | trace_id=42bae3e6-a9f1-49ef-afca-42fc5e50e2ad - Returned response: 200
2026-07-17 13:21:02 | INFO     | trace_id=f15bdd2b-6c8f-47f8-8f5d-c56b08cc610b - Received request: POST /api/v1/dynamic-exam/end
2026-07-17 13:21:02 | INFO     | trace_id=f15bdd2b-6c8f-47f8-8f5d-c56b08cc610b - Returned response: 200
2026-07-17 13:21:13 | INFO     | trace_id=d6f07adc-5f05-4352-a438-1a57359a5287 - Received request: GET /api/v1/dynamic-exam/history
2026-07-17 13:21:13 | INFO     | trace_id=d6f07adc-5f05-4352-a438-1a57359a5287 - Returned response: 200
2026-07-17 13:21:17 | INFO     | trace_id=2d313d47-ea8c-4f7f-ad76-e83e1f621e73 - Received request: OPTIONS /api/v1/dynamic-exam/55be1ab8-8261-4993-9b8c-8058b46b105e
2026-07-17 13:21:17 | INFO     | trace_id=2d313d47-ea8c-4f7f-ad76-e83e1f621e73 - Returned response: 200
2026-07-17 13:21:17 | INFO     | trace_id=9919f2b1-5e77-4d44-a5ae-54b87b47096b - Received request: DELETE /api/v1/dynamic-exam/55be1ab8-8261-4993-9b8c-8058b46b105e
2026-07-17 13:21:17 | INFO     | trace_id=9919f2b1-5e77-4d44-a5ae-54b87b47096b - Returned response: 200
2026-07-17 13:21:17 | INFO     | trace_id=9328e1a1-5096-498f-9a41-7bbf3ac20b8f - Received request: GET /api/v1/dynamic-exam/history
2026-07-17 13:21:17 | INFO     | trace_id=9328e1a1-5096-498f-9a41-7bbf3ac20b8f - Returned response: 200
2026-07-17 13:21:19 | INFO     | trace_id=a4202692-863a-490c-9557-ca702034847d - Received request: OPTIONS /api/v1/dynamic-exam/298beb2b-ff71-41fa-8c67-496232b52208
2026-07-17 13:21:19 | INFO     | trace_id=a4202692-863a-490c-9557-ca702034847d - Returned response: 200
2026-07-17 13:21:19 | INFO     | trace_id=2a692e0a-c6d2-4a05-9024-698d2ea6f685 - Received request: DELETE /api/v1/dynamic-exam/298beb2b-ff71-41fa-8c67-496232b52208
2026-07-17 13:21:19 | INFO     | trace_id=2a692e0a-c6d2-4a05-9024-698d2ea6f685 - Returned response: 200
2026-07-17 13:21:19 | INFO     | trace_id=4d9de4ef-f3da-43f8-8f1a-433cf36ad56d - Received request: GET /api/v1/dynamic-exam/history
2026-07-17 13:21:19 | INFO     | trace_id=4d9de4ef-f3da-43f8-8f1a-433cf36ad56d - Returned response: 200
2026-07-17 13:21:19 | INFO     | trace_id=8e5c6900-a668-49b2-bdb0-61d74d81b9eb - Received request: GET /api/v1/dynamic-exam/34a1d31b-dc28-4d8e-82b8-e85e8a2caee3/detail
2026-07-17 13:21:19 | INFO     | trace_id=8e5c6900-a668-49b2-bdb0-61d74d81b9eb - Returned response: 200
2026-07-17 13:21:51 | INFO     | trace_id=d8587bc9-de11-43a7-a2bd-1d2f2575e190 - Received request: GET /api/v1/admin/prewarm/status
2026-07-17 13:21:51 | INFO     | trace_id=0c841ec9-ee0a-49b3-b4d9-b7e59e8caf9d - Received request: GET /api/v1/admin/personas
2026-07-17 13:21:51 | INFO     | trace_id=d8587bc9-de11-43a7-a2bd-1d2f2575e190 - Returned response: 200
2026-07-17 13:21:51 | INFO     | trace_id=1939f68f-e85e-4ea3-b8a9-d32fd798bd70 - Received request: GET /api/v1/admin/prewarm/status
2026-07-17 13:21:51 | INFO     | trace_id=1939f68f-e85e-4ea3-b8a9-d32fd798bd70 - Returned response: 200
2026-07-17 13:21:51 | INFO     | trace_id=0c841ec9-ee0a-49b3-b4d9-b7e59e8caf9d - Returned response: 200
2026-07-17 13:21:51 | INFO     | trace_id=b93f153d-2a31-471e-8fd6-3032cff35ed9 - Received request: GET /api/v1/admin/personas
2026-07-17 13:21:51 | INFO     | trace_id=b93f153d-2a31-471e-8fd6-3032cff35ed9 - Returned response: 200
2026-07-17 13:21:52 | INFO     | trace_id=d1fb67ab-4abe-4c26-be47-c16bddf1f008 - Received request: GET /api/v1/admin/questions
2026-07-17 13:21:52 | INFO     | trace_id=d1fb67ab-4abe-4c26-be47-c16bddf1f008 - Returned response: 200
2026-07-17 13:22:06 | INFO     | trace_id=5943a2ca-98c5-495b-8c47-35dfd0cb9446 - Received request: GET /api/v1/admin/dashboard/stats
2026-07-17 13:22:06 | INFO     | trace_id=5943a2ca-98c5-495b-8c47-35dfd0cb9446 - Returned response: 200
2026-07-17 13:22:13 | INFO     | trace_id=272ed47f-5cc8-4525-830d-677de4cb2ca0 - Received request: GET /api/v1/admin/weaknesses/overview
2026-07-17 13:22:14 | INFO     | trace_id=272ed47f-5cc8-4525-830d-677de4cb2ca0 - Returned response: 200
2026-07-17 13:22:19 | INFO     | trace_id=240dc737-0a6b-4f56-9f28-1d8fff3da226 - Received request: GET /api/v1/admin/exam-papers
2026-07-17 13:22:19 | INFO     | trace_id=240dc737-0a6b-4f56-9f28-1d8fff3da226 - Returned response: 200
2026-07-17 13:22:19 | INFO     | trace_id=aec27e24-de0c-4472-bbca-4c253ab4c589 - Received request: GET /api/v1/admin/personas
2026-07-17 13:22:19 | INFO     | trace_id=aec27e24-de0c-4472-bbca-4c253ab4c589 - Returned response: 200
2026-07-17 13:22:19 | INFO     | trace_id=36312563-2013-49aa-8531-9eae44eb3c54 - Received request: GET /api/v1/admin/dashboard/stats
2026-07-17 13:22:19 | INFO     | trace_id=36312563-2013-49aa-8531-9eae44eb3c54 - Returned response: 200
2026-07-17 13:22:22 | INFO     | trace_id=7f1c234e-666f-453d-a14f-fa4197487311 - Received request: GET /api/v1/feynman/progress
2026-07-17 13:22:22 | INFO     | trace_id=d6059ab9-4089-4674-aedc-a249c4ee79e2 - Received request: GET /api/v1/pomodoro/stats
2026-07-17 13:22:22 | INFO     | trace_id=7f1c234e-666f-453d-a14f-fa4197487311 - Returned response: 200
2026-07-17 13:22:22 | INFO     | trace_id=472cdc91-f315-4102-b38e-9c207abb4cfd - Received request: GET /api/v1/feynman/progress
2026-07-17 13:22:22 | INFO     | trace_id=472cdc91-f315-4102-b38e-9c207abb4cfd - Returned response: 200
2026-07-17 13:22:22 | INFO     | trace_id=d6059ab9-4089-4674-aedc-a249c4ee79e2 - Returned response: 200
2026-07-17 13:22:22 | INFO     | trace_id=10b764d5-0b47-42de-a18f-87b20878b782 - Received request: GET /api/v1/pomodoro/stats
2026-07-17 13:22:22 | INFO     | trace_id=10b764d5-0b47-42de-a18f-87b20878b782 - Returned response: 200
2026-07-17 13:22:24 | INFO     | trace_id=6ba45972-f5df-48a9-95cc-728ccd4c2711 - Received request: GET /api/v1/practice/categories
2026-07-17 13:22:24 | INFO     | trace_id=31f6dcb5-84a9-4131-9254-e80c5220703f - Received request: GET /api/v1/practice/recommended
2026-07-17 13:22:24 | INFO     | trace_id=6ba45972-f5df-48a9-95cc-728ccd4c2711 - Returned response: 200
2026-07-17 13:22:24 | INFO     | trace_id=31f6dcb5-84a9-4131-9254-e80c5220703f - Returned response: 200
2026-07-17 13:33:52 | INFO     | trace_id=18efc6de-a9ae-4597-8473-eb2f2c385df5 - Received request: GET /api/v1/feynman/progress
2026-07-17 13:33:52 | INFO     | trace_id=b927ef79-27b4-406e-a581-168058982dff - Received request: GET /api/v1/pomodoro/stats
2026-07-17 13:33:52 | INFO     | trace_id=18efc6de-a9ae-4597-8473-eb2f2c385df5 - Returned response: 200
2026-07-17 13:33:52 | INFO     | trace_id=b927ef79-27b4-406e-a581-168058982dff - Returned response: 200
2026-07-17 13:33:53 | INFO     | trace_id=a34771cc-e546-4121-927e-b9b03cd9253d - Received request: GET /api/v1/admin/prewarm/status
2026-07-17 13:33:53 | INFO     | trace_id=c2021835-8897-45a2-832b-f99985c350c9 - Received request: GET /api/v1/admin/personas
2026-07-17 13:33:53 | INFO     | trace_id=a34771cc-e546-4121-927e-b9b03cd9253d - Returned response: 200
2026-07-17 13:33:53 | INFO     | trace_id=348b2fac-a3e6-4386-9acf-1a75e824e898 - Received request: GET /api/v1/admin/prewarm/status
2026-07-17 13:33:53 | INFO     | trace_id=c2021835-8897-45a2-832b-f99985c350c9 - Returned response: 200
2026-07-17 13:33:53 | INFO     | trace_id=348b2fac-a3e6-4386-9acf-1a75e824e898 - Returned response: 200
2026-07-17 13:33:53 | INFO     | trace_id=5129511b-0f85-455e-a60f-0dea37759c85 - Received request: GET /api/v1/admin/personas
2026-07-17 13:33:53 | INFO     | trace_id=5129511b-0f85-455e-a60f-0dea37759c85 - Returned response: 200
2026-07-17 13:33:53 | INFO     | trace_id=35e14cbb-3dac-4f50-8cbd-ffd41e3a310e - Received request: GET /api/v1/admin/questions
2026-07-17 13:33:53 | INFO     | trace_id=35e14cbb-3dac-4f50-8cbd-ffd41e3a310e - Returned response: 200
2026-07-17 13:33:54 | INFO     | trace_id=cb4d82e2-2ce6-4562-9aee-9dd861add31a - Received request: GET /api/v1/admin/personas
2026-07-17 13:33:54 | INFO     | trace_id=cb4d82e2-2ce6-4562-9aee-9dd861add31a - Returned response: 200
2026-07-17 13:33:56 | INFO     | trace_id=38a896d1-6bec-429c-bb47-29cd18685087 - Received request: GET /api/v1/admin/prewarm/status
2026-07-17 13:33:56 | INFO     | trace_id=648d8483-c1eb-4f39-94d1-4bc1008c0a6e - Received request: GET /api/v1/admin/personas
2026-07-17 13:33:56 | INFO     | trace_id=38a896d1-6bec-429c-bb47-29cd18685087 - Returned response: 200
2026-07-17 13:33:56 | INFO     | trace_id=6f376d02-7db4-4edc-a887-3ffa4906bc75 - Received request: GET /api/v1/admin/prewarm/status
2026-07-17 13:33:56 | INFO     | trace_id=648d8483-c1eb-4f39-94d1-4bc1008c0a6e - Returned response: 200
2026-07-17 13:33:56 | INFO     | trace_id=6f376d02-7db4-4edc-a887-3ffa4906bc75 - Returned response: 200
2026-07-17 13:33:56 | INFO     | trace_id=e578f1d4-fd59-49c3-89b9-53ab4bd978a9 - Received request: GET /api/v1/admin/personas
2026-07-17 13:33:56 | INFO     | trace_id=e578f1d4-fd59-49c3-89b9-53ab4bd978a9 - Returned response: 200
2026-07-17 13:40:04 | INFO     | trace_id=69f66258-0a78-4952-b22c-a6692853a89e - Received request: GET /api/v1/admin/prewarm/status
2026-07-17 13:40:04 | INFO     | trace_id=6716d160-c5d1-4e66-8ae2-732250cc00a3 - Received request: GET /api/v1/admin/personas
2026-07-17 13:40:04 | INFO     | trace_id=69f66258-0a78-4952-b22c-a6692853a89e - Returned response: 200
2026-07-17 13:40:04 | INFO     | trace_id=cf59fbfb-4280-4ccd-9b46-31cd270ccdbb - Received request: GET /api/v1/admin/prewarm/status
2026-07-17 13:40:04 | INFO     | trace_id=cf59fbfb-4280-4ccd-9b46-31cd270ccdbb - Returned response: 200
2026-07-17 13:40:04 | INFO     | trace_id=6716d160-c5d1-4e66-8ae2-732250cc00a3 - Returned response: 200
2026-07-17 13:40:04 | INFO     | trace_id=a2aef0cc-ef74-48f8-a8dd-21c7a221e107 - Received request: GET /api/v1/admin/personas
2026-07-17 13:40:04 | INFO     | trace_id=a2aef0cc-ef74-48f8-a8dd-21c7a221e107 - Returned response: 200
2026-07-17 13:40:06 | INFO     | trace_id=ab401593-d48e-44a4-9ee5-86590bb31431 - Received request: OPTIONS /api/v1/dynamic-exam/start
2026-07-17 13:40:06 | INFO     | trace_id=ab401593-d48e-44a4-9ee5-86590bb31431 - Returned response: 200
2026-07-17 13:40:06 | INFO     | trace_id=de1ddf75-1d1e-413a-ab56-ece6a29cd6e9 - Received request: POST /api/v1/dynamic-exam/start
2026-07-17 13:40:59 | INFO     | trace_id=de1ddf75-1d1e-413a-ab56-ece6a29cd6e9 - Returned response: 200
2026-07-17 13:42:38 | INFO     | trace_id=335b6e07-2408-4407-becd-7f453266ee92 - Received request: GET /api/v1/admin/prewarm/status
2026-07-17 13:42:38 | INFO     | trace_id=bfe3d2b0-ebc6-4436-a95c-2b6d4c6bf7f9 - Received request: GET /api/v1/admin/personas
2026-07-17 13:42:38 | INFO     | trace_id=335b6e07-2408-4407-becd-7f453266ee92 - Returned response: 200
2026-07-17 13:42:38 | INFO     | trace_id=822c24df-fa16-460e-aa6b-024cccd9569b - Received request: GET /api/v1/admin/prewarm/status
2026-07-17 13:42:38 | INFO     | trace_id=822c24df-fa16-460e-aa6b-024cccd9569b - Returned response: 200
2026-07-17 13:42:38 | INFO     | trace_id=bfe3d2b0-ebc6-4436-a95c-2b6d4c6bf7f9 - Returned response: 200
2026-07-17 13:42:38 | INFO     | trace_id=9b39be3a-dfba-4e82-93b6-65220bbef9ff - Received request: GET /api/v1/admin/personas
2026-07-17 13:42:38 | INFO     | trace_id=9b39be3a-dfba-4e82-93b6-65220bbef9ff - Returned response: 200
2026-07-17 14:14:55 | INFO     | trace_id=dfeb226a-8cba-4c25-97fa-4b4359f79d48 - Received request: GET /api/v1/admin/prewarm/status
2026-07-17 14:14:55 | INFO     | trace_id=36c6f9b4-0bff-466d-b5c6-22fd5b896519 - Received request: GET /api/v1/admin/personas
2026-07-17 14:14:55 | INFO     | trace_id=dfeb226a-8cba-4c25-97fa-4b4359f79d48 - Returned response: 200
2026-07-17 14:14:55 | INFO     | trace_id=da71548c-b484-42e1-9f72-ca0bcd7f219c - Received request: GET /api/v1/admin/prewarm/status
2026-07-17 14:14:55 | INFO     | trace_id=da71548c-b484-42e1-9f72-ca0bcd7f219c - Returned response: 200
2026-07-17 14:14:55 | INFO     | trace_id=36c6f9b4-0bff-466d-b5c6-22fd5b896519 - Returned response: 200
2026-07-17 14:14:55 | INFO     | trace_id=ea79f626-00ad-4e33-8994-0bbf0fef42d2 - Received request: GET /api/v1/admin/personas
2026-07-17 14:14:55 | INFO     | trace_id=ea79f626-00ad-4e33-8994-0bbf0fef42d2 - Returned response: 200
2026-07-17 14:19:39 | INFO     | trace_id=2fcb1a18-0c44-48ac-9b79-006e75be0239 - Received request: GET /api/v1/admin/prewarm/status
2026-07-17 14:19:39 | INFO     | trace_id=30a924ec-00a2-4bfc-a520-0d54cf50efc1 - Received request: GET /api/v1/admin/personas
2026-07-17 14:19:39 | INFO     | trace_id=2fcb1a18-0c44-48ac-9b79-006e75be0239 - Returned response: 200
2026-07-17 14:19:39 | INFO     | trace_id=c29ca998-a29f-4884-a605-58347b0f9527 - Received request: GET /api/v1/admin/prewarm/status
2026-07-17 14:19:39 | INFO     | trace_id=c29ca998-a29f-4884-a605-58347b0f9527 - Returned response: 200
2026-07-17 14:19:39 | INFO     | trace_id=30a924ec-00a2-4bfc-a520-0d54cf50efc1 - Returned response: 200
2026-07-17 14:19:39 | INFO     | trace_id=4b60a468-2a4a-4ef1-bbf8-b1645e15fcee - Received request: GET /api/v1/admin/personas
2026-07-17 14:19:39 | INFO     | trace_id=4b60a468-2a4a-4ef1-bbf8-b1645e15fcee - Returned response: 200
2026-07-17 14:19:41 | INFO     | trace_id=639cefd7-2b2a-45a7-96d5-842aa6426f3a - Received request: GET /api/v1/admin/prewarm/status
2026-07-17 14:19:41 | INFO     | trace_id=60f4e96c-4e95-4fdb-b3c0-047fba4d29b7 - Received request: GET /api/v1/admin/personas
2026-07-17 14:19:41 | INFO     | trace_id=639cefd7-2b2a-45a7-96d5-842aa6426f3a - Returned response: 200
2026-07-17 14:19:41 | INFO     | trace_id=387f8c6e-0716-43b2-bfe0-6abe65573fbf - Received request: GET /api/v1/admin/prewarm/status
2026-07-17 14:19:41 | INFO     | trace_id=60f4e96c-4e95-4fdb-b3c0-047fba4d29b7 - Returned response: 200
2026-07-17 14:19:41 | INFO     | trace_id=387f8c6e-0716-43b2-bfe0-6abe65573fbf - Returned response: 200
2026-07-17 14:19:41 | INFO     | trace_id=23c873fb-6213-4c7f-89e9-69240604a817 - Received request: GET /api/v1/admin/personas
2026-07-17 14:19:41 | INFO     | trace_id=23c873fb-6213-4c7f-89e9-69240604a817 - Returned response: 200
2026-07-17 14:20:55 | INFO     | trace_id=656e5bd4-3d4f-4b71-a59e-6a1e4c14b26b - Received request: GET /api/v1/health
2026-07-17 14:20:55 | INFO     | trace_id=656e5bd4-3d4f-4b71-a59e-6a1e4c14b26b - Returned response: 200
2026-07-17 14:23:25 | INFO     | trace_id=a143c97b-bee4-4510-aec8-5bc48488b6f3 - Received request: GET /api/v1/feynman/progress
2026-07-17 14:23:25 | INFO     | trace_id=30ddc458-2913-4de3-a879-d77a064cf471 - Received request: GET /api/v1/pomodoro/stats
2026-07-17 14:23:25 | INFO     | trace_id=a143c97b-bee4-4510-aec8-5bc48488b6f3 - Returned response: 200
2026-07-17 14:23:25 | INFO     | trace_id=9a8f20bf-ab69-44bb-b662-6d8043bfa019 - Received request: GET /api/v1/feynman/progress
2026-07-17 14:23:25 | INFO     | trace_id=9a8f20bf-ab69-44bb-b662-6d8043bfa019 - Returned response: 200
2026-07-17 14:23:25 | INFO     | trace_id=30ddc458-2913-4de3-a879-d77a064cf471 - Returned response: 200
2026-07-17 14:23:25 | INFO     | trace_id=f7838d9b-1130-4c5a-8181-849529015713 - Received request: GET /api/v1/pomodoro/stats
2026-07-17 14:23:25 | INFO     | trace_id=f7838d9b-1130-4c5a-8181-849529015713 - Returned response: 200
2026-07-17 14:23:33 | INFO     | trace_id=53110efb-0eea-4a9a-b16c-5ee18eea4e10 - Received request: GET /api/v1/admin/prewarm/status
2026-07-17 14:23:33 | INFO     | trace_id=68cd4b15-a531-4800-b7b0-b38d35d6e5bd - Received request: GET /api/v1/admin/personas
2026-07-17 14:23:33 | INFO     | trace_id=53110efb-0eea-4a9a-b16c-5ee18eea4e10 - Returned response: 200
2026-07-17 14:23:33 | INFO     | trace_id=8dc74229-613a-4f94-bc3b-2357fb8a0941 - Received request: GET /api/v1/admin/prewarm/status
2026-07-17 14:23:33 | INFO     | trace_id=8dc74229-613a-4f94-bc3b-2357fb8a0941 - Returned response: 200
2026-07-17 14:23:33 | INFO     | trace_id=68cd4b15-a531-4800-b7b0-b38d35d6e5bd - Returned response: 200
2026-07-17 14:23:33 | INFO     | trace_id=fa2e79c2-336c-45ab-9c34-e06b6a19f1db - Received request: GET /api/v1/admin/personas
2026-07-17 14:23:33 | INFO     | trace_id=fa2e79c2-336c-45ab-9c34-e06b6a19f1db - Returned response: 200
2026-07-17 14:23:35 | INFO     | trace_id=0b7e4e00-6c79-4b1c-ae73-f2fe72dfc8cc - Received request: GET /api/v1/admin/questions
2026-07-17 14:23:35 | INFO     | trace_id=0b7e4e00-6c79-4b1c-ae73-f2fe72dfc8cc - Returned response: 200
2026-07-17 14:23:39 | INFO     | trace_id=4aa1b3e3-e0cb-4864-8b3e-062c69d8d830 - Received request: OPTIONS /api/v1/dynamic-exam/start
2026-07-17 14:23:39 | INFO     | trace_id=4aa1b3e3-e0cb-4864-8b3e-062c69d8d830 - Returned response: 200
2026-07-17 14:23:39 | INFO     | trace_id=96d57302-4fc1-4a73-8950-e840f28ce46c - Received request: POST /api/v1/dynamic-exam/start
2026-07-17 14:24:54 | INFO     | trace_id=96d57302-4fc1-4a73-8950-e840f28ce46c - Returned response: 200
2026-07-17 14:25:17 | INFO     | trace_id=72bc7d25-7c49-4071-86f4-c851ceefe23c - Received request: OPTIONS /api/v1/dynamic-exam/chat
2026-07-17 14:25:17 | INFO     | trace_id=72bc7d25-7c49-4071-86f4-c851ceefe23c - Returned response: 200
2026-07-17 14:25:17 | INFO     | trace_id=df596b37-ee35-4f0a-899d-01ee0c6d77f8 - Received request: POST /api/v1/dynamic-exam/chat
2026-07-17 14:25:34 | INFO     | trace_id=df596b37-ee35-4f0a-899d-01ee0c6d77f8 - Returned response: 200
2026-07-17 14:25:48 | INFO     | trace_id=151878a1-30f8-408a-bb7a-e58b3cfb09d2 - Received request: POST /api/v1/dynamic-exam/chat
2026-07-17 14:26:11 | INFO     | trace_id=151878a1-30f8-408a-bb7a-e58b3cfb09d2 - Returned response: 200
2026-07-17 14:26:30 | INFO     | trace_id=96dede77-d5e5-4de7-8601-e663a7bcbb5d - Received request: POST /api/v1/dynamic-exam/chat
2026-07-17 14:26:47 | INFO     | trace_id=96dede77-d5e5-4de7-8601-e663a7bcbb5d - Returned response: 200
2026-07-17 14:27:01 | INFO     | trace_id=cef8a16c-8eb1-45b4-898d-4f025798c1a8 - Received request: POST /api/v1/dynamic-exam/chat
2026-07-17 14:27:18 | INFO     | trace_id=cef8a16c-8eb1-45b4-898d-4f025798c1a8 - Returned response: 200
2026-07-17 14:27:38 | INFO     | trace_id=37c634df-bd0a-47e0-a9fd-1a69dcb22ef8 - Received request: POST /api/v1/dynamic-exam/chat
2026-07-17 14:27:55 | INFO     | trace_id=37c634df-bd0a-47e0-a9fd-1a69dcb22ef8 - Returned response: 200
2026-07-17 14:28:13 | INFO     | trace_id=4628e5e1-21a3-441e-b03a-4c04d9805c77 - Received request: POST /api/v1/dynamic-exam/chat
2026-07-17 14:28:35 | INFO     | trace_id=4628e5e1-21a3-441e-b03a-4c04d9805c77 - Returned response: 200
2026-07-17 14:28:50 | INFO     | trace_id=3adbd208-4be8-4f78-98d7-144acf2ca0cc - Received request: POST /api/v1/dynamic-exam/chat
2026-07-17 14:29:12 | INFO     | trace_id=3adbd208-4be8-4f78-98d7-144acf2ca0cc - Returned response: 200
2026-07-17 14:29:31 | INFO     | trace_id=c8bebe52-7488-47fa-8153-c1a3defee69d - Received request: POST /api/v1/dynamic-exam/chat
2026-07-17 14:29:49 | INFO     | trace_id=c8bebe52-7488-47fa-8153-c1a3defee69d - Returned response: 200
2026-07-17 14:30:05 | INFO     | trace_id=e11acc00-97f8-4a34-8892-5558e0425dc2 - Received request: POST /api/v1/dynamic-exam/chat
2026-07-17 14:30:34 | INFO     | trace_id=e11acc00-97f8-4a34-8892-5558e0425dc2 - Returned response: 200
2026-07-17 14:31:11 | INFO     | trace_id=b04d7bf5-01a2-41b7-963a-16baff6a645e - Received request: POST /api/v1/dynamic-exam/chat
2026-07-17 14:31:31 | INFO     | trace_id=b04d7bf5-01a2-41b7-963a-16baff6a645e - Returned response: 200
2026-07-17 14:32:04 | INFO     | trace_id=e9766096-c159-4b3f-b8e8-97d49e28addf - Received request: POST /api/v1/dynamic-exam/chat
2026-07-17 14:32:27 | INFO     | trace_id=e9766096-c159-4b3f-b8e8-97d49e28addf - Returned response: 200
2026-07-17 14:33:17 | INFO     | trace_id=13987c1e-083a-44d7-9b4b-39fbd59c6113 - Received request: POST /api/v1/dynamic-exam/chat
2026-07-17 14:33:34 | INFO     | trace_id=13987c1e-083a-44d7-9b4b-39fbd59c6113 - Returned response: 200
2026-07-17 14:33:46 | INFO     | trace_id=48e0750b-c5f3-4551-b180-2332ff476654 - Received request: POST /api/v1/dynamic-exam/chat
2026-07-17 14:34:01 | INFO     | trace_id=48e0750b-c5f3-4551-b180-2332ff476654 - Returned response: 200
2026-07-17 14:34:17 | INFO     | trace_id=5d3c71a6-5f12-405b-ac36-327d5b888c7c - Received request: POST /api/v1/dynamic-exam/chat
2026-07-17 14:34:34 | INFO     | trace_id=5d3c71a6-5f12-405b-ac36-327d5b888c7c - Returned response: 200
2026-07-17 14:34:34 | INFO     | trace_id=7f318f98-d7bf-4f17-be52-12842b9823cc - Received request: OPTIONS /api/v1/dynamic-exam/end
2026-07-17 14:34:34 | INFO     | trace_id=7f318f98-d7bf-4f17-be52-12842b9823cc - Returned response: 200
2026-07-17 14:34:34 | INFO     | trace_id=31f8b461-cc8b-409f-b814-c66210b88eb1 - Received request: POST /api/v1/dynamic-exam/end
2026-07-17 14:34:34 | INFO     | trace_id=31f8b461-cc8b-409f-b814-c66210b88eb1 - Returned response: 200
2026-07-17 14:34:47 | INFO     | trace_id=7d8e1db0-8ffe-4a84-bbf7-d4e53ec30f5e - Received request: GET /api/v1/dynamic-exam/history
2026-07-17 14:34:47 | INFO     | trace_id=7d8e1db0-8ffe-4a84-bbf7-d4e53ec30f5e - Returned response: 200
2026-07-17 14:34:51 | INFO     | trace_id=7acaff5c-42b8-40db-8c21-0433b92163e9 - Received request: OPTIONS /api/v1/dynamic-exam/d4f4faf3-4506-4554-bf68-b8c11921a0a1
2026-07-17 14:34:51 | INFO     | trace_id=7acaff5c-42b8-40db-8c21-0433b92163e9 - Returned response: 200
2026-07-17 14:34:51 | INFO     | trace_id=528fdfbc-23b1-4604-96ae-355486a54147 - Received request: DELETE /api/v1/dynamic-exam/d4f4faf3-4506-4554-bf68-b8c11921a0a1
2026-07-17 14:34:51 | INFO     | trace_id=528fdfbc-23b1-4604-96ae-355486a54147 - Returned response: 200
2026-07-17 14:34:51 | INFO     | trace_id=f8be6bb6-98f3-48e6-a800-352cc5445927 - Received request: GET /api/v1/dynamic-exam/history
2026-07-17 14:34:51 | INFO     | trace_id=f8be6bb6-98f3-48e6-a800-352cc5445927 - Returned response: 200
2026-07-17 14:34:52 | INFO     | trace_id=de48b3f6-24f9-4649-be87-82dddbe653bc - Received request: GET /api/v1/dynamic-exam/505c222e-f6ce-43f1-ac8d-3a0ed96d08db/detail
2026-07-17 14:34:52 | INFO     | trace_id=de48b3f6-24f9-4649-be87-82dddbe653bc - Returned response: 200
2026-07-17 14:37:18 | INFO     | trace_id=c9d70700-98eb-46cb-b70a-a6dd22f0d09c - Received request: GET /api/v1/dynamic-exam/start
2026-07-17 14:37:18 | INFO     | trace_id=c9d70700-98eb-46cb-b70a-a6dd22f0d09c - Returned response: 405
2026-07-17 14:37:57 | INFO     | trace_id=561bcdd8-f2da-4e86-9842-d2a2bd1fe423 - Received request: POST /api/v1/dynamic-exam/start
2026-07-17 14:38:34 | INFO     | trace_id=561bcdd8-f2da-4e86-9842-d2a2bd1fe423 - Returned response: 200
2026-07-17 14:38:59 | INFO     | trace_id=8af2b0bb-2cfa-4156-ba8b-6520742ee57b - Received request: POST /api/v1/dynamic-exam/start
2026-07-17 14:40:11 | INFO     | trace_id=8af2b0bb-2cfa-4156-ba8b-6520742ee57b - Returned response: 200
2026-07-17 14:43:08 | INFO     | trace_id=2e45ccaf-b011-4171-8d98-e587539006b1 - Received request: POST /api/v1/dynamic-exam/start
2026-07-17 14:43:52 | INFO     | trace_id=2e45ccaf-b011-4171-8d98-e587539006b1 - Returned response: 200
2026-07-17 14:52:38 | INFO     | trace_id=dc64886a-0103-4b1b-a8c4-36a022935349 - Received request: GET /api/v1/health
2026-07-17 14:52:38 | INFO     | trace_id=dc64886a-0103-4b1b-a8c4-36a022935349 - Returned response: 200
2026-07-17 14:53:01 | INFO     | trace_id=3119d091-7a6c-420a-8a28-e72a3840dc59 - Received request: POST /api/v1/dynamic-exam/start
2026-07-17 14:54:20 | INFO     | trace_id=3c8714a4-1889-41ad-88df-36ff68ff5bf1 - Received request: POST /api/v1/dynamic-exam/start
2026-07-17 14:55:29 | INFO     | trace_id=3119d091-7a6c-420a-8a28-e72a3840dc59 - Returned response: 200
2026-07-17 14:55:36 | INFO     | trace_id=3c8714a4-1889-41ad-88df-36ff68ff5bf1 - Returned response: 200
2026-07-17 14:56:10 | INFO     | trace_id=4d573d9f-aacd-45f9-a58f-6fd538863d91 - Received request: POST /api/v1/dynamic-exam/start
2026-07-17 14:57:00 | INFO     | trace_id=4d573d9f-aacd-45f9-a58f-6fd538863d91 - Returned response: 200
2026-07-17 14:57:00 | INFO     | trace_id=b4e59398-080d-43ee-bf22-7f7b02fc4ba4 - Received request: POST /api/v1/dynamic-exam/start
2026-07-17 14:57:56 | INFO     | trace_id=b4e59398-080d-43ee-bf22-7f7b02fc4ba4 - Returned response: 200
2026-07-17 14:57:56 | INFO     | trace_id=2e466c31-2a8e-4e08-95e1-5cdafb97998b - Received request: POST /api/v1/dynamic-exam/start
2026-07-17 14:58:51 | INFO     | trace_id=4dbaea67-91c2-424e-aa78-6c2b4656f0f2 - Received request: POST /api/v1/dynamic-exam/start
2026-07-17 15:00:04 | INFO     | trace_id=2e466c31-2a8e-4e08-95e1-5cdafb97998b - Returned response: 200
2026-07-17 15:00:13 | INFO     | trace_id=4dbaea67-91c2-424e-aa78-6c2b4656f0f2 - Returned response: 200
2026-07-17 15:00:13 | INFO     | trace_id=9ccb1707-6ac2-4a50-af92-214b3d2c3c8b - Received request: POST /api/v1/dynamic-exam/start
2026-07-17 15:01:53 | INFO     | trace_id=9ccb1707-6ac2-4a50-af92-214b3d2c3c8b - Returned response: 200
2026-07-17 15:01:53 | INFO     | trace_id=f6dc9069-784a-45b8-baad-48ecfd301905 - Received request: POST /api/v1/dynamic-exam/start
2026-07-17 15:03:19 | INFO     | trace_id=f6dc9069-784a-45b8-baad-48ecfd301905 - Returned response: 200
2026-07-17 15:11:26 | INFO     | trace_id=4de06268-90fa-441e-bbe1-9f1788282869 - Received request: GET /api/v1/admin/prewarm/status
2026-07-17 15:11:26 | INFO     | trace_id=54bcaa2f-b4de-4ea4-9e8d-0482955473a6 - Received request: GET /api/v1/admin/personas
2026-07-17 15:11:26 | INFO     | trace_id=4de06268-90fa-441e-bbe1-9f1788282869 - Returned response: 200
2026-07-17 15:11:26 | INFO     | trace_id=5256542d-6037-4257-907d-2e76f447e894 - Received request: GET /api/v1/admin/prewarm/status
2026-07-17 15:11:26 | INFO     | trace_id=5256542d-6037-4257-907d-2e76f447e894 - Returned response: 200
2026-07-17 15:11:26 | ERROR    | trace_id=54bcaa2f-b4de-4ea4-9e8d-0482955473a6 - Request failed: GET /api/v1/admin/personas - (pymysql.err.OperationalError) (1054, "Unknown column 'personas.initial_anxiety' in 'field list'")
[SQL: SELECT personas.id, personas.name, personas.system_prompt, personas.description, personas.initial_anxiety, personas.threshold, personas.created_at 
FROM personas ORDER BY personas.created_at DESC]
(Background on this error at: https://sqlalche.me/e/20/e3q8)
2026-07-17 15:11:26 | INFO     | trace_id=303d670f-2235-4ae9-a819-3740da8afced - Received request: GET /api/v1/admin/personas
2026-07-17 15:11:26 | ERROR    | trace_id=303d670f-2235-4ae9-a819-3740da8afced - Request failed: GET /api/v1/admin/personas - (pymysql.err.OperationalError) (1054, "Unknown column 'personas.initial_anxiety' in 'field list'")
[SQL: SELECT personas.id, personas.name, personas.system_prompt, personas.description, personas.initial_anxiety, personas.threshold, personas.created_at 
FROM personas ORDER BY personas.created_at DESC]
(Background on this error at: https://sqlalche.me/e/20/e3q8)
2026-07-17 15:11:27 | INFO     | trace_id=a8353b81-7557-4384-ab10-58065b197b22 - Received request: GET /api/v1/admin/prewarm/status
2026-07-17 15:11:27 | INFO     | trace_id=b4bd666f-b94e-4dbd-8a2f-545855eab548 - Received request: GET /api/v1/admin/personas
2026-07-17 15:11:27 | INFO     | trace_id=a8353b81-7557-4384-ab10-58065b197b22 - Returned response: 200
2026-07-17 15:11:27 | INFO     | trace_id=f9f882ef-55d8-4233-91aa-c68a575c5b5c - Received request: GET /api/v1/admin/prewarm/status
2026-07-17 15:11:27 | INFO     | trace_id=f9f882ef-55d8-4233-91aa-c68a575c5b5c - Returned response: 200
2026-07-17 15:11:27 | ERROR    | trace_id=b4bd666f-b94e-4dbd-8a2f-545855eab548 - Request failed: GET /api/v1/admin/personas - (pymysql.err.OperationalError) (1054, "Unknown column 'personas.initial_anxiety' in 'field list'")
[SQL: SELECT personas.id, personas.name, personas.system_prompt, personas.description, personas.initial_anxiety, personas.threshold, personas.created_at 
FROM personas ORDER BY personas.created_at DESC]
(Background on this error at: https://sqlalche.me/e/20/e3q8)
2026-07-17 15:11:28 | INFO     | trace_id=57521a69-a463-436b-ad5c-4c51a63db851 - Received request: GET /api/v1/admin/personas
2026-07-17 15:11:28 | ERROR    | trace_id=57521a69-a463-436b-ad5c-4c51a63db851 - Request failed: GET /api/v1/admin/personas - (pymysql.err.OperationalError) (1054, "Unknown column 'personas.initial_anxiety' in 'field list'")
[SQL: SELECT personas.id, personas.name, personas.system_prompt, personas.description, personas.initial_anxiety, personas.threshold, personas.created_at 
FROM personas ORDER BY personas.created_at DESC]
(Background on this error at: https://sqlalche.me/e/20/e3q8)
2026-07-17 15:11:28 | INFO     | trace_id=5c91abb4-0e98-4e2e-9c5e-770e9135c550 - Received request: GET /api/v1/admin/questions
2026-07-17 15:11:28 | INFO     | trace_id=5c91abb4-0e98-4e2e-9c5e-770e9135c550 - Returned response: 200
2026-07-17 15:11:29 | INFO     | trace_id=efc2be96-01c8-44b8-99d8-b24795983b06 - Received request: GET /api/v1/admin/prewarm/status
2026-07-17 15:11:29 | INFO     | trace_id=3aece096-ea41-49db-8bbe-9fa0ad08f05a - Received request: GET /api/v1/admin/personas
2026-07-17 15:11:29 | INFO     | trace_id=efc2be96-01c8-44b8-99d8-b24795983b06 - Returned response: 200
2026-07-17 15:11:29 | INFO     | trace_id=bca992cc-60ed-46fc-a1c9-f2afee50bbfe - Received request: GET /api/v1/admin/prewarm/status
2026-07-17 15:11:29 | INFO     | trace_id=bca992cc-60ed-46fc-a1c9-f2afee50bbfe - Returned response: 200
2026-07-17 15:11:29 | ERROR    | trace_id=3aece096-ea41-49db-8bbe-9fa0ad08f05a - Request failed: GET /api/v1/admin/personas - (pymysql.err.OperationalError) (1054, "Unknown column 'personas.initial_anxiety' in 'field list'")
[SQL: SELECT personas.id, personas.name, personas.system_prompt, personas.description, personas.initial_anxiety, personas.threshold, personas.created_at 
FROM personas ORDER BY personas.created_at DESC]
(Background on this error at: https://sqlalche.me/e/20/e3q8)
2026-07-17 15:11:29 | INFO     | trace_id=56acc721-08c8-4169-a3c1-4b6e1bd4d980 - Received request: GET /api/v1/admin/personas
2026-07-17 15:11:30 | ERROR    | trace_id=56acc721-08c8-4169-a3c1-4b6e1bd4d980 - Request failed: GET /api/v1/admin/personas - (pymysql.err.OperationalError) (1054, "Unknown column 'personas.initial_anxiety' in 'field list'")
[SQL: SELECT personas.id, personas.name, personas.system_prompt, personas.description, personas.initial_anxiety, personas.threshold, personas.created_at 
FROM personas ORDER BY personas.created_at DESC]
(Background on this error at: https://sqlalche.me/e/20/e3q8)
2026-07-17 15:15:10 | INFO     | trace_id=2c1c1af9-f2d2-4018-9bc0-a2ada37fa3c9 - Received request: OPTIONS /api/v1/dynamic-exam/start
2026-07-17 15:15:10 | INFO     | trace_id=2c1c1af9-f2d2-4018-9bc0-a2ada37fa3c9 - Returned response: 200
2026-07-17 15:15:10 | INFO     | trace_id=0c7eb351-0fa9-48dc-97b3-48ca0aea9786 - Received request: POST /api/v1/dynamic-exam/start
2026-07-17 15:16:15 | INFO     | trace_id=0c7eb351-0fa9-48dc-97b3-48ca0aea9786 - Returned response: 200
2026-07-17 15:32:45 | INFO     | trace_id=d9118470-940c-4578-bf2e-69b20893bea1 - Received request: OPTIONS /api/v1/dynamic-exam/chat
2026-07-17 15:32:45 | INFO     | trace_id=d9118470-940c-4578-bf2e-69b20893bea1 - Returned response: 200
2026-07-17 15:32:45 | INFO     | trace_id=f7adb880-9f4c-466e-8732-21e64a8327c4 - Received request: POST /api/v1/dynamic-exam/chat
2026-07-17 15:33:24 | INFO     | trace_id=f7adb880-9f4c-466e-8732-21e64a8327c4 - Returned response: 200
2026-07-17 15:34:25 | INFO     | trace_id=1452eac7-ea7a-4062-9000-254496afe637 - Received request: POST /api/v1/dynamic-exam/chat
2026-07-17 15:34:56 | INFO     | trace_id=1452eac7-ea7a-4062-9000-254496afe637 - Returned response: 200
2026-07-17 15:35:14 | INFO     | trace_id=196d2c72-3f3c-4446-b191-279e6c6946c2 - Received request: POST /api/v1/dynamic-exam/chat
2026-07-17 15:36:11 | INFO     | trace_id=196d2c72-3f3c-4446-b191-279e6c6946c2 - Returned response: 200
2026-07-17 15:37:01 | INFO     | trace_id=f53b5684-cc3f-40b1-a73c-1a15bdb7e388 - Received request: POST /api/v1/dynamic-exam/chat
2026-07-17 15:38:13 | INFO     | trace_id=f53b5684-cc3f-40b1-a73c-1a15bdb7e388 - Returned response: 200
2026-07-17 15:38:47 | INFO     | trace_id=991e6f55-15ac-47ed-a8d9-4d090841c2e0 - Received request: POST /api/v1/dynamic-exam/chat
2026-07-17 15:39:19 | INFO     | trace_id=991e6f55-15ac-47ed-a8d9-4d090841c2e0 - Returned response: 200
2026-07-17 15:41:18 | INFO     | trace_id=e6f77e90-1319-4a4c-9bc0-87b653e0029a - Received request: POST /api/v1/dynamic-exam/chat
2026-07-17 15:42:06 | INFO     | trace_id=e6f77e90-1319-4a4c-9bc0-87b653e0029a - Returned response: 200
2026-07-17 15:42:06 | INFO     | trace_id=0c8196d7-4be8-4e0d-ae6e-38785e80039c - Received request: OPTIONS /api/v1/dynamic-exam/end
2026-07-17 15:42:06 | INFO     | trace_id=0c8196d7-4be8-4e0d-ae6e-38785e80039c - Returned response: 200
2026-07-17 15:42:06 | INFO     | trace_id=e78b5e90-f852-449c-a34c-c4f9c6b5ce76 - Received request: POST /api/v1/dynamic-exam/end
2026-07-17 15:42:06 | INFO     | trace_id=e78b5e90-f852-449c-a34c-c4f9c6b5ce76 - Returned response: 200
2026-07-17 15:42:57 | INFO     | trace_id=42530d0f-b801-4577-a05a-cfe31355164b - Received request: GET /api/v1/dynamic-exam/history
2026-07-17 15:42:57 | INFO     | trace_id=42530d0f-b801-4577-a05a-cfe31355164b - Returned response: 200
2026-07-17 15:42:59 | INFO     | trace_id=12a45990-537a-4697-94cf-cb8608166127 - Received request: OPTIONS /api/v1/dynamic-exam/74b53ede-3c63-42e7-a56d-bee58590fc8f
2026-07-17 15:42:59 | INFO     | trace_id=12a45990-537a-4697-94cf-cb8608166127 - Returned response: 200
2026-07-17 15:42:59 | INFO     | trace_id=51b630a8-b49a-4697-ab76-91dfc9dff073 - Received request: DELETE /api/v1/dynamic-exam/74b53ede-3c63-42e7-a56d-bee58590fc8f
2026-07-17 15:42:59 | INFO     | trace_id=51b630a8-b49a-4697-ab76-91dfc9dff073 - Returned response: 200
2026-07-17 15:42:59 | INFO     | trace_id=a6d91bd7-81b3-49a3-8ef6-eaea4481b87f - Received request: GET /api/v1/dynamic-exam/history
2026-07-17 15:42:59 | INFO     | trace_id=a6d91bd7-81b3-49a3-8ef6-eaea4481b87f - Returned response: 200
2026-07-17 15:43:00 | INFO     | trace_id=2174b721-81d3-4ec2-a43a-36de9a557301 - Received request: OPTIONS /api/v1/dynamic-exam/baf80b98-e1df-4d98-906d-4cc803bc7702
2026-07-17 15:43:00 | INFO     | trace_id=2174b721-81d3-4ec2-a43a-36de9a557301 - Returned response: 200
2026-07-17 15:43:00 | INFO     | trace_id=bc118add-198b-4406-9559-9a8bb7a33be1 - Received request: DELETE /api/v1/dynamic-exam/baf80b98-e1df-4d98-906d-4cc803bc7702
2026-07-17 15:43:00 | INFO     | trace_id=bc118add-198b-4406-9559-9a8bb7a33be1 - Returned response: 200
2026-07-17 15:43:00 | INFO     | trace_id=5f4b635b-7ca6-4099-a51a-db3e148def95 - Received request: GET /api/v1/dynamic-exam/history
2026-07-17 15:43:00 | INFO     | trace_id=5f4b635b-7ca6-4099-a51a-db3e148def95 - Returned response: 200
2026-07-17 15:43:02 | INFO     | trace_id=6fd449af-eeef-4f67-8b42-5b03781f56d1 - Received request: OPTIONS /api/v1/dynamic-exam/7de8cc7f-00e6-4981-a1ba-c6125dc88568
2026-07-17 15:43:02 | INFO     | trace_id=6fd449af-eeef-4f67-8b42-5b03781f56d1 - Returned response: 200
2026-07-17 15:43:02 | INFO     | trace_id=54b4a5f3-3cb5-44b0-8304-da1b52ad5363 - Received request: DELETE /api/v1/dynamic-exam/7de8cc7f-00e6-4981-a1ba-c6125dc88568
2026-07-17 15:43:02 | INFO     | trace_id=54b4a5f3-3cb5-44b0-8304-da1b52ad5363 - Returned response: 200
2026-07-17 15:43:02 | INFO     | trace_id=a82e240b-1a53-4133-80a8-cbd3a94707a2 - Received request: GET /api/v1/dynamic-exam/history
2026-07-17 15:43:02 | INFO     | trace_id=a82e240b-1a53-4133-80a8-cbd3a94707a2 - Returned response: 200
2026-07-17 15:43:03 | INFO     | trace_id=f3cf1390-2efd-40d2-b7da-6991c6d51f1a - Received request: OPTIONS /api/v1/dynamic-exam/9930a750-027d-4359-84c2-89aeb0a62e3e
2026-07-17 15:43:03 | INFO     | trace_id=f3cf1390-2efd-40d2-b7da-6991c6d51f1a - Returned response: 200
2026-07-17 15:43:03 | INFO     | trace_id=36ce0ab6-ef67-4763-bbd0-ecba73078f66 - Received request: DELETE /api/v1/dynamic-exam/9930a750-027d-4359-84c2-89aeb0a62e3e
2026-07-17 15:43:03 | INFO     | trace_id=36ce0ab6-ef67-4763-bbd0-ecba73078f66 - Returned response: 200
2026-07-17 15:43:03 | INFO     | trace_id=469ec38b-00f3-4bd0-a00f-8ea759166982 - Received request: GET /api/v1/dynamic-exam/history
2026-07-17 15:43:03 | INFO     | trace_id=469ec38b-00f3-4bd0-a00f-8ea759166982 - Returned response: 200
2026-07-17 15:43:04 | INFO     | trace_id=ddf8e90d-e81c-4403-8f20-b80ad8aea0e8 - Received request: OPTIONS /api/v1/dynamic-exam/5528a8b6-26d0-468c-9533-8e90bb88b2d1
2026-07-17 15:43:04 | INFO     | trace_id=ddf8e90d-e81c-4403-8f20-b80ad8aea0e8 - Returned response: 200
2026-07-17 15:43:04 | INFO     | trace_id=196e225e-27c8-4edc-b797-2d483969b5db - Received request: DELETE /api/v1/dynamic-exam/5528a8b6-26d0-468c-9533-8e90bb88b2d1
2026-07-17 15:43:04 | INFO     | trace_id=196e225e-27c8-4edc-b797-2d483969b5db - Returned response: 200
2026-07-17 15:43:04 | INFO     | trace_id=e8846831-b2f0-42b1-a53b-8f70f6ba4bdf - Received request: GET /api/v1/dynamic-exam/history
2026-07-17 15:43:04 | INFO     | trace_id=e8846831-b2f0-42b1-a53b-8f70f6ba4bdf - Returned response: 200
2026-07-17 15:43:06 | INFO     | trace_id=2fd8dc52-81a0-4a99-86f4-d26af887d190 - Received request: OPTIONS /api/v1/dynamic-exam/e17072a0-4f3e-4560-ace6-d4bf48d87241
2026-07-17 15:43:06 | INFO     | trace_id=2fd8dc52-81a0-4a99-86f4-d26af887d190 - Returned response: 200
2026-07-17 15:43:06 | INFO     | trace_id=3819be27-ed9d-49b9-87c3-0fd685aca80a - Received request: DELETE /api/v1/dynamic-exam/e17072a0-4f3e-4560-ace6-d4bf48d87241
2026-07-17 15:43:06 | INFO     | trace_id=3819be27-ed9d-49b9-87c3-0fd685aca80a - Returned response: 200
2026-07-17 15:43:06 | INFO     | trace_id=41312163-82d7-41b1-8023-83c4309c06c6 - Received request: GET /api/v1/dynamic-exam/history
2026-07-17 15:43:06 | INFO     | trace_id=41312163-82d7-41b1-8023-83c4309c06c6 - Returned response: 200
2026-07-17 15:43:07 | INFO     | trace_id=7a7c022b-df7d-4b36-9fc3-8c43639171dc - Received request: OPTIONS /api/v1/dynamic-exam/e4f61ce5-ff49-4f69-b923-c7be629db91b
2026-07-17 15:43:07 | INFO     | trace_id=7a7c022b-df7d-4b36-9fc3-8c43639171dc - Returned response: 200
2026-07-17 15:43:07 | INFO     | trace_id=14b6b54f-b159-48c0-ae35-405d91daf2ac - Received request: DELETE /api/v1/dynamic-exam/e4f61ce5-ff49-4f69-b923-c7be629db91b
2026-07-17 15:43:07 | INFO     | trace_id=14b6b54f-b159-48c0-ae35-405d91daf2ac - Returned response: 200
2026-07-17 15:43:07 | INFO     | trace_id=337073aa-1991-42ba-8135-1bb58df8d0d0 - Received request: GET /api/v1/dynamic-exam/history
2026-07-17 15:43:07 | INFO     | trace_id=337073aa-1991-42ba-8135-1bb58df8d0d0 - Returned response: 200
2026-07-17 15:43:11 | INFO     | trace_id=c3ec43f3-11f5-414f-b28d-15a778041cf4 - Received request: OPTIONS /api/v1/dynamic-exam/56f23c0d-b339-4841-8861-590aa0c15012
2026-07-17 15:43:11 | INFO     | trace_id=c3ec43f3-11f5-414f-b28d-15a778041cf4 - Returned response: 200
2026-07-17 15:43:11 | INFO     | trace_id=aa51ba56-0ba5-45e5-97f7-1a21221ccc23 - Received request: DELETE /api/v1/dynamic-exam/56f23c0d-b339-4841-8861-590aa0c15012
2026-07-17 15:43:11 | INFO     | trace_id=aa51ba56-0ba5-45e5-97f7-1a21221ccc23 - Returned response: 200
2026-07-17 15:43:11 | INFO     | trace_id=4624bbc3-6278-4bbb-b603-cb2369f4c2ef - Received request: GET /api/v1/dynamic-exam/history
2026-07-17 15:43:11 | INFO     | trace_id=4624bbc3-6278-4bbb-b603-cb2369f4c2ef - Returned response: 200
2026-07-17 15:43:13 | INFO     | trace_id=8bc9cba1-81f5-46eb-898c-1f99064f6e63 - Received request: OPTIONS /api/v1/dynamic-exam/81cb1e81-b68c-42df-973b-ae4ede9ee4b7
2026-07-17 15:43:13 | INFO     | trace_id=8bc9cba1-81f5-46eb-898c-1f99064f6e63 - Returned response: 200
2026-07-17 15:43:13 | INFO     | trace_id=83f7d8e8-1559-4294-bb7f-08b0d799a52a - Received request: DELETE /api/v1/dynamic-exam/81cb1e81-b68c-42df-973b-ae4ede9ee4b7
2026-07-17 15:43:13 | INFO     | trace_id=83f7d8e8-1559-4294-bb7f-08b0d799a52a - Returned response: 200
2026-07-17 15:43:13 | INFO     | trace_id=52fe8c5f-773f-4cba-87d4-737f13704884 - Received request: GET /api/v1/dynamic-exam/history
2026-07-17 15:43:13 | INFO     | trace_id=52fe8c5f-773f-4cba-87d4-737f13704884 - Returned response: 200
2026-07-17 15:43:14 | INFO     | trace_id=aadcb213-7380-4097-b1d4-1b24e37e3105 - Received request: OPTIONS /api/v1/dynamic-exam/f5276542-af5a-4233-b4ee-50d4ca84cdbf
2026-07-17 15:43:14 | INFO     | trace_id=aadcb213-7380-4097-b1d4-1b24e37e3105 - Returned response: 200
2026-07-17 15:43:14 | INFO     | trace_id=2e29ff14-84e7-45ea-b571-29100377ffe0 - Received request: DELETE /api/v1/dynamic-exam/f5276542-af5a-4233-b4ee-50d4ca84cdbf
2026-07-17 15:43:14 | INFO     | trace_id=2e29ff14-84e7-45ea-b571-29100377ffe0 - Returned response: 200
2026-07-17 15:43:14 | INFO     | trace_id=f6afc8e6-b84a-494c-b163-b8dcbc5bee56 - Received request: GET /api/v1/dynamic-exam/history
2026-07-17 15:43:14 | INFO     | trace_id=f6afc8e6-b84a-494c-b163-b8dcbc5bee56 - Returned response: 200
2026-07-17 15:43:18 | INFO     | trace_id=b12ab537-7e46-4034-b789-7591ac905801 - Received request: GET /api/v1/dynamic-exam/history
2026-07-17 15:43:18 | INFO     | trace_id=b12ab537-7e46-4034-b789-7591ac905801 - Returned response: 200
2026-07-17 15:43:19 | INFO     | trace_id=a9709ebd-5d46-4105-8ba7-4e09a6477a28 - Received request: OPTIONS /api/v1/dynamic-exam/964ac5f6-7cd6-43c1-908b-f0669b33c1bb
2026-07-17 15:43:19 | INFO     | trace_id=a9709ebd-5d46-4105-8ba7-4e09a6477a28 - Returned response: 200
2026-07-17 15:43:19 | INFO     | trace_id=6bd3d691-59ff-4983-8cde-a5f220e8c4ca - Received request: DELETE /api/v1/dynamic-exam/964ac5f6-7cd6-43c1-908b-f0669b33c1bb
2026-07-17 15:43:19 | INFO     | trace_id=6bd3d691-59ff-4983-8cde-a5f220e8c4ca - Returned response: 200
2026-07-17 15:43:19 | INFO     | trace_id=36faa38f-405c-4d33-8bbf-26e382bc6b0d - Received request: GET /api/v1/dynamic-exam/history
2026-07-17 15:43:19 | INFO     | trace_id=36faa38f-405c-4d33-8bbf-26e382bc6b0d - Returned response: 200
2026-07-17 15:43:22 | INFO     | trace_id=ce222e9b-f4ce-41fe-bc04-3339da19313c - Received request: GET /api/v1/admin/prewarm/status
2026-07-17 15:43:22 | INFO     | trace_id=88a97a08-7291-4075-aede-b7fca6598e86 - Received request: GET /api/v1/admin/personas
2026-07-17 15:43:22 | INFO     | trace_id=ce222e9b-f4ce-41fe-bc04-3339da19313c - Returned response: 200
2026-07-17 15:43:22 | INFO     | trace_id=7cba2d80-5a7a-4271-8712-c7cf7a7747c8 - Received request: GET /api/v1/admin/prewarm/status
2026-07-17 15:43:22 | INFO     | trace_id=7cba2d80-5a7a-4271-8712-c7cf7a7747c8 - Returned response: 200
2026-07-17 15:43:22 | ERROR    | trace_id=88a97a08-7291-4075-aede-b7fca6598e86 - Request failed: GET /api/v1/admin/personas - (pymysql.err.OperationalError) (1054, "Unknown column 'personas.initial_anxiety' in 'field list'")
[SQL: SELECT personas.id, personas.name, personas.system_prompt, personas.description, personas.initial_anxiety, personas.threshold, personas.created_at 
FROM personas ORDER BY personas.created_at DESC]
(Background on this error at: https://sqlalche.me/e/20/e3q8)
2026-07-17 15:43:22 | INFO     | trace_id=cd6a30bc-e78c-42b7-9106-1795bd80f628 - Received request: GET /api/v1/admin/personas
2026-07-17 15:43:22 | ERROR    | trace_id=cd6a30bc-e78c-42b7-9106-1795bd80f628 - Request failed: GET /api/v1/admin/personas - (pymysql.err.OperationalError) (1054, "Unknown column 'personas.initial_anxiety' in 'field list'")
[SQL: SELECT personas.id, personas.name, personas.system_prompt, personas.description, personas.initial_anxiety, personas.threshold, personas.created_at 
FROM personas ORDER BY personas.created_at DESC]
(Background on this error at: https://sqlalche.me/e/20/e3q8)
2026-07-17 15:43:24 | INFO     | trace_id=a206e6fa-7511-48db-88e3-85dccebb9360 - Received request: GET /api/v1/feynman/progress
2026-07-17 15:43:24 | INFO     | trace_id=567a0da8-0d99-45a8-b38a-39fa9ce2a223 - Received request: GET /api/v1/pomodoro/stats
2026-07-17 15:43:24 | INFO     | trace_id=a206e6fa-7511-48db-88e3-85dccebb9360 - Returned response: 200
2026-07-17 15:43:24 | INFO     | trace_id=a2d18f7f-0a47-4d23-9fb2-f13dde65fc96 - Received request: GET /api/v1/feynman/progress
2026-07-17 15:43:24 | INFO     | trace_id=567a0da8-0d99-45a8-b38a-39fa9ce2a223 - Returned response: 200
2026-07-17 15:43:24 | INFO     | trace_id=4f938893-c432-41a2-a3b6-51aae179a2cb - Received request: GET /api/v1/pomodoro/stats
2026-07-17 15:43:24 | INFO     | trace_id=4f938893-c432-41a2-a3b6-51aae179a2cb - Returned response: 200
2026-07-17 15:43:24 | INFO     | trace_id=a2d18f7f-0a47-4d23-9fb2-f13dde65fc96 - Returned response: 200
2026-07-17 15:43:25 | INFO     | trace_id=2a1a5a23-08d3-44f3-9373-bab8183164f2 - Received request: GET /api/v1/practice/categories
2026-07-17 15:43:25 | INFO     | trace_id=ee790ea8-3583-435c-8eaa-d44762b3664f - Received request: GET /api/v1/practice/recommended
2026-07-17 15:43:25 | INFO     | trace_id=2a1a5a23-08d3-44f3-9373-bab8183164f2 - Returned response: 200
2026-07-17 15:43:25 | INFO     | trace_id=ee790ea8-3583-435c-8eaa-d44762b3664f - Returned response: 200
2026-07-17 15:43:29 | INFO     | trace_id=40714c33-c909-41ac-a1a2-37a1ecb5c3ec - Received request: OPTIONS /api/v1/practice/teaching-question
2026-07-17 15:43:29 | INFO     | trace_id=40714c33-c909-41ac-a1a2-37a1ecb5c3ec - Returned response: 200
2026-07-17 15:43:29 | INFO     | trace_id=e294913a-13a2-40c7-b087-af1ca3cdce09 - Received request: POST /api/v1/practice/teaching-question
2026-07-17 15:43:50 | INFO     | trace_id=96a36e63-fdce-45c4-a243-b9b55baf78c4 - Received request: GET /api/v1/capability-portrait
2026-07-17 15:43:50 | INFO     | trace_id=e294913a-13a2-40c7-b087-af1ca3cdce09 - Returned response: 200
2026-07-17 15:43:50 | INFO     | trace_id=96a36e63-fdce-45c4-a243-b9b55baf78c4 - Returned response: 200
2026-07-17 15:44:38 | INFO     | trace_id=15e16b2d-02e5-466c-a60d-b96cf60fae87 - Received request: OPTIONS /api/v1/chat
2026-07-17 15:44:38 | INFO     | trace_id=15e16b2d-02e5-466c-a60d-b96cf60fae87 - Returned response: 200
2026-07-17 15:44:38 | INFO     | trace_id=91bc3292-fb90-44b4-906e-09b27ac5afb5 - Received request: POST /api/v1/chat
2026-07-17 15:44:38 | INFO     | trace_id=91bc3292-fb90-44b4-906e-09b27ac5afb5 - Returned response: 200
2026-07-17 15:45:18 | INFO     | trace_id=26fe4bd6-2adc-451b-bcb3-489a1f4ed6b0 - Received request: OPTIONS /api/v1/practice/reverse-training
2026-07-17 15:45:18 | INFO     | trace_id=26fe4bd6-2adc-451b-bcb3-489a1f4ed6b0 - Returned response: 200
2026-07-17 15:45:18 | INFO     | trace_id=fc537a5f-94c5-4d2a-9feb-f67adaa23670 - Received request: POST /api/v1/practice/reverse-training
2026-07-17 15:46:16 | INFO     | trace_id=7f9795dc-1e28-45ce-b0c6-97d36546a4b0 - Received request: POST /api/v1/practice/reverse-training
2026-07-17 15:47:12 | INFO     | trace_id=fc537a5f-94c5-4d2a-9feb-f67adaa23670 - Returned response: 200
2026-07-17 15:47:12 | INFO     | trace_id=7f9795dc-1e28-45ce-b0c6-97d36546a4b0 - Returned response: 200
2026-07-17 16:16:59 | INFO     | trace_id=cf983eb0-3ac5-4235-9163-ef50cd475358 - Received request: GET /api/v1/health
2026-07-17 16:16:59 | INFO     | trace_id=cf983eb0-3ac5-4235-9163-ef50cd475358 - Returned response: 200
2026-07-17 16:17:08 | INFO     | trace_id=ee948122-be00-4e76-9614-71f58504d6f0 - Received request: POST /api/v1/practice/reverse-training
2026-07-17 16:18:09 | INFO     | trace_id=ee948122-be00-4e76-9614-71f58504d6f0 - Returned response: 200
2026-07-17 16:18:17 | INFO     | trace_id=c2e5ff92-e449-4fa7-94fe-f566de77d4fa - Received request: POST /api/v1/dynamic-exam/start
2026-07-17 16:22:03 | INFO     | trace_id=c2e5ff92-e449-4fa7-94fe-f566de77d4fa - Returned response: 200
2026-07-17 16:23:39 | INFO     | trace_id=274a1fdf-7a2e-4344-9141-6bca46087ed7 - Received request: GET /api/v1/health
2026-07-17 16:23:39 | INFO     | trace_id=274a1fdf-7a2e-4344-9141-6bca46087ed7 - Returned response: 200
2026-07-17 16:32:47 | INFO     | trace_id=756b550f-67e7-47dc-8f06-4bf1c7e1f637 - Received request: GET /api/v1/health
2026-07-17 16:32:47 | INFO     | trace_id=756b550f-67e7-47dc-8f06-4bf1c7e1f637 - Returned response: 200
2026-07-17 16:35:13 | INFO     | trace_id=ad17045d-0810-4376-adeb-307f98f6f813 - Received request: GET /api/v1/feynman/progress
2026-07-17 16:35:13 | INFO     | trace_id=dd051353-22e6-4d29-bb4c-e2cc89b6f0cf - Received request: GET /api/v1/pomodoro/stats
2026-07-17 16:35:14 | INFO     | trace_id=ad17045d-0810-4376-adeb-307f98f6f813 - Returned response: 200
2026-07-17 16:35:14 | INFO     | trace_id=6891ec6e-fa35-4aa5-9cf9-6ebb69f3d6e1 - Received request: GET /api/v1/feynman/progress
2026-07-17 16:35:14 | INFO     | trace_id=6891ec6e-fa35-4aa5-9cf9-6ebb69f3d6e1 - Returned response: 200
2026-07-17 16:35:14 | INFO     | trace_id=dd051353-22e6-4d29-bb4c-e2cc89b6f0cf - Returned response: 200
2026-07-17 16:35:14 | INFO     | trace_id=d2660eb9-f77a-4ec3-943f-277ca6a6b18b - Received request: GET /api/v1/pomodoro/stats
2026-07-17 16:35:14 | INFO     | trace_id=d2660eb9-f77a-4ec3-943f-277ca6a6b18b - Returned response: 200
2026-07-17 16:35:15 | INFO     | trace_id=98d5f1ce-857e-4cfe-807a-17298a3d4c1a - Received request: GET /api/v1/practice/categories
2026-07-17 16:35:15 | INFO     | trace_id=a5cff5a4-6dc9-4c05-8473-d4f768c2bd97 - Received request: GET /api/v1/practice/recommended
2026-07-17 16:35:15 | INFO     | trace_id=98d5f1ce-857e-4cfe-807a-17298a3d4c1a - Returned response: 200
2026-07-17 16:35:15 | INFO     | trace_id=a5cff5a4-6dc9-4c05-8473-d4f768c2bd97 - Returned response: 200
2026-07-17 16:35:16 | INFO     | trace_id=02207544-34f4-4cb7-a80f-86c55ca5ecf1 - Received request: OPTIONS /api/v1/practice/reverse-training
2026-07-17 16:35:16 | INFO     | trace_id=02207544-34f4-4cb7-a80f-86c55ca5ecf1 - Returned response: 200
2026-07-17 16:35:16 | INFO     | trace_id=59e5a175-5bdb-4709-9314-39d4a9699f41 - Received request: POST /api/v1/practice/reverse-training
2026-07-17 16:36:12 | INFO     | trace_id=59e5a175-5bdb-4709-9314-39d4a9699f41 - Returned response: 200
2026-07-17 16:37:46 | INFO     | trace_id=f3eb02be-8465-43bd-8e63-11b4a7378d9f - Received request: GET /api/v1/feynman/progress
2026-07-17 16:37:46 | INFO     | trace_id=196fec86-1012-42ca-bd5a-6301f1511d77 - Received request: GET /api/v1/pomodoro/stats
2026-07-17 16:37:46 | INFO     | trace_id=f3eb02be-8465-43bd-8e63-11b4a7378d9f - Returned response: 200
2026-07-17 16:37:46 | INFO     | trace_id=94d9b9b8-b2f8-4684-896e-3c1a415a650c - Received request: GET /api/v1/feynman/progress
2026-07-17 16:37:46 | INFO     | trace_id=94d9b9b8-b2f8-4684-896e-3c1a415a650c - Returned response: 200
2026-07-17 16:37:46 | INFO     | trace_id=196fec86-1012-42ca-bd5a-6301f1511d77 - Returned response: 200
2026-07-17 16:37:46 | INFO     | trace_id=cf368b6f-d41c-420e-b079-d40a7d13602c - Received request: GET /api/v1/pomodoro/stats
2026-07-17 16:37:46 | INFO     | trace_id=cf368b6f-d41c-420e-b079-d40a7d13602c - Returned response: 200
2026-07-17 16:37:47 | INFO     | trace_id=0435f662-2d2a-45ad-8805-ff70aeca9c65 - Received request: GET /api/v1/practice/categories
2026-07-17 16:37:47 | INFO     | trace_id=e688a878-879c-4c6a-b9cd-c77bdc438583 - Received request: GET /api/v1/practice/recommended
2026-07-17 16:37:47 | INFO     | trace_id=0435f662-2d2a-45ad-8805-ff70aeca9c65 - Returned response: 200
2026-07-17 16:37:47 | INFO     | trace_id=e688a878-879c-4c6a-b9cd-c77bdc438583 - Returned response: 200
2026-07-17 16:37:48 | INFO     | trace_id=ba38a92c-407e-4b0d-a357-7b1ff525860b - Received request: POST /api/v1/practice/reverse-training
2026-07-17 16:39:05 | INFO     | trace_id=ba38a92c-407e-4b0d-a357-7b1ff525860b - Returned response: 200
2026-07-17 16:39:05 | INFO     | trace_id=4e5405c3-e74c-43c5-b8f4-1bfbf32421a2 - Received request: GET /api/v1/practice/recommended
2026-07-17 16:39:06 | INFO     | trace_id=4e5405c3-e74c-43c5-b8f4-1bfbf32421a2 - Returned response: 200
2026-07-17 16:39:57 | INFO     | trace_id=ee2b0ed3-eeeb-4099-b6e9-c918505c48b6 - Received request: OPTIONS /api/v1/chat
2026-07-17 16:39:57 | INFO     | trace_id=ee2b0ed3-eeeb-4099-b6e9-c918505c48b6 - Returned response: 200
2026-07-17 16:39:57 | INFO     | trace_id=ab274d22-12b6-4900-87c9-371fbc6f3aef - Received request: POST /api/v1/chat
2026-07-17 16:39:57 | INFO     | trace_id=ab274d22-12b6-4900-87c9-371fbc6f3aef - Returned response: 200
2026-07-17 16:41:31 | INFO     | trace_id=d3ca852c-d2b6-49e7-8771-bc76320b0780 - Received request: OPTIONS /api/v1/practice/verify-correction
2026-07-17 16:41:31 | INFO     | trace_id=d3ca852c-d2b6-49e7-8771-bc76320b0780 - Returned response: 200
2026-07-17 16:41:31 | INFO     | trace_id=b67beee2-8484-4037-8791-1711647d2121 - Received request: POST /api/v1/practice/verify-correction
2026-07-17 16:41:40 | INFO     | trace_id=bd30bbdd-a521-4982-bae3-929ac0d21ede - Received request: GET /api/v1/exam-papers
2026-07-17 16:41:40 | INFO     | trace_id=bd30bbdd-a521-4982-bae3-929ac0d21ede - Returned response: 200
2026-07-17 16:41:42 | INFO     | trace_id=285d48a3-86c7-4598-a722-6b574d9e03a5 - Received request: GET /api/v1/exam-papers
2026-07-17 16:41:42 | INFO     | trace_id=285d48a3-86c7-4598-a722-6b574d9e03a5 - Returned response: 200
2026-07-17 16:41:43 | INFO     | trace_id=94caeb68-816c-4e75-853a-772d1d9cf8a7 - Received request: GET /api/v1/feynman/progress
2026-07-17 16:41:43 | INFO     | trace_id=3ea624ff-d1da-4d42-a01c-464114dfaa25 - Received request: GET /api/v1/pomodoro/stats
2026-07-17 16:41:43 | INFO     | trace_id=94caeb68-816c-4e75-853a-772d1d9cf8a7 - Returned response: 200
2026-07-17 16:41:43 | INFO     | trace_id=3ea624ff-d1da-4d42-a01c-464114dfaa25 - Returned response: 200
2026-07-17 16:41:44 | INFO     | trace_id=b24a85f9-85d9-4c8a-85b1-949ea123bcf5 - Received request: GET /api/v1/admin/prewarm/status
2026-07-17 16:41:44 | INFO     | trace_id=35815b71-e246-4d3d-87a2-58fcc88987ac - Received request: GET /api/v1/admin/personas
2026-07-17 16:41:44 | INFO     | trace_id=b24a85f9-85d9-4c8a-85b1-949ea123bcf5 - Returned response: 200
2026-07-17 16:41:44 | INFO     | trace_id=0c273308-d75d-4e4c-a2e3-d11622e2c9ed - Received request: GET /api/v1/admin/prewarm/status
2026-07-17 16:41:44 | INFO     | trace_id=0c273308-d75d-4e4c-a2e3-d11622e2c9ed - Returned response: 200
2026-07-17 16:41:44 | INFO     | trace_id=35815b71-e246-4d3d-87a2-58fcc88987ac - Returned response: 200
2026-07-17 16:41:44 | INFO     | trace_id=02d7a081-48ba-4b2e-a591-0b9a6f247c0f - Received request: GET /api/v1/admin/personas
2026-07-17 16:41:44 | INFO     | trace_id=02d7a081-48ba-4b2e-a591-0b9a6f247c0f - Returned response: 200
2026-07-17 16:41:46 | INFO     | trace_id=cd2bf434-5914-47f8-849a-7b674c65fbbf - Received request: GET /api/v1/admin/prewarm/status
2026-07-17 16:41:46 | INFO     | trace_id=b3dfc696-a9b3-4203-9965-68cfc46124e4 - Received request: GET /api/v1/admin/personas
2026-07-17 16:41:46 | INFO     | trace_id=cd2bf434-5914-47f8-849a-7b674c65fbbf - Returned response: 200
2026-07-17 16:41:46 | INFO     | trace_id=b3dfc696-a9b3-4203-9965-68cfc46124e4 - Returned response: 200
2026-07-17 16:41:46 | INFO     | trace_id=e407119b-33a7-4461-8c60-931d9aa05957 - Received request: GET /api/v1/admin/prewarm/status
2026-07-17 16:41:46 | INFO     | trace_id=e098cbe7-ce72-44ba-821c-ca5ad30508d5 - Received request: GET /api/v1/admin/personas
2026-07-17 16:41:46 | INFO     | trace_id=e407119b-33a7-4461-8c60-931d9aa05957 - Returned response: 200
2026-07-17 16:41:46 | INFO     | trace_id=e098cbe7-ce72-44ba-821c-ca5ad30508d5 - Returned response: 200
2026-07-17 16:41:47 | INFO     | trace_id=b579072d-d57d-4384-aae0-95be0b32d4b8 - Received request: GET /api/v1/admin/questions
2026-07-17 16:41:47 | INFO     | trace_id=b579072d-d57d-4384-aae0-95be0b32d4b8 - Returned response: 200
2026-07-17 16:41:48 | INFO     | trace_id=b67beee2-8484-4037-8791-1711647d2121 - Returned response: 200
2026-07-17 16:41:48 | INFO     | trace_id=2654af61-d73a-4b13-a0d7-d98118e0a059 - Received request: GET /api/v1/practice/recommended
2026-07-17 16:41:48 | INFO     | trace_id=2654af61-d73a-4b13-a0d7-d98118e0a059 - Returned response: 200
2026-07-17 16:41:50 | INFO     | trace_id=873ca864-a68f-4a87-859e-a54e9a792325 - Received request: GET /api/v1/admin/dashboard/stats
2026-07-17 16:41:50 | INFO     | trace_id=873ca864-a68f-4a87-859e-a54e9a792325 - Returned response: 200
2026-07-17 16:51:09 | INFO     | trace_id=ea0830fc-2fb9-4b6b-af9e-2447927b624b - Received request: GET /api/v1/feynman/progress
2026-07-17 16:51:09 | INFO     | trace_id=26e52dff-54b9-42e9-863d-21bc02800970 - Received request: GET /api/v1/pomodoro/stats
2026-07-17 16:51:09 | INFO     | trace_id=ea0830fc-2fb9-4b6b-af9e-2447927b624b - Returned response: 200
2026-07-17 16:51:09 | INFO     | trace_id=b0e43878-e08d-4522-a54a-7e7679647a94 - Received request: GET /api/v1/feynman/progress
2026-07-17 16:51:09 | INFO     | trace_id=b0e43878-e08d-4522-a54a-7e7679647a94 - Returned response: 200
2026-07-17 16:51:09 | INFO     | trace_id=26e52dff-54b9-42e9-863d-21bc02800970 - Returned response: 200
2026-07-17 16:51:09 | INFO     | trace_id=598320bf-ea27-43f5-9f6c-bf920309e424 - Received request: GET /api/v1/pomodoro/stats
2026-07-17 16:51:09 | INFO     | trace_id=598320bf-ea27-43f5-9f6c-bf920309e424 - Returned response: 200
2026-07-17 16:51:35 | INFO     | trace_id=8d7447bf-2639-4338-bbf6-f91c0234eec1 - Received request: OPTIONS /api/v1/chat
2026-07-17 16:51:35 | INFO     | trace_id=8d7447bf-2639-4338-bbf6-f91c0234eec1 - Returned response: 200
2026-07-17 16:51:35 | INFO     | trace_id=74cad455-5632-49c0-8b25-514336d4ba8c - Received request: POST /api/v1/chat
2026-07-17 16:51:35 | INFO     | trace_id=74cad455-5632-49c0-8b25-514336d4ba8c - Returned response: 200
2026-07-17 16:52:08 | INFO     | trace_id=b8558dc0-c0d3-486c-82f6-d85de92a28cc - Received request: GET /api/v1/history
2026-07-17 16:52:08 | INFO     | trace_id=b8558dc0-c0d3-486c-82f6-d85de92a28cc - Returned response: 200
2026-07-17 16:52:08 | INFO     | trace_id=a1908ffa-f16d-4ef0-a225-3e5c05965bc7 - Received request: GET /api/v1/practice/history
2026-07-17 16:52:08 | INFO     | trace_id=a1908ffa-f16d-4ef0-a225-3e5c05965bc7 - Returned response: 200
2026-07-17 16:52:08 | INFO     | trace_id=4ea18653-1e1c-4d26-a2c4-31b5f09fc767 - Received request: GET /api/v1/trend
2026-07-17 16:52:08 | INFO     | trace_id=4ea18653-1e1c-4d26-a2c4-31b5f09fc767 - Returned response: 200
2026-07-17 17:15:59 | INFO     | trace_id=737efeb6-7e87-4bd6-86cd-6564f761501d - Received request: GET /api/v1/feynman/progress
2026-07-17 17:15:59 | INFO     | trace_id=7dadbc89-e30c-4633-83bf-4178057af810 - Received request: GET /api/v1/pomodoro/stats
2026-07-17 17:16:00 | INFO     | trace_id=737efeb6-7e87-4bd6-86cd-6564f761501d - Returned response: 200
2026-07-17 17:16:00 | INFO     | trace_id=53f916c4-a98a-4309-8232-669a0f078b6d - Received request: GET /api/v1/feynman/progress
2026-07-17 17:16:00 | INFO     | trace_id=53f916c4-a98a-4309-8232-669a0f078b6d - Returned response: 200
2026-07-17 17:16:00 | INFO     | trace_id=7dadbc89-e30c-4633-83bf-4178057af810 - Returned response: 200
2026-07-17 17:16:00 | INFO     | trace_id=f3df8ae8-3057-4fa7-84ed-df1e82f41769 - Received request: GET /api/v1/pomodoro/stats
2026-07-17 17:16:00 | INFO     | trace_id=f3df8ae8-3057-4fa7-84ed-df1e82f41769 - Returned response: 200
2026-07-20 10:00:23 | INFO     | trace_id=debc6a7b-ef89-4965-8de9-d74e26498d5c - Received request: GET /api/v1/feynman/progress
2026-07-20 10:00:23 | INFO     | trace_id=debc6a7b-ef89-4965-8de9-d74e26498d5c - Returned response: 200
2026-07-20 10:00:23 | INFO     | trace_id=01361c5b-6973-4a15-aea3-175c4eb65296 - Received request: GET /api/v1/pomodoro/stats
2026-07-20 10:00:23 | INFO     | trace_id=ebbc1130-83b6-4667-b733-6d9404a322a9 - Received request: GET /api/v1/exam-papers
2026-07-20 10:00:24 | INFO     | trace_id=ebbc1130-83b6-4667-b733-6d9404a322a9 - Returned response: 200
2026-07-20 10:00:24 | INFO     | trace_id=63b6e86e-10ea-4b16-b77e-7e8325af8729 - Received request: GET /api/v1/feynman/progress
2026-07-20 10:00:24 | INFO     | trace_id=01361c5b-6973-4a15-aea3-175c4eb65296 - Returned response: 200
2026-07-20 10:00:24 | INFO     | trace_id=63b6e86e-10ea-4b16-b77e-7e8325af8729 - Returned response: 200
2026-07-20 10:00:24 | INFO     | trace_id=2f6cd9a4-eb32-45c9-8af0-3cc91818116c - Received request: GET /api/v1/pomodoro/stats
2026-07-20 10:00:24 | INFO     | trace_id=2f6cd9a4-eb32-45c9-8af0-3cc91818116c - Returned response: 200
2026-07-20 10:00:27 | INFO     | trace_id=d5e04244-fa50-46dc-bf27-c6e12a4bb7d0 - Received request: GET /api/v1/admin/prewarm/status
2026-07-20 10:00:27 | INFO     | trace_id=a9ef288d-bb69-4f5b-9d3f-ffa30a992047 - Received request: GET /api/v1/admin/personas
2026-07-20 10:00:27 | INFO     | trace_id=d5e04244-fa50-46dc-bf27-c6e12a4bb7d0 - Returned response: 200
2026-07-20 10:00:27 | INFO     | trace_id=91255972-b506-4324-9b83-7169650e1717 - Received request: GET /api/v1/admin/prewarm/status
2026-07-20 10:00:27 | INFO     | trace_id=91255972-b506-4324-9b83-7169650e1717 - Returned response: 200
2026-07-20 10:00:27 | INFO     | trace_id=a9ef288d-bb69-4f5b-9d3f-ffa30a992047 - Returned response: 200
2026-07-20 10:00:27 | INFO     | trace_id=ce68ad48-e1f0-4072-b769-f149ea7aa532 - Received request: GET /api/v1/admin/personas
2026-07-20 10:00:27 | INFO     | trace_id=ce68ad48-e1f0-4072-b769-f149ea7aa532 - Returned response: 200
2026-07-20 10:02:02 | INFO     | trace_id=25e372bb-e10d-46ef-9188-cf387d951ff9 - Received request: GET /api/v1/admin/questions
2026-07-20 10:02:02 | INFO     | trace_id=25e372bb-e10d-46ef-9188-cf387d951ff9 - Returned response: 200
2026-07-20 10:02:04 | INFO     | trace_id=84f6caaa-0566-4241-b6e3-bc21640c13ec - Received request: GET /api/v1/admin/prewarm/status
2026-07-20 10:02:04 | INFO     | trace_id=0dec0552-fddc-4aef-91f2-6a2081be4e2f - Received request: GET /api/v1/admin/personas
2026-07-20 10:02:04 | INFO     | trace_id=84f6caaa-0566-4241-b6e3-bc21640c13ec - Returned response: 200
2026-07-20 10:02:04 | INFO     | trace_id=08ceb747-0f82-4321-953f-f7f4bee85f37 - Received request: GET /api/v1/admin/prewarm/status
2026-07-20 10:02:04 | INFO     | trace_id=0dec0552-fddc-4aef-91f2-6a2081be4e2f - Returned response: 200
2026-07-20 10:02:04 | INFO     | trace_id=08ceb747-0f82-4321-953f-f7f4bee85f37 - Returned response: 200
2026-07-20 10:02:04 | INFO     | trace_id=67ccc37f-1073-4f2f-8acd-809d8441b4da - Received request: GET /api/v1/admin/personas
2026-07-20 10:02:04 | INFO     | trace_id=67ccc37f-1073-4f2f-8acd-809d8441b4da - Returned response: 200
2026-07-20 10:02:06 | INFO     | trace_id=ece39e6f-aa5a-4f0c-9786-1547f348bf0c - Received request: GET /api/v1/feynman/progress
2026-07-20 10:02:06 | INFO     | trace_id=4dd417ef-174e-42b2-8d10-92219e407383 - Received request: GET /api/v1/pomodoro/stats
2026-07-20 10:02:06 | INFO     | trace_id=ece39e6f-aa5a-4f0c-9786-1547f348bf0c - Returned response: 200
2026-07-20 10:02:06 | INFO     | trace_id=0e71c471-c30b-4f52-a078-520043e17525 - Received request: GET /api/v1/feynman/progress
2026-07-20 10:02:06 | INFO     | trace_id=0e71c471-c30b-4f52-a078-520043e17525 - Returned response: 200
2026-07-20 10:02:06 | INFO     | trace_id=4dd417ef-174e-42b2-8d10-92219e407383 - Returned response: 200
2026-07-20 10:02:06 | INFO     | trace_id=c2f3e32f-55e9-4bb4-b646-bcc2afbacd49 - Received request: GET /api/v1/pomodoro/stats
2026-07-20 10:02:06 | INFO     | trace_id=c2f3e32f-55e9-4bb4-b646-bcc2afbacd49 - Returned response: 200
2026-07-20 10:04:09 | INFO     | trace_id=fd88fb11-67ed-460b-b3d2-148dd11b0663 - Received request: OPTIONS /api/v1/feynman/submit
2026-07-20 10:04:09 | INFO     | trace_id=fd88fb11-67ed-460b-b3d2-148dd11b0663 - Returned response: 200
2026-07-20 10:04:09 | INFO     | trace_id=97526186-bd52-4c00-83b0-adc35857e43a - Received request: POST /api/v1/feynman/submit
2026-07-20 10:04:37 | INFO     | trace_id=97526186-bd52-4c00-83b0-adc35857e43a - Returned response: 200
2026-07-20 10:04:37 | INFO     | trace_id=5d886290-21a3-4ca5-b301-acba79a0da89 - Received request: GET /api/v1/feynman/progress
2026-07-20 10:04:37 | INFO     | trace_id=5d886290-21a3-4ca5-b301-acba79a0da89 - Returned response: 200
2026-07-20 10:04:48 | INFO     | trace_id=19565d21-701b-43e9-bacd-b0d16353145a - Received request: GET /api/v1/practice/categories
2026-07-20 10:04:48 | INFO     | trace_id=002ae5b8-6cb5-4901-9585-182068541bfa - Received request: GET /api/v1/practice/recommended
2026-07-20 10:04:48 | INFO     | trace_id=19565d21-701b-43e9-bacd-b0d16353145a - Returned response: 200
2026-07-20 10:04:48 | INFO     | trace_id=002ae5b8-6cb5-4901-9585-182068541bfa - Returned response: 200
2026-07-20 10:04:54 | INFO     | trace_id=dad703f2-9192-41a4-bf32-49a88c79d204 - Received request: GET /api/v1/exam-papers
2026-07-20 10:04:54 | INFO     | trace_id=dad703f2-9192-41a4-bf32-49a88c79d204 - Returned response: 200
2026-07-20 10:04:59 | INFO     | trace_id=b466c79a-4710-412f-ac68-fcf81a348115 - Received request: OPTIONS /api/v1/dynamic-exam/start
2026-07-20 10:04:59 | INFO     | trace_id=b466c79a-4710-412f-ac68-fcf81a348115 - Returned response: 200
2026-07-20 10:04:59 | INFO     | trace_id=af1f9360-ab39-462f-97c2-1ddc6477fc76 - Received request: POST /api/v1/dynamic-exam/start
2026-07-20 10:05:48 | INFO     | trace_id=af1f9360-ab39-462f-97c2-1ddc6477fc76 - Returned response: 200
2026-07-20 10:10:35 | INFO     | trace_id=8d8b1734-f1ec-44fe-a52e-544ac80f15d7 - Received request: OPTIONS /api/v1/dynamic-exam/chat
2026-07-20 10:10:35 | INFO     | trace_id=8d8b1734-f1ec-44fe-a52e-544ac80f15d7 - Returned response: 200
2026-07-20 10:10:35 | INFO     | trace_id=a208e3fc-1f63-499f-bcd7-770fba39bd3c - Received request: POST /api/v1/dynamic-exam/chat
2026-07-20 10:11:08 | INFO     | trace_id=a208e3fc-1f63-499f-bcd7-770fba39bd3c - Returned response: 200
2026-07-20 10:12:22 | INFO     | trace_id=354d6e27-7042-469f-b45b-cb58ed05ef49 - Received request: POST /api/v1/dynamic-exam/chat
2026-07-20 10:12:58 | INFO     | trace_id=354d6e27-7042-469f-b45b-cb58ed05ef49 - Returned response: 200
2026-07-20 10:13:49 | INFO     | trace_id=991fb33d-70b6-4be2-9663-d754b16f863c - Received request: POST /api/v1/dynamic-exam/chat
2026-07-20 10:14:09 | INFO     | trace_id=991fb33d-70b6-4be2-9663-d754b16f863c - Returned response: 200
2026-07-20 10:16:56 | INFO     | trace_id=564339db-963f-482b-a068-9084f6d01291 - Received request: POST /api/v1/dynamic-exam/chat
2026-07-20 10:17:15 | INFO     | trace_id=564339db-963f-482b-a068-9084f6d01291 - Returned response: 200
2026-07-20 10:19:10 | INFO     | trace_id=81ecfafd-4741-49e5-86e0-428abba25eaa - Received request: POST /api/v1/dynamic-exam/chat
2026-07-20 10:19:43 | INFO     | trace_id=81ecfafd-4741-49e5-86e0-428abba25eaa - Returned response: 200
2026-07-20 10:20:43 | INFO     | trace_id=35879c78-0310-454c-8303-c6b8530d225f - Received request: OPTIONS /api/v1/dynamic-exam/chat
2026-07-20 10:20:43 | INFO     | trace_id=35879c78-0310-454c-8303-c6b8530d225f - Returned response: 200
2026-07-20 10:20:43 | INFO     | trace_id=80c4c032-480b-4fad-8a8d-d542ef45bd11 - Received request: POST /api/v1/dynamic-exam/chat
2026-07-20 10:21:26 | INFO     | trace_id=80c4c032-480b-4fad-8a8d-d542ef45bd11 - Returned response: 200
2026-07-20 10:21:26 | INFO     | trace_id=d2b75e3c-9e1d-477c-b85e-0483d3eadd25 - Received request: OPTIONS /api/v1/dynamic-exam/end
2026-07-20 10:21:26 | INFO     | trace_id=d2b75e3c-9e1d-477c-b85e-0483d3eadd25 - Returned response: 200
2026-07-20 10:21:26 | INFO     | trace_id=5154b596-70a9-495f-b2a3-5b42778be171 - Received request: POST /api/v1/dynamic-exam/end
2026-07-20 10:21:26 | INFO     | trace_id=5154b596-70a9-495f-b2a3-5b42778be171 - Returned response: 200
2026-07-20 10:24:08 | INFO     | trace_id=08cef888-37fc-40bf-8d48-44a7b4fb72c9 - Received request: POST /api/v1/study/qa
2026-07-20 10:24:08 | INFO     | trace_id=08cef888-37fc-40bf-8d48-44a7b4fb72c9 - Returned response: 404
2026-07-20 10:25:07 | INFO     | trace_id=29bdb327-283a-40a7-b40f-d3d6aff1e032 - Received request: POST /api/v1/chat
2026-07-20 10:25:07 | INFO     | trace_id=29bdb327-283a-40a7-b40f-d3d6aff1e032 - Returned response: 200
2026-07-20 10:25:49 | INFO     | trace_id=9146ba52-3136-4efb-b75b-2ed0567053e3 - Received request: POST /api/v1/chat
2026-07-20 10:25:49 | INFO     | trace_id=9146ba52-3136-4efb-b75b-2ed0567053e3 - Returned response: 200
2026-07-20 10:26:32 | INFO     | trace_id=24a00f36-e559-4071-b648-d8e54d2343b2 - Received request: POST /api/v1/chat
2026-07-20 10:26:32 | INFO     | trace_id=24a00f36-e559-4071-b648-d8e54d2343b2 - Returned response: 200
2026-07-20 10:27:11 | INFO     | trace_id=21949bbe-6c9e-40bc-b6e6-0c3c58b3a07e - Received request: POST /api/v1/chat
2026-07-20 10:27:11 | INFO     | trace_id=21949bbe-6c9e-40bc-b6e6-0c3c58b3a07e - Returned response: 200
2026-07-20 10:28:26 | INFO     | trace_id=005b13a7-256a-430b-b577-23281781bfe0 - Received request: POST /api/v1/chat
2026-07-20 10:28:26 | INFO     | trace_id=005b13a7-256a-430b-b577-23281781bfe0 - Returned response: 200
2026-07-20 10:29:34 | INFO     | trace_id=e67b4f23-73c0-4823-9ac2-375039d99038 - Received request: POST /api/v1/chat
2026-07-20 10:29:34 | INFO     | trace_id=e67b4f23-73c0-4823-9ac2-375039d99038 - Returned response: 200
2026-07-20 10:30:47 | INFO     | trace_id=26c85135-0b48-45c2-80cb-b791748b5200 - Received request: GET /api/v1/feynman/progress
2026-07-20 10:30:47 | INFO     | trace_id=87ad1a28-388d-4bc2-8b4e-658cc7a97b63 - Received request: GET /api/v1/pomodoro/stats
2026-07-20 10:30:47 | INFO     | trace_id=26c85135-0b48-45c2-80cb-b791748b5200 - Returned response: 200
2026-07-20 10:30:47 | INFO     | trace_id=52f25f84-ee51-4717-8ec4-37d0be94daae - Received request: GET /api/v1/feynman/progress
2026-07-20 10:30:47 | INFO     | trace_id=52f25f84-ee51-4717-8ec4-37d0be94daae - Returned response: 200
2026-07-20 10:30:47 | INFO     | trace_id=87ad1a28-388d-4bc2-8b4e-658cc7a97b63 - Returned response: 200
2026-07-20 10:30:47 | INFO     | trace_id=9782e951-34db-45a7-adbd-cfe2704648ae - Received request: GET /api/v1/pomodoro/stats
2026-07-20 10:30:47 | INFO     | trace_id=9782e951-34db-45a7-adbd-cfe2704648ae - Returned response: 200
2026-07-20 10:31:41 | INFO     | trace_id=41af3c7f-1a45-49df-8eb9-590be305967e - Received request: OPTIONS /api/v1/chat
2026-07-20 10:31:41 | INFO     | trace_id=41af3c7f-1a45-49df-8eb9-590be305967e - Returned response: 200
2026-07-20 10:31:41 | INFO     | trace_id=215df92a-78be-449d-85b0-7403017a3725 - Received request: POST /api/v1/chat
2026-07-20 10:31:41 | INFO     | trace_id=215df92a-78be-449d-85b0-7403017a3725 - Returned response: 200
2026-07-20 10:34:00 | INFO     | trace_id=a8ee2bbd-10a9-4adb-993d-01f08eca1cfd - Received request: GET /api/v1/practice/categories
2026-07-20 10:34:00 | INFO     | trace_id=ef4282e1-2011-47fb-b2f2-018c7cc1bf5c - Received request: GET /api/v1/practice/recommended
2026-07-20 10:34:01 | INFO     | trace_id=ef4282e1-2011-47fb-b2f2-018c7cc1bf5c - Returned response: 200
2026-07-20 10:34:01 | INFO     | trace_id=a8ee2bbd-10a9-4adb-993d-01f08eca1cfd - Returned response: 200
2026-07-20 10:34:01 | INFO     | trace_id=2d1a98d4-aa7f-453c-9ee8-1d8fd10c0593 - Received request: GET /api/v1/exam-papers
2026-07-20 10:34:01 | INFO     | trace_id=2d1a98d4-aa7f-453c-9ee8-1d8fd10c0593 - Returned response: 200
2026-07-20 10:34:02 | INFO     | trace_id=634389db-596b-4df2-aade-5029cc8f0607 - Received request: GET /api/v1/practice/recommended
2026-07-20 10:34:02 | INFO     | trace_id=634389db-596b-4df2-aade-5029cc8f0607 - Returned response: 200
2026-07-20 10:38:53 | INFO     | trace_id=c8b0cb79-4fb0-4cb3-bfcb-4e0063d169dc - Received request: POST /api/v1/chat
2026-07-20 10:38:53 | INFO     | trace_id=c8b0cb79-4fb0-4cb3-bfcb-4e0063d169dc - Returned response: 200
2026-07-20 10:39:17 | INFO     | trace_id=be4b3014-8f12-42a9-bffe-2b97220d57b4 - Received request: GET /api/v1/exam-papers
2026-07-20 10:39:17 | INFO     | trace_id=be4b3014-8f12-42a9-bffe-2b97220d57b4 - Returned response: 200
2026-07-20 10:39:17 | INFO     | trace_id=babcb547-252f-4631-917f-331da7fe0c85 - Received request: GET /api/v1/history
2026-07-20 10:39:17 | INFO     | trace_id=babcb547-252f-4631-917f-331da7fe0c85 - Returned response: 200
2026-07-20 10:39:17 | INFO     | trace_id=b50e9e88-e1d8-4fcf-8e1b-dec13da2d314 - Received request: GET /api/v1/practice/history
2026-07-20 10:39:17 | INFO     | trace_id=b50e9e88-e1d8-4fcf-8e1b-dec13da2d314 - Returned response: 200
2026-07-20 10:39:17 | INFO     | trace_id=870be09f-4535-4ecd-a2e5-ef3921da5cbd - Received request: GET /api/v1/trend
2026-07-20 10:39:17 | INFO     | trace_id=870be09f-4535-4ecd-a2e5-ef3921da5cbd - Returned response: 200
2026-07-20 10:39:34 | INFO     | trace_id=27446303-04d6-48cc-9a19-30ab360f569d - Received request: GET /api/v1/admin/prewarm/status
2026-07-20 10:39:34 | INFO     | trace_id=b78cff6d-665c-43a1-b938-01720517c210 - Received request: GET /api/v1/admin/personas
2026-07-20 10:39:34 | INFO     | trace_id=27446303-04d6-48cc-9a19-30ab360f569d - Returned response: 200
2026-07-20 10:39:34 | INFO     | trace_id=b78cff6d-665c-43a1-b938-01720517c210 - Returned response: 200
2026-07-20 10:39:34 | INFO     | trace_id=de3086d2-a558-486e-a847-a8c784d1bb6a - Received request: GET /api/v1/admin/prewarm/status
2026-07-20 10:39:34 | INFO     | trace_id=de3086d2-a558-486e-a847-a8c784d1bb6a - Returned response: 200
2026-07-20 10:39:34 | INFO     | trace_id=ef2e6f22-7deb-4a02-b501-a158c0708d43 - Received request: GET /api/v1/admin/personas
2026-07-20 10:39:34 | INFO     | trace_id=ef2e6f22-7deb-4a02-b501-a158c0708d43 - Returned response: 200
2026-07-20 10:39:36 | INFO     | trace_id=d1339c2a-a4f4-4b1f-8ec2-7e40fdc9d6a4 - Received request: GET /api/v1/admin/questions
2026-07-20 10:39:36 | INFO     | trace_id=d1339c2a-a4f4-4b1f-8ec2-7e40fdc9d6a4 - Returned response: 200
2026-07-20 10:39:47 | INFO     | trace_id=ca5ed746-efdc-4f0c-9dc0-01a55b62580a - Received request: GET /api/v1/admin/dashboard/stats
2026-07-20 10:39:47 | INFO     | trace_id=ca5ed746-efdc-4f0c-9dc0-01a55b62580a - Returned response: 200
2026-07-20 10:39:54 | INFO     | trace_id=e5350c3f-4f2d-4203-a8d1-b72ca3ae08ff - Received request: GET /api/v1/admin/weaknesses/overview
2026-07-20 10:39:54 | INFO     | trace_id=e5350c3f-4f2d-4203-a8d1-b72ca3ae08ff - Returned response: 200
2026-07-20 10:40:04 | INFO     | trace_id=957439a3-c349-4036-891e-fde49be807ca - Received request: GET /api/v1/admin/project-scenarios
2026-07-20 10:40:04 | INFO     | trace_id=957439a3-c349-4036-891e-fde49be807ca - Returned response: 200
2026-07-20 10:40:04 | INFO     | trace_id=3207b9a3-9626-423e-a69d-dfb8e1db0121 - Received request: GET /api/v1/admin/project-scenarios
2026-07-20 10:40:04 | INFO     | trace_id=3207b9a3-9626-423e-a69d-dfb8e1db0121 - Returned response: 200
2026-07-20 10:40:14 | INFO     | trace_id=5dab04d2-34d8-46f0-bfb1-fb7abf0ccee8 - Received request: GET /api/v1/admin/weaknesses/overview
2026-07-20 10:40:14 | INFO     | trace_id=5dab04d2-34d8-46f0-bfb1-fb7abf0ccee8 - Returned response: 200
2026-07-20 10:40:15 | INFO     | trace_id=0e1580fe-cf21-454b-8ae8-2f1622773f8f - Received request: GET /api/v1/admin/exam-papers
2026-07-20 10:40:15 | INFO     | trace_id=0e1580fe-cf21-454b-8ae8-2f1622773f8f - Returned response: 200
2026-07-20 10:40:15 | INFO     | trace_id=afeaf02b-c86e-4e14-961b-bbcef1e96c4c - Received request: GET /api/v1/admin/personas
2026-07-20 10:40:15 | INFO     | trace_id=afeaf02b-c86e-4e14-961b-bbcef1e96c4c - Returned response: 200
2026-07-20 10:40:16 | INFO     | trace_id=4988c030-32aa-4209-8618-a03199ef0050 - Received request: GET /api/v1/admin/dashboard/stats
2026-07-20 10:40:16 | INFO     | trace_id=4988c030-32aa-4209-8618-a03199ef0050 - Returned response: 200
2026-07-20 10:40:20 | INFO     | trace_id=21a4ef40-2fd5-45f8-86d5-a2b41f4cee48 - Received request: GET /api/v1/admin/questions
2026-07-20 10:40:20 | INFO     | trace_id=21a4ef40-2fd5-45f8-86d5-a2b41f4cee48 - Returned response: 200
2026-07-20 10:40:21 | INFO     | trace_id=f07c68b5-f6d4-47d3-9058-9742dc0d8740 - Received request: GET /api/v1/admin/personas
2026-07-20 10:40:21 | INFO     | trace_id=f07c68b5-f6d4-47d3-9058-9742dc0d8740 - Returned response: 200
2026-07-20 10:51:23 | INFO     | trace_id=2aeb4edb-807e-4a18-aeef-0a4a6c995283 - Received request: GET /api/v1/feynman/progress
2026-07-20 10:51:23 | INFO     | trace_id=545c7fdf-b931-4cbf-8ad0-ee1dd72d7259 - Received request: GET /api/v1/pomodoro/stats
2026-07-20 10:51:23 | INFO     | trace_id=2aeb4edb-807e-4a18-aeef-0a4a6c995283 - Returned response: 200
2026-07-20 10:51:23 | INFO     | trace_id=5aecc0ac-8565-4e98-8e4b-2bf61c29f74d - Received request: GET /api/v1/feynman/progress
2026-07-20 10:51:23 | INFO     | trace_id=545c7fdf-b931-4cbf-8ad0-ee1dd72d7259 - Returned response: 200
2026-07-20 10:51:23 | INFO     | trace_id=e44b3eb6-f90c-42f1-a464-47d87ba92a94 - Received request: GET /api/v1/pomodoro/stats
2026-07-20 10:51:23 | INFO     | trace_id=e44b3eb6-f90c-42f1-a464-47d87ba92a94 - Returned response: 200
2026-07-20 10:51:23 | INFO     | trace_id=5aecc0ac-8565-4e98-8e4b-2bf61c29f74d - Returned response: 200
2026-07-20 10:51:24 | INFO     | trace_id=0f1f482e-a41a-48f0-8506-af3d5d5dc2d5 - Received request: GET /api/v1/admin/prewarm/status
2026-07-20 10:51:24 | INFO     | trace_id=1b94d9bf-651d-4faa-a4d2-1083789da3e1 - Received request: GET /api/v1/admin/personas
2026-07-20 10:51:24 | INFO     | trace_id=0f1f482e-a41a-48f0-8506-af3d5d5dc2d5 - Returned response: 200
2026-07-20 10:51:24 | INFO     | trace_id=ff8ad980-82cd-4143-a489-0fd749402c14 - Received request: GET /api/v1/admin/prewarm/status
2026-07-20 10:51:24 | INFO     | trace_id=1b94d9bf-651d-4faa-a4d2-1083789da3e1 - Returned response: 200
2026-07-20 10:51:24 | INFO     | trace_id=ff8ad980-82cd-4143-a489-0fd749402c14 - Returned response: 200
2026-07-20 10:51:24 | INFO     | trace_id=12d562f0-2be6-4910-8712-594b150ab38d - Received request: GET /api/v1/admin/personas
2026-07-20 10:51:24 | INFO     | trace_id=12d562f0-2be6-4910-8712-594b150ab38d - Returned response: 200
2026-07-20 10:51:28 | INFO     | trace_id=e12cc92c-ac22-4f2e-b0b1-08f29f34ea47 - Received request: GET /api/v1/admin/questions
2026-07-20 10:51:28 | INFO     | trace_id=e12cc92c-ac22-4f2e-b0b1-08f29f34ea47 - Returned response: 200
2026-07-20 10:51:29 | INFO     | trace_id=f722cbb9-0c32-4de6-9667-9190a767bf29 - Received request: GET /api/v1/admin/personas
2026-07-20 10:51:29 | INFO     | trace_id=f722cbb9-0c32-4de6-9667-9190a767bf29 - Returned response: 200
2026-07-20 10:51:34 | INFO     | trace_id=016edafa-cd8d-438f-ada5-90e88ec35ea9 - Received request: POST /api/v1/admin/builder/upload
2026-07-20 10:51:34 | INFO     | trace_id=016edafa-cd8d-438f-ada5-90e88ec35ea9 - Returned response: 200
2026-07-20 10:51:39 | INFO     | trace_id=a1941fb9-a926-453e-9da0-790ebc62c20b - Received request: GET /api/v1/feynman/progress
2026-07-20 10:51:39 | INFO     | trace_id=15fbcbef-8fe2-4b65-9ffe-39658e0b0e23 - Received request: GET /api/v1/pomodoro/stats
2026-07-20 10:51:39 | INFO     | trace_id=15fbcbef-8fe2-4b65-9ffe-39658e0b0e23 - Returned response: 200
2026-07-20 10:51:39 | INFO     | trace_id=2e1266bf-1e5b-46b1-a084-dc4a0b22dabf - Received request: GET /api/v1/pomodoro/stats
2026-07-20 10:51:39 | INFO     | trace_id=a1941fb9-a926-453e-9da0-790ebc62c20b - Returned response: 200
2026-07-20 10:51:39 | INFO     | trace_id=aa8f22df-7d75-43fa-8de3-0ea60b76cd83 - Received request: GET /api/v1/feynman/progress
2026-07-20 10:51:39 | INFO     | trace_id=aa8f22df-7d75-43fa-8de3-0ea60b76cd83 - Returned response: 200
2026-07-20 10:51:39 | INFO     | trace_id=2e1266bf-1e5b-46b1-a084-dc4a0b22dabf - Returned response: 200
2026-07-20 10:51:42 | INFO     | trace_id=fdc5635f-62f2-45a0-8292-156aad1f14a0 - Received request: GET /api/v1/practice/categories
2026-07-20 10:51:42 | INFO     | trace_id=83975b36-76f5-41db-a691-0e57bb614e1b - Received request: GET /api/v1/practice/recommended
2026-07-20 10:51:42 | INFO     | trace_id=fdc5635f-62f2-45a0-8292-156aad1f14a0 - Returned response: 200
2026-07-20 10:51:42 | INFO     | trace_id=83975b36-76f5-41db-a691-0e57bb614e1b - Returned response: 200
2026-07-20 10:51:44 | INFO     | trace_id=a001d06a-a286-4dd4-b88f-53c574053847 - Received request: OPTIONS /api/v1/practice/reverse-training
2026-07-20 10:51:44 | INFO     | trace_id=a001d06a-a286-4dd4-b88f-53c574053847 - Returned response: 200
2026-07-20 10:51:44 | INFO     | trace_id=b000bb29-6399-4e5c-aa29-dbedea7a204b - Received request: POST /api/v1/practice/reverse-training
2026-07-20 10:52:57 | INFO     | trace_id=b000bb29-6399-4e5c-aa29-dbedea7a204b - Returned response: 500
2026-07-20 10:53:09 | INFO     | trace_id=76423bdb-71b4-47ff-b629-6f724d727858 - Received request: POST /api/v1/exam/start
2026-07-20 10:53:09 | INFO     | trace_id=76423bdb-71b4-47ff-b629-6f724d727858 - Returned response: 404
2026-07-20 10:53:29 | INFO     | trace_id=fbf85a96-7568-4bc4-b5ef-a74cbcc6667d - Received request: POST /api/v1/dynamic-exam/start
2026-07-20 10:54:12 | INFO     | trace_id=fbf85a96-7568-4bc4-b5ef-a74cbcc6667d - Returned response: 200
2026-07-20 10:55:04 | INFO     | trace_id=995a0024-9a05-426a-992c-9206ec3e2021 - Received request: POST /api/v1/dynamic-exam/reply
2026-07-20 10:55:04 | INFO     | trace_id=995a0024-9a05-426a-992c-9206ec3e2021 - Returned response: 405
2026-07-20 10:55:21 | INFO     | trace_id=4cbc499d-89fe-44d4-8e6a-359aa8bb95c6 - Received request: GET /api/v1/feynman/progress
2026-07-20 10:55:21 | INFO     | trace_id=7d4dd0f5-ed6d-47e9-b2d7-e2b763332a01 - Received request: GET /api/v1/pomodoro/stats
2026-07-20 10:55:21 | INFO     | trace_id=4cbc499d-89fe-44d4-8e6a-359aa8bb95c6 - Returned response: 200
2026-07-20 10:55:21 | INFO     | trace_id=7d4dd0f5-ed6d-47e9-b2d7-e2b763332a01 - Returned response: 200
2026-07-20 10:55:22 | INFO     | trace_id=46de102a-7c65-448a-81b3-2b42acf73547 - Received request: GET /api/v1/practice/recommended
2026-07-20 10:55:22 | INFO     | trace_id=46de102a-7c65-448a-81b3-2b42acf73547 - Returned response: 200
2026-07-20 10:56:14 | INFO     | trace_id=0ee210e9-96ec-47d9-a3e5-1ab04f656d37 - Received request: POST /api/v1/dynamic-exam/chat
2026-07-20 10:56:14 | INFO     | trace_id=0ee210e9-96ec-47d9-a3e5-1ab04f656d37 - Returned response: 422
2026-07-20 10:56:47 | INFO     | trace_id=2ab0970a-b5fe-4094-9b4c-25144ef3e711 - Received request: GET /api/v1/exam-papers
2026-07-20 10:56:47 | INFO     | trace_id=2ab0970a-b5fe-4094-9b4c-25144ef3e711 - Returned response: 200
2026-07-20 10:56:50 | INFO     | trace_id=36068249-1643-4afa-9f1c-714bdcbbf51a - Received request: GET /api/v1/exam-papers
2026-07-20 10:56:50 | INFO     | trace_id=36068249-1643-4afa-9f1c-714bdcbbf51a - Returned response: 200
2026-07-20 10:56:50 | INFO     | trace_id=05104b39-c5d7-4084-8229-a65dbcd88cd6 - Received request: POST /api/v1/dynamic-exam/chat
2026-07-20 10:57:03 | INFO     | trace_id=05104b39-c5d7-4084-8229-a65dbcd88cd6 - Returned response: 200
2026-07-20 10:57:10 | INFO     | trace_id=ebdc91cb-1065-449e-9d9d-5f9313565e24 - Received request: GET /api/v1/feynman/progress
2026-07-20 10:57:10 | INFO     | trace_id=cb6d793b-f987-417e-afdd-f4b9dcb8b1fe - Received request: GET /api/v1/pomodoro/stats
2026-07-20 10:57:10 | INFO     | trace_id=ebdc91cb-1065-449e-9d9d-5f9313565e24 - Returned response: 200
2026-07-20 10:57:10 | INFO     | trace_id=1e6243a5-813f-4bce-9146-6f02cb63343d - Received request: GET /api/v1/feynman/progress
2026-07-20 10:57:10 | INFO     | trace_id=cb6d793b-f987-417e-afdd-f4b9dcb8b1fe - Returned response: 200
2026-07-20 10:57:10 | INFO     | trace_id=caad95e1-ebd0-4a10-be28-52786682cfea - Received request: GET /api/v1/pomodoro/stats
2026-07-20 10:57:10 | INFO     | trace_id=caad95e1-ebd0-4a10-be28-52786682cfea - Returned response: 200
2026-07-20 10:57:10 | INFO     | trace_id=1e6243a5-813f-4bce-9146-6f02cb63343d - Returned response: 200
2026-07-20 11:00:02 | INFO     | trace_id=3df04fd3-b7c4-4297-9c74-a35768a7a389 - Received request: GET /api/v1/feynman/progress
2026-07-20 11:00:02 | INFO     | trace_id=4a217d79-54ad-4c7d-9ce6-7c93ebac5f44 - Received request: GET /api/v1/pomodoro/stats
2026-07-20 11:00:02 | INFO     | trace_id=3df04fd3-b7c4-4297-9c74-a35768a7a389 - Returned response: 200
2026-07-20 11:00:03 | INFO     | trace_id=4a217d79-54ad-4c7d-9ce6-7c93ebac5f44 - Returned response: 200
2026-07-20 11:00:49 | INFO     | trace_id=cc443e9a-70eb-4f87-9b13-0cd504e215fc - Received request: GET /api/v1/feynman/progress
2026-07-20 11:00:49 | INFO     | trace_id=bbff9e6e-7239-48f2-85b7-6dca4cb5da3e - Received request: GET /api/v1/pomodoro/stats
2026-07-20 11:00:49 | INFO     | trace_id=cc443e9a-70eb-4f87-9b13-0cd504e215fc - Returned response: 200
2026-07-20 11:00:49 | INFO     | trace_id=bbff9e6e-7239-48f2-85b7-6dca4cb5da3e - Returned response: 200
2026-07-20 11:04:48 | INFO     | trace_id=ebc39315-f16c-4bc6-8ca9-629bc0b8505b - Received request: GET /api/v1/feynman/progress
2026-07-20 11:04:48 | INFO     | trace_id=fb067fd6-6f88-4bdc-91af-5d3b0f503ec3 - Received request: GET /api/v1/pomodoro/stats
2026-07-20 11:04:48 | INFO     | trace_id=ebc39315-f16c-4bc6-8ca9-629bc0b8505b - Returned response: 200
2026-07-20 11:04:48 | INFO     | trace_id=fd109aea-0ca6-4cff-9188-2f782ab6d00d - Received request: GET /api/v1/feynman/progress
2026-07-20 11:04:48 | INFO     | trace_id=fb067fd6-6f88-4bdc-91af-5d3b0f503ec3 - Returned response: 200
2026-07-20 11:04:48 | INFO     | trace_id=f9a3b922-c681-4a64-bae2-94133c0ae22f - Received request: GET /api/v1/pomodoro/stats
2026-07-20 11:04:48 | INFO     | trace_id=fd109aea-0ca6-4cff-9188-2f782ab6d00d - Returned response: 200
2026-07-20 11:04:48 | INFO     | trace_id=f9a3b922-c681-4a64-bae2-94133c0ae22f - Returned response: 200
2026-07-20 11:04:49 | INFO     | trace_id=9f1eb9bc-9575-4b02-b6cc-378b4a0e4c92 - Received request: GET /api/v1/exam-papers
2026-07-20 11:04:49 | INFO     | trace_id=9f1eb9bc-9575-4b02-b6cc-378b4a0e4c92 - Returned response: 200
2026-07-20 11:04:52 | INFO     | trace_id=86eb6472-5e71-4ba1-9cac-787a0229ad54 - Received request: GET /api/v1/exam-papers
2026-07-20 11:04:52 | INFO     | trace_id=86eb6472-5e71-4ba1-9cac-787a0229ad54 - Returned response: 200
2026-07-20 11:04:56 | INFO     | trace_id=9fe2e84b-d7e3-47a1-981f-9bf4c78dddf0 - Received request: GET /api/v1/feynman/progress
2026-07-20 11:04:56 | INFO     | trace_id=a97923f1-e233-479d-ad6a-d66c43b98442 - Received request: GET /api/v1/pomodoro/stats
2026-07-20 11:04:56 | INFO     | trace_id=9fe2e84b-d7e3-47a1-981f-9bf4c78dddf0 - Returned response: 200
2026-07-20 11:04:56 | INFO     | trace_id=c965e6eb-d96b-4d29-84bd-a8986c482a2e - Received request: GET /api/v1/feynman/progress
2026-07-20 11:04:56 | INFO     | trace_id=c965e6eb-d96b-4d29-84bd-a8986c482a2e - Returned response: 200
2026-07-20 11:04:56 | INFO     | trace_id=a97923f1-e233-479d-ad6a-d66c43b98442 - Returned response: 200
2026-07-20 11:04:56 | INFO     | trace_id=20b88b58-109b-4982-ac69-3c5c5c09877b - Received request: GET /api/v1/pomodoro/stats
2026-07-20 11:04:56 | INFO     | trace_id=20b88b58-109b-4982-ac69-3c5c5c09877b - Returned response: 200
2026-07-20 11:04:57 | INFO     | trace_id=b58c7b69-b6f6-412e-a75b-02da485fa900 - Received request: GET /api/v1/practice/categories
2026-07-20 11:04:57 | INFO     | trace_id=afe057ac-5648-45e6-8336-45a01dce203d - Received request: GET /api/v1/practice/recommended
2026-07-20 11:04:57 | INFO     | trace_id=b58c7b69-b6f6-412e-a75b-02da485fa900 - Returned response: 200
2026-07-20 11:04:57 | INFO     | trace_id=afe057ac-5648-45e6-8336-45a01dce203d - Returned response: 200
2026-07-20 11:05:03 | INFO     | trace_id=384678ca-4c35-4f02-b3ce-8a9e1047308b - Received request: GET /api/v1/feynman/progress
2026-07-20 11:05:03 | INFO     | trace_id=25143266-b1a1-42a0-89da-09e07143567f - Received request: GET /api/v1/pomodoro/stats
2026-07-20 11:05:03 | INFO     | trace_id=384678ca-4c35-4f02-b3ce-8a9e1047308b - Returned response: 200
2026-07-20 11:05:03 | INFO     | trace_id=25143266-b1a1-42a0-89da-09e07143567f - Returned response: 200
2026-07-20 11:05:03 | INFO     | trace_id=cceb1b0f-b94e-464d-a2d7-1b311c3f2e9d - Received request: GET /api/v1/practice/recommended
2026-07-20 11:05:03 | INFO     | trace_id=cceb1b0f-b94e-464d-a2d7-1b311c3f2e9d - Returned response: 200
2026-07-20 11:05:04 | INFO     | trace_id=33cb0175-63de-4ed0-acc4-0adf5175171c - Received request: GET /api/v1/admin/prewarm/status
2026-07-20 11:05:04 | INFO     | trace_id=0789526e-590b-482c-95a5-1100222cd746 - Received request: GET /api/v1/admin/personas
2026-07-20 11:05:04 | INFO     | trace_id=33cb0175-63de-4ed0-acc4-0adf5175171c - Returned response: 200
2026-07-20 11:05:04 | INFO     | trace_id=0789526e-590b-482c-95a5-1100222cd746 - Returned response: 200
2026-07-20 11:05:04 | INFO     | trace_id=89a35703-395e-4ec3-9ac2-ce17098c7f17 - Received request: GET /api/v1/admin/prewarm/status
2026-07-20 11:05:04 | INFO     | trace_id=2d433beb-f883-49ab-934b-d6ae6874d50d - Received request: GET /api/v1/admin/personas
2026-07-20 11:05:04 | INFO     | trace_id=89a35703-395e-4ec3-9ac2-ce17098c7f17 - Returned response: 200
2026-07-20 11:05:04 | INFO     | trace_id=2d433beb-f883-49ab-934b-d6ae6874d50d - Returned response: 200
2026-07-20 11:05:05 | INFO     | trace_id=fe274086-c930-4deb-a2bb-3da924a13254 - Received request: GET /api/v1/admin/prewarm/status
2026-07-20 11:05:05 | INFO     | trace_id=afe9eaf9-cc37-49ce-8d82-4704aed891f4 - Received request: GET /api/v1/admin/personas
2026-07-20 11:05:05 | INFO     | trace_id=fe274086-c930-4deb-a2bb-3da924a13254 - Returned response: 200
2026-07-20 11:05:05 | INFO     | trace_id=7416ad98-5ee6-40a5-b9fb-5d31d11aa552 - Received request: GET /api/v1/admin/prewarm/status
2026-07-20 11:05:05 | INFO     | trace_id=afe9eaf9-cc37-49ce-8d82-4704aed891f4 - Returned response: 200
2026-07-20 11:05:05 | INFO     | trace_id=7416ad98-5ee6-40a5-b9fb-5d31d11aa552 - Returned response: 200
2026-07-20 11:05:05 | INFO     | trace_id=18a5b302-3b05-4d0b-99a1-ad1aa78c115c - Received request: GET /api/v1/admin/personas
2026-07-20 11:05:05 | INFO     | trace_id=18a5b302-3b05-4d0b-99a1-ad1aa78c115c - Returned response: 200
2026-07-20 11:05:06 | INFO     | trace_id=5d378541-1acb-4ecb-bb46-648f7842e167 - Received request: GET /api/v1/admin/prewarm/status
2026-07-20 11:05:06 | INFO     | trace_id=366866fc-c1eb-4b06-8dfd-4ff5147338f3 - Received request: GET /api/v1/admin/personas
2026-07-20 11:05:06 | INFO     | trace_id=5d378541-1acb-4ecb-bb46-648f7842e167 - Returned response: 200
2026-07-20 11:05:06 | INFO     | trace_id=bbd8445a-3212-4f72-91e4-8340f7bea66c - Received request: GET /api/v1/admin/prewarm/status
2026-07-20 11:05:06 | INFO     | trace_id=366866fc-c1eb-4b06-8dfd-4ff5147338f3 - Returned response: 200
2026-07-20 11:05:06 | INFO     | trace_id=bbd8445a-3212-4f72-91e4-8340f7bea66c - Returned response: 200
2026-07-20 11:05:06 | INFO     | trace_id=f62e073b-9fd7-4b13-8a1d-16031a8e31cb - Received request: GET /api/v1/admin/personas
2026-07-20 11:05:06 | INFO     | trace_id=f62e073b-9fd7-4b13-8a1d-16031a8e31cb - Returned response: 200
2026-07-20 11:05:11 | INFO     | trace_id=ebcb7497-4353-4025-bbcf-a81049bfd184 - Received request: GET /api/v1/feynman/progress
2026-07-20 11:05:11 | INFO     | trace_id=3c280232-721a-4fc9-8786-aab386d598d1 - Received request: GET /api/v1/pomodoro/stats
2026-07-20 11:05:11 | INFO     | trace_id=ebcb7497-4353-4025-bbcf-a81049bfd184 - Returned response: 200
2026-07-20 11:05:11 | INFO     | trace_id=b790c611-71a0-4ec5-8ec6-f3cb36419452 - Received request: GET /api/v1/feynman/progress
2026-07-20 11:05:11 | INFO     | trace_id=b790c611-71a0-4ec5-8ec6-f3cb36419452 - Returned response: 200
2026-07-20 11:05:11 | INFO     | trace_id=3c280232-721a-4fc9-8786-aab386d598d1 - Returned response: 200
2026-07-20 11:05:11 | INFO     | trace_id=fd4ff2f1-10b4-421e-8741-7a27f7e7f7bc - Received request: GET /api/v1/pomodoro/stats
2026-07-20 11:05:11 | INFO     | trace_id=fd4ff2f1-10b4-421e-8741-7a27f7e7f7bc - Returned response: 200
2026-07-20 11:05:32 | INFO     | trace_id=485b7c4e-f0f6-413f-9546-bb02adeaa0a5 - Received request: GET /api/v1/feynman/progress
2026-07-20 11:05:32 | INFO     | trace_id=5de0ddce-cc6e-4c37-a7de-84e71b34a68f - Received request: GET /api/v1/pomodoro/stats
2026-07-20 11:05:32 | INFO     | trace_id=485b7c4e-f0f6-413f-9546-bb02adeaa0a5 - Returned response: 200
2026-07-20 11:05:32 | INFO     | trace_id=71de66dc-bbc9-4556-9970-70b69b9962cc - Received request: GET /api/v1/feynman/progress
2026-07-20 11:05:32 | INFO     | trace_id=71de66dc-bbc9-4556-9970-70b69b9962cc - Returned response: 200
2026-07-20 11:05:32 | INFO     | trace_id=5de0ddce-cc6e-4c37-a7de-84e71b34a68f - Returned response: 200
2026-07-20 11:05:32 | INFO     | trace_id=420385ec-047d-4e42-ba91-b81cdba8dcd0 - Received request: GET /api/v1/pomodoro/stats
2026-07-20 11:05:32 | INFO     | trace_id=420385ec-047d-4e42-ba91-b81cdba8dcd0 - Returned response: 200
2026-07-20 11:05:33 | INFO     | trace_id=48060eb7-90f1-4f25-9ad7-64783337fc8c - Received request: GET /api/v1/practice/categories
2026-07-20 11:05:33 | INFO     | trace_id=2b2a662b-a786-4585-a90a-2f4fa55ec215 - Received request: GET /api/v1/practice/recommended
2026-07-20 11:05:33 | INFO     | trace_id=2b2a662b-a786-4585-a90a-2f4fa55ec215 - Returned response: 200
2026-07-20 11:05:33 | INFO     | trace_id=48060eb7-90f1-4f25-9ad7-64783337fc8c - Returned response: 200
2026-07-20 11:05:34 | INFO     | trace_id=a420714b-244e-4ec9-bb86-6dadf759e8fc - Received request: OPTIONS /api/v1/practice/reverse-training
2026-07-20 11:05:34 | INFO     | trace_id=a420714b-244e-4ec9-bb86-6dadf759e8fc - Returned response: 200
2026-07-20 11:05:34 | INFO     | trace_id=fffd9ca5-46a7-4d91-8d0c-8b78522b4049 - Received request: POST /api/v1/practice/reverse-training
2026-07-20 11:05:59 | INFO     | trace_id=fffd9ca5-46a7-4d91-8d0c-8b78522b4049 - Returned response: 200
2026-07-20 11:05:59 | INFO     | trace_id=631cf849-778b-4610-87ff-e117dbbbc261 - Received request: GET /api/v1/practice/recommended
2026-07-20 11:05:59 | INFO     | trace_id=631cf849-778b-4610-87ff-e117dbbbc261 - Returned response: 200
2026-07-20 11:06:09 | INFO     | trace_id=de65884c-b414-4694-aa5d-ad9673f64947 - Received request: GET /api/v1/feynman/progress
2026-07-20 11:06:09 | INFO     | trace_id=d999b3a3-7372-4ffc-af68-5b9312895f8b - Received request: GET /api/v1/pomodoro/stats
2026-07-20 11:06:09 | INFO     | trace_id=de65884c-b414-4694-aa5d-ad9673f64947 - Returned response: 200
2026-07-20 11:06:09 | INFO     | trace_id=79e1cbd7-3f78-47ab-aa4a-341263a0862b - Received request: GET /api/v1/feynman/progress
2026-07-20 11:06:09 | INFO     | trace_id=d999b3a3-7372-4ffc-af68-5b9312895f8b - Returned response: 200
2026-07-20 11:06:09 | INFO     | trace_id=a73c02a8-3352-4eaf-b27e-b0715b666e52 - Received request: GET /api/v1/pomodoro/stats
2026-07-20 11:06:09 | INFO     | trace_id=79e1cbd7-3f78-47ab-aa4a-341263a0862b - Returned response: 200
2026-07-20 11:06:09 | INFO     | trace_id=a73c02a8-3352-4eaf-b27e-b0715b666e52 - Returned response: 200
2026-07-20 11:06:10 | INFO     | trace_id=aa3639b7-c23c-4ab3-9abd-baf885cc38c7 - Received request: GET /api/v1/practice/categories
2026-07-20 11:06:10 | INFO     | trace_id=95e5f687-3c8d-44c2-9f52-447ab3469bc3 - Received request: GET /api/v1/practice/recommended
2026-07-20 11:06:10 | INFO     | trace_id=aa3639b7-c23c-4ab3-9abd-baf885cc38c7 - Returned response: 200
2026-07-20 11:06:10 | INFO     | trace_id=95e5f687-3c8d-44c2-9f52-447ab3469bc3 - Returned response: 200
2026-07-20 11:06:11 | INFO     | trace_id=3234b4b0-6ab2-4123-8e6b-8f36c3a859ba - Received request: GET /api/v1/exam-papers
2026-07-20 11:06:11 | INFO     | trace_id=3234b4b0-6ab2-4123-8e6b-8f36c3a859ba - Returned response: 200
2026-07-20 11:06:12 | INFO     | trace_id=c4ffad22-8665-4185-a245-0137ed91892f - Received request: GET /api/v1/practice/recommended
2026-07-20 11:06:12 | INFO     | trace_id=c4ffad22-8665-4185-a245-0137ed91892f - Returned response: 200
2026-07-20 11:06:13 | INFO     | trace_id=93f72e30-a9cc-4e46-985d-b33b89e9bcbc - Received request: GET /api/v1/feynman/progress
2026-07-20 11:06:13 | INFO     | trace_id=63b7a767-cbd3-46bd-b0e8-394b31850278 - Received request: GET /api/v1/pomodoro/stats
2026-07-20 11:06:13 | INFO     | trace_id=93f72e30-a9cc-4e46-985d-b33b89e9bcbc - Returned response: 200
2026-07-20 11:06:13 | INFO     | trace_id=63b7a767-cbd3-46bd-b0e8-394b31850278 - Returned response: 200
2026-07-20 11:06:13 | INFO     | trace_id=1f957774-ed1a-462e-96a7-ffe6853d734f - Received request: GET /api/v1/practice/recommended
2026-07-20 11:06:13 | INFO     | trace_id=1f957774-ed1a-462e-96a7-ffe6853d734f - Returned response: 200
2026-07-20 11:06:14 | INFO     | trace_id=c5f9b6e6-3f96-4f8a-aeb1-f377a365f8a9 - Received request: GET /api/v1/feynman/progress
2026-07-20 11:06:14 | INFO     | trace_id=75495c2d-c2d7-4f2c-a479-a0505bb90983 - Received request: GET /api/v1/pomodoro/stats
2026-07-20 11:06:14 | INFO     | trace_id=c5f9b6e6-3f96-4f8a-aeb1-f377a365f8a9 - Returned response: 200
2026-07-20 11:06:14 | INFO     | trace_id=75495c2d-c2d7-4f2c-a479-a0505bb90983 - Returned response: 200
2026-07-20 11:06:18 | INFO     | trace_id=9bf97e20-0035-4122-ba9e-48d234bfeb7c - Received request: GET /api/v1/practice/recommended
2026-07-20 11:06:18 | INFO     | trace_id=9bf97e20-0035-4122-ba9e-48d234bfeb7c - Returned response: 200
2026-07-20 11:06:18 | INFO     | trace_id=b0a0a41b-8cea-4354-9a28-99a428d2c390 - Received request: GET /api/v1/admin/prewarm/status
2026-07-20 11:06:18 | INFO     | trace_id=79a62a0f-c600-4a20-831e-0a6c1cda5e3a - Received request: GET /api/v1/admin/personas
2026-07-20 11:06:18 | INFO     | trace_id=b0a0a41b-8cea-4354-9a28-99a428d2c390 - Returned response: 200
2026-07-20 11:06:18 | INFO     | trace_id=c932609e-cad0-4669-a57a-23546ef6dd9e - Received request: GET /api/v1/admin/prewarm/status
2026-07-20 11:06:18 | INFO     | trace_id=79a62a0f-c600-4a20-831e-0a6c1cda5e3a - Returned response: 200
2026-07-20 11:06:18 | INFO     | trace_id=c932609e-cad0-4669-a57a-23546ef6dd9e - Returned response: 200
2026-07-20 11:06:18 | INFO     | trace_id=d6b403b5-e4fb-455e-b8e9-fa34d1af9b6a - Received request: GET /api/v1/admin/personas
2026-07-20 11:06:18 | INFO     | trace_id=d6b403b5-e4fb-455e-b8e9-fa34d1af9b6a - Returned response: 200
2026-07-20 11:06:19 | INFO     | trace_id=9768a923-204e-4c76-88ba-7a0cdc548b2b - Received request: GET /api/v1/admin/questions
2026-07-20 11:06:19 | INFO     | trace_id=9768a923-204e-4c76-88ba-7a0cdc548b2b - Returned response: 200
2026-07-20 11:06:25 | INFO     | trace_id=91fbf010-bf17-41fd-bcc6-592ea2200ca8 - Received request: GET /api/v1/feynman/progress
2026-07-20 11:06:25 | INFO     | trace_id=36203e3a-a4b8-466f-a5e3-e78b873a02b8 - Received request: GET /api/v1/pomodoro/stats
2026-07-20 11:06:25 | INFO     | trace_id=91fbf010-bf17-41fd-bcc6-592ea2200ca8 - Returned response: 200
2026-07-20 11:06:25 | INFO     | trace_id=9860cd28-4c41-4162-9236-d8f086196202 - Received request: GET /api/v1/feynman/progress
2026-07-20 11:06:25 | INFO     | trace_id=9860cd28-4c41-4162-9236-d8f086196202 - Returned response: 200
2026-07-20 11:06:25 | INFO     | trace_id=36203e3a-a4b8-466f-a5e3-e78b873a02b8 - Returned response: 200
2026-07-20 11:06:25 | INFO     | trace_id=307ab586-ad58-4d22-9646-c8f602cb1234 - Received request: GET /api/v1/pomodoro/stats
2026-07-20 11:06:25 | INFO     | trace_id=307ab586-ad58-4d22-9646-c8f602cb1234 - Returned response: 200
2026-07-20 11:06:26 | INFO     | trace_id=77747e1f-8265-470a-a94b-8a2a7194ad0e - Received request: GET /api/v1/admin/prewarm/status
2026-07-20 11:06:26 | INFO     | trace_id=20a51c1f-22d3-4fd8-b4be-93a39f518a27 - Received request: GET /api/v1/admin/personas
2026-07-20 11:06:26 | INFO     | trace_id=77747e1f-8265-470a-a94b-8a2a7194ad0e - Returned response: 200
2026-07-20 11:06:26 | INFO     | trace_id=6afe9703-b150-4557-b4e6-bc7ad3135319 - Received request: GET /api/v1/admin/prewarm/status
2026-07-20 11:06:26 | INFO     | trace_id=20a51c1f-22d3-4fd8-b4be-93a39f518a27 - Returned response: 200
2026-07-20 11:06:26 | INFO     | trace_id=6afe9703-b150-4557-b4e6-bc7ad3135319 - Returned response: 200
2026-07-20 11:06:26 | INFO     | trace_id=fb3db17b-f7a6-4079-b41b-d25e9443cf30 - Received request: GET /api/v1/admin/personas
2026-07-20 11:06:26 | INFO     | trace_id=fb3db17b-f7a6-4079-b41b-d25e9443cf30 - Returned response: 200
2026-07-20 11:06:26 | INFO     | trace_id=57b27621-857a-4757-a1c6-77ae014921a2 - Received request: GET /api/v1/feynman/progress
2026-07-20 11:06:26 | INFO     | trace_id=5472e02d-5835-4bde-8857-5aea86a8dc25 - Received request: GET /api/v1/pomodoro/stats
2026-07-20 11:06:26 | INFO     | trace_id=57b27621-857a-4757-a1c6-77ae014921a2 - Returned response: 200
2026-07-20 11:06:26 | INFO     | trace_id=cd50bf83-310d-4d65-bfdc-de65fc3ed741 - Received request: GET /api/v1/feynman/progress
2026-07-20 11:06:26 | INFO     | trace_id=cd50bf83-310d-4d65-bfdc-de65fc3ed741 - Returned response: 200
2026-07-20 11:06:26 | INFO     | trace_id=5472e02d-5835-4bde-8857-5aea86a8dc25 - Returned response: 200
2026-07-20 11:06:26 | INFO     | trace_id=880eef67-27fb-4e61-963b-9d991fe8d0b2 - Received request: GET /api/v1/pomodoro/stats
2026-07-20 11:06:26 | INFO     | trace_id=880eef67-27fb-4e61-963b-9d991fe8d0b2 - Returned response: 200
2026-07-20 11:06:27 | INFO     | trace_id=d3279836-7f2e-4986-91ab-0a7cb9ac6157 - Received request: GET /api/v1/admin/prewarm/status
2026-07-20 11:06:27 | INFO     | trace_id=0fd36c35-6ee9-4cab-8fca-6bd670d81056 - Received request: GET /api/v1/admin/personas
2026-07-20 11:06:27 | INFO     | trace_id=d3279836-7f2e-4986-91ab-0a7cb9ac6157 - Returned response: 200
2026-07-20 11:06:27 | INFO     | trace_id=0fd36c35-6ee9-4cab-8fca-6bd670d81056 - Returned response: 200
2026-07-20 11:06:27 | INFO     | trace_id=9819458a-204b-4264-b144-216705a98d9b - Received request: GET /api/v1/admin/prewarm/status
2026-07-20 11:06:27 | INFO     | trace_id=4269df00-5898-4987-b91b-4ee07d86e270 - Received request: GET /api/v1/admin/personas
2026-07-20 11:06:27 | INFO     | trace_id=9819458a-204b-4264-b144-216705a98d9b - Returned response: 200
2026-07-20 11:06:27 | INFO     | trace_id=4269df00-5898-4987-b91b-4ee07d86e270 - Returned response: 200
2026-07-20 11:06:28 | INFO     | trace_id=92fc80b7-ac6a-4a3a-a81e-f0f4fb1331d8 - Received request: GET /api/v1/admin/questions
2026-07-20 11:06:28 | INFO     | trace_id=92fc80b7-ac6a-4a3a-a81e-f0f4fb1331d8 - Returned response: 200
2026-07-20 11:06:28 | INFO     | trace_id=94d0f8ce-d29b-4a11-84a0-fa49c0e50a94 - Received request: GET /api/v1/admin/personas
2026-07-20 11:06:28 | INFO     | trace_id=94d0f8ce-d29b-4a11-84a0-fa49c0e50a94 - Returned response: 200
2026-07-20 11:07:05 | INFO     | trace_id=3a427e8b-d744-423a-bbba-106ee13efe1a - Received request: GET /api/v1/admin/questions
2026-07-20 11:07:05 | INFO     | trace_id=3a427e8b-d744-423a-bbba-106ee13efe1a - Returned response: 200
2026-07-20 11:07:06 | INFO     | trace_id=ad6f999c-5f5f-4e72-823b-35df235a9cb0 - Received request: GET /api/v1/admin/dashboard/stats
2026-07-20 11:07:06 | INFO     | trace_id=ad6f999c-5f5f-4e72-823b-35df235a9cb0 - Returned response: 200
2026-07-20 11:07:08 | INFO     | trace_id=b7012f54-ced4-46e6-b9ce-397df096b7fc - Received request: GET /api/v1/feynman/progress
2026-07-20 11:07:08 | INFO     | trace_id=4e2e21c3-8f1a-428b-97a3-bedadca7c8c0 - Received request: GET /api/v1/pomodoro/stats
2026-07-20 11:07:08 | INFO     | trace_id=b7012f54-ced4-46e6-b9ce-397df096b7fc - Returned response: 200
2026-07-20 11:07:08 | INFO     | trace_id=4dd80b4e-f409-4560-b18a-52ca7fb73700 - Received request: GET /api/v1/feynman/progress
2026-07-20 11:07:08 | INFO     | trace_id=4dd80b4e-f409-4560-b18a-52ca7fb73700 - Returned response: 200
2026-07-20 11:07:08 | INFO     | trace_id=4e2e21c3-8f1a-428b-97a3-bedadca7c8c0 - Returned response: 200
2026-07-20 11:07:08 | INFO     | trace_id=c999ccd1-8055-4469-9eaf-a7573fb5b376 - Received request: GET /api/v1/pomodoro/stats
2026-07-20 11:07:08 | INFO     | trace_id=c999ccd1-8055-4469-9eaf-a7573fb5b376 - Returned response: 200
2026-07-20 11:07:12 | INFO     | trace_id=9298e8dd-3a84-4abb-8287-e2f6895f7310 - Received request: GET /api/v1/practice/categories
2026-07-20 11:07:12 | INFO     | trace_id=f1925cfa-36be-4b4b-a08f-892c7aa1b4da - Received request: GET /api/v1/practice/recommended
2026-07-20 11:07:12 | INFO     | trace_id=9298e8dd-3a84-4abb-8287-e2f6895f7310 - Returned response: 200
2026-07-20 11:07:12 | INFO     | trace_id=f1925cfa-36be-4b4b-a08f-892c7aa1b4da - Returned response: 200
2026-07-20 11:07:14 | INFO     | trace_id=8067e082-e7f0-469c-bfac-f063a354bf19 - Received request: GET /api/v1/feynman/progress
2026-07-20 11:07:14 | INFO     | trace_id=5da00fc5-703f-43d4-8090-cfc407310d73 - Received request: GET /api/v1/pomodoro/stats
2026-07-20 11:07:14 | INFO     | trace_id=8067e082-e7f0-469c-bfac-f063a354bf19 - Returned response: 200
2026-07-20 11:07:14 | INFO     | trace_id=5da00fc5-703f-43d4-8090-cfc407310d73 - Returned response: 200
2026-07-20 11:07:16 | INFO     | trace_id=55c6686b-4105-4712-bf86-8b8ab69ea35f - Received request: GET /api/v1/feynman/progress
2026-07-20 11:07:16 | INFO     | trace_id=2cd635e8-c6e1-42d0-b1e5-b389434358a6 - Received request: GET /api/v1/pomodoro/stats
2026-07-20 11:07:16 | INFO     | trace_id=55c6686b-4105-4712-bf86-8b8ab69ea35f - Returned response: 200
2026-07-20 11:07:16 | INFO     | trace_id=2cd635e8-c6e1-42d0-b1e5-b389434358a6 - Returned response: 200
2026-07-20 11:07:17 | INFO     | trace_id=c404d290-ca17-4699-930b-990f53941a16 - Received request: GET /api/v1/exam-papers
2026-07-20 11:07:17 | INFO     | trace_id=c404d290-ca17-4699-930b-990f53941a16 - Returned response: 200
2026-07-20 11:07:18 | INFO     | trace_id=6e08ef15-fdd9-440f-adb8-b0d9b45d3864 - Received request: GET /api/v1/exam-papers
2026-07-20 11:07:18 | INFO     | trace_id=6e08ef15-fdd9-440f-adb8-b0d9b45d3864 - Returned response: 200
2026-07-20 11:07:18 | INFO     | trace_id=5e5896a6-232a-4672-8fb9-a6b8662fd016 - Received request: GET /api/v1/practice/recommended
2026-07-20 11:07:18 | INFO     | trace_id=5e5896a6-232a-4672-8fb9-a6b8662fd016 - Returned response: 200
2026-07-20 11:08:46 | INFO     | trace_id=ec7a81d4-0f82-450e-821c-1ae215817935 - Received request: GET /api/v1/health
2026-07-20 11:08:46 | INFO     | trace_id=ec7a81d4-0f82-450e-821c-1ae215817935 - Returned response: 200
2026-07-20 11:08:46 | INFO     | trace_id=56ffe937-2c3f-4fc9-aa22-87e1311d2eaf - Received request: GET /api/v1/practice/categories
2026-07-20 11:08:46 | INFO     | trace_id=56ffe937-2c3f-4fc9-aa22-87e1311d2eaf - Returned response: 200
2026-07-20 11:08:46 | INFO     | trace_id=55d72e79-6138-470c-8fea-c6f1001e1738 - Received request: GET /api/v1/exam-papers
2026-07-20 11:08:46 | INFO     | trace_id=55d72e79-6138-470c-8fea-c6f1001e1738 - Returned response: 200
2026-07-20 11:08:46 | INFO     | trace_id=bdf57f70-fd3d-4fca-bfd1-9960cc2ffdbc - Received request: GET /api/v1/dynamic-exam/business-status
2026-07-20 11:08:46 | INFO     | trace_id=bdf57f70-fd3d-4fca-bfd1-9960cc2ffdbc - Returned response: 405
2026-07-20 11:08:58 | INFO     | trace_id=18e764aa-2f61-4a73-80e4-60d1530b97a4 - Received request: POST /api/v1/dynamic-exam/start
2026-07-20 11:09:50 | INFO     | trace_id=18e764aa-2f61-4a73-80e4-60d1530b97a4 - Returned response: 200
2026-07-20 11:09:50 | INFO     | trace_id=3f0d1e22-a3b9-4ee1-9c26-a543640e341e - Received request: POST /api/v1/chat
2026-07-20 11:09:50 | INFO     | trace_id=3f0d1e22-a3b9-4ee1-9c26-a543640e341e - Returned response: 200
2026-07-20 11:10:16 | INFO     | trace_id=e8767ba9-0d10-40e8-9840-48ff4870e58f - Received request: GET /api/v1/kb/stats
2026-07-20 11:10:16 | INFO     | trace_id=e8767ba9-0d10-40e8-9840-48ff4870e58f - Returned response: 404
2026-07-20 11:23:21 | INFO     | trace_id=9cf90a6e-c029-445b-b858-838af1bcc105 - Received request: GET /api/v1/feynman/progress
2026-07-20 11:23:21 | INFO     | trace_id=c15dc270-42bc-4755-ba22-cccdaceeafcb - Received request: GET /api/v1/pomodoro/stats
2026-07-20 11:23:21 | INFO     | trace_id=9cf90a6e-c029-445b-b858-838af1bcc105 - Returned response: 200
2026-07-20 11:23:21 | INFO     | trace_id=c15dc270-42bc-4755-ba22-cccdaceeafcb - Returned response: 200
2026-07-20 11:34:30 | INFO     | trace_id=c94146cf-d1d5-4f16-b867-4f31388b905a - Received request: GET /api/v1/feynman/progress
2026-07-20 11:34:30 | INFO     | trace_id=74f36506-783e-4e8a-b495-46c2d6f152e1 - Received request: GET /api/v1/pomodoro/stats
2026-07-20 11:34:30 | INFO     | trace_id=c94146cf-d1d5-4f16-b867-4f31388b905a - Returned response: 200
2026-07-20 11:34:30 | INFO     | trace_id=de575f90-4962-4afc-a978-f19af60f799e - Received request: GET /api/v1/feynman/progress
2026-07-20 11:34:30 | INFO     | trace_id=de575f90-4962-4afc-a978-f19af60f799e - Returned response: 200
2026-07-20 11:34:30 | INFO     | trace_id=74f36506-783e-4e8a-b495-46c2d6f152e1 - Returned response: 200
2026-07-20 11:34:30 | INFO     | trace_id=757983ed-f125-4a2f-b605-999bed9f4e4f - Received request: GET /api/v1/pomodoro/stats
2026-07-20 11:34:30 | INFO     | trace_id=757983ed-f125-4a2f-b605-999bed9f4e4f - Returned response: 200
2026-07-20 12:18:56 | INFO     | trace_id=eaae5664-8880-47ef-9bb1-51c34e2ba776 - Received request: GET /api/v1/practice/categories
2026-07-20 12:18:56 | INFO     | trace_id=eaae5664-8880-47ef-9bb1-51c34e2ba776 - Returned response: 200
2026-07-20 12:22:29 | INFO     | trace_id=a002fd40-49b8-4725-bc03-0c8276b15cc3 - Received request: GET /api/v1/admin/kb-nodes/search
2026-07-20 12:22:29 | INFO     | trace_id=a002fd40-49b8-4725-bc03-0c8276b15cc3 - Returned response: 200
2026-07-20 12:22:45 | INFO     | trace_id=82182137-a789-45e9-bd26-363cc9078089 - Received request: GET /api/v1/admin/kb-nodes/search
2026-07-20 12:22:45 | INFO     | trace_id=82182137-a789-45e9-bd26-363cc9078089 - Returned response: 200
2026-07-20 12:40:02 | INFO     | trace_id=d1b7545f-a361-4182-8a37-6f98536514bf - Received request: GET /api/v1/feynman/progress
2026-07-20 12:40:02 | INFO     | trace_id=ad0d3946-6002-4ac7-ae45-a98cda4e5bad - Received request: GET /api/v1/pomodoro/stats
2026-07-20 12:40:02 | INFO     | trace_id=d1b7545f-a361-4182-8a37-6f98536514bf - Returned response: 200
2026-07-20 12:40:02 | INFO     | trace_id=0e7f11ab-c50c-4d1f-b944-eab64f990d3a - Received request: GET /api/v1/feynman/progress
2026-07-20 12:40:02 | INFO     | trace_id=0e7f11ab-c50c-4d1f-b944-eab64f990d3a - Returned response: 200
2026-07-20 12:40:02 | INFO     | trace_id=ad0d3946-6002-4ac7-ae45-a98cda4e5bad - Returned response: 200
2026-07-20 12:40:02 | INFO     | trace_id=1cdeac51-da9b-4a4e-91c3-2d58e30e8ac3 - Received request: GET /api/v1/pomodoro/stats
2026-07-20 12:40:02 | INFO     | trace_id=1cdeac51-da9b-4a4e-91c3-2d58e30e8ac3 - Returned response: 200
2026-07-20 13:36:43 | INFO     | trace_id=3a0f7b33-6fe5-475f-9d2a-10d9db19e474 - Received request: GET /api/v1/feynman/progress
2026-07-20 13:36:43 | INFO     | trace_id=8c76103c-21a5-428a-b1e5-f89efa27e05a - Received request: GET /api/v1/pomodoro/stats
2026-07-20 13:36:43 | INFO     | trace_id=3a0f7b33-6fe5-475f-9d2a-10d9db19e474 - Returned response: 200
2026-07-20 13:36:43 | INFO     | trace_id=6d5e3224-8b9d-46bd-b0da-074168061d7e - Received request: GET /api/v1/feynman/progress
2026-07-20 13:36:43 | INFO     | trace_id=6d5e3224-8b9d-46bd-b0da-074168061d7e - Returned response: 200
2026-07-20 13:36:43 | INFO     | trace_id=8c76103c-21a5-428a-b1e5-f89efa27e05a - Returned response: 200
2026-07-20 13:36:43 | INFO     | trace_id=5010f0f2-938b-4ca7-93ef-f5c575a2aa68 - Received request: GET /api/v1/pomodoro/stats
2026-07-20 13:36:43 | INFO     | trace_id=5010f0f2-938b-4ca7-93ef-f5c575a2aa68 - Returned response: 200
2026-07-20 13:36:45 | INFO     | trace_id=0c6843c7-8f42-4219-aae4-a9d196e5e8d6 - Received request: GET /api/v1/feynman/progress
2026-07-20 13:36:45 | INFO     | trace_id=4a8c6ee7-515b-4bc6-9726-7161bd380c17 - Received request: GET /api/v1/pomodoro/stats
2026-07-20 13:36:45 | INFO     | trace_id=0c6843c7-8f42-4219-aae4-a9d196e5e8d6 - Returned response: 200
2026-07-20 13:36:45 | INFO     | trace_id=f977a707-294f-4c66-8a62-fadc22d9865f - Received request: GET /api/v1/feynman/progress
2026-07-20 13:36:45 | INFO     | trace_id=f977a707-294f-4c66-8a62-fadc22d9865f - Returned response: 200
2026-07-20 13:36:45 | INFO     | trace_id=4a8c6ee7-515b-4bc6-9726-7161bd380c17 - Returned response: 200
2026-07-20 13:36:45 | INFO     | trace_id=c2779dbd-9124-457c-b74f-d4e1fcad1df5 - Received request: GET /api/v1/pomodoro/stats
2026-07-20 13:36:45 | INFO     | trace_id=c2779dbd-9124-457c-b74f-d4e1fcad1df5 - Returned response: 200
2026-07-20 13:36:45 | INFO     | trace_id=f2e427fd-5d65-4b51-a513-e287a3435489 - Received request: GET /api/v1/feynman/progress
2026-07-20 13:36:45 | INFO     | trace_id=451351c8-e5f9-4c28-8410-d70921cb7d96 - Received request: GET /api/v1/pomodoro/stats
2026-07-20 13:36:45 | INFO     | trace_id=f2e427fd-5d65-4b51-a513-e287a3435489 - Returned response: 200
2026-07-20 13:36:45 | INFO     | trace_id=fda5c58b-9c73-40af-a463-0e576855e377 - Received request: GET /api/v1/feynman/progress
2026-07-20 13:36:45 | INFO     | trace_id=fda5c58b-9c73-40af-a463-0e576855e377 - Returned response: 200
2026-07-20 13:36:45 | INFO     | trace_id=451351c8-e5f9-4c28-8410-d70921cb7d96 - Returned response: 200
2026-07-20 13:36:45 | INFO     | trace_id=bb079c73-0e70-4ec8-8936-8b91b9b3c072 - Received request: GET /api/v1/pomodoro/stats
2026-07-20 13:36:45 | INFO     | trace_id=bb079c73-0e70-4ec8-8936-8b91b9b3c072 - Returned response: 200
2026-07-20 13:36:48 | INFO     | trace_id=bcdfab36-0cdf-43fa-9c76-6586f05fd844 - Received request: GET /api/v1/admin/prewarm/status
2026-07-20 13:36:48 | INFO     | trace_id=0022d974-301e-4652-9bf2-374c7bc0b244 - Received request: GET /api/v1/admin/personas
2026-07-20 13:36:48 | INFO     | trace_id=bcdfab36-0cdf-43fa-9c76-6586f05fd844 - Returned response: 200
2026-07-20 13:36:48 | INFO     | trace_id=80fb4f93-7862-4106-b421-4a850b6bc537 - Received request: GET /api/v1/admin/prewarm/status
2026-07-20 13:36:48 | INFO     | trace_id=0022d974-301e-4652-9bf2-374c7bc0b244 - Returned response: 200
2026-07-20 13:36:48 | INFO     | trace_id=80fb4f93-7862-4106-b421-4a850b6bc537 - Returned response: 200
2026-07-20 13:36:48 | INFO     | trace_id=e2ae00d5-be65-4160-bdba-84c5bb46cdcc - Received request: GET /api/v1/admin/personas
2026-07-20 13:36:48 | INFO     | trace_id=e2ae00d5-be65-4160-bdba-84c5bb46cdcc - Returned response: 200
2026-07-20 13:36:50 | INFO     | trace_id=3cfeefe1-1ad5-4b8e-a7a8-3d5f75c29d8d - Received request: GET /api/v1/admin/questions
2026-07-20 13:36:50 | INFO     | trace_id=3cfeefe1-1ad5-4b8e-a7a8-3d5f75c29d8d - Returned response: 200
2026-07-20 13:51:20 | INFO     | trace_id=18d015d8-729e-4716-b50d-79e01329685e - Received request: GET /api/v1/admin/prewarm/status
2026-07-20 13:51:20 | INFO     | trace_id=3683ef6a-80e3-4f41-8d0d-736a766f1d45 - Received request: GET /api/v1/admin/personas
2026-07-20 13:51:20 | INFO     | trace_id=18d015d8-729e-4716-b50d-79e01329685e - Returned response: 200
2026-07-20 13:51:20 | INFO     | trace_id=3683ef6a-80e3-4f41-8d0d-736a766f1d45 - Returned response: 200
2026-07-20 13:52:57 | INFO     | trace_id=5f147c1e-1bc7-4ea1-b363-35a51968fbc9 - Received request: GET /api/v1/admin/kb-nodes
2026-07-20 13:52:57 | INFO     | trace_id=5f147c1e-1bc7-4ea1-b363-35a51968fbc9 - Returned response: 200
2026-07-20 13:53:21 | INFO     | trace_id=91c504d9-4ded-4289-806d-6de8d7cc3c39 - Received request: PUT /api/v1/admin/kb-nodes/kb_001/business-line
2026-07-20 13:53:21 | INFO     | trace_id=91c504d9-4ded-4289-806d-6de8d7cc3c39 - Returned response: 200
2026-07-20 13:55:23 | INFO     | trace_id=045ed435-e658-4be3-8f2b-4b057d669d9e - Received request: GET /api/v1/admin/prewarm/status
2026-07-20 13:55:23 | INFO     | trace_id=07565d58-5c04-46dc-a74a-112e041551da - Received request: GET /api/v1/admin/personas
2026-07-20 13:55:23 | INFO     | trace_id=045ed435-e658-4be3-8f2b-4b057d669d9e - Returned response: 200
2026-07-20 13:55:23 | INFO     | trace_id=629a403a-c01f-43be-b9bc-16398d23fd93 - Received request: GET /api/v1/admin/prewarm/status
2026-07-20 13:55:23 | INFO     | trace_id=629a403a-c01f-43be-b9bc-16398d23fd93 - Returned response: 200
2026-07-20 13:55:23 | INFO     | trace_id=07565d58-5c04-46dc-a74a-112e041551da - Returned response: 200
2026-07-20 13:55:23 | INFO     | trace_id=805fd103-2061-4f13-8fde-13d6adfa2b20 - Received request: GET /api/v1/admin/personas
2026-07-20 13:55:23 | INFO     | trace_id=805fd103-2061-4f13-8fde-13d6adfa2b20 - Returned response: 200
2026-07-20 13:55:25 | INFO     | trace_id=ace2362c-a17e-4fec-8d43-ba8d3aef3e27 - Received request: GET /api/v1/admin/kb-nodes
2026-07-20 13:55:25 | INFO     | trace_id=ace2362c-a17e-4fec-8d43-ba8d3aef3e27 - Returned response: 200
2026-07-20 13:55:48 | INFO     | trace_id=cb8c1299-69f0-4583-8a4f-512da84514a3 - Received request: GET /api/v1/feynman/progress
2026-07-20 13:55:48 | INFO     | trace_id=e8803075-62de-4008-a7cd-c04c2a5dcb5f - Received request: GET /api/v1/pomodoro/stats
2026-07-20 13:55:48 | INFO     | trace_id=cb8c1299-69f0-4583-8a4f-512da84514a3 - Returned response: 200
2026-07-20 13:55:48 | INFO     | trace_id=7bb11683-6dee-41d1-9d1c-24b8ff0c2972 - Received request: GET /api/v1/feynman/progress
2026-07-20 13:55:48 | INFO     | trace_id=7bb11683-6dee-41d1-9d1c-24b8ff0c2972 - Returned response: 200
2026-07-20 13:55:48 | INFO     | trace_id=e8803075-62de-4008-a7cd-c04c2a5dcb5f - Returned response: 200
2026-07-20 13:55:48 | INFO     | trace_id=8b4d8822-0a2b-4563-b4f9-6e8bd9bebeff - Received request: GET /api/v1/pomodoro/stats
2026-07-20 13:55:48 | INFO     | trace_id=8b4d8822-0a2b-4563-b4f9-6e8bd9bebeff - Returned response: 200
2026-07-20 13:55:49 | INFO     | trace_id=6efd1a1b-1f46-4ca5-9a58-379ebd9a9d3f - Received request: GET /api/v1/practice/categories
2026-07-20 13:55:49 | INFO     | trace_id=2f74bfa6-cfec-4616-9af3-a4664c43e2bb - Received request: GET /api/v1/practice/recommended
2026-07-20 13:55:49 | INFO     | trace_id=6efd1a1b-1f46-4ca5-9a58-379ebd9a9d3f - Returned response: 200
2026-07-20 13:55:49 | INFO     | trace_id=2f74bfa6-cfec-4616-9af3-a4664c43e2bb - Returned response: 200
2026-07-20 13:55:58 | INFO     | trace_id=700d4e23-48f7-42b6-acfa-128ef83c0427 - Received request: GET /api/v1/feynman/progress
2026-07-20 13:55:58 | INFO     | trace_id=985c826f-6df9-4dc9-ac44-2ceb3d420470 - Received request: GET /api/v1/pomodoro/stats
2026-07-20 13:55:58 | INFO     | trace_id=700d4e23-48f7-42b6-acfa-128ef83c0427 - Returned response: 200
2026-07-20 13:55:58 | INFO     | trace_id=985c826f-6df9-4dc9-ac44-2ceb3d420470 - Returned response: 200
2026-07-20 13:56:09 | INFO     | trace_id=38e32ba9-5ff2-4cf5-b5e0-58b0418f99c8 - Received request: GET /api/v1/admin/prewarm/status
2026-07-20 13:56:09 | INFO     | trace_id=4266ba24-c538-457c-bc32-551e7cc5bb4a - Received request: GET /api/v1/admin/personas
2026-07-20 13:56:09 | INFO     | trace_id=38e32ba9-5ff2-4cf5-b5e0-58b0418f99c8 - Returned response: 200
2026-07-20 13:56:09 | INFO     | trace_id=e22de273-daa0-49e3-9893-77ce5fb70467 - Received request: GET /api/v1/admin/prewarm/status
2026-07-20 13:56:09 | INFO     | trace_id=4266ba24-c538-457c-bc32-551e7cc5bb4a - Returned response: 200
2026-07-20 13:56:09 | INFO     | trace_id=e22de273-daa0-49e3-9893-77ce5fb70467 - Returned response: 200
2026-07-20 13:56:09 | INFO     | trace_id=ab56ca0c-a592-427e-90b1-ad137a26b2ee - Received request: GET /api/v1/admin/personas
2026-07-20 13:56:09 | INFO     | trace_id=ab56ca0c-a592-427e-90b1-ad137a26b2ee - Returned response: 200
2026-07-20 13:56:12 | INFO     | trace_id=11154c4c-b853-4956-82d9-e194e09d5827 - Received request: GET /api/v1/admin/project-scenarios
2026-07-20 13:56:12 | INFO     | trace_id=11154c4c-b853-4956-82d9-e194e09d5827 - Returned response: 200
2026-07-20 13:56:12 | INFO     | trace_id=5c97cf97-db34-4d34-8123-ce13259f1c8a - Received request: GET /api/v1/admin/project-scenarios
2026-07-20 13:56:12 | INFO     | trace_id=5c97cf97-db34-4d34-8123-ce13259f1c8a - Returned response: 200
2026-07-20 13:56:16 | INFO     | trace_id=602aefd2-833c-4d1a-b96b-be06a45de241 - Received request: GET /api/v1/admin/kb-nodes
2026-07-20 13:56:16 | INFO     | trace_id=602aefd2-833c-4d1a-b96b-be06a45de241 - Returned response: 200
2026-07-20 13:56:18 | INFO     | trace_id=3952acce-a2fe-4d32-8e58-3f284ab39ba0 - Received request: GET /api/v1/admin/personas
2026-07-20 13:56:18 | INFO     | trace_id=3952acce-a2fe-4d32-8e58-3f284ab39ba0 - Returned response: 200
2026-07-20 14:00:02 | INFO     | trace_id=231d4253-e48a-4dc5-a31d-99a91d54a52e - Received request: GET /api/v1/admin/personas
2026-07-20 14:00:02 | INFO     | trace_id=231d4253-e48a-4dc5-a31d-99a91d54a52e - Returned response: 200
2026-07-20 14:06:03 | INFO     | trace_id=9cceb59f-5136-4304-9d62-d637925ecbba - Received request: GET /api/v1/admin/prewarm/status
2026-07-20 14:06:03 | INFO     | trace_id=6eac416f-38cb-4732-a755-24b968443a70 - Received request: GET /api/v1/admin/personas
2026-07-20 14:06:03 | INFO     | trace_id=9cceb59f-5136-4304-9d62-d637925ecbba - Returned response: 200
2026-07-20 14:06:03 | INFO     | trace_id=6eac416f-38cb-4732-a755-24b968443a70 - Returned response: 200
2026-07-20 14:06:10 | INFO     | trace_id=c50c9e1e-0245-4cf4-8728-e0be6fcbbc2f - Received request: GET /api/v1/admin/prewarm/status
2026-07-20 14:06:10 | INFO     | trace_id=1559cc51-c9c2-4432-8da4-005f58bed66b - Received request: GET /api/v1/admin/personas
2026-07-20 14:06:10 | INFO     | trace_id=c50c9e1e-0245-4cf4-8728-e0be6fcbbc2f - Returned response: 200
2026-07-20 14:06:10 | INFO     | trace_id=1559cc51-c9c2-4432-8da4-005f58bed66b - Returned response: 200
2026-07-20 14:08:24 | INFO     | trace_id=476c050e-22d3-49b3-8603-9e6ece6a6488 - Received request: POST /api/v1/admin/personas/generate
2026-07-20 14:08:24 | INFO     | trace_id=476c050e-22d3-49b3-8603-9e6ece6a6488 - Returned response: 200
2026-07-20 14:09:15 | INFO     | trace_id=e2cc4421-37b1-4bbf-932e-9bca11d832ed - Received request: POST /api/v1/admin/personas/generate
2026-07-20 14:09:26 | INFO     | trace_id=e2cc4421-37b1-4bbf-932e-9bca11d832ed - Returned response: 200
2026-07-20 14:10:00 | INFO     | trace_id=7d34da70-bb98-4afb-960a-450d801324b7 - Received request: POST /api/v1/admin/personas/generate
2026-07-20 14:10:11 | INFO     | trace_id=7d34da70-bb98-4afb-960a-450d801324b7 - Returned response: 200
2026-07-20 14:10:43 | INFO     | trace_id=17269853-d4fc-4948-ad28-8608753bf31f - Received request: POST /api/v1/admin/personas/generate
2026-07-20 14:10:55 | INFO     | trace_id=17269853-d4fc-4948-ad28-8608753bf31f - Returned response: 200
2026-07-20 14:11:20 | INFO     | trace_id=c16564a1-599d-4654-8446-4327edbca17b - Received request: GET /api/v1/admin/knowledge-relations
2026-07-20 14:11:20 | INFO     | trace_id=c16564a1-599d-4654-8446-4327edbca17b - Returned response: 200
2026-07-20 14:11:20 | INFO     | trace_id=6520e263-33a6-4a16-ac65-4fd5abeccb2d - Received request: POST /api/v1/admin/knowledge-relations
2026-07-20 14:11:21 | INFO     | trace_id=6520e263-33a6-4a16-ac65-4fd5abeccb2d - Returned response: 200
2026-07-20 14:11:21 | INFO     | trace_id=c18647dc-b60d-4ab5-adbf-11c105e99496 - Received request: GET /api/v1/admin/knowledge-graph
2026-07-20 14:11:21 | INFO     | trace_id=c18647dc-b60d-4ab5-adbf-11c105e99496 - Returned response: 200
2026-07-20 14:12:02 | INFO     | trace_id=2d50f185-f7b2-431e-8e2d-7862a771d9ea - Received request: GET /api/v1/admin/prewarm/status
2026-07-20 14:12:02 | INFO     | trace_id=3c61249a-9148-416e-83fd-5fcc169a9f50 - Received request: GET /api/v1/admin/personas
2026-07-20 14:12:02 | INFO     | trace_id=2d50f185-f7b2-431e-8e2d-7862a771d9ea - Returned response: 200
2026-07-20 14:12:02 | INFO     | trace_id=22dfd1c7-7483-4abb-ae27-aa593568fa76 - Received request: GET /api/v1/admin/prewarm/status
2026-07-20 14:12:02 | INFO     | trace_id=22dfd1c7-7483-4abb-ae27-aa593568fa76 - Returned response: 200
2026-07-20 14:12:02 | INFO     | trace_id=3c61249a-9148-416e-83fd-5fcc169a9f50 - Returned response: 200
2026-07-20 14:12:02 | INFO     | trace_id=94f32746-2625-47f9-868a-44d5e091e738 - Received request: GET /api/v1/admin/personas
2026-07-20 14:12:02 | INFO     | trace_id=94f32746-2625-47f9-868a-44d5e091e738 - Returned response: 200
2026-07-20 14:12:10 | INFO     | trace_id=32e56794-a964-41e9-b500-534bbfcbe14a - Received request: GET /api/v1/admin/questions
2026-07-20 14:12:10 | INFO     | trace_id=32e56794-a964-41e9-b500-534bbfcbe14a - Returned response: 200
2026-07-20 14:12:14 | INFO     | trace_id=67f4c57c-d2d4-4919-87c7-685935a96e59 - Received request: GET /api/v1/feynman/progress
2026-07-20 14:12:14 | INFO     | trace_id=4de35185-42e2-45b4-abf3-18d8ff54a8cc - Received request: GET /api/v1/pomodoro/stats
2026-07-20 14:12:14 | INFO     | trace_id=67f4c57c-d2d4-4919-87c7-685935a96e59 - Returned response: 200
2026-07-20 14:12:14 | INFO     | trace_id=4cf34657-721f-45b7-8cde-40b2f302c46b - Received request: GET /api/v1/feynman/progress
2026-07-20 14:12:14 | INFO     | trace_id=4cf34657-721f-45b7-8cde-40b2f302c46b - Returned response: 200
2026-07-20 14:12:14 | INFO     | trace_id=4de35185-42e2-45b4-abf3-18d8ff54a8cc - Returned response: 200
2026-07-20 14:12:14 | INFO     | trace_id=2bee8859-ed40-42cf-8241-7dd3c09ac86d - Received request: GET /api/v1/pomodoro/stats
2026-07-20 14:12:14 | INFO     | trace_id=2bee8859-ed40-42cf-8241-7dd3c09ac86d - Returned response: 200
2026-07-20 14:12:15 | INFO     | trace_id=c903cca1-7e57-495e-8305-277ef69244d2 - Received request: GET /api/v1/admin/prewarm/status
2026-07-20 14:12:15 | INFO     | trace_id=15c7ddba-3e81-458c-bd3e-38932a7020dd - Received request: GET /api/v1/admin/personas
2026-07-20 14:12:15 | INFO     | trace_id=c903cca1-7e57-495e-8305-277ef69244d2 - Returned response: 200
2026-07-20 14:12:15 | INFO     | trace_id=9fd5b277-ecac-42d1-b6f5-a0b1e5407e5c - Received request: GET /api/v1/admin/prewarm/status
2026-07-20 14:12:15 | INFO     | trace_id=15c7ddba-3e81-458c-bd3e-38932a7020dd - Returned response: 200
2026-07-20 14:12:15 | INFO     | trace_id=9fd5b277-ecac-42d1-b6f5-a0b1e5407e5c - Returned response: 200
2026-07-20 14:12:15 | INFO     | trace_id=3595a821-3030-4271-a9df-0e4c689e214e - Received request: GET /api/v1/admin/personas
2026-07-20 14:12:15 | INFO     | trace_id=3595a821-3030-4271-a9df-0e4c689e214e - Returned response: 200
2026-07-20 14:13:24 | INFO     | trace_id=77bbb3e3-1b10-46c4-8998-730a3079df34 - Received request: GET /api/v1/admin/questions
2026-07-20 14:13:24 | INFO     | trace_id=77bbb3e3-1b10-46c4-8998-730a3079df34 - Returned response: 200
2026-07-20 14:13:33 | INFO     | trace_id=9dc1875b-a33e-4477-bbf3-c22f5a7fcdf6 - Received request: GET /api/v1/admin/personas
2026-07-20 14:13:33 | INFO     | trace_id=9dc1875b-a33e-4477-bbf3-c22f5a7fcdf6 - Returned response: 200
2026-07-20 14:13:34 | INFO     | trace_id=f27a5dc3-38a7-4284-903a-5d11f19c6aa6 - Received request: GET /api/v1/admin/questions
2026-07-20 14:13:34 | INFO     | trace_id=f27a5dc3-38a7-4284-903a-5d11f19c6aa6 - Returned response: 200
2026-07-20 14:13:34 | INFO     | trace_id=d9b63a54-1b9e-488f-a139-a96d6b89c3bd - Received request: GET /api/v1/admin/kb-nodes
2026-07-20 14:13:34 | INFO     | trace_id=55f8d631-daad-444a-a351-58343c94cb22 - Received request: GET /api/v1/admin/knowledge-relations
2026-07-20 14:13:34 | INFO     | trace_id=d9b63a54-1b9e-488f-a139-a96d6b89c3bd - Returned response: 200
2026-07-20 14:13:34 | INFO     | trace_id=55f8d631-daad-444a-a351-58343c94cb22 - Returned response: 200
2026-07-20 14:14:15 | INFO     | trace_id=83521b45-d3cc-4df2-a325-6091c65bd7d2 - Received request: POST /api/v1/dynamic-exam/start
2026-07-20 14:15:18 | INFO     | trace_id=83521b45-d3cc-4df2-a325-6091c65bd7d2 - Returned response: 200
2026-07-20 14:18:17 | INFO     | trace_id=a24fac63-b836-4cda-9712-9946dcb54241 - Received request: GET /api/v1/admin/prewarm/status
2026-07-20 14:18:17 | INFO     | trace_id=8e64cd7e-2448-471c-957a-ec1509d496cb - Received request: GET /api/v1/admin/personas
2026-07-20 14:18:17 | INFO     | trace_id=a24fac63-b836-4cda-9712-9946dcb54241 - Returned response: 200
2026-07-20 14:18:17 | INFO     | trace_id=8e64cd7e-2448-471c-957a-ec1509d496cb - Returned response: 200
2026-07-20 14:19:29 | INFO     | trace_id=d7c672c2-08d4-4d84-acbe-7ba981c3674a - Received request: POST /api/v1/admin/knowledge-graph/auto-build
2026-07-20 14:19:53 | INFO     | trace_id=d7c672c2-08d4-4d84-acbe-7ba981c3674a - Returned response: 200
2026-07-20 14:20:22 | INFO     | trace_id=dd967c73-9ca6-42a0-8ba4-71825bcc39b4 - Received request: POST /api/v1/admin/knowledge-graph/auto-build
2026-07-20 14:20:44 | INFO     | trace_id=dd967c73-9ca6-42a0-8ba4-71825bcc39b4 - Returned response: 200
2026-07-20 14:21:13 | INFO     | trace_id=6341626a-e349-460d-a292-d639d1c0bb94 - Received request: POST /api/v1/admin/knowledge-graph/auto-build
2026-07-20 14:21:33 | INFO     | trace_id=6341626a-e349-460d-a292-d639d1c0bb94 - Returned response: 200
2026-07-20 14:21:56 | INFO     | trace_id=ee490908-f85a-4c45-8dae-56bd600eb29f - Received request: POST /api/v1/admin/knowledge-graph/auto-build
2026-07-20 14:22:15 | INFO     | trace_id=ee490908-f85a-4c45-8dae-56bd600eb29f - Returned response: 200
2026-07-20 14:23:02 | INFO     | trace_id=67119a15-4840-463a-970b-15e91d15250c - Received request: POST /api/v1/admin/knowledge-graph/auto-build
2026-07-20 14:23:26 | INFO     | trace_id=67119a15-4840-463a-970b-15e91d15250c - Returned response: 200
2026-07-20 14:23:50 | INFO     | trace_id=125fa60f-8dde-4405-8593-32bf686959d8 - Received request: GET /api/v1/admin/knowledge-relations
2026-07-20 14:23:50 | INFO     | trace_id=125fa60f-8dde-4405-8593-32bf686959d8 - Returned response: 200
2026-07-20 14:26:26 | INFO     | trace_id=1ab92a26-4c22-4b33-a3d3-436e05811edf - Received request: GET /api/v1/admin/prewarm/status
2026-07-20 14:26:26 | INFO     | trace_id=89785207-cc87-4ad6-adcd-4b2ac7de8a10 - Received request: GET /api/v1/admin/personas
2026-07-20 14:26:26 | INFO     | trace_id=1ab92a26-4c22-4b33-a3d3-436e05811edf - Returned response: 200
2026-07-20 14:26:26 | INFO     | trace_id=90df7fe5-ce71-483a-8dab-0b0c822cf7d7 - Received request: GET /api/v1/admin/prewarm/status
2026-07-20 14:26:26 | INFO     | trace_id=90df7fe5-ce71-483a-8dab-0b0c822cf7d7 - Returned response: 200
2026-07-20 14:26:27 | INFO     | trace_id=89785207-cc87-4ad6-adcd-4b2ac7de8a10 - Returned response: 200
2026-07-20 14:26:27 | INFO     | trace_id=7a4b55fc-962b-4f60-883a-94b8db255b53 - Received request: GET /api/v1/admin/personas
2026-07-20 14:26:27 | INFO     | trace_id=7a4b55fc-962b-4f60-883a-94b8db255b53 - Returned response: 200
2026-07-20 14:26:28 | INFO     | trace_id=f80bc49d-f905-4c8c-87d6-85ea22ba083b - Received request: GET /api/v1/admin/prewarm/status
2026-07-20 14:26:28 | INFO     | trace_id=07055f57-f4dd-4b97-a21c-1ae76b1931f2 - Received request: GET /api/v1/admin/personas
2026-07-20 14:26:28 | INFO     | trace_id=f80bc49d-f905-4c8c-87d6-85ea22ba083b - Returned response: 200
2026-07-20 14:26:28 | INFO     | trace_id=624b76fb-3e17-45b8-bb48-624dca500637 - Received request: GET /api/v1/admin/prewarm/status
2026-07-20 14:26:28 | INFO     | trace_id=07055f57-f4dd-4b97-a21c-1ae76b1931f2 - Returned response: 200
2026-07-20 14:26:28 | INFO     | trace_id=624b76fb-3e17-45b8-bb48-624dca500637 - Returned response: 200
2026-07-20 14:26:28 | INFO     | trace_id=20a06f78-582a-49c0-9a83-a694d4bf3916 - Received request: GET /api/v1/admin/personas
2026-07-20 14:26:29 | INFO     | trace_id=20a06f78-582a-49c0-9a83-a694d4bf3916 - Returned response: 200
2026-07-20 14:26:30 | INFO     | trace_id=63d398aa-1c72-4904-b0d5-99c0b987eca2 - Received request: GET /api/v1/admin/kb-nodes
2026-07-20 14:26:30 | INFO     | trace_id=7c6fa75c-dad5-4710-b249-97c48590a18f - Received request: GET /api/v1/admin/knowledge-relations
2026-07-20 14:26:30 | INFO     | trace_id=63d398aa-1c72-4904-b0d5-99c0b987eca2 - Returned response: 200
2026-07-20 14:26:30 | INFO     | trace_id=7c6fa75c-dad5-4710-b249-97c48590a18f - Returned response: 200
2026-07-20 14:26:39 | INFO     | trace_id=a7328556-2337-4e43-81a2-0c84e621429a - Received request: OPTIONS /api/v1/admin/knowledge-graph/auto-build
2026-07-20 14:26:39 | INFO     | trace_id=a7328556-2337-4e43-81a2-0c84e621429a - Returned response: 200
2026-07-20 14:26:39 | INFO     | trace_id=7345137f-2760-4d70-949e-9c84689b67b4 - Received request: POST /api/v1/admin/knowledge-graph/auto-build
2026-07-20 14:26:59 | INFO     | trace_id=7345137f-2760-4d70-949e-9c84689b67b4 - Returned response: 200
2026-07-20 14:26:59 | INFO     | trace_id=142d264b-7b57-4be5-a806-e3d645b97cd4 - Received request: GET /api/v1/admin/knowledge-relations
2026-07-20 14:26:59 | INFO     | trace_id=142d264b-7b57-4be5-a806-e3d645b97cd4 - Returned response: 200
2026-07-20 14:27:15 | INFO     | trace_id=4a3b913e-9641-40f7-9ff5-5fe5fc4df751 - Received request: GET /api/v1/admin/prewarm/status
2026-07-20 14:27:15 | INFO     | trace_id=216bb5a4-0356-44a2-92b6-592283cb3871 - Received request: GET /api/v1/admin/personas
2026-07-20 14:27:15 | INFO     | trace_id=4a3b913e-9641-40f7-9ff5-5fe5fc4df751 - Returned response: 200
2026-07-20 14:27:15 | INFO     | trace_id=a6d8ea25-0376-44ef-bad1-38ee073d45c7 - Received request: GET /api/v1/admin/personas
2026-07-20 14:27:15 | INFO     | trace_id=216bb5a4-0356-44a2-92b6-592283cb3871 - Returned response: 200
2026-07-20 14:27:15 | INFO     | trace_id=a6d8ea25-0376-44ef-bad1-38ee073d45c7 - Returned response: 200
2026-07-20 14:27:16 | INFO     | trace_id=e9d80bea-bda7-413e-9733-ca1c19d6f3f6 - Received request: GET /api/v1/admin/prewarm/status
2026-07-20 14:27:16 | INFO     | trace_id=bacad4ac-51e1-4229-b572-caf3e2c7bde9 - Received request: GET /api/v1/admin/personas
2026-07-20 14:27:16 | INFO     | trace_id=e9d80bea-bda7-413e-9733-ca1c19d6f3f6 - Returned response: 200
2026-07-20 14:27:16 | INFO     | trace_id=bacad4ac-51e1-4229-b572-caf3e2c7bde9 - Returned response: 200
2026-07-20 14:27:16 | INFO     | trace_id=6b5bd103-29f9-48f1-989f-1a45ed6182ac - Received request: GET /api/v1/admin/prewarm/status
2026-07-20 14:27:16 | INFO     | trace_id=9f3cce26-3beb-42ea-8530-6da2fa547c79 - Received request: GET /api/v1/admin/personas
2026-07-20 14:27:16 | INFO     | trace_id=6b5bd103-29f9-48f1-989f-1a45ed6182ac - Returned response: 200
2026-07-20 14:27:16 | INFO     | trace_id=9f3cce26-3beb-42ea-8530-6da2fa547c79 - Returned response: 200
2026-07-20 14:27:18 | INFO     | trace_id=218319bf-d532-4032-b5a9-0f23b311b811 - Received request: GET /api/v1/admin/kb-nodes
2026-07-20 14:27:18 | INFO     | trace_id=6788d56d-2147-46a0-864a-00738f030cad - Received request: GET /api/v1/admin/knowledge-relations
2026-07-20 14:27:18 | INFO     | trace_id=218319bf-d532-4032-b5a9-0f23b311b811 - Returned response: 200
2026-07-20 14:27:18 | INFO     | trace_id=6788d56d-2147-46a0-864a-00738f030cad - Returned response: 200
2026-07-20 14:27:51 | INFO     | trace_id=9301a10c-c4ab-41ad-9eb8-3192cba197b8 - Received request: POST /api/v1/admin/knowledge-graph/auto-build
2026-07-20 14:28:37 | INFO     | trace_id=9301a10c-c4ab-41ad-9eb8-3192cba197b8 - Returned response: 200
2026-07-20 14:28:51 | INFO     | trace_id=017db2e9-a77d-4d33-bb6a-65e8dd439b5b - Received request: GET /api/v1/admin/knowledge-relations
2026-07-20 14:28:51 | INFO     | trace_id=017db2e9-a77d-4d33-bb6a-65e8dd439b5b - Returned response: 200
2026-07-20 14:28:56 | INFO     | trace_id=a495d2e4-5364-414b-b363-d90663e872dc - Received request: GET /api/v1/admin/prewarm/status
2026-07-20 14:28:56 | INFO     | trace_id=40a11040-6210-4821-a077-05c5b29e4753 - Received request: GET /api/v1/admin/personas
2026-07-20 14:28:56 | INFO     | trace_id=a495d2e4-5364-414b-b363-d90663e872dc - Returned response: 200
2026-07-20 14:28:56 | INFO     | trace_id=6b038f2b-c4ed-4dc0-b883-1f63a70758e2 - Received request: GET /api/v1/admin/prewarm/status
2026-07-20 14:28:56 | INFO     | trace_id=40a11040-6210-4821-a077-05c5b29e4753 - Returned response: 200
2026-07-20 14:28:56 | INFO     | trace_id=6b038f2b-c4ed-4dc0-b883-1f63a70758e2 - Returned response: 200
2026-07-20 14:28:56 | INFO     | trace_id=f2c862be-201d-4730-a707-cb125beeabd9 - Received request: GET /api/v1/admin/personas
2026-07-20 14:28:56 | INFO     | trace_id=f2c862be-201d-4730-a707-cb125beeabd9 - Returned response: 200
2026-07-20 14:28:58 | INFO     | trace_id=3cead391-f06e-4249-bf38-9694b511302a - Received request: GET /api/v1/admin/kb-nodes
2026-07-20 14:28:58 | INFO     | trace_id=e5db9701-8f74-49ed-9ce9-fb37a367d032 - Received request: GET /api/v1/admin/knowledge-relations
2026-07-20 14:28:58 | INFO     | trace_id=3cead391-f06e-4249-bf38-9694b511302a - Returned response: 200
2026-07-20 14:28:58 | INFO     | trace_id=e5db9701-8f74-49ed-9ce9-fb37a367d032 - Returned response: 200
2026-07-20 14:30:04 | INFO     | trace_id=14adeb5b-8e36-4414-be56-aebcd25ab56e - Received request: GET /api/v1/admin/exam-papers
2026-07-20 14:30:04 | INFO     | trace_id=14adeb5b-8e36-4414-be56-aebcd25ab56e - Returned response: 200
2026-07-20 14:30:04 | INFO     | trace_id=ec3eb44d-e195-4a3e-96fb-14c9dc0e3dd0 - Received request: GET /api/v1/admin/questions
2026-07-20 14:30:04 | INFO     | trace_id=ea1c039c-cd27-4930-9b00-9966a6c489a3 - Received request: GET /api/v1/admin/personas
2026-07-20 14:30:04 | INFO     | trace_id=ea1c039c-cd27-4930-9b00-9966a6c489a3 - Returned response: 200
2026-07-20 14:30:04 | INFO     | trace_id=ec3eb44d-e195-4a3e-96fb-14c9dc0e3dd0 - Returned response: 200
2026-07-20 14:30:06 | INFO     | trace_id=2251c878-809e-4803-acf8-8676fbed4eea - Received request: GET /api/v1/admin/exam-papers/9187a64d-9fd5-473d-93c3-942db87e3bd0/assignments
2026-07-20 14:30:06 | INFO     | trace_id=2251c878-809e-4803-acf8-8676fbed4eea - Returned response: 200
2026-07-20 14:31:02 | INFO     | trace_id=10bedf09-491f-4081-82d8-6dcba3e02ad7 - Received request: GET /api/v1/admin/weaknesses/overview
2026-07-20 14:31:02 | INFO     | trace_id=10bedf09-491f-4081-82d8-6dcba3e02ad7 - Returned response: 200
2026-07-20 14:31:39 | INFO     | trace_id=ea235ad0-6c52-4a2e-ad10-bdd8e7723964 - Received request: GET /api/v1/admin/questions
2026-07-20 14:31:39 | INFO     | trace_id=ea235ad0-6c52-4a2e-ad10-bdd8e7723964 - Returned response: 200
2026-07-20 14:31:52 | INFO     | trace_id=217e5de7-88cc-4d0c-8362-6e17b8d31d8e - Received request: GET /api/v1/admin/project-scenarios
2026-07-20 14:31:52 | INFO     | trace_id=217e5de7-88cc-4d0c-8362-6e17b8d31d8e - Returned response: 200
2026-07-20 14:31:52 | INFO     | trace_id=67d18800-4855-4b9b-b10d-4afd46a7cab8 - Received request: GET /api/v1/admin/project-scenarios
2026-07-20 14:31:52 | INFO     | trace_id=67d18800-4855-4b9b-b10d-4afd46a7cab8 - Returned response: 200
2026-07-20 14:32:17 | INFO     | trace_id=066f2c8a-8051-42d5-becd-f11d4e029e92 - Received request: GET /api/v1/admin/exam-papers
2026-07-20 14:32:17 | INFO     | trace_id=066f2c8a-8051-42d5-becd-f11d4e029e92 - Returned response: 200
2026-07-20 14:32:17 | INFO     | trace_id=4d1481bc-c544-4a55-a1b6-b9866e94b15f - Received request: GET /api/v1/admin/personas
2026-07-20 14:32:17 | INFO     | trace_id=4d1481bc-c544-4a55-a1b6-b9866e94b15f - Returned response: 200
2026-07-20 14:32:18 | INFO     | trace_id=56b26bca-80ab-41a8-b9cb-d437e11335fb - Received request: GET /api/v1/admin/dashboard/stats
2026-07-20 14:32:18 | INFO     | trace_id=56b26bca-80ab-41a8-b9cb-d437e11335fb - Returned response: 200
2026-07-20 14:32:23 | INFO     | trace_id=9bad0dc7-a63f-4a7e-8f35-f13d9a237409 - Received request: GET /api/v1/feynman/progress
2026-07-20 14:32:23 | INFO     | trace_id=73ed508b-da8f-4677-90ad-531e9103e062 - Received request: GET /api/v1/pomodoro/stats
2026-07-20 14:32:23 | INFO     | trace_id=9bad0dc7-a63f-4a7e-8f35-f13d9a237409 - Returned response: 200
2026-07-20 14:32:23 | INFO     | trace_id=811d32e9-2e35-453a-ac53-ece217971ebb - Received request: GET /api/v1/feynman/progress
2026-07-20 14:32:23 | INFO     | trace_id=811d32e9-2e35-453a-ac53-ece217971ebb - Returned response: 200
2026-07-20 14:32:23 | INFO     | trace_id=73ed508b-da8f-4677-90ad-531e9103e062 - Returned response: 200
2026-07-20 14:32:23 | INFO     | trace_id=0f72de39-8f42-4163-93b4-0dfba9ad9905 - Received request: GET /api/v1/pomodoro/stats
2026-07-20 14:32:23 | INFO     | trace_id=0f72de39-8f42-4163-93b4-0dfba9ad9905 - Returned response: 200
2026-07-20 14:32:25 | INFO     | trace_id=4cc22dbf-c6dc-4f53-b179-90d4499c9823 - Received request: OPTIONS /api/v1/dynamic-exam/start
2026-07-20 14:32:25 | INFO     | trace_id=4cc22dbf-c6dc-4f53-b179-90d4499c9823 - Returned response: 200
2026-07-20 14:32:25 | INFO     | trace_id=3741a66c-b384-4fbb-bc9a-30675db44850 - Received request: POST /api/v1/dynamic-exam/start
2026-07-20 14:33:58 | INFO     | trace_id=3741a66c-b384-4fbb-bc9a-30675db44850 - Returned response: 200
2026-07-20 14:34:26 | INFO     | trace_id=72fcff8f-c24a-44f8-9467-80283cc9f46e - Received request: OPTIONS /api/v1/dynamic-exam/chat
2026-07-20 14:34:26 | INFO     | trace_id=72fcff8f-c24a-44f8-9467-80283cc9f46e - Returned response: 200
2026-07-20 14:34:26 | INFO     | trace_id=661f1d2e-d690-4401-92a3-cb035365233a - Received request: POST /api/v1/dynamic-exam/chat
2026-07-20 14:34:40 | INFO     | trace_id=661f1d2e-d690-4401-92a3-cb035365233a - Returned response: 200
2026-07-20 14:35:04 | INFO     | trace_id=5ac3b904-aa69-4468-a7f1-58b2653a8442 - Received request: POST /api/v1/dynamic-exam/chat
2026-07-20 14:36:02 | INFO     | trace_id=5ac3b904-aa69-4468-a7f1-58b2653a8442 - Returned response: 200
2026-07-20 14:36:37 | INFO     | trace_id=df5d8d9f-05a6-4912-b5fb-2aadb75b86d0 - Received request: POST /api/v1/dynamic-exam/chat
2026-07-20 14:37:25 | INFO     | trace_id=df5d8d9f-05a6-4912-b5fb-2aadb75b86d0 - Returned response: 200
2026-07-20 14:39:47 | INFO     | trace_id=8d1c142d-502a-4458-a0ad-74141971be62 - Received request: POST /api/v1/dynamic-exam/chat
2026-07-20 14:40:12 | INFO     | trace_id=8d1c142d-502a-4458-a0ad-74141971be62 - Returned response: 200
2026-07-20 14:40:50 | INFO     | trace_id=3d3c6e6f-c75b-48f7-8916-5a53f7ccdc23 - Received request: POST /api/v1/dynamic-exam/chat
2026-07-20 14:41:32 | INFO     | trace_id=3d3c6e6f-c75b-48f7-8916-5a53f7ccdc23 - Returned response: 200
2026-07-20 14:42:38 | INFO     | trace_id=1c7872f8-ae87-41aa-8f75-63939a7fbf73 - Received request: POST /api/v1/dynamic-exam/chat
2026-07-20 14:43:18 | INFO     | trace_id=1c7872f8-ae87-41aa-8f75-63939a7fbf73 - Returned response: 200
2026-07-20 14:44:36 | INFO     | trace_id=113c8992-9dc4-4e69-a751-0edbd8047e82 - Received request: OPTIONS /api/v1/dynamic-exam/chat
2026-07-20 14:44:36 | INFO     | trace_id=113c8992-9dc4-4e69-a751-0edbd8047e82 - Returned response: 200
2026-07-20 14:44:36 | INFO     | trace_id=eee245c3-da9b-4f2d-83dc-83247ccf2d90 - Received request: POST /api/v1/dynamic-exam/chat
2026-07-20 14:45:03 | INFO     | trace_id=eee245c3-da9b-4f2d-83dc-83247ccf2d90 - Returned response: 200
2026-07-20 14:45:59 | INFO     | trace_id=d9480c34-967f-4a91-ad7e-814d5a8ea357 - Received request: POST /api/v1/dynamic-exam/chat
2026-07-20 14:46:33 | INFO     | trace_id=d9480c34-967f-4a91-ad7e-814d5a8ea357 - Returned response: 200
2026-07-20 14:47:11 | INFO     | trace_id=f66ed93d-4310-43ce-8a21-73467e650bf3 - Received request: POST /api/v1/dynamic-exam/chat
2026-07-20 14:48:12 | INFO     | trace_id=f66ed93d-4310-43ce-8a21-73467e650bf3 - Returned response: 200
2026-07-20 14:48:12 | INFO     | trace_id=dcf83cd3-f362-4ad9-ab87-f0c7393dd981 - Received request: OPTIONS /api/v1/dynamic-exam/end
2026-07-20 14:48:12 | INFO     | trace_id=dcf83cd3-f362-4ad9-ab87-f0c7393dd981 - Returned response: 200
2026-07-20 14:48:12 | INFO     | trace_id=1c8d74a9-1ee6-4831-a6a0-d877e40e1ad6 - Received request: POST /api/v1/dynamic-exam/end
2026-07-20 14:48:12 | INFO     | trace_id=1c8d74a9-1ee6-4831-a6a0-d877e40e1ad6 - Returned response: 200
2026-07-20 15:16:28 | INFO     | trace_id=e0d2249e-24f3-48af-aefb-14ee7cccf80e - Received request: GET /api/v1/admin/knowledge-graph
2026-07-20 15:16:28 | INFO     | trace_id=e0d2249e-24f3-48af-aefb-14ee7cccf80e - Returned response: 200
2026-07-20 15:16:53 | INFO     | trace_id=4a2680b5-5355-4de2-a2a0-42b7ab5f8b57 - Received request: GET /api/v1/admin/knowledge-graph
2026-07-20 15:16:53 | INFO     | trace_id=4a2680b5-5355-4de2-a2a0-42b7ab5f8b57 - Returned response: 200
2026-07-20 15:17:11 | INFO     | trace_id=12bb13f0-6b35-42dc-ae06-058fc8fbecba - Received request: GET /api/v1/admin/trainee-profiles/tags
2026-07-20 15:17:11 | INFO     | trace_id=12bb13f0-6b35-42dc-ae06-058fc8fbecba - Returned response: 200
2026-07-20 15:22:51 | INFO     | trace_id=9eccc245-0d09-45a6-bdd5-a06e4f30399c - Received request: GET /api/v1/admin/prewarm/status
2026-07-20 15:22:51 | INFO     | trace_id=a91bc8da-8f9d-4926-bb3d-1a67a8e5ea69 - Received request: GET /api/v1/admin/personas
2026-07-20 15:22:51 | INFO     | trace_id=9eccc245-0d09-45a6-bdd5-a06e4f30399c - Returned response: 200
2026-07-20 15:22:51 | INFO     | trace_id=3565a08c-10eb-4796-a18e-603791608145 - Received request: GET /api/v1/admin/prewarm/status
2026-07-20 15:22:51 | INFO     | trace_id=3565a08c-10eb-4796-a18e-603791608145 - Returned response: 200
2026-07-20 15:22:51 | INFO     | trace_id=a91bc8da-8f9d-4926-bb3d-1a67a8e5ea69 - Returned response: 200
2026-07-20 15:22:51 | INFO     | trace_id=745ad9f7-a565-45ad-be43-23dd94b4f3b9 - Received request: GET /api/v1/admin/personas
2026-07-20 15:22:51 | INFO     | trace_id=745ad9f7-a565-45ad-be43-23dd94b4f3b9 - Returned response: 200
2026-07-20 15:22:53 | INFO     | trace_id=4711053d-0cab-4e89-b792-f8698d8ce673 - Received request: GET /api/v1/admin/kb-nodes
2026-07-20 15:22:53 | INFO     | trace_id=d33bc64e-a0d2-46c1-9b4e-d17974b19a16 - Received request: GET /api/v1/admin/knowledge-relations
2026-07-20 15:22:53 | INFO     | trace_id=4711053d-0cab-4e89-b792-f8698d8ce673 - Returned response: 200
2026-07-20 15:22:53 | INFO     | trace_id=d33bc64e-a0d2-46c1-9b4e-d17974b19a16 - Returned response: 200
2026-07-20 15:22:54 | INFO     | trace_id=e50bd48c-01dd-42f5-88ac-720b3ddfbd79 - Received request: GET /api/v1/admin/dashboard/stats
2026-07-20 15:22:54 | INFO     | trace_id=6406ff6a-8155-4b29-946b-c2ffccb61d2f - Received request: GET /api/v1/admin/trainee-profiles/tags
2026-07-20 15:22:54 | INFO     | trace_id=13aa13fa-c800-4b7a-97a3-d6dede4feb8b - Received request: GET /api/v1/admin/trainee-profiles
2026-07-20 15:22:54 | INFO     | trace_id=6406ff6a-8155-4b29-946b-c2ffccb61d2f - Returned response: 200
2026-07-20 15:22:54 | INFO     | trace_id=e50bd48c-01dd-42f5-88ac-720b3ddfbd79 - Returned response: 200
2026-07-20 15:22:54 | INFO     | trace_id=13aa13fa-c800-4b7a-97a3-d6dede4feb8b - Returned response: 200
2026-07-20 15:22:58 | INFO     | trace_id=2b47bdfb-43fa-4952-9e85-83ba25dfe46c - Received request: GET /api/v1/admin/prewarm/status
2026-07-20 15:22:58 | INFO     | trace_id=59920645-45d5-486e-9074-a928e240ebc2 - Received request: GET /api/v1/admin/personas
2026-07-20 15:22:58 | INFO     | trace_id=2b47bdfb-43fa-4952-9e85-83ba25dfe46c - Returned response: 200
2026-07-20 15:22:58 | INFO     | trace_id=f3032d8d-c775-4064-8796-e8dc9e7b88bd - Received request: GET /api/v1/admin/prewarm/status
2026-07-20 15:22:58 | INFO     | trace_id=59920645-45d5-486e-9074-a928e240ebc2 - Returned response: 200
2026-07-20 15:22:58 | INFO     | trace_id=f3032d8d-c775-4064-8796-e8dc9e7b88bd - Returned response: 200
2026-07-20 15:22:58 | INFO     | trace_id=950cd5bd-a614-46e4-a031-7b3b55ba4a9d - Received request: GET /api/v1/admin/personas
2026-07-20 15:22:58 | INFO     | trace_id=950cd5bd-a614-46e4-a031-7b3b55ba4a9d - Returned response: 200
2026-07-20 15:22:59 | INFO     | trace_id=4c2ac208-c34e-4ad6-86e9-11b28832eeb2 - Received request: GET /api/v1/admin/dashboard/stats
2026-07-20 15:22:59 | INFO     | trace_id=5f4629bc-74b1-4f6a-b457-ea0c411123fe - Received request: GET /api/v1/admin/trainee-profiles/tags
2026-07-20 15:22:59 | INFO     | trace_id=c92e2a52-78bd-4be8-bd65-9742955a448a - Received request: GET /api/v1/admin/trainee-profiles
2026-07-20 15:22:59 | INFO     | trace_id=5f4629bc-74b1-4f6a-b457-ea0c411123fe - Returned response: 200
2026-07-20 15:22:59 | INFO     | trace_id=c92e2a52-78bd-4be8-bd65-9742955a448a - Returned response: 200
2026-07-20 15:22:59 | INFO     | trace_id=4c2ac208-c34e-4ad6-86e9-11b28832eeb2 - Returned response: 200
2026-07-20 15:23:19 | INFO     | trace_id=34edc9d6-36df-4f0c-8805-eaad1ead2569 - Received request: GET /api/v1/admin/prewarm/status
2026-07-20 15:23:19 | INFO     | trace_id=88ecfa1b-3aa2-462a-8ba9-7a17d39ffb1f - Received request: GET /api/v1/admin/personas
2026-07-20 15:23:19 | INFO     | trace_id=34edc9d6-36df-4f0c-8805-eaad1ead2569 - Returned response: 200
2026-07-20 15:23:19 | INFO     | trace_id=31af36dd-b786-4d8e-9093-2e894ee45cd9 - Received request: GET /api/v1/admin/prewarm/status
2026-07-20 15:23:19 | INFO     | trace_id=31af36dd-b786-4d8e-9093-2e894ee45cd9 - Returned response: 200
2026-07-20 15:23:19 | INFO     | trace_id=88ecfa1b-3aa2-462a-8ba9-7a17d39ffb1f - Returned response: 200
2026-07-20 15:23:19 | INFO     | trace_id=f93e4a89-708c-46ce-933c-39834e7890f7 - Received request: GET /api/v1/admin/personas
2026-07-20 15:23:19 | INFO     | trace_id=f93e4a89-708c-46ce-933c-39834e7890f7 - Returned response: 200
2026-07-20 15:23:20 | INFO     | trace_id=8d171e03-62dd-41e2-8e90-eba65bc7a55d - Received request: GET /api/v1/admin/kb-nodes
2026-07-20 15:23:20 | INFO     | trace_id=4ea7b66c-1387-4a8e-a51c-b7f3f6d45169 - Received request: GET /api/v1/admin/knowledge-relations
2026-07-20 15:23:20 | INFO     | trace_id=8d171e03-62dd-41e2-8e90-eba65bc7a55d - Returned response: 200
2026-07-20 15:23:20 | INFO     | trace_id=4ea7b66c-1387-4a8e-a51c-b7f3f6d45169 - Returned response: 200
2026-07-20 15:23:26 | INFO     | trace_id=b1239b60-6086-4e2b-b1f6-2c45ec7e1388 - Received request: GET /api/v1/admin/knowledge-graph
2026-07-20 15:23:26 | INFO     | trace_id=b1239b60-6086-4e2b-b1f6-2c45ec7e1388 - Returned response: 200
2026-07-20 15:23:36 | INFO     | trace_id=6d312d7c-d671-4a11-9981-c732c18b110f - Received request: GET /api/v1/admin/dashboard/stats
2026-07-20 15:23:36 | INFO     | trace_id=1f12abe8-558b-4f78-8b8b-81de560afe47 - Received request: GET /api/v1/admin/trainee-profiles/tags
2026-07-20 15:23:36 | INFO     | trace_id=1bb9711b-439f-4d87-8d0f-c20f331cd310 - Received request: GET /api/v1/admin/trainee-profiles
2026-07-20 15:23:36 | INFO     | trace_id=1f12abe8-558b-4f78-8b8b-81de560afe47 - Returned response: 200
2026-07-20 15:23:36 | INFO     | trace_id=1bb9711b-439f-4d87-8d0f-c20f331cd310 - Returned response: 200
2026-07-20 15:23:36 | INFO     | trace_id=6d312d7c-d671-4a11-9981-c732c18b110f - Returned response: 200
2026-07-20 15:23:39 | INFO     | trace_id=ec485869-d259-4ab6-924e-7c412374e044 - Received request: GET /api/v1/admin/prewarm/status
2026-07-20 15:23:39 | INFO     | trace_id=968a90f0-4b60-4d1a-bb7a-7fa2a9483633 - Received request: GET /api/v1/admin/personas
2026-07-20 15:23:39 | INFO     | trace_id=ec485869-d259-4ab6-924e-7c412374e044 - Returned response: 200
2026-07-20 15:23:39 | INFO     | trace_id=968a90f0-4b60-4d1a-bb7a-7fa2a9483633 - Returned response: 200
2026-07-20 15:23:39 | INFO     | trace_id=fb5b91a3-96aa-4daf-ac31-e06524988e37 - Received request: GET /api/v1/admin/prewarm/status
2026-07-20 15:23:39 | INFO     | trace_id=afd72fef-da4c-4699-9a1f-51a405bd78df - Received request: GET /api/v1/admin/personas
2026-07-20 15:23:39 | INFO     | trace_id=fb5b91a3-96aa-4daf-ac31-e06524988e37 - Returned response: 200
2026-07-20 15:23:39 | INFO     | trace_id=afd72fef-da4c-4699-9a1f-51a405bd78df - Returned response: 200
2026-07-20 15:23:41 | INFO     | trace_id=ecc12891-0ca6-481b-a269-04588edd9c71 - Received request: GET /api/v1/admin/exam-papers
2026-07-20 15:23:41 | INFO     | trace_id=ecc12891-0ca6-481b-a269-04588edd9c71 - Returned response: 200
2026-07-20 15:23:41 | INFO     | trace_id=2f358858-8f04-48eb-9080-731f3509241e - Received request: GET /api/v1/admin/questions
2026-07-20 15:23:41 | INFO     | trace_id=6b611a9b-9cb1-4972-9e3c-37fa633a88dd - Received request: GET /api/v1/admin/personas
2026-07-20 15:23:41 | INFO     | trace_id=6b611a9b-9cb1-4972-9e3c-37fa633a88dd - Returned response: 200
2026-07-20 15:23:41 | INFO     | trace_id=2f358858-8f04-48eb-9080-731f3509241e - Returned response: 200
2026-07-20 15:23:42 | INFO     | trace_id=17c33c14-bfec-4204-8b0c-626520ed1d85 - Received request: GET /api/v1/admin/exam-papers/9187a64d-9fd5-473d-93c3-942db87e3bd0/records
2026-07-20 15:23:42 | INFO     | trace_id=17c33c14-bfec-4204-8b0c-626520ed1d85 - Returned response: 200
2026-07-20 15:24:23 | INFO     | trace_id=2d8f7ab2-ee52-41de-9517-2f648c42d796 - Received request: GET /api/v1/admin/dashboard/stats
2026-07-20 15:24:23 | INFO     | trace_id=4c70d4f0-4fec-405a-a375-3084b87e0490 - Received request: GET /api/v1/admin/trainee-profiles/tags
2026-07-20 15:24:23 | INFO     | trace_id=506d0b81-69c3-4754-a2ea-4a5bc65ab2b5 - Received request: GET /api/v1/admin/trainee-profiles
2026-07-20 15:24:23 | INFO     | trace_id=4c70d4f0-4fec-405a-a375-3084b87e0490 - Returned response: 200
2026-07-20 15:24:23 | INFO     | trace_id=506d0b81-69c3-4754-a2ea-4a5bc65ab2b5 - Returned response: 200
2026-07-20 15:24:23 | INFO     | trace_id=2d8f7ab2-ee52-41de-9517-2f648c42d796 - Returned response: 200
2026-07-20 15:24:26 | INFO     | trace_id=72f8642d-5ac2-4d03-b18e-0e4981b1b332 - Received request: GET /api/v1/feynman/progress
2026-07-20 15:24:26 | INFO     | trace_id=99734fcf-24f8-4b32-aed5-f53b4eae9480 - Received request: GET /api/v1/pomodoro/stats
2026-07-20 15:24:26 | INFO     | trace_id=72f8642d-5ac2-4d03-b18e-0e4981b1b332 - Returned response: 200
2026-07-20 15:24:26 | INFO     | trace_id=1826492a-b86f-4892-b740-9b1214967a95 - Received request: GET /api/v1/feynman/progress
2026-07-20 15:24:26 | INFO     | trace_id=1826492a-b86f-4892-b740-9b1214967a95 - Returned response: 200
2026-07-20 15:24:26 | INFO     | trace_id=99734fcf-24f8-4b32-aed5-f53b4eae9480 - Returned response: 200
2026-07-20 15:24:26 | INFO     | trace_id=fd951df9-1f7b-4b31-bb0f-1c1506154555 - Received request: GET /api/v1/pomodoro/stats
2026-07-20 15:24:26 | INFO     | trace_id=fd951df9-1f7b-4b31-bb0f-1c1506154555 - Returned response: 200
2026-07-20 15:24:27 | INFO     | trace_id=5cd46b8b-8225-416b-8ac6-018e8accc91a - Received request: GET /api/v1/practice/categories
2026-07-20 15:24:27 | INFO     | trace_id=2a5bf441-8c74-42c0-86cf-11fb20aaac3a - Received request: GET /api/v1/practice/recommended
2026-07-20 15:24:27 | INFO     | trace_id=5cd46b8b-8225-416b-8ac6-018e8accc91a - Returned response: 200
2026-07-20 15:24:27 | INFO     | trace_id=2a5bf441-8c74-42c0-86cf-11fb20aaac3a - Returned response: 200
2026-07-20 15:24:28 | INFO     | trace_id=a03f7fdd-d30b-46d6-991c-cfba377230cc - Received request: GET /api/v1/capability-portrait
2026-07-20 15:24:28 | INFO     | trace_id=a03f7fdd-d30b-46d6-991c-cfba377230cc - Returned response: 200
2026-07-20 15:24:32 | INFO     | trace_id=ec08c3be-6369-433c-bc28-5f793c5e902d - Received request: GET /api/v1/feynman/progress
2026-07-20 15:24:32 | INFO     | trace_id=83ef4439-5c33-4129-9b21-60f30457a9b8 - Received request: GET /api/v1/pomodoro/stats
2026-07-20 15:24:32 | INFO     | trace_id=ec08c3be-6369-433c-bc28-5f793c5e902d - Returned response: 200
2026-07-20 15:24:32 | INFO     | trace_id=83ef4439-5c33-4129-9b21-60f30457a9b8 - Returned response: 200
2026-07-20 15:24:36 | INFO     | trace_id=a162e86c-583e-40c2-bb5d-483644b877e6 - Received request: GET /api/v1/exam-papers
2026-07-20 15:24:36 | INFO     | trace_id=a162e86c-583e-40c2-bb5d-483644b877e6 - Returned response: 200
2026-07-20 15:24:36 | INFO     | trace_id=fcf17c44-92fd-41fc-bb53-e5c492c7b353 - Received request: GET /api/v1/practice/recommended
2026-07-20 15:24:36 | INFO     | trace_id=fcf17c44-92fd-41fc-bb53-e5c492c7b353 - Returned response: 200
2026-07-20 15:24:41 | INFO     | trace_id=dae46c65-613b-4046-826c-03a401e8dab3 - Received request: GET /api/v1/history
2026-07-20 15:24:41 | INFO     | trace_id=dae46c65-613b-4046-826c-03a401e8dab3 - Returned response: 200
2026-07-20 15:24:41 | INFO     | trace_id=7e67b37b-4b13-4313-b5a4-af6e8290f2f3 - Received request: GET /api/v1/practice/history
2026-07-20 15:24:41 | INFO     | trace_id=7e67b37b-4b13-4313-b5a4-af6e8290f2f3 - Returned response: 200
2026-07-20 15:24:41 | INFO     | trace_id=7bbd94be-c30a-4b5a-b9a5-33834fef5fc1 - Received request: GET /api/v1/trend
2026-07-20 15:24:41 | INFO     | trace_id=7bbd94be-c30a-4b5a-b9a5-33834fef5fc1 - Returned response: 200
2026-07-20 15:26:55 | INFO     | trace_id=2223c54c-44c8-446c-b2dd-3b6a07b44b7e - Received request: GET /api/v1/admin/prewarm/status
2026-07-20 15:26:55 | INFO     | trace_id=e462199d-cfea-4e85-8d1d-050af0f43a14 - Received request: GET /api/v1/admin/personas
2026-07-20 15:26:55 | INFO     | trace_id=2223c54c-44c8-446c-b2dd-3b6a07b44b7e - Returned response: 200
2026-07-20 15:26:55 | INFO     | trace_id=771dfb18-4b1a-4788-96c5-50800fa3554f - Received request: GET /api/v1/admin/prewarm/status
2026-07-20 15:26:55 | INFO     | trace_id=771dfb18-4b1a-4788-96c5-50800fa3554f - Returned response: 200
2026-07-20 15:26:55 | INFO     | trace_id=e462199d-cfea-4e85-8d1d-050af0f43a14 - Returned response: 200
2026-07-20 15:26:55 | INFO     | trace_id=5e685e60-5b66-464f-9fd1-d073bd5a1d2f - Received request: GET /api/v1/admin/personas
2026-07-20 15:26:56 | INFO     | trace_id=5e685e60-5b66-464f-9fd1-d073bd5a1d2f - Returned response: 200
2026-07-20 15:26:57 | INFO     | trace_id=b4c08f25-8090-47cf-a99a-55ca000fc445 - Received request: GET /api/v1/admin/kb-nodes
2026-07-20 15:26:57 | INFO     | trace_id=cc7fa3a1-f99e-4434-89c4-2f9643b8c904 - Received request: GET /api/v1/admin/knowledge-relations
2026-07-20 15:26:57 | INFO     | trace_id=b4c08f25-8090-47cf-a99a-55ca000fc445 - Returned response: 200
2026-07-20 15:26:57 | INFO     | trace_id=cc7fa3a1-f99e-4434-89c4-2f9643b8c904 - Returned response: 200
2026-07-20 15:26:57 | INFO     | trace_id=55647223-e4f1-48cf-bf1f-80ec6854c312 - Received request: GET /api/v1/admin/dashboard/stats
2026-07-20 15:26:57 | INFO     | trace_id=1c61e388-774b-4501-b3eb-4847fef31efa - Received request: GET /api/v1/admin/trainee-profiles/tags
2026-07-20 15:26:57 | INFO     | trace_id=2b8c2ab9-bc54-4caf-b0b7-2596163d5975 - Received request: GET /api/v1/admin/trainee-profiles
2026-07-20 15:26:57 | INFO     | trace_id=1c61e388-774b-4501-b3eb-4847fef31efa - Returned response: 200
2026-07-20 15:26:57 | INFO     | trace_id=2b8c2ab9-bc54-4caf-b0b7-2596163d5975 - Returned response: 200
2026-07-20 15:26:57 | INFO     | trace_id=55647223-e4f1-48cf-bf1f-80ec6854c312 - Returned response: 200
2026-07-20 15:26:58 | INFO     | trace_id=2dbddc5d-127b-4210-b6f8-51064268166b - Received request: GET /api/v1/admin/kb-nodes
2026-07-20 15:26:58 | INFO     | trace_id=e6b3ae12-a418-4d45-bc1a-2aa6ec1f1812 - Received request: GET /api/v1/admin/knowledge-relations
2026-07-20 15:26:58 | INFO     | trace_id=2dbddc5d-127b-4210-b6f8-51064268166b - Returned response: 200
2026-07-20 15:26:58 | INFO     | trace_id=e6b3ae12-a418-4d45-bc1a-2aa6ec1f1812 - Returned response: 200
2026-07-20 15:27:01 | INFO     | trace_id=74446c95-5682-40bb-85c4-d6192a9df13a - Received request: GET /api/v1/admin/knowledge-graph
2026-07-20 15:27:01 | INFO     | trace_id=74446c95-5682-40bb-85c4-d6192a9df13a - Returned response: 200
2026-07-20 15:27:11 | INFO     | trace_id=fc4599a5-6183-467d-9a69-e4514e0a0f7d - Received request: GET /api/v1/admin/dashboard/stats
2026-07-20 15:27:11 | INFO     | trace_id=dd944f19-0e7e-40bd-94ea-320032cfd9f3 - Received request: GET /api/v1/admin/trainee-profiles/tags
2026-07-20 15:27:11 | INFO     | trace_id=a671f906-f3ee-49bb-ad14-9eca2e5fdae5 - Received request: GET /api/v1/admin/trainee-profiles
2026-07-20 15:27:11 | INFO     | trace_id=dd944f19-0e7e-40bd-94ea-320032cfd9f3 - Returned response: 200
2026-07-20 15:27:11 | INFO     | trace_id=a671f906-f3ee-49bb-ad14-9eca2e5fdae5 - Returned response: 200
2026-07-20 15:27:11 | INFO     | trace_id=fc4599a5-6183-467d-9a69-e4514e0a0f7d - Returned response: 200
2026-07-20 15:27:12 | INFO     | trace_id=389e06cb-1b50-4057-941c-05fcc5ba8ea4 - Received request: GET /api/v1/admin/project-scenarios
2026-07-20 15:27:12 | INFO     | trace_id=389e06cb-1b50-4057-941c-05fcc5ba8ea4 - Returned response: 200
2026-07-20 15:27:12 | INFO     | trace_id=a9c535a0-a3bc-4f99-b238-cd76991e0775 - Received request: GET /api/v1/admin/project-scenarios
2026-07-20 15:27:12 | INFO     | trace_id=a9c535a0-a3bc-4f99-b238-cd76991e0775 - Returned response: 200
2026-07-20 15:27:24 | INFO     | trace_id=600c0f6e-a39c-4b27-9a10-5f850a372f73 - Received request: OPTIONS /api/v1/admin/project-scenarios
2026-07-20 15:27:24 | INFO     | trace_id=600c0f6e-a39c-4b27-9a10-5f850a372f73 - Returned response: 200
2026-07-20 15:27:24 | INFO     | trace_id=2a2dc855-0c44-4f96-89e5-ec14e9a30802 - Received request: POST /api/v1/admin/project-scenarios
2026-07-20 15:27:24 | INFO     | trace_id=2a2dc855-0c44-4f96-89e5-ec14e9a30802 - Returned response: 200
2026-07-20 15:27:24 | INFO     | trace_id=e33b1f00-6b4e-4770-90cb-62b2c1f75c89 - Received request: GET /api/v1/admin/project-scenarios
2026-07-20 15:27:24 | INFO     | trace_id=e33b1f00-6b4e-4770-90cb-62b2c1f75c89 - Returned response: 200
2026-07-20 15:27:28 | INFO     | trace_id=07ed3c08-0601-4f1f-8694-ff287fc06ba7 - Received request: OPTIONS /api/v1/admin/project-scenarios/052045cd-3e74-4899-8124-9e640ce6bbfc
2026-07-20 15:27:28 | INFO     | trace_id=07ed3c08-0601-4f1f-8694-ff287fc06ba7 - Returned response: 200
2026-07-20 15:27:28 | INFO     | trace_id=b22f6c2e-b78d-4844-a65d-62f9ec97d90b - Received request: DELETE /api/v1/admin/project-scenarios/052045cd-3e74-4899-8124-9e640ce6bbfc
2026-07-20 15:27:28 | INFO     | trace_id=b22f6c2e-b78d-4844-a65d-62f9ec97d90b - Returned response: 200
2026-07-20 15:27:28 | INFO     | trace_id=1fbd91f5-936f-4140-9a0b-b3f10d7636a3 - Received request: GET /api/v1/admin/project-scenarios
2026-07-20 15:27:28 | INFO     | trace_id=1fbd91f5-936f-4140-9a0b-b3f10d7636a3 - Returned response: 200
2026-07-20 15:27:29 | INFO     | trace_id=5591c4ad-3275-421e-b5cf-61689117401f - Received request: GET /api/v1/admin/weaknesses/overview
2026-07-20 15:27:29 | INFO     | trace_id=5591c4ad-3275-421e-b5cf-61689117401f - Returned response: 200
2026-07-20 15:27:32 | INFO     | trace_id=7c55cb6d-59ff-49f6-a7f2-3ad5f05de2df - Received request: GET /api/v1/admin/exam-papers
2026-07-20 15:27:32 | INFO     | trace_id=7c55cb6d-59ff-49f6-a7f2-3ad5f05de2df - Returned response: 200
2026-07-20 15:27:32 | INFO     | trace_id=9f4d3b57-a9f4-4b2f-8482-26291b87c5b8 - Received request: GET /api/v1/admin/questions
2026-07-20 15:27:32 | INFO     | trace_id=94dc64ce-09a5-4df5-a9c9-dc7438a3e840 - Received request: GET /api/v1/admin/personas
2026-07-20 15:27:32 | INFO     | trace_id=94dc64ce-09a5-4df5-a9c9-dc7438a3e840 - Returned response: 200
2026-07-20 15:27:32 | INFO     | trace_id=9f4d3b57-a9f4-4b2f-8482-26291b87c5b8 - Returned response: 200
2026-07-20 15:27:32 | INFO     | trace_id=9c616e3b-0046-408d-b41f-13b51f9199d0 - Received request: GET /api/v1/admin/weaknesses/overview
2026-07-20 15:27:32 | INFO     | trace_id=9c616e3b-0046-408d-b41f-13b51f9199d0 - Returned response: 200
2026-07-20 15:27:51 | INFO     | trace_id=d7bf9517-d033-44b4-ae46-946c42cc9982 - Received request: GET /api/v1/feynman/progress
2026-07-20 15:27:51 | INFO     | trace_id=68e9fa56-89bb-4262-b644-82e349a5c308 - Received request: GET /api/v1/pomodoro/stats
2026-07-20 15:27:51 | INFO     | trace_id=d7bf9517-d033-44b4-ae46-946c42cc9982 - Returned response: 200
2026-07-20 15:27:51 | INFO     | trace_id=dc2cbab5-1903-4bef-a1e4-2f9a87978940 - Received request: GET /api/v1/feynman/progress
2026-07-20 15:27:51 | INFO     | trace_id=68e9fa56-89bb-4262-b644-82e349a5c308 - Returned response: 200
2026-07-20 15:27:51 | INFO     | trace_id=c599715f-100f-41ab-88b6-a81f110e72fb - Received request: GET /api/v1/pomodoro/stats
2026-07-20 15:27:51 | INFO     | trace_id=c599715f-100f-41ab-88b6-a81f110e72fb - Returned response: 200
2026-07-20 15:27:51 | INFO     | trace_id=dc2cbab5-1903-4bef-a1e4-2f9a87978940 - Returned response: 200
2026-07-20 15:27:52 | INFO     | trace_id=916f8943-a477-4343-bc7b-6fb334f8735c - Received request: GET /api/v1/practice/categories
2026-07-20 15:27:52 | INFO     | trace_id=26595f1a-212b-41dd-a8ca-2b6ee7d5670d - Received request: GET /api/v1/practice/recommended
2026-07-20 15:27:52 | INFO     | trace_id=916f8943-a477-4343-bc7b-6fb334f8735c - Returned response: 200
2026-07-20 15:27:52 | INFO     | trace_id=26595f1a-212b-41dd-a8ca-2b6ee7d5670d - Returned response: 200
2026-07-20 15:27:52 | INFO     | trace_id=9f2b125c-9dc3-403a-8f6a-81e4ae677b7e - Received request: GET /api/v1/exam-papers
2026-07-20 15:27:52 | INFO     | trace_id=9f2b125c-9dc3-403a-8f6a-81e4ae677b7e - Returned response: 200
2026-07-20 15:27:54 | INFO     | trace_id=5b3a4486-afca-407d-bda0-e318c4193921 - Received request: GET /api/v1/practice/recommended
2026-07-20 15:27:54 | INFO     | trace_id=5b3a4486-afca-407d-bda0-e318c4193921 - Returned response: 200
2026-07-20 15:27:57 | INFO     | trace_id=9b0f1d3b-51d9-4234-bff9-36da048d022c - Received request: OPTIONS /api/v1/practice/teaching-question
2026-07-20 15:27:57 | INFO     | trace_id=9b0f1d3b-51d9-4234-bff9-36da048d022c - Returned response: 200
2026-07-20 15:27:57 | INFO     | trace_id=b4922890-dd79-4046-9234-7464237dc69c - Received request: POST /api/v1/practice/teaching-question
2026-07-20 15:28:28 | INFO     | trace_id=b4922890-dd79-4046-9234-7464237dc69c - Returned response: 200
2026-07-20 15:31:55 | INFO     | trace_id=e6f4a542-9f7f-4412-bc77-d9206d79263d - Received request: GET /api/v1/feynman/progress
2026-07-20 15:31:55 | INFO     | trace_id=70de36d0-c24a-42ad-a49f-f4c6efd90c5d - Received request: GET /api/v1/pomodoro/stats
2026-07-20 15:31:55 | INFO     | trace_id=e6f4a542-9f7f-4412-bc77-d9206d79263d - Returned response: 200
2026-07-20 15:31:55 | INFO     | trace_id=70de36d0-c24a-42ad-a49f-f4c6efd90c5d - Returned response: 200
2026-07-20 15:36:07 | INFO     | trace_id=f0ebace5-7e5b-4ad7-b9e4-2ed77c87e870 - Received request: GET /api/v1/feynman/progress
2026-07-20 15:36:07 | INFO     | trace_id=bb8de209-99bd-4fd9-9811-08dbc6638105 - Received request: GET /api/v1/pomodoro/stats
2026-07-20 15:36:07 | INFO     | trace_id=f0ebace5-7e5b-4ad7-b9e4-2ed77c87e870 - Returned response: 200
2026-07-20 15:36:07 | INFO     | trace_id=b24cfdf8-1040-42a0-84b1-ee94c76405e0 - Received request: GET /api/v1/feynman/progress
2026-07-20 15:36:07 | INFO     | trace_id=bb8de209-99bd-4fd9-9811-08dbc6638105 - Returned response: 200
2026-07-20 15:36:07 | INFO     | trace_id=af7c1876-bc1b-4878-a22c-2ed2f2eff2f3 - Received request: GET /api/v1/pomodoro/stats
2026-07-20 15:36:07 | INFO     | trace_id=af7c1876-bc1b-4878-a22c-2ed2f2eff2f3 - Returned response: 200
2026-07-20 15:36:07 | INFO     | trace_id=b24cfdf8-1040-42a0-84b1-ee94c76405e0 - Returned response: 200
2026-07-20 15:36:10 | INFO     | trace_id=ec859a30-a8fd-4fca-917f-dedbc384e3e0 - Received request: GET /api/v1/practice/categories
2026-07-20 15:36:10 | INFO     | trace_id=e9fd261b-ffde-4c4a-9a82-1d2bc25a5ba6 - Received request: GET /api/v1/practice/recommended
2026-07-20 15:36:10 | INFO     | trace_id=ec859a30-a8fd-4fca-917f-dedbc384e3e0 - Returned response: 200
2026-07-20 15:36:10 | INFO     | trace_id=e9fd261b-ffde-4c4a-9a82-1d2bc25a5ba6 - Returned response: 200
2026-07-20 15:36:11 | INFO     | trace_id=99e064a2-821c-4528-ae06-968ca1f6a969 - Received request: GET /api/v1/exam-papers
2026-07-20 15:36:11 | INFO     | trace_id=99e064a2-821c-4528-ae06-968ca1f6a969 - Returned response: 200
2026-07-20 15:36:13 | INFO     | trace_id=30afe713-f099-47e1-b6f4-a52720b8a267 - Received request: GET /api/v1/admin/prewarm/status
2026-07-20 15:36:13 | INFO     | trace_id=d63d356f-c1a0-4587-b2ce-ba92e85918a8 - Received request: GET /api/v1/admin/personas
2026-07-20 15:36:13 | INFO     | trace_id=30afe713-f099-47e1-b6f4-a52720b8a267 - Returned response: 200
2026-07-20 15:36:13 | INFO     | trace_id=4a42c488-531f-4fd7-9d72-0de4e5f9cd0c - Received request: GET /api/v1/admin/prewarm/status
2026-07-20 15:36:13 | INFO     | trace_id=4a42c488-531f-4fd7-9d72-0de4e5f9cd0c - Returned response: 200
2026-07-20 15:36:13 | INFO     | trace_id=d63d356f-c1a0-4587-b2ce-ba92e85918a8 - Returned response: 200
2026-07-20 15:36:13 | INFO     | trace_id=3c2982b2-957e-4716-b103-c62730e50cb6 - Received request: GET /api/v1/admin/personas
2026-07-20 15:36:13 | INFO     | trace_id=3c2982b2-957e-4716-b103-c62730e50cb6 - Returned response: 200
2026-07-20 15:36:15 | INFO     | trace_id=5b8d0531-fabd-459d-ae5e-de5b7c07933d - Received request: GET /api/v1/admin/kb-nodes
2026-07-20 15:36:15 | INFO     | trace_id=8fa1f85e-6645-4621-8315-bded01e381ad - Received request: GET /api/v1/admin/knowledge-relations
2026-07-20 15:36:15 | INFO     | trace_id=5b8d0531-fabd-459d-ae5e-de5b7c07933d - Returned response: 200
2026-07-20 15:36:15 | INFO     | trace_id=8fa1f85e-6645-4621-8315-bded01e381ad - Returned response: 200
2026-07-20 15:36:16 | INFO     | trace_id=c8c585f7-253c-47be-984a-a6b9dfd3636b - Received request: GET /api/v1/admin/dashboard/stats
2026-07-20 15:36:16 | INFO     | trace_id=925ffe1a-bdc5-4f8a-9262-aa24e2d371ee - Received request: GET /api/v1/admin/trainee-profiles/tags
2026-07-20 15:36:16 | INFO     | trace_id=38fb2847-3c44-4eac-bde2-d21e1b4e31c3 - Received request: GET /api/v1/admin/trainee-profiles
2026-07-20 15:36:16 | INFO     | trace_id=925ffe1a-bdc5-4f8a-9262-aa24e2d371ee - Returned response: 200
2026-07-20 15:36:16 | INFO     | trace_id=38fb2847-3c44-4eac-bde2-d21e1b4e31c3 - Returned response: 200
2026-07-20 15:36:16 | INFO     | trace_id=c8c585f7-253c-47be-984a-a6b9dfd3636b - Returned response: 200
2026-07-20 15:36:19 | INFO     | trace_id=cf3b0510-7a74-434b-82a3-ee3759cf7754 - Received request: GET /api/v1/feynman/progress
2026-07-20 15:36:19 | INFO     | trace_id=2374890d-fcf7-4153-87e8-5a101c392199 - Received request: GET /api/v1/pomodoro/stats
2026-07-20 15:36:19 | INFO     | trace_id=cf3b0510-7a74-434b-82a3-ee3759cf7754 - Returned response: 200
2026-07-20 15:36:19 | INFO     | trace_id=2374890d-fcf7-4153-87e8-5a101c392199 - Returned response: 200
2026-07-20 15:36:19 | INFO     | trace_id=3b100961-4fa5-4a13-b008-c47c60a8d9d3 - Received request: GET /api/v1/feynman/progress
2026-07-20 15:36:19 | INFO     | trace_id=51cea377-210c-4cff-870a-b04587f2a037 - Received request: GET /api/v1/pomodoro/stats
2026-07-20 15:36:19 | INFO     | trace_id=3b100961-4fa5-4a13-b008-c47c60a8d9d3 - Returned response: 200
2026-07-20 15:36:19 | INFO     | trace_id=51cea377-210c-4cff-870a-b04587f2a037 - Returned response: 200
2026-07-20 15:36:20 | INFO     | trace_id=e60f720b-4d96-4348-b4bc-c25153fd8f7f - Received request: GET /api/v1/feynman/progress
2026-07-20 15:36:20 | INFO     | trace_id=13420ae7-792d-4eb7-b0f6-5fdde4157fd7 - Received request: GET /api/v1/pomodoro/stats
2026-07-20 15:36:20 | INFO     | trace_id=e60f720b-4d96-4348-b4bc-c25153fd8f7f - Returned response: 200
2026-07-20 15:36:20 | INFO     | trace_id=ac73e6b6-9e71-453b-aad1-b5fc0072f7c2 - Received request: GET /api/v1/feynman/progress
2026-07-20 15:36:20 | INFO     | trace_id=ac73e6b6-9e71-453b-aad1-b5fc0072f7c2 - Returned response: 200
2026-07-20 15:36:20 | INFO     | trace_id=13420ae7-792d-4eb7-b0f6-5fdde4157fd7 - Returned response: 200
2026-07-20 15:36:20 | INFO     | trace_id=e94842d9-9297-4591-a086-69c03bcc964f - Received request: GET /api/v1/pomodoro/stats
2026-07-20 15:36:20 | INFO     | trace_id=e94842d9-9297-4591-a086-69c03bcc964f - Returned response: 200
2026-07-20 15:36:21 | INFO     | trace_id=3020788e-0517-44f0-a0a0-8bbd166f9f0a - Received request: GET /api/v1/practice/categories
2026-07-20 15:36:21 | INFO     | trace_id=367d1119-415e-47a6-a4e0-813cc07be9cc - Received request: GET /api/v1/practice/recommended
2026-07-20 15:36:21 | INFO     | trace_id=3020788e-0517-44f0-a0a0-8bbd166f9f0a - Returned response: 200
2026-07-20 15:36:21 | INFO     | trace_id=367d1119-415e-47a6-a4e0-813cc07be9cc - Returned response: 200
2026-07-20 15:36:22 | INFO     | trace_id=65871d86-84eb-4158-bff6-13f2a9b5597f - Received request: GET /api/v1/history
2026-07-20 15:36:22 | INFO     | trace_id=65871d86-84eb-4158-bff6-13f2a9b5597f - Returned response: 200
2026-07-20 15:36:22 | INFO     | trace_id=dd7ae6a2-5c0c-4f8a-8428-953fe5dc0cb5 - Received request: GET /api/v1/practice/history
2026-07-20 15:36:22 | INFO     | trace_id=dd7ae6a2-5c0c-4f8a-8428-953fe5dc0cb5 - Returned response: 200
2026-07-20 15:36:22 | INFO     | trace_id=6895d8f1-0e5e-47bd-896e-0dbafe10cfbd - Received request: GET /api/v1/trend
2026-07-20 15:36:22 | INFO     | trace_id=6895d8f1-0e5e-47bd-896e-0dbafe10cfbd - Returned response: 200
2026-07-20 15:36:26 | INFO     | trace_id=d8abb37f-9b5c-4289-bc23-f5deeefa21a6 - Received request: GET /api/v1/exam-papers
2026-07-20 15:36:26 | INFO     | trace_id=d8abb37f-9b5c-4289-bc23-f5deeefa21a6 - Returned response: 200
2026-07-20 15:36:27 | INFO     | trace_id=52223ba4-1e81-4988-9f4b-f49ba331ce7b - Received request: GET /api/v1/practice/recommended
2026-07-20 15:36:27 | INFO     | trace_id=52223ba4-1e81-4988-9f4b-f49ba331ce7b - Returned response: 200
2026-07-20 15:36:27 | INFO     | trace_id=889665bb-ce8e-4317-b5cf-3bb972d91895 - Received request: GET /api/v1/exam-papers
2026-07-20 15:36:27 | INFO     | trace_id=889665bb-ce8e-4317-b5cf-3bb972d91895 - Returned response: 200
2026-07-20 15:36:29 | INFO     | trace_id=add2e451-edbc-4dbf-8fb9-412423910646 - Received request: GET /api/v1/practice/recommended
2026-07-20 15:36:29 | INFO     | trace_id=add2e451-edbc-4dbf-8fb9-412423910646 - Returned response: 200
2026-07-20 15:36:32 | INFO     | trace_id=c6f03330-7f1d-479c-86b1-8867a10427d0 - Received request: GET /api/v1/feynman/progress
2026-07-20 15:36:32 | INFO     | trace_id=d9b2d2d6-10af-41f5-be9e-d4d12cb17946 - Received request: GET /api/v1/pomodoro/stats
2026-07-20 15:36:32 | INFO     | trace_id=c6f03330-7f1d-479c-86b1-8867a10427d0 - Returned response: 200
2026-07-20 15:36:32 | INFO     | trace_id=d9b2d2d6-10af-41f5-be9e-d4d12cb17946 - Returned response: 200
2026-07-20 15:38:08 | INFO     | trace_id=8f150539-04ee-4184-bcc7-0853caf4131b - Received request: GET /api/v1/exam-papers
2026-07-20 15:38:08 | INFO     | trace_id=8f150539-04ee-4184-bcc7-0853caf4131b - Returned response: 200
2026-07-20 15:38:08 | INFO     | trace_id=e28951bd-655b-4e37-84f1-949be9512ea2 - Received request: GET /api/v1/practice/recommended
2026-07-20 15:38:08 | INFO     | trace_id=e28951bd-655b-4e37-84f1-949be9512ea2 - Returned response: 200
2026-07-20 15:38:18 | INFO     | trace_id=3f28b436-eba8-4a15-ba13-dd72c66efb54 - Received request: OPTIONS /api/v1/chat
2026-07-20 15:38:18 | INFO     | trace_id=3f28b436-eba8-4a15-ba13-dd72c66efb54 - Returned response: 200
2026-07-20 15:38:18 | INFO     | trace_id=a43c0358-e643-4424-90ec-06dda1f26ee3 - Received request: POST /api/v1/chat
2026-07-20 15:38:18 | INFO     | trace_id=a43c0358-e643-4424-90ec-06dda1f26ee3 - Returned response: 200
2026-07-20 15:39:07 | INFO     | trace_id=b6780a6f-e9c5-4323-8f89-a3027143f5c5 - Received request: OPTIONS /api/v1/dynamic-exam/start
2026-07-20 15:39:07 | INFO     | trace_id=b6780a6f-e9c5-4323-8f89-a3027143f5c5 - Returned response: 200
2026-07-20 15:39:07 | INFO     | trace_id=7ce8755d-574e-490a-a003-16e3e43d0cfa - Received request: POST /api/v1/dynamic-exam/start
2026-07-20 15:39:51 | INFO     | trace_id=7ce8755d-574e-490a-a003-16e3e43d0cfa - Returned response: 200
2026-07-20 15:41:06 | INFO     | trace_id=36cfa6d4-3731-4e45-8df2-22b32ba3852d - Received request: GET /api/v1/admin/prewarm/status
2026-07-20 15:41:06 | INFO     | trace_id=282401b9-12c5-477f-a369-7248fa7bef8f - Received request: GET /api/v1/admin/personas
2026-07-20 15:41:06 | INFO     | trace_id=36cfa6d4-3731-4e45-8df2-22b32ba3852d - Returned response: 200
2026-07-20 15:41:06 | INFO     | trace_id=0aa0476a-1800-4322-9c44-ad440ccb1f1e - Received request: GET /api/v1/admin/prewarm/status
2026-07-20 15:41:06 | INFO     | trace_id=0aa0476a-1800-4322-9c44-ad440ccb1f1e - Returned response: 200
2026-07-20 15:41:06 | INFO     | trace_id=282401b9-12c5-477f-a369-7248fa7bef8f - Returned response: 200
2026-07-20 15:41:06 | INFO     | trace_id=c266af79-9dd0-4734-9eb0-e07db433c46e - Received request: GET /api/v1/admin/personas
2026-07-20 15:41:06 | INFO     | trace_id=c266af79-9dd0-4734-9eb0-e07db433c46e - Returned response: 200
2026-07-20 15:41:07 | INFO     | trace_id=4342e55f-ffe7-4047-ac51-f89f164a018e - Received request: GET /api/v1/admin/prewarm/status
2026-07-20 15:41:07 | INFO     | trace_id=72246b49-f9ee-42b8-800c-f1b963d4ffc8 - Received request: GET /api/v1/admin/personas
2026-07-20 15:41:07 | INFO     | trace_id=4342e55f-ffe7-4047-ac51-f89f164a018e - Returned response: 200
2026-07-20 15:41:07 | INFO     | trace_id=0c8b95b9-01d4-4d62-89db-0618f17d189b - Received request: GET /api/v1/admin/prewarm/status
2026-07-20 15:41:07 | INFO     | trace_id=72246b49-f9ee-42b8-800c-f1b963d4ffc8 - Returned response: 200
2026-07-20 15:41:07 | INFO     | trace_id=0c8b95b9-01d4-4d62-89db-0618f17d189b - Returned response: 200
2026-07-20 15:41:07 | INFO     | trace_id=f4ba7bb8-e795-41a2-93b1-82e7e1b4aaf1 - Received request: GET /api/v1/admin/personas
2026-07-20 15:41:07 | INFO     | trace_id=f4ba7bb8-e795-41a2-93b1-82e7e1b4aaf1 - Returned response: 200
2026-07-20 15:41:09 | INFO     | trace_id=3b87acdd-6872-49fe-a72a-100035e959d6 - Received request: GET /api/v1/admin/questions
2026-07-20 15:41:09 | INFO     | trace_id=3b87acdd-6872-49fe-a72a-100035e959d6 - Returned response: 200
2026-07-20 15:41:10 | INFO     | trace_id=138051ef-ec5d-4f64-a353-9f984e39c898 - Received request: GET /api/v1/dynamic-exam/history
2026-07-20 15:41:10 | INFO     | trace_id=138051ef-ec5d-4f64-a353-9f984e39c898 - Returned response: 200
2026-07-20 15:41:14 | INFO     | trace_id=54be8cfa-44ff-44c1-a232-8f64254d4973 - Received request: OPTIONS /api/v1/dynamic-exam/3bf6d62c-3f6d-440c-92a4-79cb281d7e97
2026-07-20 15:41:14 | INFO     | trace_id=54be8cfa-44ff-44c1-a232-8f64254d4973 - Returned response: 200
2026-07-20 15:41:14 | INFO     | trace_id=501f85cd-b2ac-4306-934d-bd738c44d5d6 - Received request: DELETE /api/v1/dynamic-exam/3bf6d62c-3f6d-440c-92a4-79cb281d7e97
2026-07-20 15:41:14 | INFO     | trace_id=501f85cd-b2ac-4306-934d-bd738c44d5d6 - Returned response: 200
2026-07-20 15:41:14 | INFO     | trace_id=1edb16ae-ac38-4bad-a0c2-35c11f000f44 - Received request: GET /api/v1/dynamic-exam/history
2026-07-20 15:41:14 | INFO     | trace_id=1edb16ae-ac38-4bad-a0c2-35c11f000f44 - Returned response: 200
2026-07-20 15:41:16 | INFO     | trace_id=6c44cdef-2b70-40dd-8d41-a222205ca8ec - Received request: OPTIONS /api/v1/dynamic-exam/e821e236-72cc-4153-95e9-c600b1d0f11e
2026-07-20 15:41:16 | INFO     | trace_id=6c44cdef-2b70-40dd-8d41-a222205ca8ec - Returned response: 200
2026-07-20 15:41:16 | INFO     | trace_id=d651c216-a90d-48de-a4c9-d01b3d347c44 - Received request: DELETE /api/v1/dynamic-exam/e821e236-72cc-4153-95e9-c600b1d0f11e
2026-07-20 15:41:16 | INFO     | trace_id=d651c216-a90d-48de-a4c9-d01b3d347c44 - Returned response: 200
2026-07-20 15:41:16 | INFO     | trace_id=1b51e12b-63f3-43fa-82ba-2cfd8d64bc4a - Received request: GET /api/v1/dynamic-exam/history
2026-07-20 15:41:16 | INFO     | trace_id=1b51e12b-63f3-43fa-82ba-2cfd8d64bc4a - Returned response: 200
2026-07-20 15:41:18 | INFO     | trace_id=014f1418-dab6-4501-bf7d-1156ad0e6b27 - Received request: OPTIONS /api/v1/dynamic-exam/af63eeaf-5227-45b5-8627-40adb32e4c36
2026-07-20 15:41:18 | INFO     | trace_id=014f1418-dab6-4501-bf7d-1156ad0e6b27 - Returned response: 200
2026-07-20 15:41:18 | INFO     | trace_id=31eeec87-a059-4c88-bb03-5abb1e083470 - Received request: DELETE /api/v1/dynamic-exam/af63eeaf-5227-45b5-8627-40adb32e4c36
2026-07-20 15:41:18 | INFO     | trace_id=31eeec87-a059-4c88-bb03-5abb1e083470 - Returned response: 200
2026-07-20 15:41:18 | INFO     | trace_id=85969306-e129-4edf-8f38-dc1a6377a725 - Received request: GET /api/v1/dynamic-exam/history
2026-07-20 15:41:18 | INFO     | trace_id=85969306-e129-4edf-8f38-dc1a6377a725 - Returned response: 200
2026-07-20 15:41:19 | INFO     | trace_id=2fba925a-f5cb-44c6-809c-11c7467822d7 - Received request: GET /api/v1/dynamic-exam/history
2026-07-20 15:41:19 | INFO     | trace_id=2fba925a-f5cb-44c6-809c-11c7467822d7 - Returned response: 200
2026-07-20 15:41:22 | INFO     | trace_id=790d455b-b7b3-4703-9fdd-020174219e48 - Received request: OPTIONS /api/v1/dynamic-exam/64cb50ab-a18b-4380-a5f9-0885631d6275
2026-07-20 15:41:22 | INFO     | trace_id=790d455b-b7b3-4703-9fdd-020174219e48 - Returned response: 200
2026-07-20 15:41:22 | INFO     | trace_id=e564b8d8-0ffb-4e24-a6fd-5ff0f6a5711a - Received request: DELETE /api/v1/dynamic-exam/64cb50ab-a18b-4380-a5f9-0885631d6275
2026-07-20 15:41:22 | INFO     | trace_id=e564b8d8-0ffb-4e24-a6fd-5ff0f6a5711a - Returned response: 200
2026-07-20 15:41:22 | INFO     | trace_id=2c1fda94-cfb1-4696-b520-57074237be2d - Received request: GET /api/v1/dynamic-exam/history
2026-07-20 15:41:22 | INFO     | trace_id=2c1fda94-cfb1-4696-b520-57074237be2d - Returned response: 200
2026-07-20 15:41:28 | INFO     | trace_id=57670eb9-f1b0-401b-a96a-83b63696bd59 - Received request: GET /api/v1/admin/prewarm/status
2026-07-20 15:41:28 | INFO     | trace_id=4af78b71-9f85-4615-bc16-73b8a8ebc9fa - Received request: GET /api/v1/admin/personas
2026-07-20 15:41:28 | INFO     | trace_id=57670eb9-f1b0-401b-a96a-83b63696bd59 - Returned response: 200
2026-07-20 15:41:28 | INFO     | trace_id=d4f852ab-7185-4b88-9f11-a1f09080cc20 - Received request: GET /api/v1/admin/prewarm/status
2026-07-20 15:41:28 | INFO     | trace_id=4af78b71-9f85-4615-bc16-73b8a8ebc9fa - Returned response: 200
2026-07-20 15:41:28 | INFO     | trace_id=d4f852ab-7185-4b88-9f11-a1f09080cc20 - Returned response: 200
2026-07-20 15:41:28 | INFO     | trace_id=db1a4e6e-28f5-40a3-b7f7-a08370b8d88e - Received request: GET /api/v1/admin/personas
2026-07-20 15:41:28 | INFO     | trace_id=db1a4e6e-28f5-40a3-b7f7-a08370b8d88e - Returned response: 200
2026-07-20 15:41:29 | INFO     | trace_id=8c334adf-56c0-4709-8036-a9e597d22e18 - Received request: GET /api/v1/admin/questions
2026-07-20 15:41:29 | INFO     | trace_id=8c334adf-56c0-4709-8036-a9e597d22e18 - Returned response: 200
2026-07-20 15:41:30 | INFO     | trace_id=586a8b68-89cb-49b5-b778-6802a17ce535 - Received request: GET /api/v1/admin/questions
2026-07-20 15:41:30 | INFO     | trace_id=586a8b68-89cb-49b5-b778-6802a17ce535 - Returned response: 200
2026-07-20 15:41:31 | INFO     | trace_id=6ef3ec45-d503-4707-83e5-c06517f9e9dd - Received request: GET /api/v1/admin/personas
2026-07-20 15:41:31 | INFO     | trace_id=6ef3ec45-d503-4707-83e5-c06517f9e9dd - Returned response: 200
2026-07-20 15:41:57 | INFO     | trace_id=f38d2c9c-e9c6-4bbc-b5b3-c2e4944b5495 - Received request: OPTIONS /api/v1/admin/personas/generate
2026-07-20 15:41:57 | INFO     | trace_id=f38d2c9c-e9c6-4bbc-b5b3-c2e4944b5495 - Returned response: 200
2026-07-20 15:41:57 | INFO     | trace_id=b14081c0-8d16-4cef-b722-0e87df00acdd - Received request: POST /api/v1/admin/personas/generate
2026-07-20 15:42:07 | INFO     | trace_id=b14081c0-8d16-4cef-b722-0e87df00acdd - Returned response: 200
2026-07-20 15:43:59 | INFO     | trace_id=7c87f02f-816b-4136-8f8c-5c12002d26ee - Received request: GET /api/v1/dynamic-exam/history
2026-07-20 15:43:59 | INFO     | trace_id=7c87f02f-816b-4136-8f8c-5c12002d26ee - Returned response: 200
2026-07-20 15:44:01 | INFO     | trace_id=63094953-e280-4f7a-b8cb-77eb21fb8d95 - Received request: OPTIONS /api/v1/dynamic-exam/ec1b76b5-8359-4ad7-bd9e-54fcd068454d/resume
2026-07-20 15:44:01 | INFO     | trace_id=63094953-e280-4f7a-b8cb-77eb21fb8d95 - Returned response: 200
2026-07-20 15:44:01 | INFO     | trace_id=58f324fe-3552-4d21-975a-e99de8cc14ac - Received request: POST /api/v1/dynamic-exam/ec1b76b5-8359-4ad7-bd9e-54fcd068454d/resume
2026-07-20 15:44:01 | INFO     | trace_id=58f324fe-3552-4d21-975a-e99de8cc14ac - Returned response: 200
2026-07-20 15:44:07 | INFO     | trace_id=c0c86b55-5a5e-40c0-b3e3-f5595ad13c77 - Received request: OPTIONS /api/v1/dynamic-exam/chat
2026-07-20 15:44:07 | INFO     | trace_id=c0c86b55-5a5e-40c0-b3e3-f5595ad13c77 - Returned response: 200
2026-07-20 15:44:07 | INFO     | trace_id=0f446e60-d73c-4add-bfd0-15316aa87e1b - Received request: POST /api/v1/dynamic-exam/chat
2026-07-20 15:44:26 | INFO     | trace_id=0f446e60-d73c-4add-bfd0-15316aa87e1b - Returned response: 200
2026-07-20 15:44:34 | INFO     | trace_id=ca8e3757-abe7-4c61-9126-b28ca7d3dae8 - Received request: POST /api/v1/dynamic-exam/chat
2026-07-20 15:44:53 | INFO     | trace_id=ca8e3757-abe7-4c61-9126-b28ca7d3dae8 - Returned response: 200
2026-07-20 15:44:53 | INFO     | trace_id=d2062dfa-e38f-45f1-ac30-0dff5e750e8b - Received request: OPTIONS /api/v1/dynamic-exam/end
2026-07-20 15:44:53 | INFO     | trace_id=d2062dfa-e38f-45f1-ac30-0dff5e750e8b - Returned response: 200
2026-07-20 15:44:53 | INFO     | trace_id=32607bdb-dbfb-41f4-a709-769153f4ac56 - Received request: POST /api/v1/dynamic-exam/end
2026-07-20 15:44:53 | INFO     | trace_id=32607bdb-dbfb-41f4-a709-769153f4ac56 - Returned response: 200
2026-07-20 15:45:03 | INFO     | trace_id=26de0958-b857-48e4-8ebb-dd0ddab0dd92 - Received request: GET /api/v1/dynamic-exam/history
2026-07-20 15:45:03 | INFO     | trace_id=26de0958-b857-48e4-8ebb-dd0ddab0dd92 - Returned response: 200
2026-07-20 15:45:51 | INFO     | trace_id=4149fa48-b8b7-4b5f-ab75-6662f1384637 - Received request: GET /api/v1/admin/personas
2026-07-20 15:45:51 | INFO     | trace_id=4149fa48-b8b7-4b5f-ab75-6662f1384637 - Returned response: 200
2026-07-20 15:48:43 | INFO     | trace_id=8ea1f8b2-03ce-44bc-8e8a-3ad35b9dcac8 - Received request: GET /api/v1/admin/knowledge-relations
2026-07-20 15:48:43 | INFO     | trace_id=8ea1f8b2-03ce-44bc-8e8a-3ad35b9dcac8 - Returned response: 200
2026-07-20 15:48:43 | INFO     | trace_id=c9cb3249-94e7-4c06-b92a-636671218a61 - Received request: GET /api/v1/admin/kb-nodes
2026-07-20 15:48:43 | INFO     | trace_id=c9cb3249-94e7-4c06-b92a-636671218a61 - Returned response: 200
2026-07-20 15:48:51 | INFO     | trace_id=27a42a53-8240-4d8e-9073-d6d8dc429cb2 - Received request: GET /api/v1/admin/knowledge-relations
2026-07-20 15:48:51 | INFO     | trace_id=27a42a53-8240-4d8e-9073-d6d8dc429cb2 - Returned response: 200
2026-07-20 15:48:51 | INFO     | trace_id=f9ae2c6b-b829-4d0f-b353-9510e1ed5af6 - Received request: GET /api/v1/admin/kb-nodes
2026-07-20 15:48:51 | INFO     | trace_id=f9ae2c6b-b829-4d0f-b353-9510e1ed5af6 - Returned response: 200
2026-07-20 15:49:35 | INFO     | trace_id=f16f9a8f-2b74-4b6a-858d-f83087572d4e - Received request: POST /api/v1/admin/knowledge-graph/auto-build
2026-07-20 15:49:59 | INFO     | trace_id=f16f9a8f-2b74-4b6a-858d-f83087572d4e - Returned response: 200
2026-07-20 15:50:12 | INFO     | trace_id=3f60061b-77da-455c-b17a-809382688c86 - Received request: GET /api/v1/admin/knowledge-relations
2026-07-20 15:50:12 | INFO     | trace_id=3f60061b-77da-455c-b17a-809382688c86 - Returned response: 200
2026-07-20 15:50:12 | INFO     | trace_id=f6702175-1342-47d2-a2bc-f5730418ee6f - Received request: GET /api/v1/admin/kb-nodes
2026-07-20 15:50:12 | INFO     | trace_id=f6702175-1342-47d2-a2bc-f5730418ee6f - Returned response: 200
2026-07-20 15:51:05 | INFO     | trace_id=4ae12394-6d4d-4ef7-8634-3a2a70d65c00 - Received request: POST /api/v1/admin/knowledge-graph/auto-build
2026-07-20 15:51:57 | INFO     | trace_id=4ae12394-6d4d-4ef7-8634-3a2a70d65c00 - Returned response: 200
2026-07-20 15:53:10 | INFO     | trace_id=9a3355e0-2727-47a3-bcba-11d44e56a31a - Received request: POST /api/v1/admin/knowledge-graph/auto-build
2026-07-20 15:53:34 | INFO     | trace_id=9a3355e0-2727-47a3-bcba-11d44e56a31a - Returned response: 200
2026-07-20 15:54:11 | INFO     | trace_id=38466cb3-e090-4448-a9d4-79f39417c6ec - Received request: GET /api/v1/feynman/progress
2026-07-20 15:54:11 | INFO     | trace_id=05108164-9611-4661-86d8-b5e3595c0f84 - Received request: GET /api/v1/pomodoro/stats
2026-07-20 15:54:11 | INFO     | trace_id=38466cb3-e090-4448-a9d4-79f39417c6ec - Returned response: 200
2026-07-20 15:54:11 | INFO     | trace_id=78b2fb9b-b09d-4db1-b251-601d3181d3fd - Received request: GET /api/v1/feynman/progress
2026-07-20 15:54:11 | INFO     | trace_id=78b2fb9b-b09d-4db1-b251-601d3181d3fd - Returned response: 200
2026-07-20 15:54:11 | INFO     | trace_id=05108164-9611-4661-86d8-b5e3595c0f84 - Returned response: 200
2026-07-20 15:54:11 | INFO     | trace_id=facb98fe-1546-46d9-ba30-abf98c77bd3b - Received request: GET /api/v1/pomodoro/stats
2026-07-20 15:54:11 | INFO     | trace_id=facb98fe-1546-46d9-ba30-abf98c77bd3b - Returned response: 200
2026-07-20 15:54:37 | INFO     | trace_id=a06d9985-1c6a-44e6-ab12-c03e2db0eeb5 - Received request: GET /api/v1/practice/categories
2026-07-20 15:54:37 | INFO     | trace_id=cb24d146-297b-4952-aedf-29264434e5b5 - Received request: GET /api/v1/practice/recommended
2026-07-20 15:54:37 | INFO     | trace_id=a06d9985-1c6a-44e6-ab12-c03e2db0eeb5 - Returned response: 200
2026-07-20 15:54:37 | INFO     | trace_id=cb24d146-297b-4952-aedf-29264434e5b5 - Returned response: 200
2026-07-20 15:54:40 | INFO     | trace_id=71734e30-f00b-450f-b894-3820e23ca4a4 - Received request: GET /api/v1/exam-papers
2026-07-20 15:54:40 | INFO     | trace_id=71734e30-f00b-450f-b894-3820e23ca4a4 - Returned response: 200
2026-07-20 15:54:42 | INFO     | trace_id=c94caf31-cccc-4a01-b396-a1086ddf89a0 - Received request: GET /api/v1/feynman/progress
2026-07-20 15:54:42 | INFO     | trace_id=1e64ffe8-673b-40e9-9c88-2dca5ded59a5 - Received request: GET /api/v1/pomodoro/stats
2026-07-20 15:54:42 | INFO     | trace_id=c94caf31-cccc-4a01-b396-a1086ddf89a0 - Returned response: 200
2026-07-20 15:54:42 | INFO     | trace_id=114de50e-80d4-489b-8725-9cfe82a536c1 - Received request: GET /api/v1/feynman/progress
2026-07-20 15:54:42 | INFO     | trace_id=114de50e-80d4-489b-8725-9cfe82a536c1 - Returned response: 200
2026-07-20 15:54:42 | INFO     | trace_id=1e64ffe8-673b-40e9-9c88-2dca5ded59a5 - Returned response: 200
2026-07-20 15:54:42 | INFO     | trace_id=b4bb4d2a-81f2-4488-b729-9487f15aea1a - Received request: GET /api/v1/pomodoro/stats
2026-07-20 15:54:42 | INFO     | trace_id=b4bb4d2a-81f2-4488-b729-9487f15aea1a - Returned response: 200
2026-07-20 15:54:43 | INFO     | trace_id=3a9c787d-f4de-4398-a019-1b2d0be08b2e - Received request: GET /api/v1/admin/prewarm/status
2026-07-20 15:54:43 | INFO     | trace_id=9100cb79-6c6f-4a81-8c5b-0cbe4ab35ca7 - Received request: GET /api/v1/admin/personas
2026-07-20 15:54:43 | INFO     | trace_id=3a9c787d-f4de-4398-a019-1b2d0be08b2e - Returned response: 200
2026-07-20 15:54:43 | INFO     | trace_id=cb4274eb-98b9-4e3a-968a-ec3f7796c7bf - Received request: GET /api/v1/admin/prewarm/status
2026-07-20 15:54:43 | INFO     | trace_id=9100cb79-6c6f-4a81-8c5b-0cbe4ab35ca7 - Returned response: 200
2026-07-20 15:54:43 | INFO     | trace_id=cb4274eb-98b9-4e3a-968a-ec3f7796c7bf - Returned response: 200
2026-07-20 15:54:43 | INFO     | trace_id=89144a75-1279-4149-b705-62a0cb5db480 - Received request: GET /api/v1/admin/personas
2026-07-20 15:54:43 | INFO     | trace_id=89144a75-1279-4149-b705-62a0cb5db480 - Returned response: 200
2026-07-20 15:54:43 | INFO     | trace_id=b02c3b48-12fe-4fa4-81a9-e90187c80b58 - Received request: GET /api/v1/admin/questions
2026-07-20 15:54:43 | INFO     | trace_id=b02c3b48-12fe-4fa4-81a9-e90187c80b58 - Returned response: 200
2026-07-20 15:54:46 | INFO     | trace_id=6a0c3f6a-9a4f-4d80-beb1-0d453831e2b3 - Received request: GET /api/v1/admin/kb-nodes
2026-07-20 15:54:46 | INFO     | trace_id=6e891582-a6d4-40db-82b6-e7f56c1e909f - Received request: GET /api/v1/admin/knowledge-relations
2026-07-20 15:54:46 | INFO     | trace_id=6a0c3f6a-9a4f-4d80-beb1-0d453831e2b3 - Returned response: 200
2026-07-20 15:54:46 | INFO     | trace_id=6e891582-a6d4-40db-82b6-e7f56c1e909f - Returned response: 200
2026-07-20 15:54:51 | INFO     | trace_id=dfd82212-8c14-43ce-bb7e-4adeb265bc96 - Received request: POST /api/v1/admin/builder/upload
2026-07-20 15:54:51 | INFO     | trace_id=dfd82212-8c14-43ce-bb7e-4adeb265bc96 - Returned response: 200
2026-07-20 15:54:57 | INFO     | trace_id=b554ef7b-1b35-4926-a466-a90a8f9aff83 - Received request: OPTIONS /api/v1/admin/builder/extract
2026-07-20 15:54:57 | INFO     | trace_id=b554ef7b-1b35-4926-a466-a90a8f9aff83 - Returned response: 200
2026-07-20 15:54:57 | INFO     | trace_id=92d26693-ec41-41f3-8365-2c1d1764db60 - Received request: POST /api/v1/admin/builder/extract
2026-07-20 15:55:09 | INFO     | trace_id=f12060c2-13bb-497a-a107-a6398972b886 - Received request: GET /api/v1/feynman/progress
2026-07-20 15:55:09 | INFO     | trace_id=904c2792-b50f-4ee4-a19c-0ee1641d577f - Received request: GET /api/v1/pomodoro/stats
2026-07-20 15:55:09 | INFO     | trace_id=f12060c2-13bb-497a-a107-a6398972b886 - Returned response: 200
2026-07-20 15:55:09 | INFO     | trace_id=b01e86cf-36d6-4985-9fcf-3f65b6762023 - Received request: GET /api/v1/feynman/progress
2026-07-20 15:55:09 | INFO     | trace_id=b01e86cf-36d6-4985-9fcf-3f65b6762023 - Returned response: 200
2026-07-20 15:55:09 | INFO     | trace_id=904c2792-b50f-4ee4-a19c-0ee1641d577f - Returned response: 200
2026-07-20 15:55:09 | INFO     | trace_id=d91a0b96-9f9e-48c3-b183-7b6df0ef3165 - Received request: GET /api/v1/pomodoro/stats
2026-07-20 15:55:09 | INFO     | trace_id=d91a0b96-9f9e-48c3-b183-7b6df0ef3165 - Returned response: 200
2026-07-20 15:55:26 | INFO     | trace_id=f225693f-3c59-4443-a115-668c68523f72 - Received request: OPTIONS /api/v1/dynamic-exam/start
2026-07-20 15:55:26 | INFO     | trace_id=f225693f-3c59-4443-a115-668c68523f72 - Returned response: 200
2026-07-20 15:55:26 | INFO     | trace_id=38174bb8-471a-4ab4-975d-b4de2c28c60d - Received request: POST /api/v1/dynamic-exam/start
2026-07-20 15:55:57 | INFO     | trace_id=92d26693-ec41-41f3-8365-2c1d1764db60 - Returned response: 500
2026-07-20 15:56:09 | INFO     | trace_id=d5d8c5b7-5d62-446a-be7a-6b5c1b3fa67b - Received request: GET /api/v1/dynamic-exam/history
2026-07-20 15:56:09 | INFO     | trace_id=d5d8c5b7-5d62-446a-be7a-6b5c1b3fa67b - Returned response: 200
2026-07-20 15:56:11 | INFO     | trace_id=aba14696-3d56-418d-be58-66d3fc43a08c - Received request: GET /api/v1/dynamic-exam/7f970437-3e78-4165-aabe-7019e2a98fbd/detail
2026-07-20 15:56:11 | INFO     | trace_id=aba14696-3d56-418d-be58-66d3fc43a08c - Returned response: 200
2026-07-20 15:56:13 | INFO     | trace_id=9b716852-bc16-4808-8839-d7e8534c3d04 - Received request: GET /api/v1/dynamic-exam/ec1b76b5-8359-4ad7-bd9e-54fcd068454d/detail
2026-07-20 15:56:13 | INFO     | trace_id=9b716852-bc16-4808-8839-d7e8534c3d04 - Returned response: 200
2026-07-20 15:56:15 | INFO     | trace_id=f5c82364-8c0a-499e-98a6-7cca9f5ddf49 - Received request: GET /api/v1/admin/knowledge-relations
2026-07-20 15:56:15 | INFO     | trace_id=f5c82364-8c0a-499e-98a6-7cca9f5ddf49 - Returned response: 200
2026-07-20 15:56:15 | INFO     | trace_id=030ed060-2ef9-429c-8888-e1784aaae20d - Received request: GET /api/v1/admin/kb-nodes
2026-07-20 15:56:15 | INFO     | trace_id=030ed060-2ef9-429c-8888-e1784aaae20d - Returned response: 200
2026-07-20 15:56:22 | INFO     | trace_id=38174bb8-471a-4ab4-975d-b4de2c28c60d - Returned response: 200
2026-07-20 15:56:32 | INFO     | trace_id=0fec1770-6ba8-4d6b-9813-65ad55535b9e - Received request: GET /api/v1/dynamic-exam/96b4d895-6e7d-4bf8-8501-68dc814ba922/detail
2026-07-20 15:56:32 | INFO     | trace_id=0fec1770-6ba8-4d6b-9813-65ad55535b9e - Returned response: 200
2026-07-20 15:56:45 | INFO     | trace_id=5d537d89-6260-41f6-81c9-acdf812da30b - Received request: GET /api/v1/dynamic-exam/1864d360-990b-48ea-be9a-f356ea5ba5df/detail
2026-07-20 15:56:45 | INFO     | trace_id=5d537d89-6260-41f6-81c9-acdf812da30b - Returned response: 200
2026-07-20 15:56:48 | INFO     | trace_id=fe60f3d4-2018-4004-ba1c-ab569a3aca01 - Received request: GET /api/v1/admin/prewarm/status
2026-07-20 15:56:48 | INFO     | trace_id=28ad422d-5ff2-4eea-86c0-8d5c948b4208 - Received request: GET /api/v1/admin/personas
2026-07-20 15:56:48 | INFO     | trace_id=fe60f3d4-2018-4004-ba1c-ab569a3aca01 - Returned response: 200
2026-07-20 15:56:48 | INFO     | trace_id=442d37a8-f2ea-4196-905d-cb59e77adc78 - Received request: GET /api/v1/admin/prewarm/status
2026-07-20 15:56:48 | INFO     | trace_id=442d37a8-f2ea-4196-905d-cb59e77adc78 - Returned response: 200
2026-07-20 15:56:48 | INFO     | trace_id=28ad422d-5ff2-4eea-86c0-8d5c948b4208 - Returned response: 200
2026-07-20 15:56:48 | INFO     | trace_id=9f71ebff-84bd-4e0b-8dba-3d03f39fd28b - Received request: GET /api/v1/admin/personas
2026-07-20 15:56:48 | INFO     | trace_id=9f71ebff-84bd-4e0b-8dba-3d03f39fd28b - Returned response: 200
2026-07-20 15:57:03 | INFO     | trace_id=476ba777-aee0-4651-b2b0-4874fda4624e - Received request: OPTIONS /api/v1/admin/personas/generate
2026-07-20 15:57:03 | INFO     | trace_id=476ba777-aee0-4651-b2b0-4874fda4624e - Returned response: 200
2026-07-20 15:57:03 | INFO     | trace_id=3dbe259d-bca5-4ce0-a7c8-a70601209068 - Received request: POST /api/v1/admin/personas/generate
2026-07-20 15:57:12 | INFO     | trace_id=3dbe259d-bca5-4ce0-a7c8-a70601209068 - Returned response: 200
2026-07-20 15:57:28 | INFO     | trace_id=24f8b17a-6bf5-4644-ab94-5766f327bf04 - Received request: OPTIONS /api/v1/admin/personas
2026-07-20 15:57:28 | INFO     | trace_id=24f8b17a-6bf5-4644-ab94-5766f327bf04 - Returned response: 200
2026-07-20 15:57:28 | INFO     | trace_id=df816f24-1d50-47d8-a7ae-8d7b40dce02f - Received request: POST /api/v1/admin/personas
2026-07-20 15:57:28 | INFO     | trace_id=df816f24-1d50-47d8-a7ae-8d7b40dce02f - Returned response: 200
2026-07-20 15:57:28 | INFO     | trace_id=9c380a91-a392-4bbb-b678-cd0ebaecac02 - Received request: GET /api/v1/admin/personas
2026-07-20 15:57:28 | INFO     | trace_id=9c380a91-a392-4bbb-b678-cd0ebaecac02 - Returned response: 200
2026-07-20 15:57:31 | INFO     | trace_id=9f4bb055-496d-462c-b4af-fe1863ed74e7 - Received request: GET /api/v1/admin/questions
2026-07-20 15:57:31 | INFO     | trace_id=9f4bb055-496d-462c-b4af-fe1863ed74e7 - Returned response: 200
2026-07-20 15:57:33 | INFO     | trace_id=88592158-4ab5-4132-9be3-d23448ae98dd - Received request: GET /api/v1/admin/dashboard/stats
2026-07-20 15:57:33 | INFO     | trace_id=fc44b461-3ce1-48d3-bcde-7db3f6b3570a - Received request: GET /api/v1/admin/trainee-profiles/tags
2026-07-20 15:57:33 | INFO     | trace_id=ab6e6e66-c63f-475d-93c8-aa82e7aea479 - Received request: GET /api/v1/admin/trainee-profiles
2026-07-20 15:57:33 | INFO     | trace_id=fc44b461-3ce1-48d3-bcde-7db3f6b3570a - Returned response: 200
2026-07-20 15:57:33 | INFO     | trace_id=ab6e6e66-c63f-475d-93c8-aa82e7aea479 - Returned response: 200
2026-07-20 15:57:33 | INFO     | trace_id=88592158-4ab5-4132-9be3-d23448ae98dd - Returned response: 200
2026-07-20 15:57:40 | INFO     | trace_id=e5111dbe-96cf-47b0-b1c2-b9d9979f2e75 - Received request: GET /api/v1/admin/exam-papers
2026-07-20 15:57:40 | INFO     | trace_id=e5111dbe-96cf-47b0-b1c2-b9d9979f2e75 - Returned response: 200
2026-07-20 15:57:40 | INFO     | trace_id=99376f0f-be8f-4986-90e3-062bc3b08bb3 - Received request: GET /api/v1/admin/personas
2026-07-20 15:57:40 | INFO     | trace_id=99376f0f-be8f-4986-90e3-062bc3b08bb3 - Returned response: 200
2026-07-20 15:57:44 | INFO     | trace_id=cb520bf3-e4cd-478d-88cc-bd1b75125378 - Received request: GET /api/v1/admin/prewarm/status
2026-07-20 15:57:44 | INFO     | trace_id=0a806571-8c39-4f83-a4b3-a6e64e5e7dcc - Received request: GET /api/v1/admin/personas
2026-07-20 15:57:44 | INFO     | trace_id=cb520bf3-e4cd-478d-88cc-bd1b75125378 - Returned response: 200
2026-07-20 15:57:44 | INFO     | trace_id=3c41c12d-98df-436b-8d70-412e3b8e769d - Received request: GET /api/v1/admin/prewarm/status
2026-07-20 15:57:44 | INFO     | trace_id=0a806571-8c39-4f83-a4b3-a6e64e5e7dcc - Returned response: 200
2026-07-20 15:57:44 | INFO     | trace_id=3c41c12d-98df-436b-8d70-412e3b8e769d - Returned response: 200
2026-07-20 15:57:44 | INFO     | trace_id=4fd691f2-1415-4c0d-819b-2d0a1ff49cc1 - Received request: GET /api/v1/admin/personas
2026-07-20 15:57:44 | INFO     | trace_id=4fd691f2-1415-4c0d-819b-2d0a1ff49cc1 - Returned response: 200
2026-07-20 15:57:44 | INFO     | trace_id=bf303999-5893-45e4-a93c-0f178eebcfd8 - Received request: GET /api/v1/feynman/progress
2026-07-20 15:57:44 | INFO     | trace_id=6ab9abae-1f81-441e-a772-959a9e6930ad - Received request: GET /api/v1/pomodoro/stats
2026-07-20 15:57:44 | INFO     | trace_id=bf303999-5893-45e4-a93c-0f178eebcfd8 - Returned response: 200
2026-07-20 15:57:44 | INFO     | trace_id=5b2eb97f-09e6-47d5-a0c4-fe6d72750f7a - Received request: GET /api/v1/feynman/progress
2026-07-20 15:57:44 | INFO     | trace_id=5b2eb97f-09e6-47d5-a0c4-fe6d72750f7a - Returned response: 200
2026-07-20 15:57:44 | INFO     | trace_id=6ab9abae-1f81-441e-a772-959a9e6930ad - Returned response: 200
2026-07-20 15:57:44 | INFO     | trace_id=010cc9a7-cb99-432b-86a5-c839ceb0cc16 - Received request: GET /api/v1/pomodoro/stats
2026-07-20 15:57:44 | INFO     | trace_id=010cc9a7-cb99-432b-86a5-c839ceb0cc16 - Returned response: 200
2026-07-20 15:57:45 | INFO     | trace_id=87a93427-09ee-4252-bfcc-1468c3df85f9 - Received request: GET /api/v1/practice/categories
2026-07-20 15:57:45 | INFO     | trace_id=a5afaaf9-56ef-45c0-9067-56dab53d85dd - Received request: GET /api/v1/practice/recommended
2026-07-20 15:57:45 | INFO     | trace_id=a5afaaf9-56ef-45c0-9067-56dab53d85dd - Returned response: 200
2026-07-20 15:57:45 | INFO     | trace_id=87a93427-09ee-4252-bfcc-1468c3df85f9 - Returned response: 200
2026-07-20 15:57:54 | INFO     | trace_id=f17cf936-e2af-4e97-9750-faa298965a6e - Received request: GET /api/v1/admin/prewarm/status
2026-07-20 15:57:54 | INFO     | trace_id=ece3ded8-76ec-4a13-866d-f9bd5d20e11a - Received request: GET /api/v1/admin/personas
2026-07-20 15:57:54 | INFO     | trace_id=f17cf936-e2af-4e97-9750-faa298965a6e - Returned response: 200
2026-07-20 15:57:54 | INFO     | trace_id=c4816883-e3be-425d-a27c-623696792b31 - Received request: GET /api/v1/admin/prewarm/status
2026-07-20 15:57:54 | INFO     | trace_id=ece3ded8-76ec-4a13-866d-f9bd5d20e11a - Returned response: 200
2026-07-20 15:57:54 | INFO     | trace_id=c4816883-e3be-425d-a27c-623696792b31 - Returned response: 200
2026-07-20 15:57:54 | INFO     | trace_id=219aaea9-687b-404d-9821-070f5c862531 - Received request: GET /api/v1/admin/personas
2026-07-20 15:57:54 | INFO     | trace_id=219aaea9-687b-404d-9821-070f5c862531 - Returned response: 200
2026-07-20 15:57:54 | INFO     | trace_id=e8fc7ef9-b149-42a3-9b9c-42929ca31558 - Received request: GET /api/v1/admin/prewarm/status
2026-07-20 15:57:54 | INFO     | trace_id=a6b569df-5900-4c4e-8653-2b0a57015409 - Received request: GET /api/v1/admin/personas
2026-07-20 15:57:54 | INFO     | trace_id=e8fc7ef9-b149-42a3-9b9c-42929ca31558 - Returned response: 200
2026-07-20 15:57:54 | INFO     | trace_id=3d4aa74d-0b70-4d5f-a4eb-5d4987a89198 - Received request: GET /api/v1/admin/prewarm/status
2026-07-20 15:57:54 | INFO     | trace_id=a6b569df-5900-4c4e-8653-2b0a57015409 - Returned response: 200
2026-07-20 15:57:54 | INFO     | trace_id=3d4aa74d-0b70-4d5f-a4eb-5d4987a89198 - Returned response: 200
2026-07-20 15:57:54 | INFO     | trace_id=c6e5fe7c-3b05-45dd-aaab-bb1610a5ffdc - Received request: GET /api/v1/admin/personas
2026-07-20 15:57:54 | INFO     | trace_id=c6e5fe7c-3b05-45dd-aaab-bb1610a5ffdc - Returned response: 200
2026-07-20 15:57:55 | INFO     | trace_id=6d3513cb-965f-41b4-84fe-4adb8a698d05 - Received request: GET /api/v1/feynman/progress
2026-07-20 15:57:55 | INFO     | trace_id=56e34843-49de-403f-8149-38583cfb945c - Received request: GET /api/v1/pomodoro/stats
2026-07-20 15:57:55 | INFO     | trace_id=6d3513cb-965f-41b4-84fe-4adb8a698d05 - Returned response: 200
2026-07-20 15:57:55 | INFO     | trace_id=5eb9f4c3-53e0-4a66-b2c0-6f4292f09c33 - Received request: GET /api/v1/feynman/progress
2026-07-20 15:57:55 | INFO     | trace_id=56e34843-49de-403f-8149-38583cfb945c - Returned response: 200
2026-07-20 15:57:55 | INFO     | trace_id=5eb9f4c3-53e0-4a66-b2c0-6f4292f09c33 - Returned response: 200
2026-07-20 15:57:55 | INFO     | trace_id=5a62383e-b51f-4be3-b48f-3d58ed7fdd68 - Received request: GET /api/v1/pomodoro/stats
2026-07-20 15:57:55 | INFO     | trace_id=5a62383e-b51f-4be3-b48f-3d58ed7fdd68 - Returned response: 200
2026-07-20 15:57:56 | INFO     | trace_id=25b3c0b9-226b-4ca6-9222-ed81acc4b114 - Received request: GET /api/v1/admin/prewarm/status
2026-07-20 15:57:56 | INFO     | trace_id=ef3923d7-9348-4c05-8617-8898fc8f6029 - Received request: GET /api/v1/admin/personas
2026-07-20 15:57:56 | INFO     | trace_id=25b3c0b9-226b-4ca6-9222-ed81acc4b114 - Returned response: 200
2026-07-20 15:57:56 | INFO     | trace_id=52a5ecdf-1e9e-49eb-8769-37e32c27f63e - Received request: GET /api/v1/admin/prewarm/status
2026-07-20 15:57:56 | INFO     | trace_id=ef3923d7-9348-4c05-8617-8898fc8f6029 - Returned response: 200
2026-07-20 15:57:56 | INFO     | trace_id=52a5ecdf-1e9e-49eb-8769-37e32c27f63e - Returned response: 200
2026-07-20 15:57:56 | INFO     | trace_id=8f300e67-8faf-4c85-a87c-5ba38b0e1132 - Received request: GET /api/v1/admin/personas
2026-07-20 15:57:56 | INFO     | trace_id=8f300e67-8faf-4c85-a87c-5ba38b0e1132 - Returned response: 200
2026-07-20 15:57:58 | INFO     | trace_id=eb0b59b1-9222-483f-8c9a-1a3f29990417 - Received request: GET /api/v1/admin/exam-papers
2026-07-20 15:57:58 | INFO     | trace_id=eb0b59b1-9222-483f-8c9a-1a3f29990417 - Returned response: 200
2026-07-20 15:57:58 | INFO     | trace_id=506caf9b-d58e-4638-aa7e-70665850f10c - Received request: GET /api/v1/admin/questions
2026-07-20 15:57:58 | INFO     | trace_id=0d8bfed4-c4dd-46e2-999c-d2565cf6f34b - Received request: GET /api/v1/admin/personas
2026-07-20 15:57:58 | INFO     | trace_id=0d8bfed4-c4dd-46e2-999c-d2565cf6f34b - Returned response: 200
2026-07-20 15:57:58 | INFO     | trace_id=506caf9b-d58e-4638-aa7e-70665850f10c - Returned response: 200
2026-07-20 15:58:06 | INFO     | trace_id=7cbba7d9-0cf9-4f55-98cd-a6f58c4a196d - Received request: OPTIONS /api/v1/admin/exam-papers
2026-07-20 15:58:06 | INFO     | trace_id=7cbba7d9-0cf9-4f55-98cd-a6f58c4a196d - Returned response: 200
2026-07-20 15:58:06 | INFO     | trace_id=578c6baa-6281-4b0d-8ac0-d3fe7c4b6d8b - Received request: POST /api/v1/admin/exam-papers
2026-07-20 15:58:06 | INFO     | trace_id=578c6baa-6281-4b0d-8ac0-d3fe7c4b6d8b - Returned response: 200
2026-07-20 15:58:06 | INFO     | trace_id=bb493c94-8da5-40a8-b9c5-5d5dda1adcb9 - Received request: GET /api/v1/admin/exam-papers
2026-07-20 15:58:06 | INFO     | trace_id=bb493c94-8da5-40a8-b9c5-5d5dda1adcb9 - Returned response: 200
2026-07-20 15:58:06 | INFO     | trace_id=67ac1407-9b87-43eb-8745-e5b069878601 - Received request: GET /api/v1/admin/personas
2026-07-20 15:58:06 | INFO     | trace_id=67ac1407-9b87-43eb-8745-e5b069878601 - Returned response: 200
2026-07-20 15:58:11 | INFO     | trace_id=955b6260-457c-4725-b449-4579b06023f5 - Received request: OPTIONS /api/v1/admin/exam-papers/9187a64d-9fd5-473d-93c3-942db87e3bd0/distribute
2026-07-20 15:58:11 | INFO     | trace_id=955b6260-457c-4725-b449-4579b06023f5 - Returned response: 200
2026-07-20 15:58:11 | INFO     | trace_id=9a98dfb0-5f3a-4364-883d-6f43f293b006 - Received request: POST /api/v1/admin/exam-papers/9187a64d-9fd5-473d-93c3-942db87e3bd0/distribute
2026-07-20 15:58:11 | INFO     | trace_id=9a98dfb0-5f3a-4364-883d-6f43f293b006 - Returned response: 200
2026-07-20 15:58:13 | INFO     | trace_id=514e0c0e-9dc6-46e1-a2f1-389221d8896c - Received request: GET /api/v1/feynman/progress
2026-07-20 15:58:13 | INFO     | trace_id=ddbd4c9c-c705-435f-aa7b-6c64df3ae86e - Received request: GET /api/v1/pomodoro/stats
2026-07-20 15:58:13 | INFO     | trace_id=514e0c0e-9dc6-46e1-a2f1-389221d8896c - Returned response: 200
2026-07-20 15:58:13 | INFO     | trace_id=6e980a54-7bf5-44b9-a577-f9d1925b28ed - Received request: GET /api/v1/feynman/progress
2026-07-20 15:58:13 | INFO     | trace_id=6e980a54-7bf5-44b9-a577-f9d1925b28ed - Returned response: 200
2026-07-20 15:58:13 | INFO     | trace_id=ddbd4c9c-c705-435f-aa7b-6c64df3ae86e - Returned response: 200
2026-07-20 15:58:13 | INFO     | trace_id=468d7918-bb60-4658-a2df-77978c5aa682 - Received request: GET /api/v1/pomodoro/stats
2026-07-20 15:58:13 | INFO     | trace_id=468d7918-bb60-4658-a2df-77978c5aa682 - Returned response: 200
2026-07-20 15:58:13 | INFO     | trace_id=4358d164-5b82-4e96-8850-1df14cf22ba2 - Received request: GET /api/v1/practice/categories
2026-07-20 15:58:13 | INFO     | trace_id=a594ad7d-abbe-4ed8-8a82-8b6b62c25384 - Received request: GET /api/v1/practice/recommended
2026-07-20 15:58:13 | INFO     | trace_id=4358d164-5b82-4e96-8850-1df14cf22ba2 - Returned response: 200
2026-07-20 15:58:13 | INFO     | trace_id=a594ad7d-abbe-4ed8-8a82-8b6b62c25384 - Returned response: 200
2026-07-20 15:58:15 | INFO     | trace_id=3c58ff6e-fa90-41ae-882b-0ab590b0910e - Received request: GET /api/v1/exam-papers
2026-07-20 15:58:15 | INFO     | trace_id=3c58ff6e-fa90-41ae-882b-0ab590b0910e - Returned response: 200
2026-07-20 15:58:16 | INFO     | trace_id=e5765a1d-063c-4a1b-b64c-0228765d9282 - Received request: GET /api/v1/exam-papers/9187a64d-9fd5-473d-93c3-942db87e3bd0/detail
2026-07-20 15:58:16 | INFO     | trace_id=e5765a1d-063c-4a1b-b64c-0228765d9282 - Returned response: 200
2026-07-20 15:58:26 | INFO     | trace_id=62dd164f-bc09-41af-bdd5-90835d0d133f - Received request: GET /api/v1/practice/recommended
2026-07-20 15:58:26 | INFO     | trace_id=e7b81cf6-c993-4005-99ef-4b75f1cc57b3 - Received request: GET /api/v1/feynman/progress
2026-07-20 15:58:26 | INFO     | trace_id=14f37038-0997-40ab-b0b5-63279003143c - Received request: GET /api/v1/pomodoro/stats
2026-07-20 15:58:26 | INFO     | trace_id=62dd164f-bc09-41af-bdd5-90835d0d133f - Returned response: 200
2026-07-20 15:58:26 | INFO     | trace_id=e7b81cf6-c993-4005-99ef-4b75f1cc57b3 - Returned response: 200
2026-07-20 15:58:26 | INFO     | trace_id=14f37038-0997-40ab-b0b5-63279003143c - Returned response: 200
2026-07-20 15:58:47 | INFO     | trace_id=15965702-47a5-4d3a-aabc-72ce0b36b7c2 - Received request: OPTIONS /api/v1/chat
2026-07-20 15:58:47 | INFO     | trace_id=15965702-47a5-4d3a-aabc-72ce0b36b7c2 - Returned response: 200
2026-07-20 15:58:47 | INFO     | trace_id=f3ab89f4-8dd4-4adb-b30f-3145058a156a - Received request: POST /api/v1/chat
2026-07-20 15:58:48 | INFO     | trace_id=f3ab89f4-8dd4-4adb-b30f-3145058a156a - Returned response: 200
2026-07-20 15:59:28 | INFO     | trace_id=13d5373a-78f8-4ffd-a66c-1593f2a18439 - Received request: OPTIONS /api/v1/feynman/submit
2026-07-20 15:59:28 | INFO     | trace_id=13d5373a-78f8-4ffd-a66c-1593f2a18439 - Returned response: 200
2026-07-20 15:59:28 | INFO     | trace_id=e0bd3f08-31cc-47c4-9258-17df8c7b9814 - Received request: POST /api/v1/feynman/submit
2026-07-20 16:00:09 | INFO     | trace_id=e0bd3f08-31cc-47c4-9258-17df8c7b9814 - Returned response: 200
2026-07-20 16:00:09 | INFO     | trace_id=919224b5-e2dd-4042-9695-878c46c81880 - Received request: GET /api/v1/feynman/progress
2026-07-20 16:00:09 | INFO     | trace_id=919224b5-e2dd-4042-9695-878c46c81880 - Returned response: 200
2026-07-20 16:00:28 | INFO     | trace_id=f387503e-fc55-4ca6-88e6-e46ce1402dc1 - Received request: GET /api/v1/feynman/progress
2026-07-20 16:00:28 | INFO     | trace_id=b1ffa4eb-bafc-4fb7-b119-488fa8e2bb6c - Received request: GET /api/v1/pomodoro/stats
2026-07-20 16:00:28 | INFO     | trace_id=f387503e-fc55-4ca6-88e6-e46ce1402dc1 - Returned response: 200
2026-07-20 16:00:28 | INFO     | trace_id=507b4195-4a1d-45eb-b769-2349a7fcfa8b - Received request: GET /api/v1/feynman/progress
2026-07-20 16:00:28 | INFO     | trace_id=507b4195-4a1d-45eb-b769-2349a7fcfa8b - Returned response: 200
2026-07-20 16:00:28 | INFO     | trace_id=b1ffa4eb-bafc-4fb7-b119-488fa8e2bb6c - Returned response: 200
2026-07-20 16:00:28 | INFO     | trace_id=2e678c4d-e9f2-4c07-bd21-ec4244a35190 - Received request: GET /api/v1/pomodoro/stats
2026-07-20 16:00:28 | INFO     | trace_id=2e678c4d-e9f2-4c07-bd21-ec4244a35190 - Returned response: 200
2026-07-20 16:00:29 | INFO     | trace_id=eebd66a7-8fc0-4bc3-bf5f-82eeb5bfa698 - Received request: GET /api/v1/practice/categories
2026-07-20 16:00:29 | INFO     | trace_id=5bb45a31-6273-4fc6-b955-536e3f69b5e7 - Received request: GET /api/v1/practice/recommended
2026-07-20 16:00:29 | INFO     | trace_id=eebd66a7-8fc0-4bc3-bf5f-82eeb5bfa698 - Returned response: 200
2026-07-20 16:00:29 | INFO     | trace_id=5bb45a31-6273-4fc6-b955-536e3f69b5e7 - Returned response: 200
2026-07-20 16:00:38 | INFO     | trace_id=ea14252d-bab7-4485-af98-98096d53b1fe - Received request: OPTIONS /api/v1/practice/reverse-training
2026-07-20 16:00:38 | INFO     | trace_id=ea14252d-bab7-4485-af98-98096d53b1fe - Returned response: 200
2026-07-20 16:00:38 | INFO     | trace_id=31b204a0-02a2-48a9-8ddd-8a8aeec1ecb5 - Received request: POST /api/v1/practice/reverse-training
2026-07-20 16:00:40 | INFO     | trace_id=cf941944-59dd-4852-92a5-63a9bc0ac5f7 - Received request: GET /api/v1/history
2026-07-20 16:00:40 | INFO     | trace_id=cf941944-59dd-4852-92a5-63a9bc0ac5f7 - Returned response: 200
2026-07-20 16:00:40 | INFO     | trace_id=4d5f4ff6-ba0a-419d-a657-7adcbefcb1d4 - Received request: GET /api/v1/practice/history
2026-07-20 16:00:40 | INFO     | trace_id=4d5f4ff6-ba0a-419d-a657-7adcbefcb1d4 - Returned response: 200
2026-07-20 16:00:40 | INFO     | trace_id=5b35588a-704e-47b1-a38a-7b495ce523a2 - Received request: GET /api/v1/trend
2026-07-20 16:00:40 | INFO     | trace_id=5b35588a-704e-47b1-a38a-7b495ce523a2 - Returned response: 200
2026-07-20 16:01:17 | INFO     | trace_id=31b204a0-02a2-48a9-8ddd-8a8aeec1ecb5 - Returned response: 200
2026-07-20 16:01:17 | INFO     | trace_id=20276c35-dc15-4509-b03d-4ab54e61c066 - Received request: GET /api/v1/practice/recommended
2026-07-20 16:01:17 | INFO     | trace_id=20276c35-dc15-4509-b03d-4ab54e61c066 - Returned response: 200
2026-07-20 16:02:00 | INFO     | trace_id=b3cc62a0-c2d4-4298-b22a-027e2f85d9b5 - Received request: POST /api/v1/admin/knowledge-graph/auto-build
2026-07-20 16:02:21 | INFO     | trace_id=b3cc62a0-c2d4-4298-b22a-027e2f85d9b5 - Returned response: 200
2026-07-20 16:04:34 | INFO     | trace_id=a6b49ea2-245f-404d-9977-b06897b9cdbf - Received request: GET /api/v1/dynamic-exam/history
2026-07-20 16:04:34 | INFO     | trace_id=a6b49ea2-245f-404d-9977-b06897b9cdbf - Returned response: 200
2026-07-20 16:04:36 | INFO     | trace_id=e8c1e0e1-5317-4161-9158-8ca91e46c436 - Received request: OPTIONS /api/v1/dynamic-exam/7f970437-3e78-4165-aabe-7019e2a98fbd/resume
2026-07-20 16:04:36 | INFO     | trace_id=e8c1e0e1-5317-4161-9158-8ca91e46c436 - Returned response: 200
2026-07-20 16:04:36 | INFO     | trace_id=56c759e9-4db8-4a77-ab88-c9ec72640a86 - Received request: POST /api/v1/dynamic-exam/7f970437-3e78-4165-aabe-7019e2a98fbd/resume
2026-07-20 16:04:37 | INFO     | trace_id=8f198bc7-9d15-4097-acd0-42db53fcb2ba - Received request: POST /api/v1/dynamic-exam/7f970437-3e78-4165-aabe-7019e2a98fbd/resume
2026-07-20 16:04:38 | INFO     | trace_id=df573fb4-9706-4b0b-9fcf-766fc5ebc7c9 - Received request: POST /api/v1/dynamic-exam/7f970437-3e78-4165-aabe-7019e2a98fbd/resume
2026-07-20 16:04:39 | INFO     | trace_id=558b306f-e353-46bb-bfee-fc2c64e1dad8 - Received request: POST /api/v1/dynamic-exam/7f970437-3e78-4165-aabe-7019e2a98fbd/resume
2026-07-20 16:04:39 | INFO     | trace_id=a8985c11-f1a9-477a-a1a7-5cd883c6893f - Received request: POST /api/v1/dynamic-exam/7f970437-3e78-4165-aabe-7019e2a98fbd/resume
2026-07-20 16:04:51 | INFO     | trace_id=bf31d8d0-54d1-46e5-87b0-f702ee044707 - Received request: POST /api/v1/dynamic-exam/start
2026-07-20 16:04:55 | INFO     | trace_id=8f198bc7-9d15-4097-acd0-42db53fcb2ba - Returned response: 200
2026-07-20 16:05:00 | INFO     | trace_id=df573fb4-9706-4b0b-9fcf-766fc5ebc7c9 - Returned response: 200
2026-07-20 16:05:02 | INFO     | trace_id=56c759e9-4db8-4a77-ab88-c9ec72640a86 - Returned response: 200
2026-07-20 16:05:03 | INFO     | trace_id=558b306f-e353-46bb-bfee-fc2c64e1dad8 - Returned response: 200
2026-07-20 16:05:04 | INFO     | trace_id=a8985c11-f1a9-477a-a1a7-5cd883c6893f - Returned response: 200
2026-07-20 16:06:07 | INFO     | trace_id=bf31d8d0-54d1-46e5-87b0-f702ee044707 - Returned response: 200
2026-07-20 16:06:16 | INFO     | trace_id=201f55e9-bd06-46f5-839e-0245c78b7ba3 - Received request: OPTIONS /api/v1/dynamic-exam/chat
2026-07-20 16:06:16 | INFO     | trace_id=201f55e9-bd06-46f5-839e-0245c78b7ba3 - Returned response: 200
2026-07-20 16:06:16 | INFO     | trace_id=5dadbe73-cd52-49e8-a936-896756efd792 - Received request: POST /api/v1/dynamic-exam/chat
2026-07-20 16:06:44 | INFO     | trace_id=5dadbe73-cd52-49e8-a936-896756efd792 - Returned response: 200
2026-07-20 16:07:07 | INFO     | trace_id=e9d40279-f9a3-4d12-ae74-68305859ddec - Received request: GET /api/v1/admin/prewarm/status
2026-07-20 16:07:07 | INFO     | trace_id=a2937b2c-4124-41ce-a9ed-1aab83510299 - Received request: GET /api/v1/admin/personas
2026-07-20 16:07:07 | INFO     | trace_id=e9d40279-f9a3-4d12-ae74-68305859ddec - Returned response: 200
2026-07-20 16:07:07 | INFO     | trace_id=525de5e1-b9ba-4571-89cc-d8ec99d2871b - Received request: GET /api/v1/admin/prewarm/status
2026-07-20 16:07:07 | INFO     | trace_id=525de5e1-b9ba-4571-89cc-d8ec99d2871b - Returned response: 200
2026-07-20 16:07:07 | INFO     | trace_id=a2937b2c-4124-41ce-a9ed-1aab83510299 - Returned response: 200
2026-07-20 16:07:07 | INFO     | trace_id=773c1be8-1e73-4576-ad16-c991998e7258 - Received request: GET /api/v1/admin/personas
2026-07-20 16:07:08 | INFO     | trace_id=773c1be8-1e73-4576-ad16-c991998e7258 - Returned response: 200
2026-07-20 16:07:08 | INFO     | trace_id=881fe6c6-4278-4a1d-86ff-a7e81e5f19aa - Received request: GET /api/v1/feynman/progress
2026-07-20 16:07:08 | INFO     | trace_id=890e06a5-6abd-45ac-96cb-e6e8e0c01170 - Received request: GET /api/v1/pomodoro/stats
2026-07-20 16:07:08 | INFO     | trace_id=881fe6c6-4278-4a1d-86ff-a7e81e5f19aa - Returned response: 200
2026-07-20 16:07:08 | INFO     | trace_id=a3ea3ec9-b07a-4ee9-883d-7f8cc1a19cf6 - Received request: GET /api/v1/feynman/progress
2026-07-20 16:07:08 | INFO     | trace_id=a3ea3ec9-b07a-4ee9-883d-7f8cc1a19cf6 - Returned response: 200
2026-07-20 16:07:08 | INFO     | trace_id=890e06a5-6abd-45ac-96cb-e6e8e0c01170 - Returned response: 200
2026-07-20 16:07:08 | INFO     | trace_id=0d43ec96-380f-42a2-93a0-a690ea6d138a - Received request: GET /api/v1/pomodoro/stats
2026-07-20 16:07:08 | INFO     | trace_id=0d43ec96-380f-42a2-93a0-a690ea6d138a - Returned response: 200
2026-07-20 16:09:27 | INFO     | trace_id=06e0f46a-893d-4283-a690-a94f59d4e8e3 - Received request: GET /api/v1/admin/prewarm/status
2026-07-20 16:09:27 | INFO     | trace_id=802dfe12-5369-4d3e-aaf7-07b3cda43b3e - Received request: GET /api/v1/admin/personas
2026-07-20 16:09:27 | INFO     | trace_id=06e0f46a-893d-4283-a690-a94f59d4e8e3 - Returned response: 200
2026-07-20 16:09:27 | INFO     | trace_id=802dfe12-5369-4d3e-aaf7-07b3cda43b3e - Returned response: 200
2026-07-20 16:09:27 | INFO     | trace_id=153d785f-5afe-45a2-95e1-47a35b30938e - Received request: GET /api/v1/admin/prewarm/status
2026-07-20 16:09:27 | INFO     | trace_id=d0b34958-c481-451d-a677-e7ce76123ae1 - Received request: GET /api/v1/admin/personas
2026-07-20 16:09:27 | INFO     | trace_id=153d785f-5afe-45a2-95e1-47a35b30938e - Returned response: 200
2026-07-20 16:09:27 | INFO     | trace_id=d0b34958-c481-451d-a677-e7ce76123ae1 - Returned response: 200
2026-07-20 16:09:54 | INFO     | trace_id=8f0c40a7-c1f9-48f5-a2a8-5ac1e56ea9a8 - Received request: OPTIONS /api/v1/admin/personas/generate
2026-07-20 16:09:54 | INFO     | trace_id=8f0c40a7-c1f9-48f5-a2a8-5ac1e56ea9a8 - Returned response: 200
2026-07-20 16:09:54 | INFO     | trace_id=d03a90e5-b06e-4c49-8e04-aa29f5060d32 - Received request: POST /api/v1/admin/personas/generate
2026-07-20 16:10:13 | INFO     | trace_id=d03a90e5-b06e-4c49-8e04-aa29f5060d32 - Returned response: 200
2026-07-20 16:10:29 | INFO     | trace_id=a32373a4-8bfb-489d-9ad9-d66ed91d19fb - Received request: OPTIONS /api/v1/admin/personas
2026-07-20 16:10:29 | INFO     | trace_id=a32373a4-8bfb-489d-9ad9-d66ed91d19fb - Returned response: 200
2026-07-20 16:10:29 | INFO     | trace_id=b49a6ec2-b80c-40c5-97f8-d4791e66dd40 - Received request: POST /api/v1/admin/personas
2026-07-20 16:10:30 | INFO     | trace_id=b49a6ec2-b80c-40c5-97f8-d4791e66dd40 - Returned response: 200
2026-07-20 16:10:30 | INFO     | trace_id=aa5588de-835e-4f67-8814-bca764a8feb7 - Received request: GET /api/v1/admin/personas
2026-07-20 16:10:30 | INFO     | trace_id=aa5588de-835e-4f67-8814-bca764a8feb7 - Returned response: 200
2026-07-20 16:10:39 | INFO     | trace_id=b2b2699b-cf4b-4f3c-9dda-5cdf6d123e41 - Received request: GET /api/v1/admin/questions
2026-07-20 16:10:39 | INFO     | trace_id=b2b2699b-cf4b-4f3c-9dda-5cdf6d123e41 - Returned response: 200
2026-07-20 16:10:45 | INFO     | trace_id=d0054a1e-f6bc-42e0-9ec5-e9af51466c32 - Received request: POST /api/v1/admin/builder/upload
2026-07-20 16:10:45 | INFO     | trace_id=d0054a1e-f6bc-42e0-9ec5-e9af51466c32 - Returned response: 200
2026-07-20 16:10:54 | INFO     | trace_id=ee621c18-a2c3-43cc-96bb-893bbd5dca7b - Received request: GET /api/v1/admin/questions
2026-07-20 16:10:54 | INFO     | trace_id=ee621c18-a2c3-43cc-96bb-893bbd5dca7b - Returned response: 200
2026-07-20 16:10:57 | INFO     | trace_id=96f25e59-cd3e-462e-a8a3-ae66e8daf370 - Received request: GET /api/v1/admin/kb-nodes
2026-07-20 16:10:57 | INFO     | trace_id=3de7a981-5c70-4dae-b798-6c96ec092f5b - Received request: GET /api/v1/admin/knowledge-relations
2026-07-20 16:10:57 | INFO     | trace_id=96f25e59-cd3e-462e-a8a3-ae66e8daf370 - Returned response: 200
2026-07-20 16:10:57 | INFO     | trace_id=3de7a981-5c70-4dae-b798-6c96ec092f5b - Returned response: 200
2026-07-20 16:11:12 | INFO     | trace_id=57e8a1d4-45a2-4a11-af5a-d83ba6775b0b - Received request: GET /api/v1/feynman/progress
2026-07-20 16:11:12 | INFO     | trace_id=27fae2e0-6237-42df-8c07-bf26567005e7 - Received request: GET /api/v1/pomodoro/stats
2026-07-20 16:11:12 | INFO     | trace_id=57e8a1d4-45a2-4a11-af5a-d83ba6775b0b - Returned response: 200
2026-07-20 16:11:12 | INFO     | trace_id=174982cc-1e66-48e3-bfcc-ba6c505d145f - Received request: GET /api/v1/feynman/progress
2026-07-20 16:11:12 | INFO     | trace_id=174982cc-1e66-48e3-bfcc-ba6c505d145f - Returned response: 200
2026-07-20 16:11:12 | INFO     | trace_id=27fae2e0-6237-42df-8c07-bf26567005e7 - Returned response: 200
2026-07-20 16:11:12 | INFO     | trace_id=8b483d6f-cbbc-4579-8633-000e35c9e031 - Received request: GET /api/v1/pomodoro/stats
2026-07-20 16:11:12 | INFO     | trace_id=8b483d6f-cbbc-4579-8633-000e35c9e031 - Returned response: 200
2026-07-20 16:11:15 | INFO     | trace_id=c1c4f08b-2319-4fc6-b572-36869575ba6a - Received request: GET /api/v1/admin/prewarm/status
2026-07-20 16:11:15 | INFO     | trace_id=98b391b9-6f65-4332-acc8-e45bbec1248a - Received request: GET /api/v1/admin/personas
2026-07-20 16:11:15 | INFO     | trace_id=c1c4f08b-2319-4fc6-b572-36869575ba6a - Returned response: 200
2026-07-20 16:11:15 | INFO     | trace_id=9d9521ec-e060-465f-a6ec-fab5bd1087a4 - Received request: GET /api/v1/admin/prewarm/status
2026-07-20 16:11:15 | INFO     | trace_id=98b391b9-6f65-4332-acc8-e45bbec1248a - Returned response: 200
2026-07-20 16:11:15 | INFO     | trace_id=9d9521ec-e060-465f-a6ec-fab5bd1087a4 - Returned response: 200
2026-07-20 16:11:15 | INFO     | trace_id=016d8047-09ac-418a-9f32-e8ce0b64e794 - Received request: GET /api/v1/admin/personas
2026-07-20 16:11:15 | INFO     | trace_id=016d8047-09ac-418a-9f32-e8ce0b64e794 - Returned response: 200
2026-07-20 16:11:16 | INFO     | trace_id=7433c375-2789-4aa5-967d-25048e9d78c4 - Received request: GET /api/v1/admin/kb-nodes
2026-07-20 16:11:16 | INFO     | trace_id=b50f6879-6ae6-499d-8d30-936b783c922a - Received request: GET /api/v1/admin/knowledge-relations
2026-07-20 16:11:16 | INFO     | trace_id=7433c375-2789-4aa5-967d-25048e9d78c4 - Returned response: 200
2026-07-20 16:11:16 | INFO     | trace_id=b50f6879-6ae6-499d-8d30-936b783c922a - Returned response: 200
2026-07-20 16:11:19 | INFO     | trace_id=d85c5b21-0227-46c1-ad30-16c05cd0fccb - Received request: OPTIONS /api/v1/admin/kb-nodes/auto-classify
2026-07-20 16:11:19 | INFO     | trace_id=d85c5b21-0227-46c1-ad30-16c05cd0fccb - Returned response: 200
2026-07-20 16:11:19 | INFO     | trace_id=c6403d1d-38dc-4242-a074-910624038546 - Received request: POST /api/v1/admin/kb-nodes/auto-classify
2026-07-20 16:11:19 | INFO     | trace_id=c6403d1d-38dc-4242-a074-910624038546 - Returned response: 200
2026-07-20 16:11:19 | INFO     | trace_id=b8f53613-916b-4a10-812a-fcbde6cbaf51 - Received request: GET /api/v1/admin/kb-nodes
2026-07-20 16:11:19 | INFO     | trace_id=b8f53613-916b-4a10-812a-fcbde6cbaf51 - Returned response: 200
2026-07-20 16:11:22 | INFO     | trace_id=71caba56-0d28-48fc-b0d3-9f6c35ef084b - Received request: GET /api/v1/admin/dashboard/stats
2026-07-20 16:11:22 | INFO     | trace_id=eb91c8b3-85d4-4d84-958a-bdf094862894 - Received request: GET /api/v1/admin/trainee-profiles/tags
2026-07-20 16:11:22 | INFO     | trace_id=64539d4a-4106-4cc6-b3b8-4614855efc78 - Received request: GET /api/v1/admin/trainee-profiles
2026-07-20 16:11:22 | INFO     | trace_id=eb91c8b3-85d4-4d84-958a-bdf094862894 - Returned response: 200
2026-07-20 16:11:22 | INFO     | trace_id=64539d4a-4106-4cc6-b3b8-4614855efc78 - Returned response: 200
2026-07-20 16:11:22 | INFO     | trace_id=71caba56-0d28-48fc-b0d3-9f6c35ef084b - Returned response: 200
2026-07-20 16:11:26 | INFO     | trace_id=1e8a192c-6ed6-40d2-b016-73ca5ceea9f9 - Received request: GET /api/v1/feynman/progress
2026-07-20 16:11:26 | INFO     | trace_id=ae306ced-d02f-4f08-997c-cecfdcd86314 - Received request: GET /api/v1/pomodoro/stats
2026-07-20 16:11:26 | INFO     | trace_id=1e8a192c-6ed6-40d2-b016-73ca5ceea9f9 - Returned response: 200
2026-07-20 16:11:26 | INFO     | trace_id=332615d8-a152-4e12-addf-fb015022402a - Received request: GET /api/v1/feynman/progress
2026-07-20 16:11:26 | INFO     | trace_id=332615d8-a152-4e12-addf-fb015022402a - Returned response: 200
2026-07-20 16:11:26 | INFO     | trace_id=ae306ced-d02f-4f08-997c-cecfdcd86314 - Returned response: 200
2026-07-20 16:11:26 | INFO     | trace_id=60a5d2db-0c80-4ce2-9c5b-520e021d1b6d - Received request: GET /api/v1/pomodoro/stats
2026-07-20 16:11:26 | INFO     | trace_id=60a5d2db-0c80-4ce2-9c5b-520e021d1b6d - Returned response: 200
2026-07-20 16:11:46 | INFO     | trace_id=a50307b5-9dbb-48af-9e03-a2c13db13a86 - Received request: OPTIONS /api/v1/chat
2026-07-20 16:11:46 | INFO     | trace_id=a50307b5-9dbb-48af-9e03-a2c13db13a86 - Returned response: 200
2026-07-20 16:11:46 | INFO     | trace_id=e15232e9-bae7-40db-a494-cf8cc7b5e8f0 - Received request: POST /api/v1/chat
2026-07-20 16:11:46 | INFO     | trace_id=e15232e9-bae7-40db-a494-cf8cc7b5e8f0 - Returned response: 200
2026-07-20 16:12:19 | INFO     | trace_id=d0935f7a-7097-4950-9aa9-fe807215d690 - Received request: GET /api/v1/practice/categories
2026-07-20 16:12:19 | INFO     | trace_id=3bdbdd31-dcab-42c3-94df-e5ad142c2313 - Received request: GET /api/v1/practice/recommended
2026-07-20 16:12:19 | INFO     | trace_id=d0935f7a-7097-4950-9aa9-fe807215d690 - Returned response: 200
2026-07-20 16:12:19 | INFO     | trace_id=3bdbdd31-dcab-42c3-94df-e5ad142c2313 - Returned response: 200
2026-07-20 16:12:27 | INFO     | trace_id=17e49d54-8d61-4e1e-8164-6baa4b451c4f - Received request: GET /api/v1/exam-papers
2026-07-20 16:12:27 | INFO     | trace_id=17e49d54-8d61-4e1e-8164-6baa4b451c4f - Returned response: 200
2026-07-20 16:12:29 | INFO     | trace_id=5e61d11d-e405-4086-895d-5a2d54bb6d5b - Received request: GET /api/v1/admin/prewarm/status
2026-07-20 16:12:29 | INFO     | trace_id=c590246e-f32a-464f-ab6b-1741b40003bf - Received request: GET /api/v1/admin/personas
2026-07-20 16:12:29 | INFO     | trace_id=5e61d11d-e405-4086-895d-5a2d54bb6d5b - Returned response: 200
2026-07-20 16:12:29 | INFO     | trace_id=cd4dc028-d257-4de1-bf37-030f0f97eb9c - Received request: GET /api/v1/admin/prewarm/status
2026-07-20 16:12:29 | INFO     | trace_id=c590246e-f32a-464f-ab6b-1741b40003bf - Returned response: 200
2026-07-20 16:12:29 | INFO     | trace_id=cd4dc028-d257-4de1-bf37-030f0f97eb9c - Returned response: 200
2026-07-20 16:12:29 | INFO     | trace_id=b3606aa7-0dfc-4f88-afa6-0d841560ba1b - Received request: GET /api/v1/admin/personas
2026-07-20 16:12:29 | INFO     | trace_id=b3606aa7-0dfc-4f88-afa6-0d841560ba1b - Returned response: 200
2026-07-20 16:12:31 | INFO     | trace_id=112c6cec-ffe7-4012-8a69-195f5174ec5c - Received request: GET /api/v1/admin/exam-papers
2026-07-20 16:12:31 | INFO     | trace_id=112c6cec-ffe7-4012-8a69-195f5174ec5c - Returned response: 200
2026-07-20 16:12:31 | INFO     | trace_id=fafbd5ad-d9d9-452b-b942-4c7785cd9e2e - Received request: GET /api/v1/admin/questions
2026-07-20 16:12:31 | INFO     | trace_id=f091a210-1a6a-4ab3-ba0e-74c7026b3ba6 - Received request: GET /api/v1/admin/personas
2026-07-20 16:12:31 | INFO     | trace_id=fafbd5ad-d9d9-452b-b942-4c7785cd9e2e - Returned response: 200
2026-07-20 16:12:31 | INFO     | trace_id=f091a210-1a6a-4ab3-ba0e-74c7026b3ba6 - Returned response: 200
2026-07-20 16:12:32 | INFO     | trace_id=d97a9c02-d2c5-4893-b2c5-14b0572b7e75 - Received request: GET /api/v1/admin/exam-papers/8ce11e31-6fe9-40bc-a6e6-c9a74e59ae3f/assignments
2026-07-20 16:12:32 | INFO     | trace_id=d97a9c02-d2c5-4893-b2c5-14b0572b7e75 - Returned response: 200
2026-07-20 16:12:42 | INFO     | trace_id=1e70dcbb-3396-49d6-b721-78094cbfc846 - Received request: GET /api/v1/dynamic-exam/history
2026-07-20 16:12:42 | INFO     | trace_id=1e70dcbb-3396-49d6-b721-78094cbfc846 - Returned response: 200
2026-07-20 16:12:45 | INFO     | trace_id=05c2bf78-9ec3-41f6-8b1a-b0c8cc0971c6 - Received request: GET /api/v1/dynamic-exam/96b4d895-6e7d-4bf8-8501-68dc814ba922/detail
2026-07-20 16:12:45 | INFO     | trace_id=05c2bf78-9ec3-41f6-8b1a-b0c8cc0971c6 - Returned response: 200
2026-07-20 16:12:58 | INFO     | trace_id=3181682b-d03f-4468-a091-51952de1c321 - Received request: GET /api/v1/dynamic-exam/ec1b76b5-8359-4ad7-bd9e-54fcd068454d/detail
2026-07-20 16:12:58 | INFO     | trace_id=3181682b-d03f-4468-a091-51952de1c321 - Returned response: 200
2026-07-20 16:13:09 | INFO     | trace_id=f391f449-41f9-4cb7-8650-c115a2df308e - Received request: GET /api/v1/dynamic-exam/96b4d895-6e7d-4bf8-8501-68dc814ba922/detail
2026-07-20 16:13:09 | INFO     | trace_id=f391f449-41f9-4cb7-8650-c115a2df308e - Returned response: 200
2026-07-20 16:14:11 | INFO     | trace_id=76d713e0-d04d-4fa9-ac48-fd28afcb7fab - Received request: GET /api/v1/feynman/progress
2026-07-20 16:14:11 | INFO     | trace_id=75665f11-1e44-4d90-90e7-f05df7eb6bc5 - Received request: GET /api/v1/pomodoro/stats
2026-07-20 16:14:11 | INFO     | trace_id=76d713e0-d04d-4fa9-ac48-fd28afcb7fab - Returned response: 200
2026-07-20 16:14:11 | INFO     | trace_id=562675f5-2f4e-4398-ab69-ebe398f00178 - Received request: GET /api/v1/feynman/progress
2026-07-20 16:14:11 | INFO     | trace_id=562675f5-2f4e-4398-ab69-ebe398f00178 - Returned response: 200
2026-07-20 16:14:11 | INFO     | trace_id=75665f11-1e44-4d90-90e7-f05df7eb6bc5 - Returned response: 200
2026-07-20 16:14:11 | INFO     | trace_id=b605b000-c846-4cb4-874f-cca3f21847cc - Received request: GET /api/v1/pomodoro/stats
2026-07-20 16:14:11 | INFO     | trace_id=b605b000-c846-4cb4-874f-cca3f21847cc - Returned response: 200
2026-07-20 16:14:14 | INFO     | trace_id=c9f29426-d882-4bbc-bd66-5490e1911beb - Received request: GET /api/v1/admin/prewarm/status
2026-07-20 16:14:14 | INFO     | trace_id=8b2b50c4-35fa-4b06-9a25-16f9f7573866 - Received request: GET /api/v1/admin/personas
2026-07-20 16:14:14 | INFO     | trace_id=c9f29426-d882-4bbc-bd66-5490e1911beb - Returned response: 200
2026-07-20 16:14:14 | INFO     | trace_id=628f38c4-f087-4169-a13e-dc410d691ac6 - Received request: GET /api/v1/admin/prewarm/status
2026-07-20 16:14:14 | INFO     | trace_id=8b2b50c4-35fa-4b06-9a25-16f9f7573866 - Returned response: 200
2026-07-20 16:14:14 | INFO     | trace_id=628f38c4-f087-4169-a13e-dc410d691ac6 - Returned response: 200
2026-07-20 16:14:14 | INFO     | trace_id=a144de76-703a-42d0-b922-e67232b23db0 - Received request: GET /api/v1/admin/personas
2026-07-20 16:14:14 | INFO     | trace_id=a144de76-703a-42d0-b922-e67232b23db0 - Returned response: 200
2026-07-20 16:14:16 | INFO     | trace_id=717d6d43-e46e-4957-8ade-c74f7537912b - Received request: GET /api/v1/admin/project-scenarios
2026-07-20 16:14:16 | INFO     | trace_id=717d6d43-e46e-4957-8ade-c74f7537912b - Returned response: 200
2026-07-20 16:14:16 | INFO     | trace_id=60219736-48ab-4c7f-9c97-f77bd40a0faa - Received request: GET /api/v1/admin/project-scenarios
2026-07-20 16:14:16 | INFO     | trace_id=60219736-48ab-4c7f-9c97-f77bd40a0faa - Returned response: 200
2026-07-20 16:14:17 | INFO     | trace_id=3668289f-018f-4cda-aaf3-59781df444be - Received request: GET /api/v1/admin/weaknesses/overview
2026-07-20 16:14:17 | INFO     | trace_id=3668289f-018f-4cda-aaf3-59781df444be - Returned response: 200
2026-07-20 16:14:18 | INFO     | trace_id=56e4c0ec-b075-46d7-aa02-e3d96fcda5d8 - Received request: GET /api/v1/admin/exam-papers
2026-07-20 16:14:18 | INFO     | trace_id=56e4c0ec-b075-46d7-aa02-e3d96fcda5d8 - Returned response: 200
2026-07-20 16:14:18 | INFO     | trace_id=b563e4cf-fe63-4788-8054-282bd769a9f3 - Received request: GET /api/v1/admin/questions
2026-07-20 16:14:18 | INFO     | trace_id=45846c27-22dc-4ea4-b098-c6a2213f1e27 - Received request: GET /api/v1/admin/personas
2026-07-20 16:14:18 | INFO     | trace_id=b563e4cf-fe63-4788-8054-282bd769a9f3 - Returned response: 200
2026-07-20 16:14:18 | INFO     | trace_id=45846c27-22dc-4ea4-b098-c6a2213f1e27 - Returned response: 200
2026-07-20 16:14:18 | INFO     | trace_id=e2b1af94-e564-4cc2-9efd-ef5ada9dcead - Received request: GET /api/v1/admin/dashboard/stats
2026-07-20 16:14:18 | INFO     | trace_id=ec48987a-c40a-4e3e-889f-13c4ca1b7622 - Received request: GET /api/v1/admin/trainee-profiles/tags
2026-07-20 16:14:18 | INFO     | trace_id=85152181-67bb-416a-aa66-947bd8a92ad0 - Received request: GET /api/v1/admin/trainee-profiles
2026-07-20 16:14:18 | INFO     | trace_id=ec48987a-c40a-4e3e-889f-13c4ca1b7622 - Returned response: 200
2026-07-20 16:14:18 | INFO     | trace_id=e2b1af94-e564-4cc2-9efd-ef5ada9dcead - Returned response: 200
2026-07-20 16:14:18 | INFO     | trace_id=85152181-67bb-416a-aa66-947bd8a92ad0 - Returned response: 200
2026-07-20 16:14:20 | INFO     | trace_id=802f3fea-6220-4a6e-8273-f0e5016606c2 - Received request: GET /api/v1/admin/kb-nodes
2026-07-20 16:14:20 | INFO     | trace_id=e39d5b42-a4ab-48b5-aef3-2cd303b5f742 - Received request: GET /api/v1/admin/knowledge-relations
2026-07-20 16:14:20 | INFO     | trace_id=802f3fea-6220-4a6e-8273-f0e5016606c2 - Returned response: 200
2026-07-20 16:14:20 | INFO     | trace_id=e39d5b42-a4ab-48b5-aef3-2cd303b5f742 - Returned response: 200
2026-07-20 16:14:22 | INFO     | trace_id=eceebce9-e16e-477f-b053-6a0ec8b6fda2 - Received request: GET /api/v1/admin/questions
2026-07-20 16:14:22 | INFO     | trace_id=eceebce9-e16e-477f-b053-6a0ec8b6fda2 - Returned response: 200
2026-07-20 16:14:24 | INFO     | trace_id=eb1757fa-1cf7-48c8-9472-981b2ae26a9f - Received request: GET /api/v1/feynman/progress
2026-07-20 16:14:24 | INFO     | trace_id=a2789a0c-2df4-48d6-95ae-bfa9b98e0cc1 - Received request: GET /api/v1/pomodoro/stats
2026-07-20 16:14:24 | INFO     | trace_id=eb1757fa-1cf7-48c8-9472-981b2ae26a9f - Returned response: 200
2026-07-20 16:14:24 | INFO     | trace_id=30c545f3-189c-4561-83e0-a2afbe707ac0 - Received request: GET /api/v1/feynman/progress
2026-07-20 16:14:24 | INFO     | trace_id=30c545f3-189c-4561-83e0-a2afbe707ac0 - Returned response: 200
2026-07-20 16:14:24 | INFO     | trace_id=a2789a0c-2df4-48d6-95ae-bfa9b98e0cc1 - Returned response: 200
2026-07-20 16:14:24 | INFO     | trace_id=5506bce4-8e86-4975-90b8-1373a9bdfab2 - Received request: GET /api/v1/pomodoro/stats
2026-07-20 16:14:24 | INFO     | trace_id=5506bce4-8e86-4975-90b8-1373a9bdfab2 - Returned response: 200
2026-07-20 16:14:25 | INFO     | trace_id=d2e13f6f-9c39-4808-82c4-0ab8060c4369 - Received request: GET /api/v1/dynamic-exam/history
2026-07-20 16:14:25 | INFO     | trace_id=d2e13f6f-9c39-4808-82c4-0ab8060c4369 - Returned response: 200
2026-07-20 16:14:28 | INFO     | trace_id=de5f5501-759b-4ac8-940f-6c598cdfde62 - Received request: GET /api/v1/dynamic-exam/96b4d895-6e7d-4bf8-8501-68dc814ba922/detail
2026-07-20 16:14:28 | INFO     | trace_id=de5f5501-759b-4ac8-940f-6c598cdfde62 - Returned response: 200
2026-07-20 16:15:35 | INFO     | trace_id=1732834e-eeed-45a2-b08a-8489c0df2802 - Received request: GET /api/v1/feynman/progress
2026-07-20 16:15:35 | INFO     | trace_id=626b4e73-407a-4ed6-9902-c65da81edc94 - Received request: GET /api/v1/pomodoro/stats
2026-07-20 16:15:35 | INFO     | trace_id=1732834e-eeed-45a2-b08a-8489c0df2802 - Returned response: 200
2026-07-20 16:15:35 | INFO     | trace_id=1457fc7e-7cc7-4046-a522-32708270c21e - Received request: GET /api/v1/feynman/progress
2026-07-20 16:15:35 | INFO     | trace_id=626b4e73-407a-4ed6-9902-c65da81edc94 - Returned response: 200
2026-07-20 16:15:35 | INFO     | trace_id=1457fc7e-7cc7-4046-a522-32708270c21e - Returned response: 200
2026-07-20 16:15:35 | INFO     | trace_id=34501751-b41f-430e-8ce0-0715a1f0a0c8 - Received request: GET /api/v1/pomodoro/stats
2026-07-20 16:15:35 | INFO     | trace_id=34501751-b41f-430e-8ce0-0715a1f0a0c8 - Returned response: 200
2026-07-20 16:15:36 | INFO     | trace_id=9395cafc-3a6b-4d61-a97e-68048207aea4 - Received request: GET /api/v1/practice/categories
2026-07-20 16:15:36 | INFO     | trace_id=5c55e565-9c28-4815-a3c9-e8ac46b78032 - Received request: GET /api/v1/practice/recommended
2026-07-20 16:15:36 | INFO     | trace_id=9395cafc-3a6b-4d61-a97e-68048207aea4 - Returned response: 200
2026-07-20 16:15:36 | INFO     | trace_id=5c55e565-9c28-4815-a3c9-e8ac46b78032 - Returned response: 200
2026-07-20 16:15:41 | INFO     | trace_id=57905112-3693-4996-98cc-e7e600e06fa3 - Received request: GET /api/v1/exam-papers
2026-07-20 16:15:41 | INFO     | trace_id=57905112-3693-4996-98cc-e7e600e06fa3 - Returned response: 200
2026-07-20 16:15:44 | INFO     | trace_id=21a951b0-c230-4e98-a517-e54f5b29bf37 - Received request: GET /api/v1/admin/prewarm/status
2026-07-20 16:15:44 | INFO     | trace_id=66581f0c-cbb3-4970-9a09-cea2a7e9b810 - Received request: GET /api/v1/admin/personas
2026-07-20 16:15:44 | INFO     | trace_id=21a951b0-c230-4e98-a517-e54f5b29bf37 - Returned response: 200
2026-07-20 16:15:44 | INFO     | trace_id=c461051b-8439-421d-8162-cb45ef41e99b - Received request: GET /api/v1/admin/prewarm/status
2026-07-20 16:15:44 | INFO     | trace_id=66581f0c-cbb3-4970-9a09-cea2a7e9b810 - Returned response: 200
2026-07-20 16:15:44 | INFO     | trace_id=c461051b-8439-421d-8162-cb45ef41e99b - Returned response: 200
2026-07-20 16:15:44 | INFO     | trace_id=ab0d587f-28b7-4eb2-8835-5b309ab2958e - Received request: GET /api/v1/admin/personas
2026-07-20 16:15:44 | INFO     | trace_id=ab0d587f-28b7-4eb2-8835-5b309ab2958e - Returned response: 200
2026-07-20 16:15:48 | INFO     | trace_id=4f1cd795-cda4-42fd-b4d8-9a6525cbc9d1 - Received request: GET /api/v1/admin/kb-nodes
2026-07-20 16:15:48 | INFO     | trace_id=1cbdb0a6-8ff9-4d3d-a5e4-68385d4163b5 - Received request: GET /api/v1/admin/knowledge-relations
2026-07-20 16:15:48 | INFO     | trace_id=4f1cd795-cda4-42fd-b4d8-9a6525cbc9d1 - Returned response: 200
2026-07-20 16:15:48 | INFO     | trace_id=1cbdb0a6-8ff9-4d3d-a5e4-68385d4163b5 - Returned response: 200
2026-07-20 16:15:50 | INFO     | trace_id=e9e4cb77-70c5-496c-9aa0-7bedf414b840 - Received request: GET /api/v1/feynman/progress
2026-07-20 16:15:50 | INFO     | trace_id=dd4502b0-c478-4a43-a0b6-64316312bc7e - Received request: GET /api/v1/pomodoro/stats
2026-07-20 16:15:50 | INFO     | trace_id=e9e4cb77-70c5-496c-9aa0-7bedf414b840 - Returned response: 200
2026-07-20 16:15:50 | INFO     | trace_id=17061927-4b6f-44d6-a6c8-91f00cf7bcbc - Received request: GET /api/v1/feynman/progress
2026-07-20 16:15:50 | INFO     | trace_id=17061927-4b6f-44d6-a6c8-91f00cf7bcbc - Returned response: 200
2026-07-20 16:15:50 | INFO     | trace_id=dd4502b0-c478-4a43-a0b6-64316312bc7e - Returned response: 200
2026-07-20 16:15:50 | INFO     | trace_id=9c95ab19-01a9-440f-a800-ff23ba708a4d - Received request: GET /api/v1/pomodoro/stats
2026-07-20 16:15:50 | INFO     | trace_id=9c95ab19-01a9-440f-a800-ff23ba708a4d - Returned response: 200
2026-07-20 16:15:51 | INFO     | trace_id=98867040-896b-491c-9ef3-f7baf979693a - Received request: GET /api/v1/feynman/progress
2026-07-20 16:15:51 | INFO     | trace_id=3c2032a6-e715-448f-8e4b-094edab058c9 - Received request: GET /api/v1/pomodoro/stats
2026-07-20 16:15:51 | INFO     | trace_id=98867040-896b-491c-9ef3-f7baf979693a - Returned response: 200
2026-07-20 16:15:51 | INFO     | trace_id=f49a9d59-91cb-4383-a828-ac60f703f939 - Received request: GET /api/v1/feynman/progress
2026-07-20 16:15:51 | INFO     | trace_id=f49a9d59-91cb-4383-a828-ac60f703f939 - Returned response: 200
2026-07-20 16:15:51 | INFO     | trace_id=3c2032a6-e715-448f-8e4b-094edab058c9 - Returned response: 200
2026-07-20 16:15:51 | INFO     | trace_id=48667be5-3660-429f-8abd-474c5823754b - Received request: GET /api/v1/pomodoro/stats
2026-07-20 16:15:51 | INFO     | trace_id=48667be5-3660-429f-8abd-474c5823754b - Returned response: 200
2026-07-20 16:24:01 | INFO     | trace_id=21340494-f16e-4fa1-88a0-2cc45f4e97b8 - Received request: GET /api/v1/admin/prewarm/status
2026-07-20 16:24:01 | INFO     | trace_id=9e71a085-779a-47db-a0f9-4eaa16c3221f - Received request: GET /api/v1/admin/personas
2026-07-20 16:24:01 | INFO     | trace_id=21340494-f16e-4fa1-88a0-2cc45f4e97b8 - Returned response: 200
2026-07-20 16:24:01 | INFO     | trace_id=5ceb790f-9d20-4e34-9841-59f7599179c3 - Received request: GET /api/v1/admin/prewarm/status
2026-07-20 16:24:01 | INFO     | trace_id=5ceb790f-9d20-4e34-9841-59f7599179c3 - Returned response: 200
2026-07-20 16:24:01 | INFO     | trace_id=9e71a085-779a-47db-a0f9-4eaa16c3221f - Returned response: 200
2026-07-20 16:24:01 | INFO     | trace_id=fe528243-5e39-4f78-9f59-0c9cef203015 - Received request: GET /api/v1/admin/personas
2026-07-20 16:24:01 | INFO     | trace_id=fe528243-5e39-4f78-9f59-0c9cef203015 - Returned response: 200
2026-07-20 16:24:03 | INFO     | trace_id=ac9b39c7-6fa5-4697-8340-3eba21007158 - Received request: GET /api/v1/admin/questions
2026-07-20 16:24:03 | INFO     | trace_id=ac9b39c7-6fa5-4697-8340-3eba21007158 - Returned response: 200
2026-07-20 16:24:07 | INFO     | trace_id=6dd0b973-2af9-4094-bdc4-68c3efcc473b - Received request: GET /api/v1/admin/personas
2026-07-20 16:24:07 | INFO     | trace_id=6dd0b973-2af9-4094-bdc4-68c3efcc473b - Returned response: 200
2026-07-20 16:24:07 | INFO     | trace_id=c9ad0aaa-ef32-410c-be7c-415883db9a06 - Received request: GET /api/v1/admin/questions
2026-07-20 16:24:07 | INFO     | trace_id=c9ad0aaa-ef32-410c-be7c-415883db9a06 - Returned response: 200
2026-07-20 16:24:50 | INFO     | trace_id=9388602c-cf46-4c32-8ade-2f99f3bd6d4a - Received request: GET /api/v1/admin/kb-nodes
2026-07-20 16:24:50 | INFO     | trace_id=3f450275-3a1f-41e3-8246-6af76dfc3349 - Received request: GET /api/v1/admin/knowledge-relations
2026-07-20 16:24:50 | INFO     | trace_id=9388602c-cf46-4c32-8ade-2f99f3bd6d4a - Returned response: 200
2026-07-20 16:24:50 | INFO     | trace_id=3f450275-3a1f-41e3-8246-6af76dfc3349 - Returned response: 200
2026-07-20 16:24:52 | INFO     | trace_id=5ea57b33-8837-40e4-8884-bceeb6f3b8ec - Received request: GET /api/v1/admin/questions
2026-07-20 16:24:52 | INFO     | trace_id=5ea57b33-8837-40e4-8884-bceeb6f3b8ec - Returned response: 200
2026-07-20 16:25:24 | INFO     | trace_id=df5fc025-3b74-4740-8fd5-8ed7e49a3e79 - Received request: GET /api/v1/admin/dashboard/stats
2026-07-20 16:25:24 | INFO     | trace_id=5d78d4cb-be09-4120-9e9e-34134c19f426 - Received request: GET /api/v1/admin/trainee-profiles/tags
2026-07-20 16:25:24 | INFO     | trace_id=a324da01-1e6d-469f-9b81-dffab021b2e7 - Received request: GET /api/v1/admin/trainee-profiles
2026-07-20 16:25:24 | INFO     | trace_id=5d78d4cb-be09-4120-9e9e-34134c19f426 - Returned response: 200
2026-07-20 16:25:24 | INFO     | trace_id=a324da01-1e6d-469f-9b81-dffab021b2e7 - Returned response: 200
2026-07-20 16:25:24 | INFO     | trace_id=df5fc025-3b74-4740-8fd5-8ed7e49a3e79 - Returned response: 200
2026-07-20 16:25:54 | INFO     | trace_id=40a9dbd6-f78b-407f-908d-882d358ab5d6 - Received request: GET /api/v1/admin/exam-papers
2026-07-20 16:25:54 | INFO     | trace_id=40a9dbd6-f78b-407f-908d-882d358ab5d6 - Returned response: 200
2026-07-20 16:25:54 | INFO     | trace_id=5a1ee9bb-7877-4f94-84c8-29297c7a2c47 - Received request: GET /api/v1/admin/personas
2026-07-20 16:25:54 | INFO     | trace_id=5a1ee9bb-7877-4f94-84c8-29297c7a2c47 - Returned response: 200
2026-07-20 16:25:55 | INFO     | trace_id=30f0a5c4-a608-4c4c-ab5c-81d4818885c8 - Received request: GET /api/v1/admin/dashboard/stats
2026-07-20 16:25:55 | INFO     | trace_id=d7c4ff06-0b87-4183-9f25-238a53b5254e - Received request: GET /api/v1/admin/trainee-profiles/tags
2026-07-20 16:25:55 | INFO     | trace_id=3dead23b-5045-4b7a-8c7e-ec4e531e0364 - Received request: GET /api/v1/admin/trainee-profiles
2026-07-20 16:25:55 | INFO     | trace_id=d7c4ff06-0b87-4183-9f25-238a53b5254e - Returned response: 200
2026-07-20 16:25:55 | INFO     | trace_id=3dead23b-5045-4b7a-8c7e-ec4e531e0364 - Returned response: 200
2026-07-20 16:25:55 | INFO     | trace_id=30f0a5c4-a608-4c4c-ab5c-81d4818885c8 - Returned response: 200
2026-07-20 16:25:56 | INFO     | trace_id=fb94e251-2057-42c4-9444-e9918b288512 - Received request: GET /api/v1/feynman/progress
2026-07-20 16:25:56 | INFO     | trace_id=1cfc39cf-aac5-4a3e-8860-ffcfea0d261c - Received request: GET /api/v1/pomodoro/stats
2026-07-20 16:25:56 | INFO     | trace_id=fb94e251-2057-42c4-9444-e9918b288512 - Returned response: 200
2026-07-20 16:25:56 | INFO     | trace_id=99972b8d-5a0c-4894-b0c5-98a7a2619d33 - Received request: GET /api/v1/feynman/progress
2026-07-20 16:25:56 | INFO     | trace_id=99972b8d-5a0c-4894-b0c5-98a7a2619d33 - Returned response: 200
2026-07-20 16:25:56 | INFO     | trace_id=1cfc39cf-aac5-4a3e-8860-ffcfea0d261c - Returned response: 200
2026-07-20 16:25:56 | INFO     | trace_id=ce9f9671-288d-42bc-9d41-017265abb6c5 - Received request: GET /api/v1/pomodoro/stats
2026-07-20 16:25:56 | INFO     | trace_id=ce9f9671-288d-42bc-9d41-017265abb6c5 - Returned response: 200
2026-07-20 16:25:58 | INFO     | trace_id=ede5f12c-f356-4f03-93b4-8b6aaeafa5da - Received request: GET /api/v1/history
2026-07-20 16:25:58 | INFO     | trace_id=ede5f12c-f356-4f03-93b4-8b6aaeafa5da - Returned response: 200
2026-07-20 16:25:58 | INFO     | trace_id=b5e4c14e-e414-472c-a4ac-9c82154cbcf9 - Received request: GET /api/v1/practice/history
2026-07-20 16:25:58 | INFO     | trace_id=b5e4c14e-e414-472c-a4ac-9c82154cbcf9 - Returned response: 200
2026-07-20 16:25:58 | INFO     | trace_id=018fbc4d-fdce-44ae-b8cc-b06812a0da7f - Received request: GET /api/v1/trend
2026-07-20 16:25:58 | INFO     | trace_id=018fbc4d-fdce-44ae-b8cc-b06812a0da7f - Returned response: 200
2026-07-20 16:26:03 | INFO     | trace_id=28884578-7139-4606-9c06-c9995f059e31 - Received request: GET /api/v1/dynamic-exam/history
2026-07-20 16:26:03 | INFO     | trace_id=28884578-7139-4606-9c06-c9995f059e31 - Returned response: 200
2026-07-20 16:26:05 | INFO     | trace_id=6f03c978-9476-484e-9c36-56594a0b16f2 - Received request: GET /api/v1/dynamic-exam/00a5d376-9bd9-4e32-a6a8-1ead2649ee77/detail
2026-07-20 16:26:05 | INFO     | trace_id=6f03c978-9476-484e-9c36-56594a0b16f2 - Returned response: 200
2026-07-20 16:26:16 | INFO     | trace_id=bee0f16c-38ba-4efe-9bc9-ae9984278886 - Received request: GET /api/v1/dynamic-exam/96b4d895-6e7d-4bf8-8501-68dc814ba922/detail
2026-07-20 16:26:16 | INFO     | trace_id=bee0f16c-38ba-4efe-9bc9-ae9984278886 - Returned response: 200
2026-07-20 16:26:24 | INFO     | trace_id=d2efbc42-7785-4f20-9ed5-0dfd7f2b4940 - Received request: GET /api/v1/dynamic-exam/96b4d895-6e7d-4bf8-8501-68dc814ba922/detail
2026-07-20 16:26:24 | INFO     | trace_id=d2efbc42-7785-4f20-9ed5-0dfd7f2b4940 - Returned response: 200
2026-07-20 16:26:34 | INFO     | trace_id=7bd09cb4-7ab2-434d-a32f-8a2fe067a407 - Received request: OPTIONS /api/v1/dynamic-exam/793866b9-ea40-4964-9ca0-94450c8458a2
2026-07-20 16:26:34 | INFO     | trace_id=7bd09cb4-7ab2-434d-a32f-8a2fe067a407 - Returned response: 200
2026-07-20 16:26:34 | INFO     | trace_id=aec12853-7454-454d-890b-e51e45c3af80 - Received request: DELETE /api/v1/dynamic-exam/793866b9-ea40-4964-9ca0-94450c8458a2
2026-07-20 16:26:34 | INFO     | trace_id=aec12853-7454-454d-890b-e51e45c3af80 - Returned response: 200
2026-07-20 16:26:34 | INFO     | trace_id=54f4338b-600f-4185-9ae0-379ac4de4afa - Received request: GET /api/v1/dynamic-exam/history
2026-07-20 16:26:34 | INFO     | trace_id=54f4338b-600f-4185-9ae0-379ac4de4afa - Returned response: 200
2026-07-20 16:26:36 | INFO     | trace_id=14beb43f-6b05-4d10-8625-599dbe81eac7 - Received request: OPTIONS /api/v1/dynamic-exam/7f970437-3e78-4165-aabe-7019e2a98fbd
2026-07-20 16:26:36 | INFO     | trace_id=14beb43f-6b05-4d10-8625-599dbe81eac7 - Returned response: 200
2026-07-20 16:26:36 | INFO     | trace_id=ce4ca386-0377-4410-8529-65f451ac1ae5 - Received request: DELETE /api/v1/dynamic-exam/7f970437-3e78-4165-aabe-7019e2a98fbd
2026-07-20 16:26:36 | INFO     | trace_id=ce4ca386-0377-4410-8529-65f451ac1ae5 - Returned response: 200
2026-07-20 16:26:36 | INFO     | trace_id=9ea87f74-3808-44c2-986c-7a6eab09a1d5 - Received request: GET /api/v1/dynamic-exam/history
2026-07-20 16:26:36 | INFO     | trace_id=9ea87f74-3808-44c2-986c-7a6eab09a1d5 - Returned response: 200
2026-07-20 16:26:42 | INFO     | trace_id=745b7ae5-783a-4e6a-8533-afcaf787146e - Received request: GET /api/v1/feynman/progress
2026-07-20 16:26:42 | INFO     | trace_id=9d3db24d-8e26-483d-a67f-e5d70289879d - Received request: GET /api/v1/pomodoro/stats
2026-07-20 16:26:42 | INFO     | trace_id=745b7ae5-783a-4e6a-8533-afcaf787146e - Returned response: 200
2026-07-20 16:26:42 | INFO     | trace_id=c269d367-0c20-470f-a7db-35ff0c42f06e - Received request: GET /api/v1/feynman/progress
2026-07-20 16:26:42 | INFO     | trace_id=c269d367-0c20-470f-a7db-35ff0c42f06e - Returned response: 200
2026-07-20 16:26:42 | INFO     | trace_id=9d3db24d-8e26-483d-a67f-e5d70289879d - Returned response: 200
2026-07-20 16:26:42 | INFO     | trace_id=3d503bf2-c33a-4029-8ab7-a26be9b82aec - Received request: GET /api/v1/pomodoro/stats
2026-07-20 16:26:42 | INFO     | trace_id=3d503bf2-c33a-4029-8ab7-a26be9b82aec - Returned response: 200
2026-07-20 16:27:26 | INFO     | trace_id=8db61d45-87ea-4051-981d-568fad794df8 - Received request: OPTIONS /api/v1/dynamic-exam/start
2026-07-20 16:27:26 | INFO     | trace_id=8db61d45-87ea-4051-981d-568fad794df8 - Returned response: 200
2026-07-20 16:27:26 | INFO     | trace_id=1c209efb-1af1-4100-996e-32fed9196813 - Received request: POST /api/v1/dynamic-exam/start
2026-07-20 16:27:56 | INFO     | trace_id=1c209efb-1af1-4100-996e-32fed9196813 - Returned response: 200
2026-07-20 16:29:07 | INFO     | trace_id=38b30d37-1945-45cc-904a-2bd5e66b738a - Received request: OPTIONS /api/v1/dynamic-exam/end
2026-07-20 16:29:07 | INFO     | trace_id=38b30d37-1945-45cc-904a-2bd5e66b738a - Returned response: 200
2026-07-20 16:29:07 | INFO     | trace_id=648af5d0-04bf-4e13-befe-dc2083b472b4 - Received request: POST /api/v1/dynamic-exam/end
2026-07-20 16:29:07 | INFO     | trace_id=648af5d0-04bf-4e13-befe-dc2083b472b4 - Returned response: 200
2026-07-20 16:29:51 | INFO     | trace_id=41b834d3-63ed-4595-b85f-365dc4a10dcd - Received request: GET /api/v1/dynamic-exam/history
2026-07-20 16:29:51 | INFO     | trace_id=41b834d3-63ed-4595-b85f-365dc4a10dcd - Returned response: 200
2026-07-20 16:29:53 | INFO     | trace_id=4e3814f7-247f-4524-ac04-f094edac73f9 - Received request: GET /api/v1/dynamic-exam/2f53c1c7-67db-49f9-86a1-e46e49da9054/detail
2026-07-20 16:29:53 | INFO     | trace_id=4e3814f7-247f-4524-ac04-f094edac73f9 - Returned response: 200
2026-07-20 16:30:02 | INFO     | trace_id=e6ee259f-5278-4ebc-a7df-404ae476522b - Received request: GET /api/v1/admin/prewarm/status
2026-07-20 16:30:02 | INFO     | trace_id=d7f7ac38-5e10-4548-b596-e08b25e61482 - Received request: GET /api/v1/admin/personas
2026-07-20 16:30:02 | INFO     | trace_id=e6ee259f-5278-4ebc-a7df-404ae476522b - Returned response: 200
2026-07-20 16:30:02 | INFO     | trace_id=e22c36de-6b44-4350-9156-16502fc65c70 - Received request: GET /api/v1/admin/prewarm/status
2026-07-20 16:30:02 | INFO     | trace_id=d7f7ac38-5e10-4548-b596-e08b25e61482 - Returned response: 200
2026-07-20 16:30:02 | INFO     | trace_id=e22c36de-6b44-4350-9156-16502fc65c70 - Returned response: 200
2026-07-20 16:30:02 | INFO     | trace_id=5727f855-894f-46a2-93ea-5c0257e919dd - Received request: GET /api/v1/admin/personas
2026-07-20 16:30:02 | INFO     | trace_id=5727f855-894f-46a2-93ea-5c0257e919dd - Returned response: 200
2026-07-20 16:30:03 | INFO     | trace_id=f6ddf640-41bb-4eab-b8f8-3bc1f817f04c - Received request: GET /api/v1/feynman/progress
2026-07-20 16:30:03 | INFO     | trace_id=c162e36c-cabf-48e4-acd7-39f972aa79d4 - Received request: GET /api/v1/pomodoro/stats
2026-07-20 16:30:03 | INFO     | trace_id=f6ddf640-41bb-4eab-b8f8-3bc1f817f04c - Returned response: 200
2026-07-20 16:30:03 | INFO     | trace_id=2e78dfd0-221d-431f-ac11-345513b3d13a - Received request: GET /api/v1/feynman/progress
2026-07-20 16:30:03 | INFO     | trace_id=2e78dfd0-221d-431f-ac11-345513b3d13a - Returned response: 200
2026-07-20 16:30:03 | INFO     | trace_id=c162e36c-cabf-48e4-acd7-39f972aa79d4 - Returned response: 200
2026-07-20 16:30:03 | INFO     | trace_id=cbf360c1-b3de-4bbf-a3b0-83469c5653f0 - Received request: GET /api/v1/pomodoro/stats
2026-07-20 16:30:03 | INFO     | trace_id=cbf360c1-b3de-4bbf-a3b0-83469c5653f0 - Returned response: 200
2026-07-20 16:30:05 | INFO     | trace_id=69739e99-eb57-4e89-be37-4c01f14c70cd - Received request: GET /api/v1/feynman/progress
2026-07-20 16:30:05 | INFO     | trace_id=40fe784a-1a08-4191-9776-a55e19e26ef4 - Received request: GET /api/v1/pomodoro/stats
2026-07-20 16:30:05 | INFO     | trace_id=69739e99-eb57-4e89-be37-4c01f14c70cd - Returned response: 200
2026-07-20 16:30:05 | INFO     | trace_id=45360176-9a9f-4f33-842d-d2cd50129f62 - Received request: GET /api/v1/feynman/progress
2026-07-20 16:30:05 | INFO     | trace_id=45360176-9a9f-4f33-842d-d2cd50129f62 - Returned response: 200
2026-07-20 16:30:05 | INFO     | trace_id=40fe784a-1a08-4191-9776-a55e19e26ef4 - Returned response: 200
2026-07-20 16:30:05 | INFO     | trace_id=2e06a7b0-f2a9-4faa-a6bb-fef024ccd5d8 - Received request: GET /api/v1/pomodoro/stats
2026-07-20 16:30:05 | INFO     | trace_id=2e06a7b0-f2a9-4faa-a6bb-fef024ccd5d8 - Returned response: 200
2026-07-20 16:30:09 | INFO     | trace_id=498fecce-c723-4a3a-b998-14a2eb629cc0 - Received request: GET /api/v1/feynman/progress
2026-07-20 16:30:09 | INFO     | trace_id=9297f00e-260d-4f0e-8e07-aa4fa48fb3ac - Received request: GET /api/v1/pomodoro/stats
2026-07-20 16:30:09 | INFO     | trace_id=498fecce-c723-4a3a-b998-14a2eb629cc0 - Returned response: 200
2026-07-20 16:30:09 | INFO     | trace_id=7a5a106b-5110-465b-aa34-85da0e2882a3 - Received request: GET /api/v1/feynman/progress
2026-07-20 16:30:09 | INFO     | trace_id=7a5a106b-5110-465b-aa34-85da0e2882a3 - Returned response: 200
2026-07-20 16:30:09 | INFO     | trace_id=9297f00e-260d-4f0e-8e07-aa4fa48fb3ac - Returned response: 200
2026-07-20 16:30:09 | INFO     | trace_id=5729860c-91cd-4c07-880a-980cd24f7527 - Received request: GET /api/v1/pomodoro/stats
2026-07-20 16:30:09 | INFO     | trace_id=5729860c-91cd-4c07-880a-980cd24f7527 - Returned response: 200
2026-07-20 16:30:11 | INFO     | trace_id=92a795ec-2685-4a39-9198-17a4dd4ed46a - Received request: GET /api/v1/feynman/progress
2026-07-20 16:30:11 | INFO     | trace_id=a7e5d8f0-10b0-4146-b180-5873ed92d7fe - Received request: GET /api/v1/pomodoro/stats
2026-07-20 16:30:11 | INFO     | trace_id=92a795ec-2685-4a39-9198-17a4dd4ed46a - Returned response: 200
2026-07-20 16:30:11 | INFO     | trace_id=028c4102-4c47-44d4-9123-4f423f75fb7f - Received request: GET /api/v1/feynman/progress
2026-07-20 16:30:11 | INFO     | trace_id=028c4102-4c47-44d4-9123-4f423f75fb7f - Returned response: 200
2026-07-20 16:30:11 | INFO     | trace_id=a7e5d8f0-10b0-4146-b180-5873ed92d7fe - Returned response: 200
2026-07-20 16:30:11 | INFO     | trace_id=e77a587e-8890-4a8e-9bea-757db3ad0fbc - Received request: GET /api/v1/pomodoro/stats
2026-07-20 16:30:11 | INFO     | trace_id=e77a587e-8890-4a8e-9bea-757db3ad0fbc - Returned response: 200
2026-07-20 16:30:12 | INFO     | trace_id=14547147-fcf9-4946-bd55-90b4975bb6d0 - Received request: GET /api/v1/feynman/progress
2026-07-20 16:30:12 | INFO     | trace_id=0802d59c-a13a-4673-a013-cd55b32a6a91 - Received request: GET /api/v1/pomodoro/stats
2026-07-20 16:30:12 | INFO     | trace_id=14547147-fcf9-4946-bd55-90b4975bb6d0 - Returned response: 200
2026-07-20 16:30:12 | INFO     | trace_id=8903f4cc-8aa6-4800-a4d9-ea8ac8ed6831 - Received request: GET /api/v1/feynman/progress
2026-07-20 16:30:12 | INFO     | trace_id=8903f4cc-8aa6-4800-a4d9-ea8ac8ed6831 - Returned response: 200
2026-07-20 16:30:12 | INFO     | trace_id=0802d59c-a13a-4673-a013-cd55b32a6a91 - Returned response: 200
2026-07-20 16:30:12 | INFO     | trace_id=68081bf3-cc1e-45c6-9751-d4cea4616792 - Received request: GET /api/v1/pomodoro/stats
2026-07-20 16:30:12 | INFO     | trace_id=68081bf3-cc1e-45c6-9751-d4cea4616792 - Returned response: 200
2026-07-20 16:30:13 | INFO     | trace_id=fe56e367-a875-4245-ad2a-26804dc66d32 - Received request: GET /api/v1/feynman/progress
2026-07-20 16:30:13 | INFO     | trace_id=c456369e-56f3-4988-bdc5-4ebf2f9f9d54 - Received request: GET /api/v1/pomodoro/stats
2026-07-20 16:30:13 | INFO     | trace_id=fe56e367-a875-4245-ad2a-26804dc66d32 - Returned response: 200
2026-07-20 16:30:13 | INFO     | trace_id=e3cf57b5-a092-4128-b3c4-1619421cbaff - Received request: GET /api/v1/feynman/progress
2026-07-20 16:30:13 | INFO     | trace_id=e3cf57b5-a092-4128-b3c4-1619421cbaff - Returned response: 200
2026-07-20 16:30:13 | INFO     | trace_id=c456369e-56f3-4988-bdc5-4ebf2f9f9d54 - Returned response: 200
2026-07-20 16:30:13 | INFO     | trace_id=e4f552d6-4fd4-494b-b024-6286332bbfe8 - Received request: GET /api/v1/pomodoro/stats
2026-07-20 16:30:13 | INFO     | trace_id=e4f552d6-4fd4-494b-b024-6286332bbfe8 - Returned response: 200
2026-07-20 16:30:14 | INFO     | trace_id=c057fb9a-444a-4bba-98db-0a89ec4f2e05 - Received request: GET /api/v1/feynman/progress
2026-07-20 16:30:14 | INFO     | trace_id=59a5a485-0aba-4e7b-8a15-b7f9aee5df5d - Received request: GET /api/v1/pomodoro/stats
2026-07-20 16:30:14 | INFO     | trace_id=c057fb9a-444a-4bba-98db-0a89ec4f2e05 - Returned response: 200
2026-07-20 16:30:14 | INFO     | trace_id=29589a5e-8d2a-4231-beb7-5b5e451d12ec - Received request: GET /api/v1/feynman/progress
2026-07-20 16:30:14 | INFO     | trace_id=29589a5e-8d2a-4231-beb7-5b5e451d12ec - Returned response: 200
2026-07-20 16:30:14 | INFO     | trace_id=59a5a485-0aba-4e7b-8a15-b7f9aee5df5d - Returned response: 200
2026-07-20 16:30:14 | INFO     | trace_id=f4beb02f-7d2a-47bf-9073-197929eb07b2 - Received request: GET /api/v1/pomodoro/stats
2026-07-20 16:30:14 | INFO     | trace_id=f4beb02f-7d2a-47bf-9073-197929eb07b2 - Returned response: 200
2026-07-20 16:30:17 | INFO     | trace_id=f66badec-614e-4699-924e-e90ffe03c095 - Received request: GET /api/v1/capability-portrait
2026-07-20 16:30:17 | INFO     | trace_id=f66badec-614e-4699-924e-e90ffe03c095 - Returned response: 200
2026-07-20 16:30:39 | INFO     | trace_id=f2bf792e-3910-4257-92ec-fc9a8fde0055 - Received request: GET /api/v1/practice/categories
2026-07-20 16:30:39 | INFO     | trace_id=f7a9cd26-9d14-466c-a8b8-f4f21b43f3d8 - Received request: GET /api/v1/practice/recommended
2026-07-20 16:30:39 | INFO     | trace_id=f2bf792e-3910-4257-92ec-fc9a8fde0055 - Returned response: 200
2026-07-20 16:30:39 | INFO     | trace_id=f7a9cd26-9d14-466c-a8b8-f4f21b43f3d8 - Returned response: 200
2026-07-20 16:31:35 | INFO     | trace_id=7af843b0-9f9d-457f-a129-64dc1d91a680 - Received request: OPTIONS /api/v1/practice/reverse-training
2026-07-20 16:31:35 | INFO     | trace_id=7af843b0-9f9d-457f-a129-64dc1d91a680 - Returned response: 200
2026-07-20 16:31:35 | INFO     | trace_id=60311997-40fb-44c1-9370-53a322e9ef29 - Received request: POST /api/v1/practice/reverse-training
2026-07-20 16:31:50 | INFO     | trace_id=36c6f73e-534d-4960-8cbc-2c322359816e - Received request: GET /api/v1/exam-papers
2026-07-20 16:31:50 | INFO     | trace_id=36c6f73e-534d-4960-8cbc-2c322359816e - Returned response: 200
2026-07-20 16:31:51 | INFO     | trace_id=df2d034b-9c93-4957-b297-11a6d913f6e1 - Received request: GET /api/v1/practice/recommended
2026-07-20 16:31:51 | INFO     | trace_id=df2d034b-9c93-4957-b297-11a6d913f6e1 - Returned response: 200
2026-07-20 16:31:56 | INFO     | trace_id=60311997-40fb-44c1-9370-53a322e9ef29 - Returned response: 500
2026-07-20 16:34:00 | INFO     | trace_id=a77258e9-4bf2-4615-afbb-612dabbf9d1f - Received request: GET /api/v1/exam-papers
2026-07-20 16:34:00 | INFO     | trace_id=a77258e9-4bf2-4615-afbb-612dabbf9d1f - Returned response: 200
2026-07-20 16:34:02 | INFO     | trace_id=655bbb0e-dcc3-46a4-aaad-3d1808417bfa - Received request: GET /api/v1/practice/recommended
2026-07-20 16:34:02 | INFO     | trace_id=655bbb0e-dcc3-46a4-aaad-3d1808417bfa - Returned response: 200
2026-07-20 16:39:21 | INFO     | trace_id=c87ed14e-9c84-4ee8-893f-87c8dd4edace - Received request: GET /api/v1/feynman/progress
2026-07-20 16:39:21 | INFO     | trace_id=18d211a7-b733-416d-aa29-baa7185b601a - Received request: GET /api/v1/pomodoro/stats
2026-07-20 16:39:21 | INFO     | trace_id=c87ed14e-9c84-4ee8-893f-87c8dd4edace - Returned response: 200
2026-07-20 16:39:21 | INFO     | trace_id=658a1fff-9b66-4fd5-a791-a5f90ea6f37d - Received request: GET /api/v1/feynman/progress
2026-07-20 16:39:21 | INFO     | trace_id=658a1fff-9b66-4fd5-a791-a5f90ea6f37d - Returned response: 200
2026-07-20 16:39:21 | INFO     | trace_id=18d211a7-b733-416d-aa29-baa7185b601a - Returned response: 200
2026-07-20 16:39:21 | INFO     | trace_id=df285403-cb87-4b49-82d8-4befdc9dec59 - Received request: GET /api/v1/pomodoro/stats
2026-07-20 16:39:21 | INFO     | trace_id=df285403-cb87-4b49-82d8-4befdc9dec59 - Returned response: 200
2026-07-20 16:50:45 | INFO     | trace_id=3d306fd1-5e0d-49de-8db5-9d44518de4dd - Received request: GET /docs
2026-07-20 16:50:45 | INFO     | trace_id=3d306fd1-5e0d-49de-8db5-9d44518de4dd - Returned response: 200
2026-07-20 17:00:29 | INFO     | trace_id=75cb7974-2300-4c49-beac-c2f7a6d39000 - Received request: GET /api/v1/feynman/progress
2026-07-20 17:00:29 | INFO     | trace_id=f68a2e82-5601-481a-94e5-1657b382d312 - Received request: GET /api/v1/pomodoro/stats
2026-07-20 17:00:29 | INFO     | trace_id=75cb7974-2300-4c49-beac-c2f7a6d39000 - Returned response: 200
2026-07-20 17:00:29 | INFO     | trace_id=684e34d4-37ac-479a-8a7b-538d5ba7eeb1 - Received request: GET /api/v1/feynman/progress
2026-07-20 17:00:29 | INFO     | trace_id=f68a2e82-5601-481a-94e5-1657b382d312 - Returned response: 200
2026-07-20 17:00:29 | INFO     | trace_id=684e34d4-37ac-479a-8a7b-538d5ba7eeb1 - Returned response: 200
2026-07-20 17:00:29 | INFO     | trace_id=12dd5fd4-fa0e-4014-b702-51bb7024abcd - Received request: GET /api/v1/pomodoro/stats
2026-07-20 17:00:29 | INFO     | trace_id=12dd5fd4-fa0e-4014-b702-51bb7024abcd - Returned response: 200
2026-07-20 17:00:33 | INFO     | trace_id=645850cf-7f71-4dfd-a79d-d241c747a626 - Received request: GET /api/v1/feynman/progress
2026-07-20 17:00:33 | INFO     | trace_id=f2c15402-c237-41d2-a8f6-6170c785e5fa - Received request: GET /api/v1/pomodoro/stats
2026-07-20 17:00:33 | INFO     | trace_id=645850cf-7f71-4dfd-a79d-d241c747a626 - Returned response: 200
2026-07-20 17:00:33 | INFO     | trace_id=ac399b60-c459-4f58-a6d6-fe9ab91b32e8 - Received request: GET /api/v1/feynman/progress
2026-07-20 17:00:33 | INFO     | trace_id=ac399b60-c459-4f58-a6d6-fe9ab91b32e8 - Returned response: 200
2026-07-20 17:00:33 | INFO     | trace_id=f2c15402-c237-41d2-a8f6-6170c785e5fa - Returned response: 200
2026-07-20 17:00:33 | INFO     | trace_id=35ea1e3d-15cc-4f6b-8c53-e0fe8aa7ad8a - Received request: GET /api/v1/pomodoro/stats
2026-07-20 17:00:33 | INFO     | trace_id=35ea1e3d-15cc-4f6b-8c53-e0fe8aa7ad8a - Returned response: 200
2026-07-20 17:00:34 | INFO     | trace_id=97990f0b-cc77-4bed-b498-027d47ee937a - Received request: GET /api/v1/practice/categories
2026-07-20 17:00:34 | INFO     | trace_id=d2e1871b-a0d4-4ab8-a661-514274e4a217 - Received request: GET /api/v1/practice/recommended
2026-07-20 17:00:34 | INFO     | trace_id=97990f0b-cc77-4bed-b498-027d47ee937a - Returned response: 200
2026-07-20 17:00:34 | INFO     | trace_id=d2e1871b-a0d4-4ab8-a661-514274e4a217 - Returned response: 200
2026-07-20 17:00:35 | INFO     | trace_id=5b238fcb-4733-4a98-ae4e-1ca6634edd88 - Received request: OPTIONS /api/v1/practice/reverse-training
2026-07-20 17:00:35 | INFO     | trace_id=5b238fcb-4733-4a98-ae4e-1ca6634edd88 - Returned response: 200
2026-07-20 17:00:35 | INFO     | trace_id=dc3f98b4-301b-449a-a06b-2b635381e3f9 - Received request: POST /api/v1/practice/reverse-training
2026-07-20 17:00:56 | INFO     | trace_id=dc3f98b4-301b-449a-a06b-2b635381e3f9 - Returned response: 200
2026-07-20 17:00:56 | INFO     | trace_id=e2ecbdf3-fe9c-44c6-b053-20d18a78830c - Received request: GET /api/v1/practice/recommended
2026-07-20 17:00:56 | INFO     | trace_id=e2ecbdf3-fe9c-44c6-b053-20d18a78830c - Returned response: 200
2026-07-20 17:10:49 | INFO     | trace_id=da4fb6c2-21f1-492c-855f-a1f87bc2d0a0 - Received request: GET /api/v1/feynman/progress
2026-07-20 17:10:49 | INFO     | trace_id=76ee8616-e5e3-4946-85a5-951103d17a49 - Received request: GET /api/v1/pomodoro/stats
2026-07-20 17:10:49 | INFO     | trace_id=da4fb6c2-21f1-492c-855f-a1f87bc2d0a0 - Returned response: 200
2026-07-20 17:10:49 | INFO     | trace_id=047515ae-ca81-42c6-8e47-ef3ac9e7755a - Received request: GET /api/v1/feynman/progress
2026-07-20 17:10:49 | INFO     | trace_id=047515ae-ca81-42c6-8e47-ef3ac9e7755a - Returned response: 200
2026-07-20 17:10:49 | INFO     | trace_id=76ee8616-e5e3-4946-85a5-951103d17a49 - Returned response: 200
2026-07-20 17:10:49 | INFO     | trace_id=f93627c8-fb9b-4193-8ad0-0ffdff37061f - Received request: GET /api/v1/pomodoro/stats
2026-07-20 17:10:49 | INFO     | trace_id=f93627c8-fb9b-4193-8ad0-0ffdff37061f - Returned response: 200
2026-07-20 20:18:07 | INFO     | trace_id=5328e7fc-616a-4463-9089-96e0bce6d771 - Received request: GET /api/v1/feynman/progress
2026-07-20 20:18:07 | INFO     | trace_id=790aea65-510f-4126-a7af-a49a9489433b - Received request: GET /api/v1/pomodoro/stats
2026-07-20 20:18:07 | INFO     | trace_id=5328e7fc-616a-4463-9089-96e0bce6d771 - Returned response: 200
2026-07-20 20:18:07 | INFO     | trace_id=75a00c1d-c3b5-4c57-bcfa-17865c9bf572 - Received request: GET /api/v1/feynman/progress
2026-07-20 20:18:07 | INFO     | trace_id=75a00c1d-c3b5-4c57-bcfa-17865c9bf572 - Returned response: 200
2026-07-20 20:18:07 | INFO     | trace_id=790aea65-510f-4126-a7af-a49a9489433b - Returned response: 200
2026-07-20 20:18:07 | INFO     | trace_id=ad3db72f-246c-478b-aea4-45f8fd98fb04 - Received request: GET /api/v1/pomodoro/stats
2026-07-20 20:18:07 | INFO     | trace_id=ad3db72f-246c-478b-aea4-45f8fd98fb04 - Returned response: 200
2026-07-20 20:18:36 | INFO     | trace_id=e4bbb172-868d-49b0-bcae-d3d1dcdebd8e - Received request: OPTIONS /api/v1/chat
2026-07-20 20:18:36 | INFO     | trace_id=e4bbb172-868d-49b0-bcae-d3d1dcdebd8e - Returned response: 200
2026-07-20 20:18:36 | INFO     | trace_id=1f83569c-572b-4375-bd6e-32321e2d8638 - Received request: POST /api/v1/chat
2026-07-20 20:18:36 | INFO     | trace_id=1f83569c-572b-4375-bd6e-32321e2d8638 - Returned response: 200
2026-07-20 20:18:57 | INFO     | trace_id=b0256cf1-3756-4080-864a-1a8728359895 - Received request: GET /api/v1/practice/categories
2026-07-20 20:18:57 | INFO     | trace_id=82fa4646-e358-46a1-a5cf-eb649d7b81b2 - Received request: GET /api/v1/practice/recommended
2026-07-20 20:18:57 | INFO     | trace_id=82fa4646-e358-46a1-a5cf-eb649d7b81b2 - Returned response: 200
2026-07-20 20:18:57 | INFO     | trace_id=b0256cf1-3756-4080-864a-1a8728359895 - Returned response: 200
2026-07-20 20:18:59 | INFO     | trace_id=b0a29e23-e5fb-4e7c-ad6c-ccfafb65c232 - Received request: OPTIONS /api/v1/practice/reverse-training
2026-07-20 20:18:59 | INFO     | trace_id=b0a29e23-e5fb-4e7c-ad6c-ccfafb65c232 - Returned response: 200
2026-07-20 20:18:59 | INFO     | trace_id=81180b0d-3c19-4b1f-a813-1fffc21fb391 - Received request: POST /api/v1/practice/reverse-training
2026-07-20 20:19:18 | INFO     | trace_id=81180b0d-3c19-4b1f-a813-1fffc21fb391 - Returned response: 200
2026-07-20 20:19:18 | INFO     | trace_id=a49ee5a0-4f68-4a9a-ad74-19a315ba1185 - Received request: GET /api/v1/practice/recommended
2026-07-20 20:19:18 | INFO     | trace_id=a49ee5a0-4f68-4a9a-ad74-19a315ba1185 - Returned response: 200
2026-07-20 20:19:28 | INFO     | trace_id=7e1a42da-5710-459c-8917-6ef5b77c0e6b - Received request: OPTIONS /api/v1/dynamic-exam/start
2026-07-20 20:19:28 | INFO     | trace_id=7e1a42da-5710-459c-8917-6ef5b77c0e6b - Returned response: 200
2026-07-20 20:19:28 | INFO     | trace_id=08e52418-b20c-4bd1-b471-8105435d5448 - Received request: POST /api/v1/dynamic-exam/start
2026-07-20 20:19:59 | INFO     | trace_id=08e52418-b20c-4bd1-b471-8105435d5448 - Returned response: 200
2026-07-20 20:20:19 | INFO     | trace_id=af2ff133-49c6-4ff7-aebc-cae0a227eeb8 - Received request: OPTIONS /api/v1/dynamic-exam/chat
2026-07-20 20:20:19 | INFO     | trace_id=af2ff133-49c6-4ff7-aebc-cae0a227eeb8 - Returned response: 200
2026-07-20 20:20:19 | INFO     | trace_id=178c9c1e-a210-4963-83df-324f939b25ed - Received request: POST /api/v1/dynamic-exam/chat
2026-07-20 20:20:50 | INFO     | trace_id=178c9c1e-a210-4963-83df-324f939b25ed - Returned response: 200
2026-07-20 20:21:12 | INFO     | trace_id=a74f9ae5-dd1c-4a2d-82dd-ea48f10aa569 - Received request: POST /api/v1/dynamic-exam/chat
2026-07-20 20:21:26 | INFO     | trace_id=a74f9ae5-dd1c-4a2d-82dd-ea48f10aa569 - Returned response: 200
2026-07-20 20:21:36 | INFO     | trace_id=179047ac-c7a7-421a-be5d-281a76814dd0 - Received request: POST /api/v1/dynamic-exam/chat
2026-07-20 20:22:15 | INFO     | trace_id=179047ac-c7a7-421a-be5d-281a76814dd0 - Returned response: 200
2026-07-20 20:22:39 | INFO     | trace_id=b6cfa402-b233-42bf-8168-e3df2880d4a2 - Received request: POST /api/v1/dynamic-exam/chat
2026-07-20 20:23:35 | INFO     | trace_id=b6cfa402-b233-42bf-8168-e3df2880d4a2 - Returned response: 200
2026-07-20 20:23:35 | INFO     | trace_id=64cd9dba-904a-4211-979b-9cc9069a0aab - Received request: OPTIONS /api/v1/dynamic-exam/end
2026-07-20 20:23:35 | INFO     | trace_id=64cd9dba-904a-4211-979b-9cc9069a0aab - Returned response: 200
2026-07-20 20:23:35 | INFO     | trace_id=9c55dc4d-0c70-4445-88f2-ee27a29bad33 - Received request: POST /api/v1/dynamic-exam/end
2026-07-20 20:23:35 | INFO     | trace_id=9c55dc4d-0c70-4445-88f2-ee27a29bad33 - Returned response: 200
2026-07-20 20:23:52 | INFO     | trace_id=ddcedef5-c240-4f6d-80c6-c4a362e83591 - Received request: GET /api/v1/admin/prewarm/status
2026-07-20 20:23:52 | INFO     | trace_id=ad751c64-ba06-43b9-a27e-84c6ed903f09 - Received request: GET /api/v1/admin/personas
2026-07-20 20:23:52 | INFO     | trace_id=ddcedef5-c240-4f6d-80c6-c4a362e83591 - Returned response: 200
2026-07-20 20:23:52 | INFO     | trace_id=283fd63b-1e25-483a-b8fd-2ff40f5234fe - Received request: GET /api/v1/admin/prewarm/status
2026-07-20 20:23:52 | INFO     | trace_id=ad751c64-ba06-43b9-a27e-84c6ed903f09 - Returned response: 200
2026-07-20 20:23:52 | INFO     | trace_id=283fd63b-1e25-483a-b8fd-2ff40f5234fe - Returned response: 200
2026-07-20 20:23:52 | INFO     | trace_id=31217cea-2ffd-460c-9909-364838b2c26e - Received request: GET /api/v1/admin/personas
2026-07-20 20:23:52 | INFO     | trace_id=31217cea-2ffd-460c-9909-364838b2c26e - Returned response: 200
2026-07-20 20:23:58 | INFO     | trace_id=5b100c6a-8012-49de-8f2b-bbb2ec22d7f6 - Received request: GET /api/v1/admin/questions
2026-07-20 20:23:58 | INFO     | trace_id=5b100c6a-8012-49de-8f2b-bbb2ec22d7f6 - Returned response: 200
2026-07-20 20:24:06 | INFO     | trace_id=a0ed2feb-9702-49e5-8728-a3f7f458678d - Received request: POST /api/v1/admin/builder/upload
2026-07-20 20:24:06 | INFO     | trace_id=a0ed2feb-9702-49e5-8728-a3f7f458678d - Returned response: 200
2026-07-20 20:24:14 | INFO     | trace_id=e286a3dc-2c32-428b-9123-53b510be6a1d - Received request: GET /api/v1/admin/kb-nodes
2026-07-20 20:24:14 | INFO     | trace_id=7ea15931-cd9f-4322-a97a-b812a9916f15 - Received request: GET /api/v1/admin/knowledge-relations
2026-07-20 20:24:14 | INFO     | trace_id=e286a3dc-2c32-428b-9123-53b510be6a1d - Returned response: 200
2026-07-20 20:24:14 | INFO     | trace_id=7ea15931-cd9f-4322-a97a-b812a9916f15 - Returned response: 200
2026-07-20 20:24:24 | INFO     | trace_id=f7e2bfae-9320-4ff5-904e-500014e5e0d6 - Received request: GET /api/v1/admin/dashboard/stats
2026-07-20 20:24:24 | INFO     | trace_id=9f0736ee-dc1d-4d19-a2f1-b9fad3c135bf - Received request: GET /api/v1/admin/trainee-profiles/tags
2026-07-20 20:24:24 | INFO     | trace_id=00379d2e-b13b-45a9-a9a1-1aa735fd3e84 - Received request: GET /api/v1/admin/trainee-profiles
2026-07-20 20:24:24 | INFO     | trace_id=9f0736ee-dc1d-4d19-a2f1-b9fad3c135bf - Returned response: 200
2026-07-20 20:24:24 | INFO     | trace_id=00379d2e-b13b-45a9-a9a1-1aa735fd3e84 - Returned response: 200
2026-07-20 20:24:24 | INFO     | trace_id=f7e2bfae-9320-4ff5-904e-500014e5e0d6 - Returned response: 200
2026-07-20 20:24:25 | INFO     | trace_id=182988b6-8d3c-4f1a-a0e8-76db6e758ab1 - Received request: GET /api/v1/admin/project-scenarios
2026-07-20 20:24:25 | INFO     | trace_id=182988b6-8d3c-4f1a-a0e8-76db6e758ab1 - Returned response: 200
2026-07-20 20:24:25 | INFO     | trace_id=535b76a0-4926-4895-a7a3-750571abd3a9 - Received request: GET /api/v1/admin/project-scenarios
2026-07-20 20:24:25 | INFO     | trace_id=535b76a0-4926-4895-a7a3-750571abd3a9 - Returned response: 200
2026-07-20 20:24:27 | INFO     | trace_id=afcbf7ab-67e1-4d35-8c74-0c533832d03b - Received request: GET /api/v1/admin/weaknesses/overview
2026-07-20 20:24:27 | INFO     | trace_id=afcbf7ab-67e1-4d35-8c74-0c533832d03b - Returned response: 200
2026-07-20 20:24:28 | INFO     | trace_id=4dee8033-e87c-4faf-aa0f-09dedb0debfd - Received request: GET /api/v1/admin/exam-papers
2026-07-20 20:24:28 | INFO     | trace_id=4dee8033-e87c-4faf-aa0f-09dedb0debfd - Returned response: 200
2026-07-20 20:24:28 | INFO     | trace_id=5355da8c-1c01-4a15-b4e9-166a069931a3 - Received request: GET /api/v1/admin/personas
2026-07-20 20:24:28 | INFO     | trace_id=5355da8c-1c01-4a15-b4e9-166a069931a3 - Returned response: 200
2026-07-20 20:24:29 | INFO     | trace_id=993e5ec4-ee3b-467a-8c21-691a42d679b9 - Received request: GET /api/v1/admin/dashboard/stats
2026-07-20 20:24:29 | INFO     | trace_id=e540b467-d8d3-4cc6-97ce-e681c6a240f9 - Received request: GET /api/v1/admin/trainee-profiles/tags
2026-07-20 20:24:29 | INFO     | trace_id=758067ba-b39c-4318-8fc3-84b497358585 - Received request: GET /api/v1/admin/trainee-profiles
2026-07-20 20:24:29 | INFO     | trace_id=e540b467-d8d3-4cc6-97ce-e681c6a240f9 - Returned response: 200
2026-07-20 20:24:29 | INFO     | trace_id=758067ba-b39c-4318-8fc3-84b497358585 - Returned response: 200
2026-07-20 20:24:29 | INFO     | trace_id=993e5ec4-ee3b-467a-8c21-691a42d679b9 - Returned response: 200
2026-07-20 20:24:38 | INFO     | trace_id=9f892f9b-79c9-4dbc-a079-b6771711b943 - Received request: GET /api/v1/feynman/progress
2026-07-20 20:24:38 | INFO     | trace_id=3cf163c8-9b9a-4801-b231-6a46662c3ede - Received request: GET /api/v1/pomodoro/stats
2026-07-20 20:24:38 | INFO     | trace_id=9f892f9b-79c9-4dbc-a079-b6771711b943 - Returned response: 200
2026-07-20 20:24:38 | INFO     | trace_id=ca79db46-0dfa-4807-924b-23858061d329 - Received request: GET /api/v1/feynman/progress
2026-07-20 20:24:38 | INFO     | trace_id=3cf163c8-9b9a-4801-b231-6a46662c3ede - Returned response: 200
2026-07-20 20:24:38 | INFO     | trace_id=d4c1f4af-5894-4aac-80fe-65eab028d99f - Received request: GET /api/v1/pomodoro/stats
2026-07-20 20:24:38 | INFO     | trace_id=d4c1f4af-5894-4aac-80fe-65eab028d99f - Returned response: 200
2026-07-20 20:24:38 | INFO     | trace_id=ca79db46-0dfa-4807-924b-23858061d329 - Returned response: 200
2026-07-20 20:24:40 | INFO     | trace_id=13aa839a-c28d-4674-8ce6-f0379d4ad136 - Received request: GET /api/v1/practice/categories
2026-07-20 20:24:40 | INFO     | trace_id=86508de6-7ba5-426e-80e8-58c8875b431d - Received request: GET /api/v1/practice/recommended
2026-07-20 20:24:40 | INFO     | trace_id=13aa839a-c28d-4674-8ce6-f0379d4ad136 - Returned response: 200
2026-07-20 20:24:40 | INFO     | trace_id=86508de6-7ba5-426e-80e8-58c8875b431d - Returned response: 200
2026-07-20 20:24:41 | INFO     | trace_id=887025ce-22b6-4843-824f-0629d7dd00da - Received request: GET /api/v1/exam-papers
2026-07-20 20:24:41 | INFO     | trace_id=887025ce-22b6-4843-824f-0629d7dd00da - Returned response: 200
2026-07-20 20:24:43 | INFO     | trace_id=43dfd0ec-adac-46eb-907c-2afa8d12bdbd - Received request: GET /api/v1/exam-papers
2026-07-20 20:24:43 | INFO     | trace_id=43dfd0ec-adac-46eb-907c-2afa8d12bdbd - Returned response: 200
2026-07-20 20:24:43 | INFO     | trace_id=7fd90f50-9605-4773-a085-9e06f41b7b40 - Received request: GET /api/v1/practice/recommended
2026-07-20 20:24:43 | INFO     | trace_id=7fd90f50-9605-4773-a085-9e06f41b7b40 - Returned response: 200
2026-07-20 20:24:44 | INFO     | trace_id=d34a74d2-a403-4fec-a628-3dd642380d9a - Received request: GET /api/v1/feynman/progress
2026-07-20 20:24:44 | INFO     | trace_id=8625198f-d670-45fb-9fc5-3b584646a0ea - Received request: GET /api/v1/pomodoro/stats
2026-07-20 20:24:44 | INFO     | trace_id=d34a74d2-a403-4fec-a628-3dd642380d9a - Returned response: 200
2026-07-20 20:24:44 | INFO     | trace_id=8625198f-d670-45fb-9fc5-3b584646a0ea - Returned response: 200
2026-07-20 20:25:11 | INFO     | trace_id=047a9320-157a-4069-964e-92ab3318ceee - Received request: GET /api/v1/feynman/progress
2026-07-20 20:25:11 | INFO     | trace_id=bdc61605-d3da-4813-80ee-1801e0e2035c - Received request: GET /api/v1/pomodoro/stats
2026-07-20 20:25:11 | INFO     | trace_id=047a9320-157a-4069-964e-92ab3318ceee - Returned response: 200
2026-07-20 20:25:11 | INFO     | trace_id=d0f806f2-4220-493c-ae52-adef221ab41a - Received request: GET /api/v1/feynman/progress
2026-07-20 20:25:11 | INFO     | trace_id=d0f806f2-4220-493c-ae52-adef221ab41a - Returned response: 200
2026-07-20 20:25:11 | INFO     | trace_id=bdc61605-d3da-4813-80ee-1801e0e2035c - Returned response: 200
2026-07-20 20:25:11 | INFO     | trace_id=9ddaef58-d0e0-46fa-bb6a-1eb1a413a11c - Received request: GET /api/v1/pomodoro/stats
2026-07-20 20:25:11 | INFO     | trace_id=9ddaef58-d0e0-46fa-bb6a-1eb1a413a11c - Returned response: 200
2026-07-20 20:25:29 | INFO     | trace_id=ef74f7b4-f057-4d36-a3db-a7945ded39f3 - Received request: GET /api/v1/feynman/progress
2026-07-20 20:25:29 | INFO     | trace_id=ad590455-97d8-4129-9c2f-3de9809dc476 - Received request: GET /api/v1/pomodoro/stats
2026-07-20 20:25:29 | INFO     | trace_id=ef74f7b4-f057-4d36-a3db-a7945ded39f3 - Returned response: 200
2026-07-20 20:25:29 | INFO     | trace_id=c6d3c0c2-b8aa-40b4-b31e-09b0c64886f4 - Received request: GET /api/v1/feynman/progress
2026-07-20 20:25:29 | INFO     | trace_id=c6d3c0c2-b8aa-40b4-b31e-09b0c64886f4 - Returned response: 200
2026-07-20 20:25:29 | INFO     | trace_id=ad590455-97d8-4129-9c2f-3de9809dc476 - Returned response: 200
2026-07-20 20:25:29 | INFO     | trace_id=e1b1f58e-8be0-4f7c-a669-662673050c9e - Received request: GET /api/v1/pomodoro/stats
2026-07-20 20:25:29 | INFO     | trace_id=e1b1f58e-8be0-4f7c-a669-662673050c9e - Returned response: 200
2026-07-20 20:26:05 | INFO     | trace_id=6d0ac481-aca1-4442-ba1d-a4417b4a23a8 - Received request: GET /api/v1/admin/prewarm/status
2026-07-20 20:26:05 | INFO     | trace_id=9e6cd345-6274-481b-87b2-295faf58ef3d - Received request: GET /api/v1/admin/personas
2026-07-20 20:26:05 | INFO     | trace_id=6d0ac481-aca1-4442-ba1d-a4417b4a23a8 - Returned response: 200
2026-07-20 20:26:05 | INFO     | trace_id=9e6cd345-6274-481b-87b2-295faf58ef3d - Returned response: 200
2026-07-20 20:26:05 | INFO     | trace_id=868f2e22-c66c-4672-882e-15273d4a841c - Received request: GET /api/v1/admin/prewarm/status
2026-07-20 20:26:05 | INFO     | trace_id=eb3f43d5-26a5-4a1e-ae76-f593524ae6a4 - Received request: GET /api/v1/admin/personas
2026-07-20 20:26:05 | INFO     | trace_id=868f2e22-c66c-4672-882e-15273d4a841c - Returned response: 200
2026-07-20 20:26:05 | INFO     | trace_id=eb3f43d5-26a5-4a1e-ae76-f593524ae6a4 - Returned response: 200
2026-07-20 20:26:08 | INFO     | trace_id=d948f986-2bc0-42f6-9fe3-2c39e5c58415 - Received request: GET /api/v1/admin/project-scenarios
2026-07-20 20:26:08 | INFO     | trace_id=d948f986-2bc0-42f6-9fe3-2c39e5c58415 - Returned response: 200
2026-07-20 20:26:08 | INFO     | trace_id=9386a771-9bf2-41a4-a211-0ccc662d001f - Received request: GET /api/v1/admin/project-scenarios
2026-07-20 20:26:08 | INFO     | trace_id=9386a771-9bf2-41a4-a211-0ccc662d001f - Returned response: 200
2026-07-20 20:33:27 | INFO     | trace_id=1a17bc8e-643e-457b-a66e-eccc9b63d925 - Received request: GET /api/v1/admin/project-scenarios
2026-07-20 20:33:27 | INFO     | trace_id=1a17bc8e-643e-457b-a66e-eccc9b63d925 - Returned response: 200
2026-07-20 20:41:43 | INFO     | trace_id=525f574b-9bc6-49bb-a215-8a4eafb59c9a - Received request: POST /api/v1/admin/project-scenarios
2026-07-20 20:41:44 | INFO     | trace_id=525f574b-9bc6-49bb-a215-8a4eafb59c9a - Returned response: 200
2026-07-20 20:41:44 | INFO     | trace_id=78bbde66-6468-410e-a41a-1b8f1ed08588 - Received request: POST /api/v1/admin/project-scenarios
2026-07-20 20:41:44 | INFO     | trace_id=78bbde66-6468-410e-a41a-1b8f1ed08588 - Returned response: 200
2026-07-20 20:41:44 | INFO     | trace_id=0805cc46-ff3c-4a83-ab72-fb12afdc11d2 - Received request: POST /api/v1/admin/project-scenarios
2026-07-20 20:41:44 | INFO     | trace_id=0805cc46-ff3c-4a83-ab72-fb12afdc11d2 - Returned response: 200
2026-07-20 20:41:44 | INFO     | trace_id=9d8fd175-fa46-45f1-8bc4-01c2f2e68ba8 - Received request: GET /api/v1/admin/project-scenarios
2026-07-20 20:41:44 | INFO     | trace_id=9d8fd175-fa46-45f1-8bc4-01c2f2e68ba8 - Returned response: 200
2026-07-20 20:43:34 | INFO     | trace_id=8b701e47-3c5d-41d0-ab40-6ccd65bdccdd - Received request: GET /api/v1/admin/prewarm/status
2026-07-20 20:43:34 | INFO     | trace_id=60e43a91-9c72-47cb-8034-515e80efc2ef - Received request: GET /api/v1/admin/personas
2026-07-20 20:43:34 | INFO     | trace_id=8b701e47-3c5d-41d0-ab40-6ccd65bdccdd - Returned response: 200
2026-07-20 20:43:34 | INFO     | trace_id=27f50060-0b87-442b-83d5-205bdfd41253 - Received request: GET /api/v1/admin/prewarm/status
2026-07-20 20:43:34 | INFO     | trace_id=27f50060-0b87-442b-83d5-205bdfd41253 - Returned response: 200
2026-07-20 20:43:34 | INFO     | trace_id=60e43a91-9c72-47cb-8034-515e80efc2ef - Returned response: 200
2026-07-20 20:43:34 | INFO     | trace_id=33416c99-3fba-416f-8514-255eebe442a3 - Received request: GET /api/v1/admin/personas
2026-07-20 20:43:34 | INFO     | trace_id=33416c99-3fba-416f-8514-255eebe442a3 - Returned response: 200
2026-07-20 20:43:36 | INFO     | trace_id=1841c1bd-7f16-40c5-bec1-9b084487d5b7 - Received request: GET /api/v1/admin/kb-nodes
2026-07-20 20:43:36 | INFO     | trace_id=2fe28f9f-2da3-4494-83f5-52a985dee1e4 - Received request: GET /api/v1/admin/knowledge-relations
2026-07-20 20:43:36 | INFO     | trace_id=1841c1bd-7f16-40c5-bec1-9b084487d5b7 - Returned response: 200
2026-07-20 20:43:36 | INFO     | trace_id=2fe28f9f-2da3-4494-83f5-52a985dee1e4 - Returned response: 200
2026-07-20 20:43:37 | INFO     | trace_id=65971b48-2a9e-4730-9d8a-02978a54b8ea - Received request: GET /api/v1/admin/exam-papers
2026-07-20 20:43:37 | INFO     | trace_id=65971b48-2a9e-4730-9d8a-02978a54b8ea - Returned response: 200
2026-07-20 20:43:38 | INFO     | trace_id=912225dd-2d40-42c3-9577-79e1fb1a84af - Received request: GET /api/v1/admin/questions
2026-07-20 20:43:38 | INFO     | trace_id=7279fbc1-755c-4224-9fd7-ea301939f952 - Received request: GET /api/v1/admin/personas
2026-07-20 20:43:38 | INFO     | trace_id=7279fbc1-755c-4224-9fd7-ea301939f952 - Returned response: 200
2026-07-20 20:43:38 | INFO     | trace_id=912225dd-2d40-42c3-9577-79e1fb1a84af - Returned response: 200
2026-07-20 20:43:39 | INFO     | trace_id=4256a365-440b-46b5-a71c-98be15bba80b - Received request: GET /api/v1/admin/dashboard/stats
2026-07-20 20:43:39 | INFO     | trace_id=37dd413c-724a-4ab6-aa01-aa78b47205fd - Received request: GET /api/v1/admin/trainee-profiles/tags
2026-07-20 20:43:39 | INFO     | trace_id=a4d85893-2977-4781-969e-c62a0e23af5f - Received request: GET /api/v1/admin/trainee-profiles
2026-07-20 20:43:39 | INFO     | trace_id=37dd413c-724a-4ab6-aa01-aa78b47205fd - Returned response: 200
2026-07-20 20:43:39 | INFO     | trace_id=a4d85893-2977-4781-969e-c62a0e23af5f - Returned response: 200
2026-07-20 20:43:39 | INFO     | trace_id=4256a365-440b-46b5-a71c-98be15bba80b - Returned response: 200
2026-07-20 20:43:41 | INFO     | trace_id=0ca8fee8-db75-414e-8132-68db5e9554f3 - Received request: GET /api/v1/admin/project-scenarios
2026-07-20 20:43:41 | INFO     | trace_id=0ca8fee8-db75-414e-8132-68db5e9554f3 - Returned response: 200
2026-07-20 20:43:41 | INFO     | trace_id=b363b526-3786-42e8-a7f8-549abc2978fe - Received request: GET /api/v1/admin/project-scenarios
2026-07-20 20:43:41 | INFO     | trace_id=b363b526-3786-42e8-a7f8-549abc2978fe - Returned response: 200
2026-07-20 20:43:57 | INFO     | trace_id=ffab8c43-1743-4da7-9175-6431b4f71975 - Received request: OPTIONS /api/v1/dynamic-exam/start
2026-07-20 20:43:57 | INFO     | trace_id=ffab8c43-1743-4da7-9175-6431b4f71975 - Returned response: 200
2026-07-20 20:43:57 | INFO     | trace_id=90759924-acfa-4021-9e72-2a0b765301c7 - Received request: POST /api/v1/dynamic-exam/start
2026-07-20 20:44:56 | INFO     | trace_id=90759924-acfa-4021-9e72-2a0b765301c7 - Returned response: 200
2026-07-20 20:47:42 | INFO     | trace_id=eb94f452-f88f-4946-b4eb-cee3616e52a7 - Received request: OPTIONS /api/v1/dynamic-exam/chat
2026-07-20 20:47:43 | INFO     | trace_id=eb94f452-f88f-4946-b4eb-cee3616e52a7 - Returned response: 200
2026-07-20 20:47:43 | INFO     | trace_id=4064746e-6b49-4648-bea4-717054e1ef53 - Received request: POST /api/v1/dynamic-exam/chat
2026-07-20 20:48:43 | INFO     | trace_id=4064746e-6b49-4648-bea4-717054e1ef53 - Returned response: 200
2026-07-20 20:51:24 | INFO     | trace_id=c520f1b3-57a5-49c4-ac79-c410b80f50ac - Received request: POST /api/v1/dynamic-exam/chat
2026-07-20 20:52:13 | INFO     | trace_id=c520f1b3-57a5-49c4-ac79-c410b80f50ac - Returned response: 200
2026-07-20 20:52:44 | INFO     | trace_id=0facb64e-3525-4c69-8da7-f728571da9d0 - Received request: POST /api/v1/dynamic-exam/chat
2026-07-20 20:54:21 | INFO     | trace_id=0facb64e-3525-4c69-8da7-f728571da9d0 - Returned response: 200
2026-07-20 20:54:48 | INFO     | trace_id=d7d4346a-67f0-4311-8673-71f0783864ee - Received request: POST /api/v1/dynamic-exam/chat
2026-07-20 20:55:59 | INFO     | trace_id=d7d4346a-67f0-4311-8673-71f0783864ee - Returned response: 200
2026-07-20 20:57:59 | INFO     | trace_id=8fdfa7ee-55fb-4d29-a058-80ec5346e6c0 - Received request: OPTIONS /api/v1/dynamic-exam/chat
2026-07-20 20:57:59 | INFO     | trace_id=8fdfa7ee-55fb-4d29-a058-80ec5346e6c0 - Returned response: 200
2026-07-20 20:57:59 | INFO     | trace_id=26c92814-eb99-4211-907a-b8aa298a00b6 - Received request: POST /api/v1/dynamic-exam/chat
2026-07-20 20:58:37 | INFO     | trace_id=26c92814-eb99-4211-907a-b8aa298a00b6 - Returned response: 200
2026-07-20 20:59:21 | INFO     | trace_id=299ec54f-497f-4915-8f55-2c88413826f8 - Received request: POST /api/v1/dynamic-exam/chat
2026-07-20 20:59:38 | INFO     | trace_id=299ec54f-497f-4915-8f55-2c88413826f8 - Returned response: 200
2026-07-20 21:00:10 | INFO     | trace_id=8fe11779-e60c-4b43-a94e-3a9790cb48fb - Received request: POST /api/v1/dynamic-exam/chat
2026-07-20 21:02:07 | INFO     | trace_id=8fe11779-e60c-4b43-a94e-3a9790cb48fb - Returned response: 200
2026-07-20 21:02:31 | INFO     | trace_id=1cf69322-713e-44ab-b4c2-5384abb233bf - Received request: POST /api/v1/dynamic-exam/chat
2026-07-20 21:02:56 | INFO     | trace_id=1cf69322-713e-44ab-b4c2-5384abb233bf - Returned response: 200
2026-07-20 21:03:24 | INFO     | trace_id=96fbdabb-e47f-43e1-812f-895a7e19162b - Received request: POST /api/v1/dynamic-exam/chat
2026-07-20 21:03:51 | INFO     | trace_id=96fbdabb-e47f-43e1-812f-895a7e19162b - Returned response: 200
2026-07-20 21:04:20 | INFO     | trace_id=ee9fe3cc-3498-4fe4-8bdb-55170e6e3075 - Received request: POST /api/v1/dynamic-exam/chat
2026-07-20 21:04:38 | INFO     | trace_id=ee9fe3cc-3498-4fe4-8bdb-55170e6e3075 - Returned response: 200
2026-07-20 21:05:06 | INFO     | trace_id=1900d22d-96f4-4d58-b15e-031cb18bba3b - Received request: POST /api/v1/dynamic-exam/chat
2026-07-20 21:06:17 | INFO     | trace_id=1900d22d-96f4-4d58-b15e-031cb18bba3b - Returned response: 200
2026-07-20 21:07:35 | INFO     | trace_id=00055dff-b752-4d81-9f65-57c6cb5a8e45 - Received request: POST /api/v1/dynamic-exam/chat
2026-07-20 21:07:47 | INFO     | trace_id=00055dff-b752-4d81-9f65-57c6cb5a8e45 - Returned response: 200
2026-07-20 21:07:58 | INFO     | trace_id=e0aa9766-c12c-4ead-abbd-675404480064 - Received request: POST /api/v1/dynamic-exam/chat
2026-07-20 21:09:28 | INFO     | trace_id=e0aa9766-c12c-4ead-abbd-675404480064 - Returned response: 200
2026-07-20 21:09:56 | INFO     | trace_id=715eded3-443d-433f-8f47-47ea12d48f00 - Received request: OPTIONS /api/v1/dynamic-exam/chat
2026-07-20 21:09:56 | INFO     | trace_id=715eded3-443d-433f-8f47-47ea12d48f00 - Returned response: 200
2026-07-20 21:09:56 | INFO     | trace_id=edb4fbfb-8eea-4902-a0a9-9ecdd434cf67 - Received request: POST /api/v1/dynamic-exam/chat
2026-07-20 21:10:15 | INFO     | trace_id=edb4fbfb-8eea-4902-a0a9-9ecdd434cf67 - Returned response: 200
2026-07-20 21:10:46 | INFO     | trace_id=1499510d-cc0b-4ab2-95b7-07d85dbd1711 - Received request: POST /api/v1/dynamic-exam/chat
2026-07-20 21:11:18 | INFO     | trace_id=1499510d-cc0b-4ab2-95b7-07d85dbd1711 - Returned response: 200
2026-07-20 21:11:47 | INFO     | trace_id=cebe021a-998b-408d-968c-bccc4123d853 - Received request: POST /api/v1/dynamic-exam/chat
2026-07-20 21:12:15 | INFO     | trace_id=cebe021a-998b-408d-968c-bccc4123d853 - Returned response: 200
2026-07-20 21:12:15 | INFO     | trace_id=81076534-8066-4f0d-9219-961f9085289b - Received request: OPTIONS /api/v1/dynamic-exam/end
2026-07-20 21:12:15 | INFO     | trace_id=81076534-8066-4f0d-9219-961f9085289b - Returned response: 200
2026-07-20 21:12:15 | INFO     | trace_id=a1d35503-eeca-4f42-9059-ce3525427798 - Received request: POST /api/v1/dynamic-exam/end
2026-07-20 21:12:15 | INFO     | trace_id=a1d35503-eeca-4f42-9059-ce3525427798 - Returned response: 200
2026-07-20 21:12:24 | INFO     | trace_id=bece029a-3bc9-4008-b84c-f5b47d1b84c1 - Received request: GET /api/v1/dynamic-exam/history
2026-07-20 21:12:24 | INFO     | trace_id=bece029a-3bc9-4008-b84c-f5b47d1b84c1 - Returned response: 200
2026-07-20 21:12:25 | INFO     | trace_id=d93bba12-bec1-4164-9e45-5248d252494b - Received request: GET /api/v1/dynamic-exam/f4460346-5452-41f2-ab0e-f7532cd9d932/detail
2026-07-20 21:12:25 | INFO     | trace_id=d93bba12-bec1-4164-9e45-5248d252494b - Returned response: 200
2026-07-21 09:02:53 | INFO     | trace_id=58427545-dfbd-4cef-be0f-214362ddb62b - Received request: GET /api/v1/feynman/progress
2026-07-21 09:02:53 | INFO     | trace_id=5245e5b7-ed18-43f3-8a21-361c765468b8 - Received request: GET /api/v1/pomodoro/stats
2026-07-21 09:02:53 | INFO     | trace_id=58427545-dfbd-4cef-be0f-214362ddb62b - Returned response: 200
2026-07-21 09:02:53 | INFO     | trace_id=1b788829-d030-487b-9746-9ab266697787 - Received request: GET /api/v1/feynman/progress
2026-07-21 09:02:53 | INFO     | trace_id=1b788829-d030-487b-9746-9ab266697787 - Returned response: 200
2026-07-21 09:02:53 | INFO     | trace_id=5245e5b7-ed18-43f3-8a21-361c765468b8 - Returned response: 200
2026-07-21 09:02:53 | INFO     | trace_id=2078a9c1-8a58-42d2-b354-660de51e9c13 - Received request: GET /api/v1/pomodoro/stats
2026-07-21 09:02:53 | INFO     | trace_id=2078a9c1-8a58-42d2-b354-660de51e9c13 - Returned response: 200
2026-07-21 09:02:55 | INFO     | trace_id=d07bcdfe-e9ae-4dc9-9e11-5a4d06152677 - Received request: GET /api/v1/practice/categories
2026-07-21 09:02:55 | INFO     | trace_id=447c43e3-0736-4de8-9777-971f7b8b59de - Received request: GET /api/v1/practice/recommended
2026-07-21 09:02:55 | INFO     | trace_id=447c43e3-0736-4de8-9777-971f7b8b59de - Returned response: 200
2026-07-21 09:02:55 | INFO     | trace_id=d07bcdfe-e9ae-4dc9-9e11-5a4d06152677 - Returned response: 200
2026-07-21 09:02:57 | INFO     | trace_id=1db6b862-9c33-424f-aeac-850eff90d926 - Received request: GET /api/v1/dynamic-exam/history
2026-07-21 09:02:57 | INFO     | trace_id=1db6b862-9c33-424f-aeac-850eff90d926 - Returned response: 200
2026-07-21 09:02:59 | INFO     | trace_id=d6e8b641-869a-4d7e-bf55-b092f7a625ce - Received request: GET /api/v1/dynamic-exam/f4460346-5452-41f2-ab0e-f7532cd9d932/detail
2026-07-21 09:02:59 | INFO     | trace_id=d6e8b641-869a-4d7e-bf55-b092f7a625ce - Returned response: 200
2026-07-21 09:04:45 | INFO     | trace_id=6adb9468-c545-4de0-98c0-0412617aac9f - Received request: GET /api/v1/dynamic-exam/049e4091-5b45-4672-b951-4e33c3b50afc/detail
2026-07-21 09:04:45 | INFO     | trace_id=6adb9468-c545-4de0-98c0-0412617aac9f - Returned response: 200
2026-07-21 09:04:50 | INFO     | trace_id=6ff19991-6d47-41d1-b60a-d4dd2729b18c - Received request: GET /api/v1/dynamic-exam/2f53c1c7-67db-49f9-86a1-e46e49da9054/detail
2026-07-21 09:04:50 | INFO     | trace_id=6ff19991-6d47-41d1-b60a-d4dd2729b18c - Returned response: 200
2026-07-21 09:05:35 | INFO     | trace_id=b30fff48-8d2e-47a5-abd2-9b8d22e34d87 - Received request: GET /api/v1/dynamic-exam/049e4091-5b45-4672-b951-4e33c3b50afc/detail
2026-07-21 09:05:35 | INFO     | trace_id=b30fff48-8d2e-47a5-abd2-9b8d22e34d87 - Returned response: 200
2026-07-21 09:21:30 | INFO     | trace_id=5237cec7-3123-41bd-b905-40fe909c9d31 - Received request: GET /api/v1/dynamic-exam/history
2026-07-21 09:21:30 | INFO     | trace_id=5237cec7-3123-41bd-b905-40fe909c9d31 - Returned response: 200
2026-07-21 09:21:32 | INFO     | trace_id=961789cb-a60d-4c81-b83c-e7075eaf7bd2 - Received request: GET /api/v1/dynamic-exam/505c222e-f6ce-43f1-ac8d-3a0ed96d08db/detail
2026-07-21 09:21:32 | INFO     | trace_id=961789cb-a60d-4c81-b83c-e7075eaf7bd2 - Returned response: 200
2026-07-22 10:20:08 | INFO     | trace_id=0ba46b57-a320-484f-9a36-3ba6bf665dd0 - Received request: GET /api/v1/feynman/progress
2026-07-22 10:20:08 | INFO     | trace_id=a9c85dc5-cd8e-4a33-bc8c-2d3755fbd666 - Received request: GET /api/v1/pomodoro/stats
2026-07-22 10:20:08 | INFO     | trace_id=0ba46b57-a320-484f-9a36-3ba6bf665dd0 - Returned response: 200
2026-07-22 10:20:08 | INFO     | trace_id=27c80098-70c2-4a97-bbeb-c7c1e59b4bbd - Received request: GET /api/v1/feynman/progress
2026-07-22 10:20:08 | INFO     | trace_id=27c80098-70c2-4a97-bbeb-c7c1e59b4bbd - Returned response: 200
2026-07-22 10:20:08 | INFO     | trace_id=a9c85dc5-cd8e-4a33-bc8c-2d3755fbd666 - Returned response: 200
2026-07-22 10:20:08 | INFO     | trace_id=bcc19c1d-35ea-479a-b30f-a6c7f1604432 - Received request: GET /api/v1/pomodoro/stats
2026-07-22 10:20:08 | INFO     | trace_id=bcc19c1d-35ea-479a-b30f-a6c7f1604432 - Returned response: 200
2026-07-22 10:20:11 | INFO     | trace_id=95ea6285-600d-4b25-938a-0ff4453354ef - Received request: GET /api/v1/practice/categories
2026-07-22 10:20:11 | INFO     | trace_id=ea8b7163-4246-4875-8029-8499b9f2e59f - Received request: GET /api/v1/practice/recommended
2026-07-22 10:20:11 | INFO     | trace_id=ea8b7163-4246-4875-8029-8499b9f2e59f - Returned response: 200
2026-07-22 10:20:11 | INFO     | trace_id=95ea6285-600d-4b25-938a-0ff4453354ef - Returned response: 200
2026-07-22 10:20:11 | INFO     | trace_id=97689eb7-a950-4ff7-a28a-eed2587f46c7 - Received request: GET /api/v1/exam-papers
2026-07-22 10:20:11 | INFO     | trace_id=97689eb7-a950-4ff7-a28a-eed2587f46c7 - Returned response: 200
2026-07-22 10:20:12 | INFO     | trace_id=2b0ad7dc-4159-48eb-a692-e2b45af09989 - Received request: GET /api/v1/practice/recommended
2026-07-22 10:20:12 | INFO     | trace_id=2b0ad7dc-4159-48eb-a692-e2b45af09989 - Returned response: 200
2026-07-22 10:20:29 | INFO     | trace_id=6d9f6f11-518a-4fa4-8ac8-c6487d91ef3a - Received request: GET /api/v1/exam-papers
2026-07-22 10:20:29 | INFO     | trace_id=6d9f6f11-518a-4fa4-8ac8-c6487d91ef3a - Returned response: 200
2026-07-22 10:20:30 | INFO     | trace_id=282ab680-4545-4719-ad5a-240dad67351f - Received request: OPTIONS /api/v1/dynamic-exam/start
2026-07-22 10:20:30 | INFO     | trace_id=282ab680-4545-4719-ad5a-240dad67351f - Returned response: 200
2026-07-22 10:20:30 | INFO     | trace_id=d117a493-cc11-43ac-b92e-2e0c4d8d0f2e - Received request: POST /api/v1/dynamic-exam/start
2026-07-22 10:20:42 | INFO     | trace_id=d117a493-cc11-43ac-b92e-2e0c4d8d0f2e - Returned response: 200
2026-07-22 10:20:46 | INFO     | trace_id=ab9c0ab8-8e2a-45f1-9517-9e0dcc5e17ab - Received request: GET /
2026-07-22 10:20:46 | INFO     | trace_id=ab9c0ab8-8e2a-45f1-9517-9e0dcc5e17ab - Returned response: 404
2026-07-22 10:20:46 | INFO     | trace_id=a253133a-8330-49ce-be76-aa810c7e081c - Received request: GET /@vite/client
2026-07-22 10:20:46 | INFO     | trace_id=a253133a-8330-49ce-be76-aa810c7e081c - Returned response: 404
2026-07-22 10:21:11 | INFO     | trace_id=01f3456c-f7cd-47c9-9801-0f8ddb23b429 - Received request: GET /api/v1/feynman/progress
2026-07-22 10:21:11 | INFO     | trace_id=875bb9a3-7529-4290-a42f-41cc5b700060 - Received request: GET /api/v1/pomodoro/stats
2026-07-22 10:21:11 | INFO     | trace_id=01f3456c-f7cd-47c9-9801-0f8ddb23b429 - Returned response: 200
2026-07-22 10:21:11 | INFO     | trace_id=1f596402-1ca1-456b-b5a7-7f96daa98d58 - Received request: GET /api/v1/feynman/progress
2026-07-22 10:21:11 | INFO     | trace_id=1f596402-1ca1-456b-b5a7-7f96daa98d58 - Returned response: 200
2026-07-22 10:21:11 | INFO     | trace_id=875bb9a3-7529-4290-a42f-41cc5b700060 - Returned response: 200
2026-07-22 10:21:11 | INFO     | trace_id=4db36a5d-6d36-4031-ad2d-8f5a0088e697 - Received request: GET /api/v1/pomodoro/stats
2026-07-22 10:21:11 | INFO     | trace_id=4db36a5d-6d36-4031-ad2d-8f5a0088e697 - Returned response: 200
2026-07-22 10:21:22 | INFO     | trace_id=f2d330ea-d27a-4b9d-aca3-1ac63645cf81 - Received request: OPTIONS /api/v1/dynamic-exam/chat
2026-07-22 10:21:22 | INFO     | trace_id=f2d330ea-d27a-4b9d-aca3-1ac63645cf81 - Returned response: 200
2026-07-22 10:21:22 | INFO     | trace_id=021b9e20-ce2b-4598-9565-0bd5b3b06612 - Received request: POST /api/v1/dynamic-exam/chat
2026-07-22 10:21:27 | INFO     | trace_id=021b9e20-ce2b-4598-9565-0bd5b3b06612 - Returned response: 200
2026-07-22 10:21:49 | INFO     | trace_id=6e17e506-f246-4132-b961-cf33ab194d80 - Received request: POST /api/v1/dynamic-exam/chat
2026-07-22 10:22:28 | INFO     | trace_id=6e17e506-f246-4132-b961-cf33ab194d80 - Returned response: 200
2026-07-22 10:23:05 | INFO     | trace_id=7c91c503-b4a9-42aa-bccc-c349d439bc7a - Received request: POST /api/v1/dynamic-exam/chat
2026-07-22 10:23:11 | INFO     | trace_id=7c91c503-b4a9-42aa-bccc-c349d439bc7a - Returned response: 200
2026-07-22 10:23:16 | INFO     | trace_id=6955b301-f190-440f-8315-d4583f0d92ac - Received request: POST /api/v1/dynamic-exam/chat
2026-07-22 10:23:21 | INFO     | trace_id=6955b301-f190-440f-8315-d4583f0d92ac - Returned response: 200
2026-07-22 10:23:34 | INFO     | trace_id=0da1ecef-05a0-44ce-bc84-3dcb22719eb1 - Received request: POST /api/v1/dynamic-exam/chat
2026-07-22 10:23:44 | INFO     | trace_id=0da1ecef-05a0-44ce-bc84-3dcb22719eb1 - Returned response: 200
2026-07-22 10:23:56 | INFO     | trace_id=7fef485c-edd1-4e25-8ea4-446be84bc188 - Received request: POST /api/v1/dynamic-exam/chat
2026-07-22 10:24:00 | INFO     | trace_id=7fef485c-edd1-4e25-8ea4-446be84bc188 - Returned response: 200
2026-07-22 10:24:09 | INFO     | trace_id=afe425c1-84c5-4b3e-a0d6-0807fd4cec58 - Received request: POST /api/v1/dynamic-exam/chat
2026-07-22 10:24:14 | INFO     | trace_id=afe425c1-84c5-4b3e-a0d6-0807fd4cec58 - Returned response: 200
2026-07-22 10:24:47 | INFO     | trace_id=93af315f-e916-499c-9645-4d0d05bc8b2d - Received request: POST /api/v1/dynamic-exam/chat
2026-07-22 10:24:51 | INFO     | trace_id=93af315f-e916-499c-9645-4d0d05bc8b2d - Returned response: 200
2026-07-22 10:25:18 | INFO     | trace_id=acbab8d6-2495-4ac8-bbab-4e084e99bd00 - Received request: POST /api/v1/dynamic-exam/chat
2026-07-22 10:25:22 | INFO     | trace_id=acbab8d6-2495-4ac8-bbab-4e084e99bd00 - Returned response: 200
2026-07-22 10:25:42 | INFO     | trace_id=d42a55cb-2348-4639-909f-7c39ec0578e7 - Received request: POST /api/v1/dynamic-exam/chat
2026-07-22 10:25:47 | INFO     | trace_id=d42a55cb-2348-4639-909f-7c39ec0578e7 - Returned response: 200
2026-07-22 10:26:17 | INFO     | trace_id=51dd088a-1c7f-4888-bc97-df93556799e8 - Received request: POST /api/v1/dynamic-exam/chat
2026-07-22 10:26:22 | INFO     | trace_id=51dd088a-1c7f-4888-bc97-df93556799e8 - Returned response: 200
2026-07-22 10:26:53 | INFO     | trace_id=9b4ce240-8aa3-439a-b9a7-10a9d9f08d70 - Received request: POST /api/v1/dynamic-exam/chat
2026-07-22 10:27:03 | INFO     | trace_id=9b4ce240-8aa3-439a-b9a7-10a9d9f08d70 - Returned response: 200
2026-07-22 10:27:39 | INFO     | trace_id=c2d81a3d-29f2-497b-9100-043adf56b0a5 - Received request: POST /api/v1/dynamic-exam/chat
2026-07-22 10:27:44 | INFO     | trace_id=c2d81a3d-29f2-497b-9100-043adf56b0a5 - Returned response: 200
2026-07-22 10:28:08 | INFO     | trace_id=6511afa0-eaf4-4712-8c22-1d16e7df0423 - Received request: POST /api/v1/dynamic-exam/chat
2026-07-22 10:28:12 | INFO     | trace_id=6511afa0-eaf4-4712-8c22-1d16e7df0423 - Returned response: 200
2026-07-22 10:28:40 | INFO     | trace_id=7384c958-d255-4239-823e-8d2df31553c2 - Received request: POST /api/v1/dynamic-exam/chat
2026-07-22 10:28:45 | INFO     | trace_id=7384c958-d255-4239-823e-8d2df31553c2 - Returned response: 200
2026-07-22 10:29:10 | INFO     | trace_id=5a55ae07-8a61-47f0-a311-a1948c7761b6 - Received request: POST /api/v1/dynamic-exam/chat
2026-07-22 10:29:16 | INFO     | trace_id=5a55ae07-8a61-47f0-a311-a1948c7761b6 - Returned response: 200
2026-07-22 10:29:43 | INFO     | trace_id=257d2f86-9493-469a-b6b6-b92bcfe482ca - Received request: POST /api/v1/dynamic-exam/chat
2026-07-22 10:29:51 | INFO     | trace_id=257d2f86-9493-469a-b6b6-b92bcfe482ca - Returned response: 200
2026-07-22 10:30:18 | INFO     | trace_id=bbae66d4-da55-4da2-b4cc-760d3974def4 - Received request: POST /api/v1/dynamic-exam/chat
2026-07-22 10:30:23 | INFO     | trace_id=bbae66d4-da55-4da2-b4cc-760d3974def4 - Returned response: 200
2026-07-22 10:30:23 | INFO     | trace_id=b14292b3-117e-41ba-9805-581a20fe9f25 - Received request: OPTIONS /api/v1/dynamic-exam/end
2026-07-22 10:30:23 | INFO     | trace_id=b14292b3-117e-41ba-9805-581a20fe9f25 - Returned response: 200
2026-07-22 10:30:23 | INFO     | trace_id=ebf20dbf-7e55-481e-aafd-dab78a3caa2e - Received request: POST /api/v1/dynamic-exam/end
2026-07-22 10:30:23 | INFO     | trace_id=ebf20dbf-7e55-481e-aafd-dab78a3caa2e - Returned response: 200
2026-07-22 10:31:06 | INFO     | trace_id=8c0d9054-e66a-4e9d-b7c1-3948433d6f78 - Received request: GET /api/v1/dynamic-exam/history
2026-07-22 10:31:06 | INFO     | trace_id=8c0d9054-e66a-4e9d-b7c1-3948433d6f78 - Returned response: 200
2026-07-22 10:31:08 | INFO     | trace_id=89df7a8f-f1ea-4d65-a909-f7b81752a204 - Received request: GET /api/v1/dynamic-exam/952df6f2-000d-4146-bc90-6443eb6a9420/detail
2026-07-22 10:31:08 | INFO     | trace_id=89df7a8f-f1ea-4d65-a909-f7b81752a204 - Returned response: 200
2026-07-22 10:33:40 | INFO     | trace_id=ab6fa789-5813-4e8c-b60e-03baf4723c08 - Received request: GET /api/v1/admin/prewarm/status
2026-07-22 10:33:40 | INFO     | trace_id=a51c29d3-e94d-498e-9b36-c0e5cf00b139 - Received request: GET /api/v1/admin/personas
2026-07-22 10:33:40 | INFO     | trace_id=ab6fa789-5813-4e8c-b60e-03baf4723c08 - Returned response: 200
2026-07-22 10:33:40 | INFO     | trace_id=833b4120-bf3e-4d85-b05f-9de840746592 - Received request: GET /api/v1/admin/prewarm/status
2026-07-22 10:33:40 | INFO     | trace_id=833b4120-bf3e-4d85-b05f-9de840746592 - Returned response: 200
2026-07-22 10:33:40 | INFO     | trace_id=a51c29d3-e94d-498e-9b36-c0e5cf00b139 - Returned response: 200
2026-07-22 10:33:40 | INFO     | trace_id=737f3c0b-96f1-41a6-93d8-9f7b2fa84dfe - Received request: GET /api/v1/admin/personas
2026-07-22 10:33:40 | INFO     | trace_id=737f3c0b-96f1-41a6-93d8-9f7b2fa84dfe - Returned response: 200
2026-07-22 10:33:43 | INFO     | trace_id=7d622998-eaba-4fbb-abb3-2234035c5cc0 - Received request: GET /api/v1/admin/dashboard/stats
2026-07-22 10:33:43 | INFO     | trace_id=7b313c71-6d7e-4271-817c-22118a3b8a95 - Received request: GET /api/v1/admin/trainee-profiles
2026-07-22 10:33:43 | INFO     | trace_id=cdf0c989-7ba3-4549-af9f-47ab575b9dcb - Received request: GET /api/v1/admin/trainee-profiles/tags
2026-07-22 10:33:43 | INFO     | trace_id=cdf0c989-7ba3-4549-af9f-47ab575b9dcb - Returned response: 200
2026-07-22 10:33:43 | INFO     | trace_id=7b313c71-6d7e-4271-817c-22118a3b8a95 - Returned response: 200
2026-07-22 10:33:43 | INFO     | trace_id=7d622998-eaba-4fbb-abb3-2234035c5cc0 - Returned response: 200
2026-07-22 10:33:44 | INFO     | trace_id=62ae5baf-7dfa-456d-b2cc-a01179b0d0e1 - Received request: GET /api/v1/admin/kb-nodes
2026-07-22 10:33:44 | INFO     | trace_id=7ca65ae8-9d01-4393-b7ba-3114db8b4c04 - Received request: GET /api/v1/admin/knowledge-relations
2026-07-22 10:33:44 | INFO     | trace_id=62ae5baf-7dfa-456d-b2cc-a01179b0d0e1 - Returned response: 200
2026-07-22 10:33:44 | INFO     | trace_id=7ca65ae8-9d01-4393-b7ba-3114db8b4c04 - Returned response: 200
2026-07-22 10:33:46 | INFO     | trace_id=ad7e0fbd-11b8-4565-bbc6-6e09680f2db6 - Received request: GET /api/v1/admin/questions
2026-07-22 10:33:46 | INFO     | trace_id=ad7e0fbd-11b8-4565-bbc6-6e09680f2db6 - Returned response: 200
2026-07-22 10:33:50 | INFO     | trace_id=6d8ec13c-8fa7-4e52-9255-4e609cbdac58 - Received request: GET /api/v1/feynman/progress
2026-07-22 10:33:50 | INFO     | trace_id=cf8c3166-4cc6-49f5-b43c-580052cd52e9 - Received request: GET /api/v1/pomodoro/stats
2026-07-22 10:33:50 | INFO     | trace_id=6d8ec13c-8fa7-4e52-9255-4e609cbdac58 - Returned response: 200
2026-07-22 10:33:50 | INFO     | trace_id=4add4155-fad9-44ba-b325-a3b63972c94f - Received request: GET /api/v1/feynman/progress
2026-07-22 10:33:50 | INFO     | trace_id=4add4155-fad9-44ba-b325-a3b63972c94f - Returned response: 200
2026-07-22 10:33:50 | INFO     | trace_id=cf8c3166-4cc6-49f5-b43c-580052cd52e9 - Returned response: 200
2026-07-22 10:33:50 | INFO     | trace_id=8f1d43b6-e8f4-4072-939b-116085583485 - Received request: GET /api/v1/pomodoro/stats
2026-07-22 10:33:50 | INFO     | trace_id=8f1d43b6-e8f4-4072-939b-116085583485 - Returned response: 200
2026-07-22 10:33:52 | INFO     | trace_id=a5b7e8e1-9bee-4374-ade3-13e895da98ec - Received request: OPTIONS /api/v1/dynamic-exam/start
2026-07-22 10:33:52 | INFO     | trace_id=a5b7e8e1-9bee-4374-ade3-13e895da98ec - Returned response: 200
2026-07-22 10:33:52 | INFO     | trace_id=9338c261-be74-4c8f-8e81-7f4a7b93faf2 - Received request: POST /api/v1/dynamic-exam/start
2026-07-22 10:35:00 | INFO     | trace_id=9338c261-be74-4c8f-8e81-7f4a7b93faf2 - Returned response: 200
2026-07-22 10:35:05 | INFO     | trace_id=a8d06070-3cf2-4583-99dd-01d9a413a850 - Received request: POST /api/v1/dynamic-exam/end
2026-07-22 10:35:05 | INFO     | trace_id=a8d06070-3cf2-4583-99dd-01d9a413a850 - Returned response: 200
2026-07-22 10:35:09 | INFO     | trace_id=e8cad295-1630-48b5-8210-31aae57c5c2c - Received request: GET /api/v1/admin/prewarm/status
2026-07-22 10:35:09 | INFO     | trace_id=078d9db2-ada0-42eb-b8b0-cbb07f6a4def - Received request: GET /api/v1/admin/personas
2026-07-22 10:35:09 | INFO     | trace_id=e8cad295-1630-48b5-8210-31aae57c5c2c - Returned response: 200
2026-07-22 10:35:09 | INFO     | trace_id=51acaec4-7b1e-4bb4-846c-32109da6ebc0 - Received request: GET /api/v1/admin/prewarm/status
2026-07-22 10:35:09 | INFO     | trace_id=078d9db2-ada0-42eb-b8b0-cbb07f6a4def - Returned response: 200
2026-07-22 10:35:09 | INFO     | trace_id=51acaec4-7b1e-4bb4-846c-32109da6ebc0 - Returned response: 200
2026-07-22 10:35:09 | INFO     | trace_id=24417a6b-559f-4b78-a9ec-6523bf9e0264 - Received request: GET /api/v1/admin/personas
2026-07-22 10:35:09 | INFO     | trace_id=24417a6b-559f-4b78-a9ec-6523bf9e0264 - Returned response: 200
2026-07-22 10:37:32 | INFO     | trace_id=5dcf1de7-9f76-4fc3-b45e-0727e14f9122 - Received request: GET /api/v1/feynman/progress
2026-07-22 10:37:32 | INFO     | trace_id=5e8a351b-c580-4237-b2d8-2fb584b76cdf - Received request: GET /api/v1/pomodoro/stats
2026-07-22 10:37:32 | INFO     | trace_id=5dcf1de7-9f76-4fc3-b45e-0727e14f9122 - Returned response: 200
2026-07-22 10:37:32 | INFO     | trace_id=36e098d8-4677-42a3-927c-492e63e85913 - Received request: GET /api/v1/feynman/progress
2026-07-22 10:37:32 | INFO     | trace_id=36e098d8-4677-42a3-927c-492e63e85913 - Returned response: 200
2026-07-22 10:37:32 | INFO     | trace_id=5e8a351b-c580-4237-b2d8-2fb584b76cdf - Returned response: 200
2026-07-22 10:37:32 | INFO     | trace_id=e28dd1c3-9123-483e-968f-4be76ec62729 - Received request: GET /api/v1/pomodoro/stats
2026-07-22 10:37:32 | INFO     | trace_id=e28dd1c3-9123-483e-968f-4be76ec62729 - Returned response: 200
2026-07-22 10:37:33 | INFO     | trace_id=c18664d6-1264-4a20-b255-621999fc9ef7 - Received request: GET /api/v1/dynamic-exam/history
2026-07-22 10:37:33 | INFO     | trace_id=c18664d6-1264-4a20-b255-621999fc9ef7 - Returned response: 200
2026-07-22 10:37:40 | INFO     | trace_id=61c10682-5687-4de4-8ec9-e8542f8b62bc - Received request: GET /api/v1/dynamic-exam/952df6f2-000d-4146-bc90-6443eb6a9420/detail
2026-07-22 10:37:40 | INFO     | trace_id=61c10682-5687-4de4-8ec9-e8542f8b62bc - Returned response: 200
2026-07-22 10:52:39 | INFO     | trace_id=2d4ccee1-2bdf-4117-b580-454f5ad462c4 - Received request: GET /api/v1/feynman/progress
2026-07-22 10:52:39 | INFO     | trace_id=171a2ea2-288a-4698-8ed8-90e3ab3fb768 - Received request: GET /api/v1/pomodoro/stats
2026-07-22 10:52:39 | INFO     | trace_id=2d4ccee1-2bdf-4117-b580-454f5ad462c4 - Returned response: 200
2026-07-22 10:52:39 | INFO     | trace_id=98d1840d-461f-45a3-98ee-d5f1a751b278 - Received request: GET /api/v1/feynman/progress
2026-07-22 10:52:39 | INFO     | trace_id=98d1840d-461f-45a3-98ee-d5f1a751b278 - Returned response: 200
2026-07-22 10:52:39 | INFO     | trace_id=171a2ea2-288a-4698-8ed8-90e3ab3fb768 - Returned response: 200
2026-07-22 10:52:39 | INFO     | trace_id=e5022957-a05b-4cd7-8ded-d91bc05c40d0 - Received request: GET /api/v1/pomodoro/stats
2026-07-22 10:52:39 | INFO     | trace_id=e5022957-a05b-4cd7-8ded-d91bc05c40d0 - Returned response: 200
2026-07-22 10:53:22 | INFO     | trace_id=f101c128-25e1-444d-8635-dc7a091b7d1c - Received request: OPTIONS /api/v1/chat
2026-07-22 10:53:22 | INFO     | trace_id=f101c128-25e1-444d-8635-dc7a091b7d1c - Returned response: 200
2026-07-22 10:53:22 | INFO     | trace_id=68125afd-7bf8-41e1-9630-b223690092a3 - Received request: POST /api/v1/chat
2026-07-22 10:53:22 | INFO     | trace_id=68125afd-7bf8-41e1-9630-b223690092a3 - Returned response: 200
2026-07-22 10:53:36 | INFO     | trace_id=2adee00f-d315-4cb7-9e31-c8f1860b68d1 - Received request: GET /api/v1/practice/categories
2026-07-22 10:53:36 | INFO     | trace_id=d2d56967-130d-44aa-bc66-dc9246e2e808 - Received request: GET /api/v1/practice/recommended
2026-07-22 10:53:36 | INFO     | trace_id=2adee00f-d315-4cb7-9e31-c8f1860b68d1 - Returned response: 200
2026-07-22 10:53:36 | INFO     | trace_id=d2d56967-130d-44aa-bc66-dc9246e2e808 - Returned response: 200
2026-07-22 10:59:13 | INFO     | trace_id=2d58b776-687c-48d1-9811-dd129a65b756 - Received request: GET /api/business-config/status
2026-07-22 10:59:13 | INFO     | trace_id=2d58b776-687c-48d1-9811-dd129a65b756 - Returned response: 404
2026-07-22 11:00:13 | INFO     | trace_id=a92ac941-af54-4b9b-832c-356b2a64f4f2 - Received request: GET /docs
2026-07-22 11:00:13 | INFO     | trace_id=a92ac941-af54-4b9b-832c-356b2a64f4f2 - Returned response: 200
2026-07-22 11:01:20 | INFO     | trace_id=d107d0bd-95bb-4bd0-b6c3-93a5719b6070 - Received request: GET /api/dynamic-exam/health
2026-07-22 11:01:20 | INFO     | trace_id=d107d0bd-95bb-4bd0-b6c3-93a5719b6070 - Returned response: 404
2026-07-22 11:01:30 | INFO     | trace_id=af9ff0ca-f7c4-4872-b41d-624b0cd19117 - Received request: GET /docs
2026-07-22 11:01:30 | INFO     | trace_id=af9ff0ca-f7c4-4872-b41d-624b0cd19117 - Returned response: 200
2026-07-22 11:02:33 | INFO     | trace_id=d8d5fa92-02bb-4997-92ef-f491881166c8 - Received request: GET /api/v1/capability-portrait
2026-07-22 11:02:33 | INFO     | trace_id=d8d5fa92-02bb-4997-92ef-f491881166c8 - Returned response: 200
2026-07-22 11:02:38 | INFO     | trace_id=f621f952-776a-4cf6-82e2-7034dad6bafa - Received request: GET /api/v1/history
2026-07-22 11:02:38 | INFO     | trace_id=f621f952-776a-4cf6-82e2-7034dad6bafa - Returned response: 200
2026-07-22 11:02:38 | INFO     | trace_id=2077b33d-1b14-49ae-9b3f-aa14f52956ba - Received request: GET /api/v1/practice/history
2026-07-22 11:02:38 | INFO     | trace_id=2077b33d-1b14-49ae-9b3f-aa14f52956ba - Returned response: 200
2026-07-22 11:02:38 | INFO     | trace_id=98c0d981-20c2-4765-bca7-67a35dfc1abf - Received request: GET /api/v1/trend
2026-07-22 11:02:38 | INFO     | trace_id=98c0d981-20c2-4765-bca7-67a35dfc1abf - Returned response: 200
2026-07-22 11:02:52 | INFO     | trace_id=22877e30-3209-4d88-9d6b-822359ff74d3 - Received request: GET /api/v1/dynamic-exam/history
2026-07-22 11:02:52 | INFO     | trace_id=22877e30-3209-4d88-9d6b-822359ff74d3 - Returned response: 200
2026-07-22 11:02:59 | INFO     | trace_id=4d821df2-e630-4966-8229-48eb916496c9 - Received request: GET /api/v1/admin/prewarm/status
2026-07-22 11:02:59 | INFO     | trace_id=ba18cea4-cbe8-4ba7-a15d-14ae78efd161 - Received request: GET /api/v1/admin/personas
2026-07-22 11:02:59 | INFO     | trace_id=4d821df2-e630-4966-8229-48eb916496c9 - Returned response: 200
2026-07-22 11:02:59 | INFO     | trace_id=09be652f-7d90-4640-8505-031be667dcab - Received request: GET /api/v1/admin/prewarm/status
2026-07-22 11:02:59 | INFO     | trace_id=ba18cea4-cbe8-4ba7-a15d-14ae78efd161 - Returned response: 200
2026-07-22 11:02:59 | INFO     | trace_id=09be652f-7d90-4640-8505-031be667dcab - Returned response: 200
2026-07-22 11:02:59 | INFO     | trace_id=d8c4f0d1-9b80-40ef-8754-c1413f034b85 - Received request: GET /api/v1/admin/personas
2026-07-22 11:02:59 | INFO     | trace_id=d8c4f0d1-9b80-40ef-8754-c1413f034b85 - Returned response: 200
2026-07-22 11:03:03 | INFO     | trace_id=ef98e994-8d9c-43b0-9357-2c3e9203f368 - Received request: GET /api/v1/admin/questions
2026-07-22 11:03:03 | INFO     | trace_id=ef98e994-8d9c-43b0-9357-2c3e9203f368 - Returned response: 200
2026-07-22 11:03:04 | INFO     | trace_id=3e700e36-9d13-4b7c-9eb1-76f65226b6e0 - Received request: GET /api/v1/admin/kb-nodes
2026-07-22 11:03:04 | INFO     | trace_id=989443c2-d635-4974-80d2-b99836ca48d8 - Received request: GET /api/v1/admin/knowledge-relations
2026-07-22 11:03:04 | INFO     | trace_id=3e700e36-9d13-4b7c-9eb1-76f65226b6e0 - Returned response: 200
2026-07-22 11:03:04 | INFO     | trace_id=989443c2-d635-4974-80d2-b99836ca48d8 - Returned response: 200
2026-07-22 11:03:10 | INFO     | trace_id=10871035-7f66-4da5-bb2f-d9870c001abc - Received request: OPTIONS /api/v1/admin/knowledge-graph/auto-build
2026-07-22 11:03:10 | INFO     | trace_id=10871035-7f66-4da5-bb2f-d9870c001abc - Returned response: 200
2026-07-22 11:03:10 | INFO     | trace_id=4ef3a39e-1640-400f-a24c-861851b294c2 - Received request: POST /api/v1/admin/knowledge-graph/auto-build
2026-07-22 11:03:12 | INFO     | trace_id=11d97319-2d30-4635-ae86-918fa079a3ae - Received request: GET /api/v1/admin/knowledge-graph
2026-07-22 11:03:12 | INFO     | trace_id=11d97319-2d30-4635-ae86-918fa079a3ae - Returned response: 200
2026-07-22 11:03:38 | INFO     | trace_id=4ef3a39e-1640-400f-a24c-861851b294c2 - Returned response: 200
2026-07-22 11:03:38 | INFO     | trace_id=150d9267-5187-4644-b629-5a5c4370f8f2 - Received request: GET /api/v1/admin/knowledge-relations
2026-07-22 11:03:38 | INFO     | trace_id=150d9267-5187-4644-b629-5a5c4370f8f2 - Returned response: 200
2026-07-22 11:11:51 | INFO     | trace_id=dc20b5ea-b43c-4ee7-9b33-25985717ac9c - Received request: GET /api/v1/feynman/progress
2026-07-22 11:11:51 | INFO     | trace_id=ea6d79b7-4c94-4379-bb04-0646662a5d47 - Received request: GET /api/v1/pomodoro/stats
2026-07-22 11:11:51 | INFO     | trace_id=dc20b5ea-b43c-4ee7-9b33-25985717ac9c - Returned response: 200
2026-07-22 11:11:51 | INFO     | trace_id=e29da049-52ae-4886-9422-6bb4b910b6ae - Received request: GET /api/v1/feynman/progress
2026-07-22 11:11:51 | INFO     | trace_id=ea6d79b7-4c94-4379-bb04-0646662a5d47 - Returned response: 200
2026-07-22 11:11:51 | INFO     | trace_id=0d7e12dc-c5cf-4c92-8a87-8748cbcccd25 - Received request: GET /api/v1/pomodoro/stats
2026-07-22 11:11:51 | INFO     | trace_id=0d7e12dc-c5cf-4c92-8a87-8748cbcccd25 - Returned response: 200
2026-07-22 11:11:51 | INFO     | trace_id=e29da049-52ae-4886-9422-6bb4b910b6ae - Returned response: 200
2026-07-22 11:11:52 | INFO     | trace_id=2435785d-54bd-45da-9818-4a376460e39a - Received request: GET /api/v1/admin/prewarm/status
2026-07-22 11:11:52 | INFO     | trace_id=d98b1ed9-a40c-4ff5-8dbc-2d0cdab582f3 - Received request: GET /api/v1/admin/personas
2026-07-22 11:11:52 | INFO     | trace_id=2435785d-54bd-45da-9818-4a376460e39a - Returned response: 200
2026-07-22 11:11:52 | INFO     | trace_id=150774b8-26fd-4516-964d-8ce01649b0dc - Received request: GET /api/v1/admin/prewarm/status
2026-07-22 11:11:52 | INFO     | trace_id=150774b8-26fd-4516-964d-8ce01649b0dc - Returned response: 200
2026-07-22 11:11:52 | INFO     | trace_id=d98b1ed9-a40c-4ff5-8dbc-2d0cdab582f3 - Returned response: 200
2026-07-22 11:11:52 | INFO     | trace_id=2f29453e-309d-40a3-9f06-ae40fb7d248c - Received request: GET /api/v1/admin/personas
2026-07-22 11:11:52 | INFO     | trace_id=2f29453e-309d-40a3-9f06-ae40fb7d248c - Returned response: 200
2026-07-22 11:11:53 | INFO     | trace_id=e4243b03-74e6-4381-bd79-4e61ad056e72 - Received request: GET /api/v1/admin/questions
2026-07-22 11:11:53 | INFO     | trace_id=e4243b03-74e6-4381-bd79-4e61ad056e72 - Returned response: 200
2026-07-22 11:11:54 | INFO     | trace_id=ded02982-0d06-48d7-afc6-bf8c48a3d284 - Received request: GET /api/v1/admin/kb-nodes
2026-07-22 11:11:54 | INFO     | trace_id=205b7e57-fc5d-4abf-bfdc-c942d2b2aa1c - Received request: GET /api/v1/admin/knowledge-relations
2026-07-22 11:11:54 | INFO     | trace_id=ded02982-0d06-48d7-afc6-bf8c48a3d284 - Returned response: 200
2026-07-22 11:11:54 | INFO     | trace_id=205b7e57-fc5d-4abf-bfdc-c942d2b2aa1c - Returned response: 200
2026-07-22 11:11:56 | INFO     | trace_id=809955b6-39ef-4997-913b-38a7ea21c78c - Received request: GET /api/v1/admin/knowledge-graph
2026-07-22 11:11:56 | INFO     | trace_id=809955b6-39ef-4997-913b-38a7ea21c78c - Returned response: 200
2026-07-22 11:13:18 | INFO     | trace_id=f78ffd12-d74b-4865-9910-e3591a66140c - Received request: GET /api/v1/admin/dashboard/stats
2026-07-22 11:13:18 | INFO     | trace_id=cb76c031-9042-44c7-aa88-1f623e987d1f - Received request: GET /api/v1/admin/trainee-profiles/tags
2026-07-22 11:13:18 | INFO     | trace_id=3733c205-0ce1-48b5-b13c-bc36ad98625c - Received request: GET /api/v1/admin/trainee-profiles
2026-07-22 11:13:18 | INFO     | trace_id=cb76c031-9042-44c7-aa88-1f623e987d1f - Returned response: 200
2026-07-22 11:13:18 | INFO     | trace_id=3733c205-0ce1-48b5-b13c-bc36ad98625c - Returned response: 200
2026-07-22 11:13:18 | INFO     | trace_id=f78ffd12-d74b-4865-9910-e3591a66140c - Returned response: 200
2026-07-22 11:13:20 | INFO     | trace_id=ba19366c-a5f9-420f-a83b-8b51b1342bce - Received request: GET /api/v1/admin/exam-papers
2026-07-22 11:13:20 | INFO     | trace_id=ba19366c-a5f9-420f-a83b-8b51b1342bce - Returned response: 200
2026-07-22 11:13:20 | INFO     | trace_id=99a6cf57-5cdf-4736-a08a-665366fc3941 - Received request: GET /api/v1/admin/personas
2026-07-22 11:13:20 | INFO     | trace_id=99a6cf57-5cdf-4736-a08a-665366fc3941 - Returned response: 200
2026-07-22 11:13:22 | INFO     | trace_id=9efb1f13-3c9d-4342-a4a9-e83be591b10b - Received request: GET /api/v1/admin/dashboard/stats
2026-07-22 11:13:22 | INFO     | trace_id=d34af116-9184-4958-a483-2ee942536739 - Received request: GET /api/v1/admin/trainee-profiles/tags
2026-07-22 11:13:22 | INFO     | trace_id=45ae5fea-78b7-47b6-ada3-2ec0c7d61507 - Received request: GET /api/v1/admin/trainee-profiles
2026-07-22 11:13:22 | INFO     | trace_id=d34af116-9184-4958-a483-2ee942536739 - Returned response: 200
2026-07-22 11:13:22 | INFO     | trace_id=9efb1f13-3c9d-4342-a4a9-e83be591b10b - Returned response: 200
2026-07-22 11:13:22 | INFO     | trace_id=45ae5fea-78b7-47b6-ada3-2ec0c7d61507 - Returned response: 200
2026-07-22 11:13:25 | INFO     | trace_id=1fd34fc5-b969-4b72-a950-a28a64c1772f - Received request: GET /api/v1/admin/personas
2026-07-22 11:13:25 | INFO     | trace_id=1fd34fc5-b969-4b72-a950-a28a64c1772f - Returned response: 200
2026-07-22 11:13:30 | INFO     | trace_id=2189d4b7-e059-4665-8f2a-7c6b46ecc981 - Received request: OPTIONS /api/v1/admin/personas/19da170d-cdab-47d9-9d4a-d7190e89ced0
2026-07-22 11:13:30 | INFO     | trace_id=2189d4b7-e059-4665-8f2a-7c6b46ecc981 - Returned response: 200
2026-07-22 11:13:30 | INFO     | trace_id=5a56ef1c-d277-4ac2-aff7-6952d8c7a33d - Received request: DELETE /api/v1/admin/personas/19da170d-cdab-47d9-9d4a-d7190e89ced0
2026-07-22 11:13:30 | INFO     | trace_id=5a56ef1c-d277-4ac2-aff7-6952d8c7a33d - Returned response: 200
2026-07-22 11:13:30 | INFO     | trace_id=3d1f6da4-d98d-41bf-a829-5644eed05f92 - Received request: GET /api/v1/admin/personas
2026-07-22 11:13:30 | INFO     | trace_id=3d1f6da4-d98d-41bf-a829-5644eed05f92 - Returned response: 200
2026-07-22 11:13:34 | INFO     | trace_id=57526c12-a52c-4d55-91c1-0c8a7a015f7c - Received request: OPTIONS /api/v1/admin/personas/default_persona
2026-07-22 11:13:34 | INFO     | trace_id=57526c12-a52c-4d55-91c1-0c8a7a015f7c - Returned response: 200
2026-07-22 11:13:34 | INFO     | trace_id=cf9bc212-c472-4733-b7fa-5b99fdc250f5 - Received request: DELETE /api/v1/admin/personas/default_persona
2026-07-22 11:13:34 | ERROR    | trace_id=cf9bc212-c472-4733-b7fa-5b99fdc250f5 - Request failed: DELETE /api/v1/admin/personas/default_persona - (pymysql.err.IntegrityError) (1451, 'Cannot delete or update a parent row: a foreign key constraint fails (`customer_service`.`exam_records`, CONSTRAINT `exam_records_ibfk_2` FOREIGN KEY (`persona_id`) REFERENCES `personas` (`id`))')
[SQL: DELETE FROM personas WHERE personas.id = %s]
[parameters: ('default_persona',)]
(Background on this error at: https://sqlalche.me/e/20/gkpj)
2026-07-22 11:13:36 | INFO     | trace_id=77a5f83a-36bd-475e-926a-ce8565d1c960 - Received request: DELETE /api/v1/admin/personas/default_persona
2026-07-22 11:13:36 | ERROR    | trace_id=77a5f83a-36bd-475e-926a-ce8565d1c960 - Request failed: DELETE /api/v1/admin/personas/default_persona - (pymysql.err.IntegrityError) (1451, 'Cannot delete or update a parent row: a foreign key constraint fails (`customer_service`.`exam_records`, CONSTRAINT `exam_records_ibfk_2` FOREIGN KEY (`persona_id`) REFERENCES `personas` (`id`))')
[SQL: DELETE FROM personas WHERE personas.id = %s]
[parameters: ('default_persona',)]
(Background on this error at: https://sqlalche.me/e/20/gkpj)
2026-07-22 11:13:41 | INFO     | trace_id=47a676c0-abb5-4e95-b78f-64dbae97ec32 - Received request: GET /api/v1/admin/project-scenarios
2026-07-22 11:13:41 | INFO     | trace_id=47a676c0-abb5-4e95-b78f-64dbae97ec32 - Returned response: 200
2026-07-22 11:13:41 | INFO     | trace_id=bce05607-cb78-4ae5-a3cb-0ee305f2666e - Received request: GET /api/v1/admin/project-scenarios
2026-07-22 11:13:41 | INFO     | trace_id=bce05607-cb78-4ae5-a3cb-0ee305f2666e - Returned response: 200
2026-07-22 11:13:51 | INFO     | trace_id=3e99d7a3-f782-496c-8409-4c9843c375ab - Received request: GET /api/v1/admin/weaknesses/overview
2026-07-22 11:13:51 | INFO     | trace_id=3e99d7a3-f782-496c-8409-4c9843c375ab - Returned response: 200
2026-07-22 11:13:51 | INFO     | trace_id=9b9a77cc-603e-4652-ba17-7281626e9eea - Received request: GET /api/v1/admin/exam-papers
2026-07-22 11:13:51 | INFO     | trace_id=9b9a77cc-603e-4652-ba17-7281626e9eea - Returned response: 200
2026-07-22 11:13:52 | INFO     | trace_id=4f67f653-6db1-43c1-9815-24a49f9deb77 - Received request: GET /api/v1/admin/personas
2026-07-22 11:13:52 | INFO     | trace_id=4f67f653-6db1-43c1-9815-24a49f9deb77 - Returned response: 200
2026-07-22 11:13:52 | INFO     | trace_id=aae464b1-bdbe-4949-aa55-1dacab40bd0e - Received request: GET /api/v1/admin/weaknesses/overview
2026-07-22 11:13:52 | INFO     | trace_id=aae464b1-bdbe-4949-aa55-1dacab40bd0e - Returned response: 200
2026-07-22 11:13:56 | INFO     | trace_id=d57118fd-a439-4c6d-8534-4f075c6880cb - Received request: GET /api/v1/feynman/progress
2026-07-22 11:13:56 | INFO     | trace_id=8e5800a3-6118-4529-aa1a-d1bf6ed9fbdd - Received request: GET /api/v1/pomodoro/stats
2026-07-22 11:13:56 | INFO     | trace_id=d57118fd-a439-4c6d-8534-4f075c6880cb - Returned response: 200
2026-07-22 11:13:56 | INFO     | trace_id=c8b6ede3-6670-4c9f-85d0-5e9bb2f61ba6 - Received request: GET /api/v1/feynman/progress
2026-07-22 11:13:56 | INFO     | trace_id=c8b6ede3-6670-4c9f-85d0-5e9bb2f61ba6 - Returned response: 200
2026-07-22 11:13:56 | INFO     | trace_id=8e5800a3-6118-4529-aa1a-d1bf6ed9fbdd - Returned response: 200
2026-07-22 11:13:56 | INFO     | trace_id=1de7c70d-f629-446f-9aac-8092a7679668 - Received request: GET /api/v1/pomodoro/stats
2026-07-22 11:13:56 | INFO     | trace_id=1de7c70d-f629-446f-9aac-8092a7679668 - Returned response: 200
2026-07-22 11:13:57 | INFO     | trace_id=6f1ebaed-2206-472d-ad10-245c3c647ac1 - Received request: GET /api/v1/feynman/progress
2026-07-22 11:13:57 | INFO     | trace_id=7c24c844-9981-42a5-8aa9-982eed2ccc88 - Received request: GET /api/v1/pomodoro/stats
2026-07-22 11:13:57 | INFO     | trace_id=6f1ebaed-2206-472d-ad10-245c3c647ac1 - Returned response: 200
2026-07-22 11:13:57 | INFO     | trace_id=d85ec032-f0c6-46b2-bde6-83f076957665 - Received request: GET /api/v1/feynman/progress
2026-07-22 11:13:57 | INFO     | trace_id=d85ec032-f0c6-46b2-bde6-83f076957665 - Returned response: 200
2026-07-22 11:13:57 | INFO     | trace_id=7c24c844-9981-42a5-8aa9-982eed2ccc88 - Returned response: 200
2026-07-22 11:13:57 | INFO     | trace_id=a16e480f-18ba-4ccc-8d3b-fe56bca2303a - Received request: GET /api/v1/pomodoro/stats
2026-07-22 11:13:57 | INFO     | trace_id=a16e480f-18ba-4ccc-8d3b-fe56bca2303a - Returned response: 200
2026-07-22 11:13:58 | INFO     | trace_id=56ada94c-882f-4943-a854-39afbdb3cebc - Received request: GET /api/v1/feynman/progress
2026-07-22 11:13:58 | INFO     | trace_id=d4a0596a-4a0d-42f6-b957-98c36b8ddf30 - Received request: GET /api/v1/pomodoro/stats
2026-07-22 11:13:58 | INFO     | trace_id=56ada94c-882f-4943-a854-39afbdb3cebc - Returned response: 200
2026-07-22 11:13:58 | INFO     | trace_id=29d6b952-8a68-439b-b611-9f0c6bbfd948 - Received request: GET /api/v1/feynman/progress
2026-07-22 11:13:58 | INFO     | trace_id=29d6b952-8a68-439b-b611-9f0c6bbfd948 - Returned response: 200
2026-07-22 11:13:58 | INFO     | trace_id=d4a0596a-4a0d-42f6-b957-98c36b8ddf30 - Returned response: 200
2026-07-22 11:13:58 | INFO     | trace_id=b3e4df96-3ee9-4dee-ac34-663f0088f3fc - Received request: GET /api/v1/pomodoro/stats
2026-07-22 11:13:58 | INFO     | trace_id=b3e4df96-3ee9-4dee-ac34-663f0088f3fc - Returned response: 200
2026-07-22 11:18:40 | INFO     | trace_id=82f03544-5a40-436e-9818-3a51c524cc6b - Received request: GET /api/v1/admin/prewarm/status
2026-07-22 11:18:40 | INFO     | trace_id=4be6f4b8-89d0-491a-85ff-43d1f603ab09 - Received request: GET /api/v1/admin/personas
2026-07-22 11:18:40 | INFO     | trace_id=82f03544-5a40-436e-9818-3a51c524cc6b - Returned response: 200
2026-07-22 11:18:40 | INFO     | trace_id=5a6bc3e5-470d-4d5a-92b3-4c03dc18bfb0 - Received request: GET /api/v1/admin/prewarm/status
2026-07-22 11:18:40 | INFO     | trace_id=5a6bc3e5-470d-4d5a-92b3-4c03dc18bfb0 - Returned response: 200
2026-07-22 11:18:40 | INFO     | trace_id=4be6f4b8-89d0-491a-85ff-43d1f603ab09 - Returned response: 200
2026-07-22 11:18:40 | INFO     | trace_id=39f55130-f333-4a0c-b135-f13be96e5278 - Received request: GET /api/v1/admin/personas
2026-07-22 11:18:40 | INFO     | trace_id=39f55130-f333-4a0c-b135-f13be96e5278 - Returned response: 200
2026-07-22 11:18:41 | INFO     | trace_id=71c2db13-7d64-4423-8ec3-776ec24791db - Received request: GET /api/v1/admin/kb-nodes
2026-07-22 11:18:41 | INFO     | trace_id=3389b0e0-2f8f-4cef-9eac-728e03647333 - Received request: GET /api/v1/admin/knowledge-relations
2026-07-22 11:18:41 | INFO     | trace_id=71c2db13-7d64-4423-8ec3-776ec24791db - Returned response: 200
2026-07-22 11:18:41 | INFO     | trace_id=3389b0e0-2f8f-4cef-9eac-728e03647333 - Returned response: 200
2026-07-22 11:18:44 | INFO     | trace_id=4b0cd613-7e4f-4c85-9c60-92770254b0a5 - Received request: GET /api/v1/admin/knowledge-graph
2026-07-22 11:18:44 | INFO     | trace_id=4b0cd613-7e4f-4c85-9c60-92770254b0a5 - Returned response: 200
2026-07-22 11:37:10 | INFO     | trace_id=c88ed2e7-62a3-443a-a036-d865260a99fd - Received request: GET /api/v1/feynman/progress
2026-07-22 11:37:10 | INFO     | trace_id=3d756b7a-564b-4780-a78c-aabde0cff80b - Received request: GET /api/v1/pomodoro/stats
2026-07-22 11:37:10 | INFO     | trace_id=c88ed2e7-62a3-443a-a036-d865260a99fd - Returned response: 200
2026-07-22 11:37:10 | INFO     | trace_id=268ed05e-4c3c-48e9-8302-2acdc05e6deb - Received request: GET /api/v1/feynman/progress
2026-07-22 11:37:10 | INFO     | trace_id=268ed05e-4c3c-48e9-8302-2acdc05e6deb - Returned response: 200
2026-07-22 11:37:10 | INFO     | trace_id=3d756b7a-564b-4780-a78c-aabde0cff80b - Returned response: 200
2026-07-22 11:37:10 | INFO     | trace_id=17300076-b3d8-4da2-892d-d30fff38c0cc - Received request: GET /api/v1/pomodoro/stats
2026-07-22 11:37:10 | INFO     | trace_id=17300076-b3d8-4da2-892d-d30fff38c0cc - Returned response: 200
2026-07-22 12:20:35 | INFO     | trace_id=a0c68b68-a42e-48c8-bbd2-98e8562100c7 - Received request: GET /api/v1/feynman/progress
2026-07-22 12:20:35 | INFO     | trace_id=a1a81268-62ed-4ef0-8c4d-9039492abca0 - Received request: GET /api/v1/pomodoro/stats
2026-07-22 12:20:35 | INFO     | trace_id=a0c68b68-a42e-48c8-bbd2-98e8562100c7 - Returned response: 200
2026-07-22 12:20:35 | INFO     | trace_id=7915cf3c-acc4-4499-8d95-e5c7e677ffa8 - Received request: GET /api/v1/feynman/progress
2026-07-22 12:20:35 | INFO     | trace_id=7915cf3c-acc4-4499-8d95-e5c7e677ffa8 - Returned response: 200
2026-07-22 12:20:35 | INFO     | trace_id=a1a81268-62ed-4ef0-8c4d-9039492abca0 - Returned response: 200
2026-07-22 12:20:35 | INFO     | trace_id=48457600-e293-4b33-9282-7375bdb66001 - Received request: GET /api/v1/pomodoro/stats
2026-07-22 12:20:35 | INFO     | trace_id=48457600-e293-4b33-9282-7375bdb66001 - Returned response: 200
2026-07-22 13:00:35 | INFO     | trace_id=0a8a40e8-e160-44b9-aa51-5960f612b60e - Received request: GET /api/v1/feynman/progress
2026-07-22 13:00:35 | INFO     | trace_id=ee80bbd8-60c9-4a0a-a9f7-044ba18930a9 - Received request: GET /api/v1/pomodoro/stats
2026-07-22 13:00:35 | INFO     | trace_id=0a8a40e8-e160-44b9-aa51-5960f612b60e - Returned response: 200
2026-07-22 13:00:35 | INFO     | trace_id=6a0dccdc-fc43-4d68-acb6-bd1a794322b5 - Received request: GET /api/v1/feynman/progress
2026-07-22 13:00:35 | INFO     | trace_id=6a0dccdc-fc43-4d68-acb6-bd1a794322b5 - Returned response: 200
2026-07-22 13:00:35 | INFO     | trace_id=ee80bbd8-60c9-4a0a-a9f7-044ba18930a9 - Returned response: 200
2026-07-22 13:00:35 | INFO     | trace_id=c94e967a-0120-4262-b979-31e9bff5ee1a - Received request: GET /api/v1/pomodoro/stats
2026-07-22 13:00:35 | INFO     | trace_id=c94e967a-0120-4262-b979-31e9bff5ee1a - Returned response: 200
2026-07-22 13:32:32 | INFO     | trace_id=edf14212-6fa4-410c-8377-07a3b9dd3a2f - Received request: GET /api/v1/feynman/progress
2026-07-22 13:32:32 | INFO     | trace_id=0d6dd731-97ae-45b5-b08f-a82de2015ff1 - Received request: GET /api/v1/pomodoro/stats
2026-07-22 13:32:32 | INFO     | trace_id=edf14212-6fa4-410c-8377-07a3b9dd3a2f - Returned response: 200
2026-07-22 13:32:32 | INFO     | trace_id=b72fefd7-ecf1-4a58-83fa-31651d55b097 - Received request: GET /api/v1/feynman/progress
2026-07-22 13:32:32 | INFO     | trace_id=b72fefd7-ecf1-4a58-83fa-31651d55b097 - Returned response: 200
2026-07-22 13:32:32 | INFO     | trace_id=0d6dd731-97ae-45b5-b08f-a82de2015ff1 - Returned response: 200
2026-07-22 13:32:32 | INFO     | trace_id=2b5e5878-a6f4-4f26-a51d-2b85f806d4c9 - Received request: GET /api/v1/pomodoro/stats
2026-07-22 13:32:32 | INFO     | trace_id=2b5e5878-a6f4-4f26-a51d-2b85f806d4c9 - Returned response: 200
2026-07-30 15:06:57 | INFO     | trace_id=97d5837d-9638-4ce0-8a9e-2f13e68bc787 - Received request: GET /api/v1/feynman/progress
2026-07-30 15:06:57 | INFO     | trace_id=8915216c-beda-4260-afa1-47f327004f17 - Received request: GET /api/v1/pomodoro/stats
2026-07-30 15:06:58 | INFO     | trace_id=97d5837d-9638-4ce0-8a9e-2f13e68bc787 - Returned response: 200
2026-07-30 15:06:58 | INFO     | trace_id=dd6f6878-12fb-4568-9f76-b4bc6d321475 - Received request: GET /api/v1/feynman/progress
2026-07-30 15:06:58 | INFO     | trace_id=dd6f6878-12fb-4568-9f76-b4bc6d321475 - Returned response: 200
2026-07-30 15:06:58 | INFO     | trace_id=8915216c-beda-4260-afa1-47f327004f17 - Returned response: 200
2026-07-30 15:06:58 | INFO     | trace_id=1fdf2a1f-cc3a-4712-95bf-93edbf93a363 - Received request: GET /api/v1/pomodoro/stats
2026-07-30 15:06:58 | INFO     | trace_id=1fdf2a1f-cc3a-4712-95bf-93edbf93a363 - Returned response: 200
2026-07-30 15:17:10 | INFO     | trace_id=b2cc183e-8131-4750-8dc2-4725e0fbe306 - Received request: GET /api/v1/feynman/progress
2026-07-30 15:17:10 | INFO     | trace_id=41ccec7d-1f1d-4845-8b6c-c4de0e31f517 - Received request: GET /api/v1/pomodoro/stats
2026-07-30 15:17:10 | INFO     | trace_id=b2cc183e-8131-4750-8dc2-4725e0fbe306 - Returned response: 200
2026-07-30 15:17:10 | INFO     | trace_id=c7462759-1dbd-44a4-b61f-b3d4f2baed96 - Received request: GET /api/v1/feynman/progress
2026-07-30 15:17:10 | INFO     | trace_id=41ccec7d-1f1d-4845-8b6c-c4de0e31f517 - Returned response: 200
2026-07-30 15:17:10 | INFO     | trace_id=74932b13-743f-487d-9a5f-eac9daa408e0 - Received request: GET /api/v1/pomodoro/stats
2026-07-30 15:17:10 | INFO     | trace_id=74932b13-743f-487d-9a5f-eac9daa408e0 - Returned response: 200
2026-07-30 15:17:10 | INFO     | trace_id=c7462759-1dbd-44a4-b61f-b3d4f2baed96 - Returned response: 200
2026-07-30 15:52:53 | INFO     | trace_id=c76e97ce-afc5-4c2c-88dd-815138b1959e - Received request: GET /api/v1/feynman/progress
2026-07-30 15:52:53 | INFO     | trace_id=bfa936ba-a93f-4f8e-893c-26da78381efc - Received request: GET /api/v1/pomodoro/stats
2026-07-30 15:52:53 | INFO     | trace_id=c76e97ce-afc5-4c2c-88dd-815138b1959e - Returned response: 200
2026-07-30 15:52:53 | INFO     | trace_id=04b54695-8272-4446-895f-2f3461ef552e - Received request: GET /api/v1/feynman/progress
2026-07-30 15:52:53 | INFO     | trace_id=bfa936ba-a93f-4f8e-893c-26da78381efc - Returned response: 200
2026-07-30 15:52:53 | INFO     | trace_id=04b54695-8272-4446-895f-2f3461ef552e - Returned response: 200
2026-07-30 15:52:53 | INFO     | trace_id=1915e25e-012f-4168-9cec-3352f76c091c - Received request: GET /api/v1/pomodoro/stats
2026-07-30 15:52:53 | INFO     | trace_id=1915e25e-012f-4168-9cec-3352f76c091c - Returned response: 200
2026-07-30 15:52:56 | INFO     | trace_id=ff7a76cc-4527-45ca-b049-eae19b4e46a5 - Received request: GET /api/v1/practice/categories
2026-07-30 15:52:56 | INFO     | trace_id=e2c0a88c-3586-4c8f-966d-12f9e682999d - Received request: GET /api/v1/practice/recommended
2026-07-30 15:52:56 | INFO     | trace_id=e2c0a88c-3586-4c8f-966d-12f9e682999d - Returned response: 200
2026-07-30 15:52:56 | INFO     | trace_id=ff7a76cc-4527-45ca-b049-eae19b4e46a5 - Returned response: 200
2026-07-30 15:52:57 | INFO     | trace_id=a651a2e0-3cea-4d69-82b6-827f9e514523 - Received request: GET /api/v1/exam-papers
2026-07-30 15:52:57 | INFO     | trace_id=a651a2e0-3cea-4d69-82b6-827f9e514523 - Returned response: 200
2026-07-30 15:53:01 | INFO     | trace_id=60ed20cd-d293-46c6-95db-be9ed104247b - Received request: GET /api/v1/admin/personas
2026-07-30 15:53:01 | INFO     | trace_id=49ec4ec1-07c3-4257-b239-cc6788690b14 - Received request: GET /api/v1/admin/prewarm/status
2026-07-30 15:53:01 | INFO     | trace_id=49ec4ec1-07c3-4257-b239-cc6788690b14 - Returned response: 200
2026-07-30 15:53:01 | INFO     | trace_id=aac7e7ad-6790-4c0a-8381-e34bdfb9821c - Received request: GET /api/v1/admin/prewarm/status
2026-07-30 15:53:01 | INFO     | trace_id=aac7e7ad-6790-4c0a-8381-e34bdfb9821c - Returned response: 200
2026-07-30 15:53:01 | INFO     | trace_id=60ed20cd-d293-46c6-95db-be9ed104247b - Returned response: 200
2026-07-30 15:53:01 | INFO     | trace_id=8620f65b-2251-433a-904d-023352bd1d09 - Received request: GET /api/v1/admin/personas
2026-07-30 15:53:01 | INFO     | trace_id=8620f65b-2251-433a-904d-023352bd1d09 - Returned response: 200
2026-07-30 15:53:05 | INFO     | trace_id=d4f4b435-de90-4674-ae6a-8958902315c3 - Received request: GET /api/v1/feynman/progress
2026-07-30 15:53:05 | INFO     | trace_id=60ee27e6-3fcb-4ee8-838c-9a7b9216a636 - Received request: GET /api/v1/pomodoro/stats
2026-07-30 15:53:05 | INFO     | trace_id=d4f4b435-de90-4674-ae6a-8958902315c3 - Returned response: 200
2026-07-30 15:53:05 | INFO     | trace_id=8b0ab1dd-ce36-4b3b-862f-011a30b8411f - Received request: GET /api/v1/feynman/progress
2026-07-30 15:53:05 | INFO     | trace_id=8b0ab1dd-ce36-4b3b-862f-011a30b8411f - Returned response: 200
2026-07-30 15:53:05 | INFO     | trace_id=60ee27e6-3fcb-4ee8-838c-9a7b9216a636 - Returned response: 200
2026-07-30 15:53:05 | INFO     | trace_id=3e95f954-4068-4853-9414-0f592cc1286f - Received request: GET /api/v1/pomodoro/stats
2026-07-30 15:53:05 | INFO     | trace_id=3e95f954-4068-4853-9414-0f592cc1286f - Returned response: 200
2026-07-30 15:58:34 | INFO     | trace_id=8aba96d7-b8d1-41dc-85cc-6389bef1b719 - Received request: GET /api/v1/feynman/progress
2026-07-30 15:58:34 | INFO     | trace_id=0c9be10f-f8ff-4573-9654-c058946f3487 - Received request: GET /api/v1/pomodoro/stats
2026-07-30 15:58:34 | INFO     | trace_id=8aba96d7-b8d1-41dc-85cc-6389bef1b719 - Returned response: 200
2026-07-30 15:58:34 | INFO     | trace_id=7d1da2cc-38e7-4f94-9d54-0f274f698d84 - Received request: GET /api/v1/feynman/progress
2026-07-30 15:58:35 | INFO     | trace_id=7d1da2cc-38e7-4f94-9d54-0f274f698d84 - Returned response: 200
2026-07-30 15:58:35 | INFO     | trace_id=0c9be10f-f8ff-4573-9654-c058946f3487 - Returned response: 200
2026-07-30 15:58:35 | INFO     | trace_id=0ba0923c-8854-4058-b98a-c4a409b71d28 - Received request: GET /api/v1/pomodoro/stats
2026-07-30 15:58:35 | INFO     | trace_id=0ba0923c-8854-4058-b98a-c4a409b71d28 - Returned response: 200
2026-07-30 15:58:47 | INFO     | trace_id=f0bad40d-482a-4e2c-80b4-e7b6fed36725 - Received request: GET /api/v1/personas
2026-07-30 15:58:47 | INFO     | trace_id=f0bad40d-482a-4e2c-80b4-e7b6fed36725 - Returned response: 200
2026-07-30 15:58:47 | INFO     | trace_id=0053c7f4-d0d2-48a2-83cd-c308cb87ea92 - Received request: GET /api/v1/personas
2026-07-30 15:58:47 | INFO     | trace_id=0053c7f4-d0d2-48a2-83cd-c308cb87ea92 - Returned response: 200
2026-07-30 15:58:48 | INFO     | trace_id=b97d3256-ad18-489b-857f-ebff877bc99e - Received request: GET /api/v1/admin/prewarm/status
2026-07-30 15:58:48 | INFO     | trace_id=b97d3256-ad18-489b-857f-ebff877bc99e - Returned response: 200
2026-07-30 15:58:48 | INFO     | trace_id=7d149aa1-9ba0-434f-b651-2d297177cf8c - Received request: GET /api/v1/admin/prewarm/status
2026-07-30 15:58:48 | INFO     | trace_id=7d149aa1-9ba0-434f-b651-2d297177cf8c - Returned response: 200
2026-07-30 15:58:51 | INFO     | trace_id=d0d8af90-d781-4e40-9ba4-3a61b4cc700a - Received request: GET /api/v1/feynman/progress
2026-07-30 15:58:51 | INFO     | trace_id=63347bee-6485-4c44-b1b4-e5e53c2d016d - Received request: GET /api/v1/pomodoro/stats
2026-07-30 15:58:51 | INFO     | trace_id=d0d8af90-d781-4e40-9ba4-3a61b4cc700a - Returned response: 200
2026-07-30 15:58:51 | INFO     | trace_id=acd5e3f3-6097-46bd-95e3-db91893da316 - Received request: GET /api/v1/feynman/progress
2026-07-30 15:58:51 | INFO     | trace_id=acd5e3f3-6097-46bd-95e3-db91893da316 - Returned response: 200
2026-07-30 15:58:51 | INFO     | trace_id=63347bee-6485-4c44-b1b4-e5e53c2d016d - Returned response: 200
2026-07-30 15:58:51 | INFO     | trace_id=3c1c3716-5c3d-42fb-b9f5-fbce8b23d171 - Received request: GET /api/v1/pomodoro/stats
2026-07-30 15:58:51 | INFO     | trace_id=3c1c3716-5c3d-42fb-b9f5-fbce8b23d171 - Returned response: 200
2026-07-30 15:58:51 | INFO     | trace_id=afa1cee4-59b1-4dd2-8de2-19518d34967f - Received request: GET /api/v1/personas
2026-07-30 15:58:51 | INFO     | trace_id=afa1cee4-59b1-4dd2-8de2-19518d34967f - Returned response: 200
2026-07-30 15:58:51 | INFO     | trace_id=76994693-b9f0-40c4-974c-ec9a923e1683 - Received request: GET /api/v1/personas
2026-07-30 15:58:51 | INFO     | trace_id=76994693-b9f0-40c4-974c-ec9a923e1683 - Returned response: 200
2026-07-30 15:58:52 | INFO     | trace_id=9fff7e32-b609-42df-b760-5beab27fe2d7 - Received request: GET /api/v1/feynman/progress
2026-07-30 15:58:52 | INFO     | trace_id=d5278595-3c26-4c8d-b54f-4f2cb3e28869 - Received request: GET /api/v1/pomodoro/stats
2026-07-30 15:58:52 | INFO     | trace_id=9fff7e32-b609-42df-b760-5beab27fe2d7 - Returned response: 200
2026-07-30 15:58:52 | INFO     | trace_id=18be3634-7b4f-41eb-89cd-6a4f10170ab5 - Received request: GET /api/v1/feynman/progress
2026-07-30 15:58:52 | INFO     | trace_id=18be3634-7b4f-41eb-89cd-6a4f10170ab5 - Returned response: 200
2026-07-30 15:58:52 | INFO     | trace_id=d5278595-3c26-4c8d-b54f-4f2cb3e28869 - Returned response: 200
2026-07-30 15:58:52 | INFO     | trace_id=6bca5e31-756c-45f4-bdc4-053196d39862 - Received request: GET /api/v1/pomodoro/stats
2026-07-30 15:58:52 | INFO     | trace_id=6bca5e31-756c-45f4-bdc4-053196d39862 - Returned response: 200
2026-07-30 15:59:13 | INFO     | trace_id=22f60071-b673-4c6f-aef8-ef122f08fdab - Received request: OPTIONS /api/v1/chat
2026-07-30 15:59:13 | INFO     | trace_id=22f60071-b673-4c6f-aef8-ef122f08fdab - Returned response: 200
2026-07-30 15:59:13 | INFO     | trace_id=4918357b-19d5-468e-8a32-3496e1b04877 - Received request: POST /api/v1/chat
2026-07-30 15:59:13 | INFO     | trace_id=4918357b-19d5-468e-8a32-3496e1b04877 - Returned response: 200
2026-07-30 16:05:51 | INFO     | trace_id=416d4710-223e-4120-8c66-b55bc441cc30 - Received request: GET /api/v1/feynman/progress
2026-07-30 16:05:51 | INFO     | trace_id=46b21a9d-5f60-459c-a77f-b8f854fd6734 - Received request: GET /api/v1/pomodoro/stats
2026-07-30 16:05:52 | INFO     | trace_id=416d4710-223e-4120-8c66-b55bc441cc30 - Returned response: 200
2026-07-30 16:05:52 | INFO     | trace_id=46b21a9d-5f60-459c-a77f-b8f854fd6734 - Returned response: 200
2026-07-30 16:05:52 | INFO     | trace_id=192b5ba0-278e-4d69-a064-4c1c7cdadc9d - Received request: GET /api/v1/feynman/progress
2026-07-30 16:05:52 | INFO     | trace_id=29059c2d-8e44-419a-89af-f42c8517b9c7 - Received request: GET /api/v1/pomodoro/stats
2026-07-30 16:05:52 | INFO     | trace_id=192b5ba0-278e-4d69-a064-4c1c7cdadc9d - Returned response: 200
2026-07-30 16:05:52 | INFO     | trace_id=e5b39518-fbfb-4d13-8e6e-f76d45cb0413 - Received request: GET /api/v1/feynman/progress
2026-07-30 16:05:52 | INFO     | trace_id=29059c2d-8e44-419a-89af-f42c8517b9c7 - Returned response: 200
2026-07-30 16:05:52 | INFO     | trace_id=b2cc945a-90e2-44e6-a559-90a31d8d314c - Received request: GET /api/v1/pomodoro/stats
2026-07-30 16:05:52 | INFO     | trace_id=e5b39518-fbfb-4d13-8e6e-f76d45cb0413 - Returned response: 200
2026-07-30 16:05:52 | INFO     | trace_id=b2cc945a-90e2-44e6-a559-90a31d8d314c - Returned response: 200
2026-07-30 16:06:04 | INFO     | trace_id=52994a7a-6b2f-426e-9a1a-94a30cbfb401 - Received request: GET /api/v1/personas
2026-07-30 16:06:04 | INFO     | trace_id=52994a7a-6b2f-426e-9a1a-94a30cbfb401 - Returned response: 200
2026-07-30 16:06:04 | INFO     | trace_id=bea645fb-8008-4654-a2d1-13ea68b722c9 - Received request: GET /api/v1/personas
2026-07-30 16:06:04 | INFO     | trace_id=bea645fb-8008-4654-a2d1-13ea68b722c9 - Returned response: 200
2026-07-30 16:06:06 | INFO     | trace_id=189aa90d-27c6-420c-a4d5-8b5133e65927 - Received request: GET /api/v1/admin/prewarm/status
2026-07-30 16:06:06 | INFO     | trace_id=189aa90d-27c6-420c-a4d5-8b5133e65927 - Returned response: 200
2026-07-30 16:06:06 | INFO     | trace_id=44cd3a11-2cac-4cfc-b5b1-9a8bfd1b3f75 - Received request: GET /api/v1/admin/prewarm/status
2026-07-30 16:06:06 | INFO     | trace_id=44cd3a11-2cac-4cfc-b5b1-9a8bfd1b3f75 - Returned response: 200
2026-07-30 16:06:07 | INFO     | trace_id=7302522a-ab47-450a-b213-d5bf9980c7fa - Received request: GET /api/v1/feynman/progress
2026-07-30 16:06:07 | INFO     | trace_id=e182e2e4-6b86-41e5-98ed-ceb7084bf541 - Received request: GET /api/v1/pomodoro/stats
2026-07-30 16:06:07 | INFO     | trace_id=7302522a-ab47-450a-b213-d5bf9980c7fa - Returned response: 200
2026-07-30 16:06:07 | INFO     | trace_id=13c3d34f-236b-4716-a4ea-087a71afe5fb - Received request: GET /api/v1/feynman/progress
2026-07-30 16:06:07 | INFO     | trace_id=13c3d34f-236b-4716-a4ea-087a71afe5fb - Returned response: 200
2026-07-30 16:06:07 | INFO     | trace_id=e182e2e4-6b86-41e5-98ed-ceb7084bf541 - Returned response: 200
2026-07-30 16:06:07 | INFO     | trace_id=2220a051-54a2-44a1-8759-67c0da730947 - Received request: GET /api/v1/pomodoro/stats
2026-07-30 16:06:07 | INFO     | trace_id=2220a051-54a2-44a1-8759-67c0da730947 - Returned response: 200
2026-07-30 16:06:12 | INFO     | trace_id=47af1a96-a80d-4898-a809-93352098be43 - Received request: GET /api/v1/practice/categories
2026-07-30 16:06:12 | INFO     | trace_id=3d726b8f-2715-470a-8b41-216664f2efea - Received request: GET /api/v1/practice/recommended
2026-07-30 16:06:12 | INFO     | trace_id=47af1a96-a80d-4898-a809-93352098be43 - Returned response: 200
2026-07-30 16:06:12 | INFO     | trace_id=3d726b8f-2715-470a-8b41-216664f2efea - Returned response: 200
2026-07-30 16:06:13 | INFO     | trace_id=7c0f1c36-b68f-474c-a9f3-23eb0369bb04 - Received request: GET /api/v1/exam-papers
2026-07-30 16:06:13 | INFO     | trace_id=7c0f1c36-b68f-474c-a9f3-23eb0369bb04 - Returned response: 200
2026-07-30 16:06:14 | INFO     | trace_id=828ba2d4-299e-4a91-b0a3-4a3a2c125581 - Received request: GET /api/v1/practice/recommended
2026-07-30 16:06:14 | INFO     | trace_id=828ba2d4-299e-4a91-b0a3-4a3a2c125581 - Returned response: 200
2026-07-30 16:06:15 | INFO     | trace_id=3ac58082-885e-429c-bd71-b5645bb77fe3 - Received request: GET /api/v1/personas
2026-07-30 16:06:15 | INFO     | trace_id=3ac58082-885e-429c-bd71-b5645bb77fe3 - Returned response: 200
2026-07-30 16:06:15 | INFO     | trace_id=03487b85-bc8e-47c7-908e-590d2d1d38f9 - Received request: GET /api/v1/personas
2026-07-30 16:06:15 | INFO     | trace_id=03487b85-bc8e-47c7-908e-590d2d1d38f9 - Returned response: 200
2026-07-30 16:06:16 | INFO     | trace_id=b5c118ce-d6d1-4e20-b9f0-172c38ee7c7d - Received request: GET /api/v1/admin/prewarm/status
2026-07-30 16:06:16 | INFO     | trace_id=b5c118ce-d6d1-4e20-b9f0-172c38ee7c7d - Returned response: 200
2026-07-30 16:06:16 | INFO     | trace_id=97f4cdf7-3c89-4817-8532-64482f7efeb6 - Received request: GET /api/v1/admin/prewarm/status
2026-07-30 16:06:16 | INFO     | trace_id=97f4cdf7-3c89-4817-8532-64482f7efeb6 - Returned response: 200
2026-07-30 16:06:19 | INFO     | trace_id=390ab7d4-7041-4d27-9f15-b874d7f429cf - Received request: GET /api/v1/personas
2026-07-30 16:06:19 | INFO     | trace_id=390ab7d4-7041-4d27-9f15-b874d7f429cf - Returned response: 200
2026-07-30 16:06:19 | INFO     | trace_id=84379951-a597-47fb-bdd7-67c05a4a168f - Received request: GET /api/v1/personas
2026-07-30 16:06:19 | INFO     | trace_id=84379951-a597-47fb-bdd7-67c05a4a168f - Returned response: 200
2026-07-30 16:06:20 | INFO     | trace_id=d98a4b12-248e-4dff-b3f4-85d1bd0547e9 - Received request: GET /api/v1/admin/prewarm/status
2026-07-30 16:06:20 | INFO     | trace_id=d98a4b12-248e-4dff-b3f4-85d1bd0547e9 - Returned response: 200
2026-07-30 16:06:20 | INFO     | trace_id=ad07dd74-d84b-415c-96a2-e664cb9b3442 - Received request: GET /api/v1/admin/prewarm/status
2026-07-30 16:06:20 | INFO     | trace_id=ad07dd74-d84b-415c-96a2-e664cb9b3442 - Returned response: 200
2026-07-30 16:06:20 | INFO     | trace_id=8e44ea89-6ef6-40ff-ae15-85cb562396fb - Received request: GET /api/v1/admin/questions
2026-07-30 16:06:21 | INFO     | trace_id=8e44ea89-6ef6-40ff-ae15-85cb562396fb - Returned response: 200
2026-07-30 16:06:26 | INFO     | trace_id=bba79efd-2ab6-4cdc-9c91-cae4bcf38980 - Received request: GET /api/v1/personas
2026-07-30 16:06:26 | INFO     | trace_id=bba79efd-2ab6-4cdc-9c91-cae4bcf38980 - Returned response: 200
2026-07-30 16:06:26 | INFO     | trace_id=5d4c65ed-1ac0-4788-9913-f8fe45f7b9b2 - Received request: GET /api/v1/personas
2026-07-30 16:06:26 | INFO     | trace_id=5d4c65ed-1ac0-4788-9913-f8fe45f7b9b2 - Returned response: 200
2026-07-30 16:06:26 | INFO     | trace_id=6786052d-a656-40a5-8df9-f7c91c691daf - Received request: GET /api/v1/feynman/progress
2026-07-30 16:06:26 | INFO     | trace_id=dc596a7a-16e3-43df-b9b2-c5855fa575a1 - Received request: GET /api/v1/pomodoro/stats
2026-07-30 16:06:26 | INFO     | trace_id=6786052d-a656-40a5-8df9-f7c91c691daf - Returned response: 200
2026-07-30 16:06:26 | INFO     | trace_id=2098f829-fc61-41e0-afe0-a518aa03d2c2 - Received request: GET /api/v1/feynman/progress
2026-07-30 16:06:26 | INFO     | trace_id=2098f829-fc61-41e0-afe0-a518aa03d2c2 - Returned response: 200
2026-07-30 16:06:26 | INFO     | trace_id=dc596a7a-16e3-43df-b9b2-c5855fa575a1 - Returned response: 200
2026-07-30 16:06:26 | INFO     | trace_id=6a6c884e-78e8-4991-baf3-751f79d49df2 - Received request: GET /api/v1/pomodoro/stats
2026-07-30 16:06:26 | INFO     | trace_id=6a6c884e-78e8-4991-baf3-751f79d49df2 - Returned response: 200
2026-07-30 16:06:37 | INFO     | trace_id=36254de1-7584-48af-8a8b-b34e2f7637f2 - Received request: GET /api/v1/admin/prewarm/status
2026-07-30 16:06:37 | INFO     | trace_id=36254de1-7584-48af-8a8b-b34e2f7637f2 - Returned response: 200
2026-07-30 16:06:37 | INFO     | trace_id=8226039d-4979-442c-a3f9-846819c5a479 - Received request: GET /api/v1/admin/prewarm/status
2026-07-30 16:06:37 | INFO     | trace_id=8226039d-4979-442c-a3f9-846819c5a479 - Returned response: 200
2026-07-30 16:06:37 | INFO     | trace_id=b1bc6255-2648-441c-a401-e5ed30ff1dbf - Received request: GET /api/v1/personas
2026-07-30 16:06:37 | INFO     | trace_id=b1bc6255-2648-441c-a401-e5ed30ff1dbf - Returned response: 200
2026-07-30 16:06:37 | INFO     | trace_id=cbae9a76-385a-4efa-8efc-70a522a69ad2 - Received request: GET /api/v1/personas
2026-07-30 16:06:37 | INFO     | trace_id=cbae9a76-385a-4efa-8efc-70a522a69ad2 - Returned response: 200
2026-07-30 16:06:38 | INFO     | trace_id=1caaa8d2-66ea-46c4-9bb9-56a17479760a - Received request: GET /api/v1/feynman/progress
2026-07-30 16:06:38 | INFO     | trace_id=ffcbf670-eab1-4fb0-9a60-c704d78bd461 - Received request: GET /api/v1/pomodoro/stats
2026-07-30 16:06:38 | INFO     | trace_id=1caaa8d2-66ea-46c4-9bb9-56a17479760a - Returned response: 200
2026-07-30 16:06:38 | INFO     | trace_id=0ad38709-5d24-4e25-9f8a-a0985a1b3f7d - Received request: GET /api/v1/feynman/progress
2026-07-30 16:06:38 | INFO     | trace_id=0ad38709-5d24-4e25-9f8a-a0985a1b3f7d - Returned response: 200
2026-07-30 16:06:38 | INFO     | trace_id=ffcbf670-eab1-4fb0-9a60-c704d78bd461 - Returned response: 200
2026-07-30 16:06:38 | INFO     | trace_id=91e207af-5c9f-4dd0-8af0-773390a99eee - Received request: GET /api/v1/pomodoro/stats
2026-07-30 16:06:38 | INFO     | trace_id=91e207af-5c9f-4dd0-8af0-773390a99eee - Returned response: 200
2026-07-30 16:06:39 | INFO     | trace_id=4ce7dbca-a54d-4373-a7df-2ae2d5e68726 - Received request: GET /api/v1/personas
2026-07-30 16:06:39 | INFO     | trace_id=4ce7dbca-a54d-4373-a7df-2ae2d5e68726 - Returned response: 200
2026-07-30 16:06:39 | INFO     | trace_id=32659875-52b4-4ce9-8bee-529156521da3 - Received request: GET /api/v1/personas
2026-07-30 16:06:39 | INFO     | trace_id=32659875-52b4-4ce9-8bee-529156521da3 - Returned response: 200
2026-07-30 16:06:41 | INFO     | trace_id=345c9ea9-d77f-4181-8e01-89a7be81d0a1 - Received request: GET /api/v1/admin/prewarm/status
2026-07-30 16:06:41 | INFO     | trace_id=345c9ea9-d77f-4181-8e01-89a7be81d0a1 - Returned response: 200
2026-07-30 16:06:41 | INFO     | trace_id=65a1939b-619a-46ed-80a0-3415375b1c49 - Received request: GET /api/v1/admin/prewarm/status
2026-07-30 16:06:41 | INFO     | trace_id=65a1939b-619a-46ed-80a0-3415375b1c49 - Returned response: 200
2026-07-30 16:06:43 | INFO     | trace_id=ed39b4ca-e2b2-451a-beb7-15b2f02d9fac - Received request: GET /api/v1/feynman/progress
2026-07-30 16:06:43 | INFO     | trace_id=7c661303-a3d3-4279-9ea1-bdf570f5bebe - Received request: GET /api/v1/pomodoro/stats
2026-07-30 16:06:43 | INFO     | trace_id=ed39b4ca-e2b2-451a-beb7-15b2f02d9fac - Returned response: 200
2026-07-30 16:06:43 | INFO     | trace_id=f7ff62ee-2352-429c-9bdd-508f88a0b10f - Received request: GET /api/v1/feynman/progress
2026-07-30 16:06:43 | INFO     | trace_id=f7ff62ee-2352-429c-9bdd-508f88a0b10f - Returned response: 200
2026-07-30 16:06:43 | INFO     | trace_id=7c661303-a3d3-4279-9ea1-bdf570f5bebe - Returned response: 200
2026-07-30 16:06:43 | INFO     | trace_id=8de4a428-6164-4fa4-b102-7098c268f908 - Received request: GET /api/v1/pomodoro/stats
2026-07-30 16:06:43 | INFO     | trace_id=8de4a428-6164-4fa4-b102-7098c268f908 - Returned response: 200
2026-07-30 16:06:43 | INFO     | trace_id=7ff76658-8fe1-4761-808b-60b3d9396b88 - Received request: GET /api/v1/admin/prewarm/status
2026-07-30 16:06:43 | INFO     | trace_id=7ff76658-8fe1-4761-808b-60b3d9396b88 - Returned response: 200
2026-07-30 16:06:43 | INFO     | trace_id=21fab9db-2eee-4ef7-829d-347cd7c82486 - Received request: GET /api/v1/admin/prewarm/status
2026-07-30 16:06:43 | INFO     | trace_id=21fab9db-2eee-4ef7-829d-347cd7c82486 - Returned response: 200
2026-07-30 16:06:45 | INFO     | trace_id=229d167f-3cc0-4d9e-b06b-4a21bcee28e8 - Received request: GET /api/v1/feynman/progress
2026-07-30 16:06:45 | INFO     | trace_id=effebcee-571a-4098-a19e-d42b837fca0f - Received request: GET /api/v1/pomodoro/stats
2026-07-30 16:06:45 | INFO     | trace_id=229d167f-3cc0-4d9e-b06b-4a21bcee28e8 - Returned response: 200
2026-07-30 16:06:45 | INFO     | trace_id=7ae33260-237d-48ce-a56d-1fb2d25dd71d - Received request: GET /api/v1/feynman/progress
2026-07-30 16:06:45 | INFO     | trace_id=7ae33260-237d-48ce-a56d-1fb2d25dd71d - Returned response: 200
2026-07-30 16:06:45 | INFO     | trace_id=effebcee-571a-4098-a19e-d42b837fca0f - Returned response: 200
2026-07-30 16:06:45 | INFO     | trace_id=a7150228-ce1d-4109-866b-d2451128d739 - Received request: GET /api/v1/pomodoro/stats
2026-07-30 16:06:45 | INFO     | trace_id=a7150228-ce1d-4109-866b-d2451128d739 - Returned response: 200
2026-07-30 16:06:48 | INFO     | trace_id=88e35a0c-fb8c-442c-bac0-767d52e81d7e - Received request: GET /api/v1/personas
2026-07-30 16:06:48 | INFO     | trace_id=88e35a0c-fb8c-442c-bac0-767d52e81d7e - Returned response: 200
2026-07-30 16:06:48 | INFO     | trace_id=8af94f6b-ca7a-4a51-9992-5043c6d10507 - Received request: GET /api/v1/personas
2026-07-30 16:06:48 | INFO     | trace_id=8af94f6b-ca7a-4a51-9992-5043c6d10507 - Returned response: 200
2026-07-30 16:06:49 | INFO     | trace_id=2a01abcc-3862-492f-9990-9d4870be829b - Received request: GET /api/v1/admin/prewarm/status
2026-07-30 16:06:49 | INFO     | trace_id=2a01abcc-3862-492f-9990-9d4870be829b - Returned response: 200
2026-07-30 16:06:49 | INFO     | trace_id=1b7899a7-9820-4b02-87d4-aeb1a407d72e - Received request: GET /api/v1/admin/prewarm/status
2026-07-30 16:06:49 | INFO     | trace_id=1b7899a7-9820-4b02-87d4-aeb1a407d72e - Returned response: 200
2026-07-30 16:06:50 | INFO     | trace_id=f5cc4f96-c097-46c6-add9-ecf6eec4cbd2 - Received request: GET /api/v1/personas
2026-07-30 16:06:50 | INFO     | trace_id=f5cc4f96-c097-46c6-add9-ecf6eec4cbd2 - Returned response: 200
2026-07-30 16:06:50 | INFO     | trace_id=27a2a7e9-d334-44e3-b3ea-6ae4a62b5899 - Received request: GET /api/v1/personas
2026-07-30 16:06:50 | INFO     | trace_id=27a2a7e9-d334-44e3-b3ea-6ae4a62b5899 - Returned response: 200
2026-07-30 16:06:50 | INFO     | trace_id=8479b320-ee7a-459b-83f8-56fca4b3454a - Received request: GET /api/v1/feynman/progress
2026-07-30 16:06:50 | INFO     | trace_id=a06daa91-e258-4e17-bbbf-671b9503d116 - Received request: GET /api/v1/pomodoro/stats
2026-07-30 16:06:50 | INFO     | trace_id=8479b320-ee7a-459b-83f8-56fca4b3454a - Returned response: 200
2026-07-30 16:06:50 | INFO     | trace_id=7d57cbf8-08e6-480f-9a1e-91891fda753d - Received request: GET /api/v1/feynman/progress
2026-07-30 16:06:50 | INFO     | trace_id=7d57cbf8-08e6-480f-9a1e-91891fda753d - Returned response: 200
2026-07-30 16:06:50 | INFO     | trace_id=a06daa91-e258-4e17-bbbf-671b9503d116 - Returned response: 200
2026-07-30 16:06:50 | INFO     | trace_id=20490335-6695-46bf-bb58-8e0f191cdf08 - Received request: GET /api/v1/pomodoro/stats
2026-07-30 16:06:50 | INFO     | trace_id=20490335-6695-46bf-bb58-8e0f191cdf08 - Returned response: 200
2026-07-30 16:06:51 | INFO     | trace_id=49e399f0-5abb-49c5-b42c-4877995c568b - Received request: GET /api/v1/personas
2026-07-30 16:06:51 | INFO     | trace_id=49e399f0-5abb-49c5-b42c-4877995c568b - Returned response: 200
2026-07-30 16:06:51 | INFO     | trace_id=1d021db9-f317-4d31-b31e-852046ac06e9 - Received request: GET /api/v1/personas
2026-07-30 16:06:51 | INFO     | trace_id=1d021db9-f317-4d31-b31e-852046ac06e9 - Returned response: 200
2026-07-30 16:06:51 | INFO     | trace_id=f3762e85-cc83-4941-b3ae-9f8e98eac9e8 - Received request: GET /api/v1/feynman/progress
2026-07-30 16:06:51 | INFO     | trace_id=5ad328ea-5b7b-4ccf-956d-4765c2c9fae6 - Received request: GET /api/v1/pomodoro/stats
2026-07-30 16:06:51 | INFO     | trace_id=f3762e85-cc83-4941-b3ae-9f8e98eac9e8 - Returned response: 200
2026-07-30 16:06:51 | INFO     | trace_id=c207d264-566c-49fb-a03b-f0aa00da490c - Received request: GET /api/v1/feynman/progress
2026-07-30 16:06:51 | INFO     | trace_id=c207d264-566c-49fb-a03b-f0aa00da490c - Returned response: 200
2026-07-30 16:06:51 | INFO     | trace_id=5ad328ea-5b7b-4ccf-956d-4765c2c9fae6 - Returned response: 200
2026-07-30 16:06:51 | INFO     | trace_id=82dddc85-0153-49fa-b094-25dfadc5c26b - Received request: GET /api/v1/pomodoro/stats
2026-07-30 16:06:51 | INFO     | trace_id=82dddc85-0153-49fa-b094-25dfadc5c26b - Returned response: 200
2026-07-30 16:06:52 | INFO     | trace_id=009dd05d-a6f9-48f2-8a69-83741da890db - Received request: GET /api/v1/exam-papers
2026-07-30 16:06:52 | INFO     | trace_id=009dd05d-a6f9-48f2-8a69-83741da890db - Returned response: 200
2026-07-30 16:06:54 | INFO     | trace_id=10e6c1b5-89c8-4dd0-9236-8d77db985066 - Received request: GET /api/v1/feynman/progress
2026-07-30 16:06:54 | INFO     | trace_id=33e66882-b140-41b4-a8c6-fcf0508b4dc9 - Received request: GET /api/v1/pomodoro/stats
2026-07-30 16:06:54 | INFO     | trace_id=10e6c1b5-89c8-4dd0-9236-8d77db985066 - Returned response: 200
2026-07-30 16:06:54 | INFO     | trace_id=33e66882-b140-41b4-a8c6-fcf0508b4dc9 - Returned response: 200
2026-07-30 16:06:54 | INFO     | trace_id=123cd479-b0fb-43ac-9916-cd987f90aff6 - Received request: GET /api/v1/history
2026-07-30 16:06:54 | INFO     | trace_id=123cd479-b0fb-43ac-9916-cd987f90aff6 - Returned response: 200
2026-07-30 16:06:54 | INFO     | trace_id=206ff5ca-5a7e-4e17-bcf7-6efb7576ebd0 - Received request: GET /api/v1/practice/history
2026-07-30 16:06:54 | INFO     | trace_id=206ff5ca-5a7e-4e17-bcf7-6efb7576ebd0 - Returned response: 200
2026-07-30 16:06:54 | INFO     | trace_id=2e7f47d1-07b2-4771-8267-b7f0e8c6b45d - Received request: GET /api/v1/trend
2026-07-30 16:06:54 | INFO     | trace_id=2e7f47d1-07b2-4771-8267-b7f0e8c6b45d - Returned response: 200
2026-07-30 16:06:58 | INFO     | trace_id=b6457ee6-8042-4064-ac47-547aadb34738 - Received request: GET /api/v1/personas
2026-07-30 16:06:58 | INFO     | trace_id=b6457ee6-8042-4064-ac47-547aadb34738 - Returned response: 200
2026-07-30 16:06:58 | INFO     | trace_id=6eca62c8-5e14-4032-ae1b-5ca77152a96e - Received request: GET /api/v1/personas
2026-07-30 16:06:58 | INFO     | trace_id=6eca62c8-5e14-4032-ae1b-5ca77152a96e - Returned response: 200
2026-07-30 16:06:58 | INFO     | trace_id=c9c65885-6de1-42c5-ab3b-768bd41ab1a0 - Received request: GET /api/v1/dynamic-exam/history
2026-07-30 16:06:58 | INFO     | trace_id=c9c65885-6de1-42c5-ab3b-768bd41ab1a0 - Returned response: 200
2026-07-30 16:08:17 | INFO     | trace_id=5349c481-79bd-4e30-af3c-7f23a5fbe24d - Received request: GET /api/v1/feynman/progress
2026-07-30 16:08:17 | INFO     | trace_id=55bc7bb4-afc9-49b8-82f2-9dec37dbbd90 - Received request: GET /api/v1/pomodoro/stats
2026-07-30 16:08:17 | INFO     | trace_id=5349c481-79bd-4e30-af3c-7f23a5fbe24d - Returned response: 200
2026-07-30 16:08:17 | INFO     | trace_id=46c7a12f-d0ed-4e41-9f51-3c4687dbf1cc - Received request: GET /api/v1/feynman/progress
2026-07-30 16:08:17 | INFO     | trace_id=55bc7bb4-afc9-49b8-82f2-9dec37dbbd90 - Returned response: 200
2026-07-30 16:08:17 | INFO     | trace_id=46c7a12f-d0ed-4e41-9f51-3c4687dbf1cc - Returned response: 200
2026-07-30 16:08:17 | INFO     | trace_id=25c507ca-e902-4c12-a0fa-9e6b66b7a89f - Received request: GET /api/v1/pomodoro/stats
2026-07-30 16:08:17 | INFO     | trace_id=25c507ca-e902-4c12-a0fa-9e6b66b7a89f - Returned response: 200
2026-07-30 16:12:56 | INFO     | trace_id=6ad461ec-74df-4907-9d89-244704888c73 - Received request: GET /api/v1/personas
2026-07-30 16:12:56 | INFO     | trace_id=6ad461ec-74df-4907-9d89-244704888c73 - Returned response: 200
2026-07-30 16:12:56 | INFO     | trace_id=248c20bd-cbd1-4b19-bef6-034abcf17411 - Received request: GET /api/v1/personas
2026-07-30 16:12:56 | INFO     | trace_id=248c20bd-cbd1-4b19-bef6-034abcf17411 - Returned response: 200
2026-07-30 16:16:41 | INFO     | trace_id=465a0a35-6053-4e6d-a9bd-f0bc8df5eed3 - Received request: GET /api/v1/feynman/progress
2026-07-30 16:16:41 | INFO     | trace_id=9ea9e18f-a1ec-42ee-9972-0bf747a9e96c - Received request: GET /api/v1/pomodoro/stats
2026-07-30 16:16:41 | INFO     | trace_id=465a0a35-6053-4e6d-a9bd-f0bc8df5eed3 - Returned response: 200
2026-07-30 16:16:41 | INFO     | trace_id=7ca3b8e8-8e6e-4f47-9e49-e3dd9e9249ce - Received request: GET /api/v1/feynman/progress
2026-07-30 16:16:41 | INFO     | trace_id=7ca3b8e8-8e6e-4f47-9e49-e3dd9e9249ce - Returned response: 200
2026-07-30 16:16:41 | INFO     | trace_id=9ea9e18f-a1ec-42ee-9972-0bf747a9e96c - Returned response: 200
2026-07-30 16:16:41 | INFO     | trace_id=830d4996-a924-4c89-ac20-74957fb205db - Received request: GET /api/v1/pomodoro/stats
2026-07-30 16:16:41 | INFO     | trace_id=830d4996-a924-4c89-ac20-74957fb205db - Returned response: 200
2026-07-30 16:16:47 | INFO     | trace_id=6834dd8a-9a3f-4e6c-bbbf-6354ba3af74c - Received request: GET /api/v1/feynman/progress
2026-07-30 16:16:47 | INFO     | trace_id=c1e61a15-5296-44bd-aab0-d3415af2d91b - Received request: GET /api/v1/pomodoro/stats
2026-07-30 16:16:47 | INFO     | trace_id=6834dd8a-9a3f-4e6c-bbbf-6354ba3af74c - Returned response: 200
2026-07-30 16:16:47 | INFO     | trace_id=db86f665-bed1-4ec5-9904-c2fea202e0d8 - Received request: GET /api/v1/feynman/progress
2026-07-30 16:16:47 | INFO     | trace_id=db86f665-bed1-4ec5-9904-c2fea202e0d8 - Returned response: 200
2026-07-30 16:16:47 | INFO     | trace_id=c1e61a15-5296-44bd-aab0-d3415af2d91b - Returned response: 200
2026-07-30 16:16:47 | INFO     | trace_id=89cbdec6-a29d-4995-934c-6576ed5e0370 - Received request: GET /api/v1/pomodoro/stats
2026-07-30 16:16:47 | INFO     | trace_id=89cbdec6-a29d-4995-934c-6576ed5e0370 - Returned response: 200
2026-07-30 16:17:56 | INFO     | trace_id=4e19e300-9834-4dcb-95fe-108725c4ce09 - Received request: GET /api/v1/admin/prewarm/status
2026-07-30 16:17:56 | INFO     | trace_id=4e19e300-9834-4dcb-95fe-108725c4ce09 - Returned response: 200
2026-07-30 16:17:56 | INFO     | trace_id=29827f05-f1b9-43ec-8789-d710f12e3e89 - Received request: GET /api/v1/admin/prewarm/status
2026-07-30 16:17:56 | INFO     | trace_id=29827f05-f1b9-43ec-8789-d710f12e3e89 - Returned response: 200
2026-07-30 16:18:16 | INFO     | trace_id=29eb25da-9150-48e3-b4d3-40d7be91dd54 - Received request: GET /api/v1/personas
2026-07-30 16:18:16 | INFO     | trace_id=29eb25da-9150-48e3-b4d3-40d7be91dd54 - Returned response: 200
2026-07-30 16:18:16 | INFO     | trace_id=88da036a-5a0d-44cc-a0e0-6544e3ca38e8 - Received request: GET /api/v1/personas
2026-07-30 16:18:16 | INFO     | trace_id=88da036a-5a0d-44cc-a0e0-6544e3ca38e8 - Returned response: 200
2026-07-30 16:18:45 | INFO     | trace_id=cbe76a96-82e2-4360-8272-1c725bb12454 - Received request: GET /api/v1/feynman/progress
2026-07-30 16:18:45 | INFO     | trace_id=8c84422c-3d78-4e98-97a7-fc2c0f526723 - Received request: GET /api/v1/pomodoro/stats
2026-07-30 16:18:46 | INFO     | trace_id=e68764aa-dc95-4618-9e0d-265ee3d2340f - Received request: GET /api/v1/personas
2026-07-30 16:18:46 | INFO     | trace_id=e68764aa-dc95-4618-9e0d-265ee3d2340f - Returned response: 200
2026-07-30 16:18:46 | INFO     | trace_id=cbe76a96-82e2-4360-8272-1c725bb12454 - Returned response: 200
2026-07-30 16:18:46 | INFO     | trace_id=b8098e78-be29-4910-b04a-a685072d6a22 - Received request: GET /api/v1/personas
2026-07-30 16:18:46 | INFO     | trace_id=8c84422c-3d78-4e98-97a7-fc2c0f526723 - Returned response: 200
2026-07-30 16:18:46 | INFO     | trace_id=b8098e78-be29-4910-b04a-a685072d6a22 - Returned response: 200
2026-07-30 16:18:47 | INFO     | trace_id=b1f05104-edd1-4084-8a20-88cb702d77a1 - Received request: GET /api/v1/feynman/progress
2026-07-30 16:18:47 | INFO     | trace_id=2576ade4-9788-42fc-870c-3e92446cecac - Received request: GET /api/v1/pomodoro/stats
2026-07-30 16:18:47 | INFO     | trace_id=b1f05104-edd1-4084-8a20-88cb702d77a1 - Returned response: 200
2026-07-30 16:18:47 | INFO     | trace_id=cd1d0c6c-cab6-43d3-81e0-69a2c7f46686 - Received request: GET /api/v1/feynman/progress
2026-07-30 16:18:47 | INFO     | trace_id=cd1d0c6c-cab6-43d3-81e0-69a2c7f46686 - Returned response: 200
2026-07-30 16:18:47 | INFO     | trace_id=2576ade4-9788-42fc-870c-3e92446cecac - Returned response: 200
2026-07-30 16:18:47 | INFO     | trace_id=d3d5a607-e290-46f9-be8f-b15533afca4b - Received request: GET /api/v1/pomodoro/stats
2026-07-30 16:18:47 | INFO     | trace_id=d3d5a607-e290-46f9-be8f-b15533afca4b - Returned response: 200
2026-07-30 16:18:51 | INFO     | trace_id=e8a691e1-e4a9-4c53-96e3-206a81137cd3 - Received request: GET /api/v1/admin/prewarm/status
2026-07-30 16:18:51 | INFO     | trace_id=e8a691e1-e4a9-4c53-96e3-206a81137cd3 - Returned response: 200
2026-07-30 16:18:51 | INFO     | trace_id=16e6bfa0-84f4-4639-8747-1c72aac86431 - Received request: GET /api/v1/admin/prewarm/status
2026-07-30 16:18:51 | INFO     | trace_id=16e6bfa0-84f4-4639-8747-1c72aac86431 - Returned response: 200
2026-07-30 16:18:59 | INFO     | trace_id=29ae5983-fff3-4867-9a1f-6e8d72c95b60 - Received request: GET /api/v1/feynman/progress
2026-07-30 16:18:59 | INFO     | trace_id=f43b97b5-3189-455b-ba37-fa5de41af8d2 - Received request: GET /api/v1/pomodoro/stats
2026-07-30 16:18:59 | INFO     | trace_id=29ae5983-fff3-4867-9a1f-6e8d72c95b60 - Returned response: 200
2026-07-30 16:18:59 | INFO     | trace_id=223cabfe-d02c-4588-84d7-1cc76481fe02 - Received request: GET /api/v1/feynman/progress
2026-07-30 16:18:59 | INFO     | trace_id=f43b97b5-3189-455b-ba37-fa5de41af8d2 - Returned response: 200
2026-07-30 16:18:59 | INFO     | trace_id=16a44ea0-a70b-4ea9-ad5d-1837c4903025 - Received request: GET /api/v1/pomodoro/stats
2026-07-30 16:18:59 | INFO     | trace_id=223cabfe-d02c-4588-84d7-1cc76481fe02 - Returned response: 200
2026-07-30 16:18:59 | INFO     | trace_id=16a44ea0-a70b-4ea9-ad5d-1837c4903025 - Returned response: 200
2026-07-30 16:19:07 | INFO     | trace_id=324853c4-ed4f-4edd-be15-81e6295a33e7 - Received request: GET /api/v1/admin/prewarm/status
2026-07-30 16:19:07 | INFO     | trace_id=324853c4-ed4f-4edd-be15-81e6295a33e7 - Returned response: 200
2026-07-30 16:19:07 | INFO     | trace_id=ffe37194-8131-4828-a880-b81219eb2ccb - Received request: GET /api/v1/admin/prewarm/status
2026-07-30 16:19:07 | INFO     | trace_id=ffe37194-8131-4828-a880-b81219eb2ccb - Returned response: 200
2026-07-30 16:19:07 | INFO     | trace_id=6b3f8538-2f7e-42f9-9046-8a36ead70f3f - Received request: GET /api/v1/feynman/progress
2026-07-30 16:19:07 | INFO     | trace_id=244ad482-524b-42b4-8ff3-805a570fb50e - Received request: GET /api/v1/pomodoro/stats
2026-07-30 16:19:07 | INFO     | trace_id=6b3f8538-2f7e-42f9-9046-8a36ead70f3f - Returned response: 200
2026-07-30 16:19:07 | INFO     | trace_id=704abbd2-4ea4-43e1-b173-4e0de414f7f6 - Received request: GET /api/v1/feynman/progress
2026-07-30 16:19:07 | INFO     | trace_id=704abbd2-4ea4-43e1-b173-4e0de414f7f6 - Returned response: 200
2026-07-30 16:19:07 | INFO     | trace_id=244ad482-524b-42b4-8ff3-805a570fb50e - Returned response: 200
2026-07-30 16:19:07 | INFO     | trace_id=83a45593-dbaf-43bd-bfc1-26488625f403 - Received request: GET /api/v1/pomodoro/stats
2026-07-30 16:19:07 | INFO     | trace_id=83a45593-dbaf-43bd-bfc1-26488625f403 - Returned response: 200
2026-07-30 16:19:10 | INFO     | trace_id=f087992d-e17e-4985-802e-b962e1a12d83 - Received request: GET /api/v1/personas
2026-07-30 16:19:10 | INFO     | trace_id=f087992d-e17e-4985-802e-b962e1a12d83 - Returned response: 200
2026-07-30 16:19:10 | INFO     | trace_id=a32476de-d2ee-4346-86b4-1bd3146e4ce6 - Received request: GET /api/v1/personas
2026-07-30 16:19:10 | INFO     | trace_id=a32476de-d2ee-4346-86b4-1bd3146e4ce6 - Returned response: 200
2026-07-30 16:19:14 | INFO     | trace_id=994509ad-2b26-4125-9b3d-5e6fb7f819da - Received request: GET /api/v1/admin/prewarm/status
2026-07-30 16:19:14 | INFO     | trace_id=994509ad-2b26-4125-9b3d-5e6fb7f819da - Returned response: 200
2026-07-30 16:19:14 | INFO     | trace_id=f281e6b0-de4f-4841-87f7-5e567801c37e - Received request: GET /api/v1/admin/prewarm/status
2026-07-30 16:19:14 | INFO     | trace_id=f281e6b0-de4f-4841-87f7-5e567801c37e - Returned response: 200
2026-07-30 16:19:18 | INFO     | trace_id=96eec08c-5d6d-4f06-b0d5-a7f068ab9ba0 - Received request: GET /api/v1/admin/prewarm/status
2026-07-30 16:19:18 | INFO     | trace_id=96eec08c-5d6d-4f06-b0d5-a7f068ab9ba0 - Returned response: 200
2026-07-30 16:19:18 | INFO     | trace_id=c82d377e-1fc1-4479-80be-ef858c5f7842 - Received request: GET /api/v1/admin/project-scenarios
2026-07-30 16:19:18 | INFO     | trace_id=65a4a933-75fe-4b3a-8afb-693713520a9f - Received request: GET /api/v1/admin/prewarm/status
2026-07-30 16:19:18 | INFO     | trace_id=65a4a933-75fe-4b3a-8afb-693713520a9f - Returned response: 200
2026-07-30 16:19:18 | INFO     | trace_id=c82d377e-1fc1-4479-80be-ef858c5f7842 - Returned response: 200
2026-07-30 16:19:18 | INFO     | trace_id=521a833c-b70d-4daa-b973-6dcdafabcedd - Received request: GET /api/v1/admin/project-scenarios
2026-07-30 16:19:18 | INFO     | trace_id=521a833c-b70d-4daa-b973-6dcdafabcedd - Returned response: 200
2026-07-30 16:19:21 | INFO     | trace_id=658f33ea-3ab8-4ac6-a2be-6bad0d10e9c7 - Received request: GET /api/v1/feynman/progress
2026-07-30 16:19:21 | INFO     | trace_id=67bcffc8-5edf-4d79-9e57-ddfbe41acfc5 - Received request: GET /api/v1/pomodoro/stats
2026-07-30 16:19:21 | INFO     | trace_id=658f33ea-3ab8-4ac6-a2be-6bad0d10e9c7 - Returned response: 200
2026-07-30 16:19:21 | INFO     | trace_id=3033d9a0-e27e-4747-b568-aa33bcb7d749 - Received request: GET /api/v1/feynman/progress
2026-07-30 16:19:21 | INFO     | trace_id=3033d9a0-e27e-4747-b568-aa33bcb7d749 - Returned response: 200
2026-07-30 16:19:21 | INFO     | trace_id=67bcffc8-5edf-4d79-9e57-ddfbe41acfc5 - Returned response: 200
2026-07-30 16:19:21 | INFO     | trace_id=94f09a86-2922-4fa8-b057-cc15ce82262f - Received request: GET /api/v1/pomodoro/stats
2026-07-30 16:19:21 | INFO     | trace_id=94f09a86-2922-4fa8-b057-cc15ce82262f - Returned response: 200
2026-07-30 16:19:30 | INFO     | trace_id=0444222b-c935-464d-a110-568474ed4666 - Received request: GET /api/v1/practice/categories
2026-07-30 16:19:30 | INFO     | trace_id=45cb2355-b4cc-4bae-8737-05cae3e1cbd4 - Received request: GET /api/v1/practice/recommended
2026-07-30 16:19:30 | INFO     | trace_id=0444222b-c935-464d-a110-568474ed4666 - Returned response: 200
2026-07-30 16:19:30 | INFO     | trace_id=45cb2355-b4cc-4bae-8737-05cae3e1cbd4 - Returned response: 200
2026-07-30 16:19:42 | INFO     | trace_id=d39062b7-c856-4214-aca5-db5dc9ccf4a6 - Received request: GET /api/v1/history
2026-07-30 16:19:42 | INFO     | trace_id=d39062b7-c856-4214-aca5-db5dc9ccf4a6 - Returned response: 200
2026-07-30 16:19:42 | INFO     | trace_id=864d056b-b1ae-41f8-b59e-9c036feba2ca - Received request: GET /api/v1/practice/history
2026-07-30 16:19:42 | INFO     | trace_id=864d056b-b1ae-41f8-b59e-9c036feba2ca - Returned response: 200
2026-07-30 16:19:42 | INFO     | trace_id=e89fee22-1ab9-4683-8b8e-dc733d76e32a - Received request: GET /api/v1/trend
2026-07-30 16:19:42 | INFO     | trace_id=e89fee22-1ab9-4683-8b8e-dc733d76e32a - Returned response: 200
2026-07-30 16:30:03 | INFO     | trace_id=2ad67da3-a777-4cee-a5bc-fb229ede6680 - Received request: GET /api/v1/feynman/progress
2026-07-30 16:30:03 | INFO     | trace_id=425edd56-d688-4c4a-ba7e-23358f54d197 - Received request: GET /api/v1/pomodoro/stats
2026-07-30 16:30:03 | INFO     | trace_id=93716e49-812e-418b-b73c-058821ffeeec - Received request: GET /api/v1/personas
2026-07-30 16:30:03 | INFO     | trace_id=93716e49-812e-418b-b73c-058821ffeeec - Returned response: 200
2026-07-30 16:30:03 | INFO     | trace_id=2ad67da3-a777-4cee-a5bc-fb229ede6680 - Returned response: 200
2026-07-30 16:30:03 | INFO     | trace_id=3c2896fc-f9e0-4c2f-a6e0-850e5742cddf - Received request: GET /api/v1/feynman/progress
2026-07-30 16:30:03 | INFO     | trace_id=f48a1c81-91ef-4330-9e6e-0f8d88a67d0b - Received request: GET /api/v1/personas
2026-07-30 16:30:03 | INFO     | trace_id=3c2896fc-f9e0-4c2f-a6e0-850e5742cddf - Returned response: 200
2026-07-30 16:30:03 | INFO     | trace_id=425edd56-d688-4c4a-ba7e-23358f54d197 - Returned response: 200
2026-07-30 16:30:03 | INFO     | trace_id=0d40722a-91b2-41e7-87ff-d53f6d312ea8 - Received request: GET /api/v1/pomodoro/stats
2026-07-30 16:30:03 | INFO     | trace_id=0d40722a-91b2-41e7-87ff-d53f6d312ea8 - Returned response: 200
2026-07-30 16:30:03 | INFO     | trace_id=f48a1c81-91ef-4330-9e6e-0f8d88a67d0b - Returned response: 200
2026-07-30 16:51:41 | INFO     | trace_id=0fad5e87-76a1-4c1e-a2cf-e4a18f21611d - Received request: GET /api/v1/practice/categories
2026-07-30 16:51:41 | INFO     | trace_id=1e651fcb-f1d4-4dd2-96da-75eebf1b9663 - Received request: GET /api/v1/practice/recommended
2026-07-30 16:51:41 | INFO     | trace_id=0fad5e87-76a1-4c1e-a2cf-e4a18f21611d - Returned response: 200
2026-07-30 16:51:41 | INFO     | trace_id=1e651fcb-f1d4-4dd2-96da-75eebf1b9663 - Returned response: 200
2026-07-30 16:51:42 | INFO     | trace_id=6af64920-cf90-4b23-ba2a-a60777c61170 - Received request: GET /api/v1/exam-papers
2026-07-30 16:51:42 | INFO     | trace_id=6af64920-cf90-4b23-ba2a-a60777c61170 - Returned response: 200
2026-07-30 16:51:43 | INFO     | trace_id=42533129-31ab-4e8d-abcf-718bf96e7c7b - Received request: GET /api/v1/feynman/progress
2026-07-30 16:51:43 | INFO     | trace_id=c6859afd-777a-495c-a3db-658bc9602a7e - Received request: GET /api/v1/pomodoro/stats
2026-07-30 16:51:43 | INFO     | trace_id=42533129-31ab-4e8d-abcf-718bf96e7c7b - Returned response: 200
2026-07-30 16:51:43 | INFO     | trace_id=c6859afd-777a-495c-a3db-658bc9602a7e - Returned response: 200
2026-07-30 16:51:43 | INFO     | trace_id=0dfbb0d6-b074-43b9-ae08-75c8ef42c804 - Received request: GET /api/v1/personas
2026-07-30 16:51:43 | INFO     | trace_id=0dfbb0d6-b074-43b9-ae08-75c8ef42c804 - Returned response: 200
2026-07-30 16:51:43 | INFO     | trace_id=51ba7af6-513a-4c57-96b2-b2a02ad6504c - Received request: GET /api/v1/personas
2026-07-30 16:51:43 | INFO     | trace_id=51ba7af6-513a-4c57-96b2-b2a02ad6504c - Returned response: 200
2026-07-30 16:51:44 | INFO     | trace_id=cdc4aaad-a787-43b3-a5d5-3a2a397469dd - Received request: GET /api/v1/admin/prewarm/status
2026-07-30 16:51:44 | INFO     | trace_id=cdc4aaad-a787-43b3-a5d5-3a2a397469dd - Returned response: 200
2026-07-30 16:51:44 | INFO     | trace_id=8de86aee-56dd-412a-991b-a1a58a19dbcc - Received request: GET /api/v1/admin/prewarm/status
2026-07-30 16:51:44 | INFO     | trace_id=8de86aee-56dd-412a-991b-a1a58a19dbcc - Returned response: 200
2026-07-30 16:51:45 | INFO     | trace_id=94faa09d-bc10-463d-b2bc-84a4b86ed1c5 - Received request: GET /api/v1/feynman/progress
2026-07-30 16:51:45 | INFO     | trace_id=480b20b3-d784-4d02-9344-c07aee3469e1 - Received request: GET /api/v1/pomodoro/stats
2026-07-30 16:51:45 | INFO     | trace_id=94faa09d-bc10-463d-b2bc-84a4b86ed1c5 - Returned response: 200
2026-07-30 16:51:45 | INFO     | trace_id=c5e9dc73-08be-4f98-8cb6-443862406716 - Received request: GET /api/v1/feynman/progress
2026-07-30 16:51:45 | INFO     | trace_id=c5e9dc73-08be-4f98-8cb6-443862406716 - Returned response: 200
2026-07-30 16:51:45 | INFO     | trace_id=480b20b3-d784-4d02-9344-c07aee3469e1 - Returned response: 200
2026-07-30 16:51:45 | INFO     | trace_id=0234fcd4-a99c-4fb5-9792-3f364d6bb67e - Received request: GET /api/v1/pomodoro/stats
2026-07-30 16:51:45 | INFO     | trace_id=0234fcd4-a99c-4fb5-9792-3f364d6bb67e - Returned response: 200
2026-07-30 16:51:45 | INFO     | trace_id=c11fb02b-a63b-4c94-92a0-ec4bea54d902 - Received request: GET /api/v1/personas
2026-07-30 16:51:45 | INFO     | trace_id=c11fb02b-a63b-4c94-92a0-ec4bea54d902 - Returned response: 200
2026-07-30 16:51:45 | INFO     | trace_id=e7cfbc2b-ea2f-4515-9fef-98cd3667450f - Received request: GET /api/v1/personas
2026-07-30 16:51:45 | INFO     | trace_id=e7cfbc2b-ea2f-4515-9fef-98cd3667450f - Returned response: 200
2026-07-30 16:51:52 | INFO     | trace_id=35b0ea58-bdc7-4c3c-a30a-a1b92dae2ac4 - Received request: GET /api/v1/feynman/progress
2026-07-30 16:51:52 | INFO     | trace_id=ee0732b6-e20c-4850-bea0-8a16d495f972 - Received request: GET /api/v1/pomodoro/stats
2026-07-30 16:51:52 | INFO     | trace_id=35b0ea58-bdc7-4c3c-a30a-a1b92dae2ac4 - Returned response: 200
2026-07-30 16:51:52 | INFO     | trace_id=9fc0dab2-8e64-4544-9b09-fa708a6b0385 - Received request: GET /api/v1/feynman/progress
2026-07-30 16:51:52 | INFO     | trace_id=9fc0dab2-8e64-4544-9b09-fa708a6b0385 - Returned response: 200
2026-07-30 16:51:52 | INFO     | trace_id=ee0732b6-e20c-4850-bea0-8a16d495f972 - Returned response: 200
2026-07-30 16:51:52 | INFO     | trace_id=86dba8c5-3556-4377-ad0a-4094161726d6 - Received request: GET /api/v1/pomodoro/stats
2026-07-30 16:51:52 | INFO     | trace_id=86dba8c5-3556-4377-ad0a-4094161726d6 - Returned response: 200
2026-07-30 16:51:58 | INFO     | trace_id=7465db01-cd52-4e78-ab73-b2d5960e6bbb - Received request: GET /api/v1/personas
2026-07-30 16:51:58 | INFO     | trace_id=7465db01-cd52-4e78-ab73-b2d5960e6bbb - Returned response: 200
2026-07-30 16:51:58 | INFO     | trace_id=3aa21269-ac23-4acd-b418-d136a7beaae1 - Received request: GET /api/v1/personas
2026-07-30 16:51:58 | INFO     | trace_id=3aa21269-ac23-4acd-b418-d136a7beaae1 - Returned response: 200
2026-07-30 16:52:00 | INFO     | trace_id=c7369ccb-85e8-4776-9ed1-53c0f5a71feb - Received request: GET /api/v1/admin/prewarm/status
2026-07-30 16:52:00 | INFO     | trace_id=c7369ccb-85e8-4776-9ed1-53c0f5a71feb - Returned response: 200
2026-07-30 16:52:00 | INFO     | trace_id=fbb8c08d-3cbd-4eb2-8bd4-9c05b9281edb - Received request: GET /api/v1/admin/prewarm/status
2026-07-30 16:52:00 | INFO     | trace_id=fbb8c08d-3cbd-4eb2-8bd4-9c05b9281edb - Returned response: 200
2026-07-30 16:52:07 | INFO     | trace_id=f8ded2cf-8a2d-4290-a158-b7d8b169c507 - Received request: GET /api/v1/feynman/progress
2026-07-30 16:52:07 | INFO     | trace_id=95ceef18-3106-4219-a8fa-829507fab3c8 - Received request: GET /api/v1/pomodoro/stats
2026-07-30 16:52:07 | INFO     | trace_id=f8ded2cf-8a2d-4290-a158-b7d8b169c507 - Returned response: 200
2026-07-30 16:52:07 | INFO     | trace_id=51a754db-5552-4d67-a96c-1b4d434a240f - Received request: GET /api/v1/feynman/progress
2026-07-30 16:52:07 | INFO     | trace_id=51a754db-5552-4d67-a96c-1b4d434a240f - Returned response: 200
2026-07-30 16:52:07 | INFO     | trace_id=95ceef18-3106-4219-a8fa-829507fab3c8 - Returned response: 200
2026-07-30 16:52:07 | INFO     | trace_id=1a7915ed-ab96-417a-8f29-45b7137373c7 - Received request: GET /api/v1/pomodoro/stats
2026-07-30 16:52:07 | INFO     | trace_id=1a7915ed-ab96-417a-8f29-45b7137373c7 - Returned response: 200
2026-07-30 16:52:23 | INFO     | trace_id=5a802b21-6699-478a-86cd-aaa5712b6db9 - Received request: GET /api/v1/exam-papers
2026-07-30 16:52:23 | INFO     | trace_id=5a802b21-6699-478a-86cd-aaa5712b6db9 - Returned response: 200
2026-07-30 16:52:24 | INFO     | trace_id=07e02adc-a135-45a6-9c5e-97168680886e - Received request: GET /api/v1/practice/categories
2026-07-30 16:52:24 | INFO     | trace_id=fe1d5089-174c-42b0-8cd4-5d6af95b8c32 - Received request: GET /api/v1/practice/recommended
2026-07-30 16:52:24 | INFO     | trace_id=07e02adc-a135-45a6-9c5e-97168680886e - Returned response: 200
2026-07-30 16:52:24 | INFO     | trace_id=fe1d5089-174c-42b0-8cd4-5d6af95b8c32 - Returned response: 200
2026-07-30 16:52:25 | INFO     | trace_id=3ddc0ad8-54f0-4256-bd54-5a3fc36f2d0c - Received request: GET /api/v1/exam-papers
2026-07-30 16:52:25 | INFO     | trace_id=3ddc0ad8-54f0-4256-bd54-5a3fc36f2d0c - Returned response: 200
2026-07-30 16:52:32 | INFO     | trace_id=6d4811c3-f623-43d3-a7b8-c19bcb7c61b4 - Received request: GET /api/v1/practice/recommended
2026-07-30 16:52:32 | INFO     | trace_id=6d4811c3-f623-43d3-a7b8-c19bcb7c61b4 - Returned response: 200
2026-07-30 16:52:34 | INFO     | trace_id=bdbd6874-1222-4788-9043-f2f8e41d73d8 - Received request: GET /api/v1/personas
2026-07-30 16:52:34 | INFO     | trace_id=bdbd6874-1222-4788-9043-f2f8e41d73d8 - Returned response: 200
2026-07-30 16:52:34 | INFO     | trace_id=c53efb97-d8af-4548-b25c-8d6aad362c16 - Received request: GET /api/v1/personas
2026-07-30 16:52:34 | INFO     | trace_id=c53efb97-d8af-4548-b25c-8d6aad362c16 - Returned response: 200
2026-07-30 16:52:35 | INFO     | trace_id=c86ce84b-8298-495a-b7a9-072fe94e242e - Received request: GET /api/v1/admin/prewarm/status
2026-07-30 16:52:35 | INFO     | trace_id=c86ce84b-8298-495a-b7a9-072fe94e242e - Returned response: 200
2026-07-30 16:52:35 | INFO     | trace_id=53eff132-a071-40d9-8c6e-f2a40d204ead - Received request: GET /api/v1/admin/prewarm/status
2026-07-30 16:52:35 | INFO     | trace_id=53eff132-a071-40d9-8c6e-f2a40d204ead - Returned response: 200
2026-07-30 16:52:36 | INFO     | trace_id=747451db-d864-4751-8a32-402e43dead2c - Received request: GET /api/v1/personas
2026-07-30 16:52:36 | INFO     | trace_id=747451db-d864-4751-8a32-402e43dead2c - Returned response: 200
2026-07-30 16:52:36 | INFO     | trace_id=4f2d389b-81b8-4e9a-8fcd-5e2a89526314 - Received request: GET /api/v1/personas
2026-07-30 16:52:36 | INFO     | trace_id=4f2d389b-81b8-4e9a-8fcd-5e2a89526314 - Returned response: 200
2026-07-30 16:52:36 | INFO     | trace_id=16a42190-0f09-49b9-bb01-09a3b24052f0 - Received request: GET /api/v1/feynman/progress
2026-07-30 16:52:36 | INFO     | trace_id=725c8509-a01a-48ce-9eda-99a966b5351f - Received request: GET /api/v1/pomodoro/stats
2026-07-30 16:52:36 | INFO     | trace_id=16a42190-0f09-49b9-bb01-09a3b24052f0 - Returned response: 200
2026-07-30 16:52:36 | INFO     | trace_id=7bfc4f99-0f04-40ac-928b-e235f90b6d28 - Received request: GET /api/v1/feynman/progress
2026-07-30 16:52:36 | INFO     | trace_id=7bfc4f99-0f04-40ac-928b-e235f90b6d28 - Returned response: 200
2026-07-30 16:52:36 | INFO     | trace_id=725c8509-a01a-48ce-9eda-99a966b5351f - Returned response: 200
2026-07-30 16:52:36 | INFO     | trace_id=79d7f0d0-dc27-4063-a2bf-a3f3c1bac273 - Received request: GET /api/v1/pomodoro/stats
2026-07-30 16:52:36 | INFO     | trace_id=79d7f0d0-dc27-4063-a2bf-a3f3c1bac273 - Returned response: 200
2026-07-30 16:52:42 | INFO     | trace_id=7081918d-8bff-4cbc-b57b-f450c11df1aa - Received request: GET /api/v1/practice/categories
2026-07-30 16:52:42 | INFO     | trace_id=44ab5df9-ac9e-4a66-99c6-f47dea9f67f5 - Received request: GET /api/v1/practice/recommended
2026-07-30 16:52:42 | INFO     | trace_id=7081918d-8bff-4cbc-b57b-f450c11df1aa - Returned response: 200
2026-07-30 16:52:42 | INFO     | trace_id=44ab5df9-ac9e-4a66-99c6-f47dea9f67f5 - Returned response: 200
2026-07-30 16:52:43 | INFO     | trace_id=4e6615bd-1708-43de-8d7a-4d3b2e6365c9 - Received request: GET /api/v1/exam-papers
2026-07-30 16:52:43 | INFO     | trace_id=4e6615bd-1708-43de-8d7a-4d3b2e6365c9 - Returned response: 200
2026-07-30 16:52:43 | INFO     | trace_id=4a1aef50-0e99-42e7-9876-1c325cf01d0e - Received request: GET /api/v1/practice/recommended
2026-07-30 16:52:43 | INFO     | trace_id=4a1aef50-0e99-42e7-9876-1c325cf01d0e - Returned response: 200
2026-07-30 16:52:44 | INFO     | trace_id=f78b0ccd-1463-45d8-8bf3-71d43a962196 - Received request: GET /api/v1/exam-papers
2026-07-30 16:52:44 | INFO     | trace_id=f78b0ccd-1463-45d8-8bf3-71d43a962196 - Returned response: 200
2026-07-30 16:52:44 | INFO     | trace_id=52c5eeea-954e-4512-8d62-e14572cedc3d - Received request: GET /api/v1/practice/recommended
2026-07-30 16:52:44 | INFO     | trace_id=52c5eeea-954e-4512-8d62-e14572cedc3d - Returned response: 200
2026-07-30 16:52:54 | INFO     | trace_id=c3af0aba-fadd-42b5-9d31-b3b67b109bb5 - Received request: GET /api/v1/personas
2026-07-30 16:52:54 | INFO     | trace_id=c3af0aba-fadd-42b5-9d31-b3b67b109bb5 - Returned response: 200
2026-07-30 16:52:54 | INFO     | trace_id=d10e40f0-feec-4e9b-b6b7-fa0a5205eb32 - Received request: GET /api/v1/personas
2026-07-30 16:52:54 | INFO     | trace_id=d10e40f0-feec-4e9b-b6b7-fa0a5205eb32 - Returned response: 200
2026-07-30 16:52:57 | INFO     | trace_id=55aec68f-4820-447d-9f2b-fc429203dde7 - Received request: OPTIONS /api/v1/dynamic-exam/start
2026-07-30 16:52:57 | INFO     | trace_id=55aec68f-4820-447d-9f2b-fc429203dde7 - Returned response: 200
2026-07-30 16:52:57 | INFO     | trace_id=43bb8276-9df1-4c7f-9f4f-b418e47b81eb - Received request: POST /api/v1/dynamic-exam/start
2026-07-30 16:52:57 | INFO     | trace_id=43bb8276-9df1-4c7f-9f4f-b418e47b81eb - Returned response: 500
2026-07-30 16:53:03 | INFO     | trace_id=68540772-4fea-41e6-99b8-ac6d0fcd3383 - Received request: GET /api/v1/feynman/progress
2026-07-30 16:53:03 | INFO     | trace_id=e04df5b2-f791-484e-9909-3575f8e97000 - Received request: GET /api/v1/pomodoro/stats
2026-07-30 16:53:03 | INFO     | trace_id=68540772-4fea-41e6-99b8-ac6d0fcd3383 - Returned response: 200
2026-07-30 16:53:03 | INFO     | trace_id=65c5f094-2ae0-4d87-a42e-38cfb30b8d53 - Received request: GET /api/v1/feynman/progress
2026-07-30 16:53:03 | INFO     | trace_id=65c5f094-2ae0-4d87-a42e-38cfb30b8d53 - Returned response: 200
2026-07-30 16:53:03 | INFO     | trace_id=e04df5b2-f791-484e-9909-3575f8e97000 - Returned response: 200
2026-07-30 16:53:03 | INFO     | trace_id=c7632e43-1480-4e44-ae3c-625b5631025e - Received request: GET /api/v1/pomodoro/stats
2026-07-30 16:53:03 | INFO     | trace_id=c7632e43-1480-4e44-ae3c-625b5631025e - Returned response: 200
2026-07-30 16:53:04 | INFO     | trace_id=789fb0ee-cd1f-41d7-8ffa-3e82cb7d69fe - Received request: GET /api/v1/personas
2026-07-30 16:53:04 | INFO     | trace_id=789fb0ee-cd1f-41d7-8ffa-3e82cb7d69fe - Returned response: 200
2026-07-30 16:53:04 | INFO     | trace_id=22b63f88-e956-4148-b919-8f0fc59b40e9 - Received request: GET /api/v1/personas
2026-07-30 16:53:04 | INFO     | trace_id=22b63f88-e956-4148-b919-8f0fc59b40e9 - Returned response: 200
2026-07-30 16:53:04 | INFO     | trace_id=66420b91-e717-4a82-b4fd-0f4f652aeecd - Received request: GET /api/v1/admin/prewarm/status
2026-07-30 16:53:04 | INFO     | trace_id=66420b91-e717-4a82-b4fd-0f4f652aeecd - Returned response: 200
2026-07-30 16:53:04 | INFO     | trace_id=6cca47ef-323c-40ef-89c7-1d8610c2aa6d - Received request: GET /api/v1/admin/prewarm/status
2026-07-30 16:53:04 | INFO     | trace_id=6cca47ef-323c-40ef-89c7-1d8610c2aa6d - Returned response: 200
2026-07-30 16:53:05 | INFO     | trace_id=dcfd6db3-d7a5-46a4-98cf-bffb434e02b8 - Received request: GET /api/v1/personas
2026-07-30 16:53:05 | INFO     | trace_id=dcfd6db3-d7a5-46a4-98cf-bffb434e02b8 - Returned response: 200
2026-07-30 16:53:05 | INFO     | trace_id=f539ab57-fa3e-4eb7-8964-dc2b5d5a620c - Received request: GET /api/v1/personas
2026-07-30 16:53:05 | INFO     | trace_id=f539ab57-fa3e-4eb7-8964-dc2b5d5a620c - Returned response: 200
2026-07-30 16:53:06 | INFO     | trace_id=46f3a5cf-16b9-417a-bc08-6ee6bd71a75c - Received request: GET /api/v1/feynman/progress
2026-07-30 16:53:06 | INFO     | trace_id=70dc048f-280d-48f4-870c-e476790f9ae1 - Received request: GET /api/v1/pomodoro/stats
2026-07-30 16:53:06 | INFO     | trace_id=46f3a5cf-16b9-417a-bc08-6ee6bd71a75c - Returned response: 200
2026-07-30 16:53:06 | INFO     | trace_id=34721342-f149-4a61-9d21-6f1325a9e99f - Received request: GET /api/v1/feynman/progress
2026-07-30 16:53:06 | INFO     | trace_id=34721342-f149-4a61-9d21-6f1325a9e99f - Returned response: 200
2026-07-30 16:53:06 | INFO     | trace_id=70dc048f-280d-48f4-870c-e476790f9ae1 - Returned response: 200
2026-07-30 16:53:06 | INFO     | trace_id=07f0e715-2c22-42cd-aa08-e62afa5646dd - Received request: GET /api/v1/pomodoro/stats
2026-07-30 16:53:06 | INFO     | trace_id=07f0e715-2c22-42cd-aa08-e62afa5646dd - Returned response: 200
2026-07-30 16:53:17 | INFO     | trace_id=965805bc-404e-46f7-b975-da48bc676bc7 - Received request: GET /api/v1/personas
2026-07-30 16:53:17 | INFO     | trace_id=965805bc-404e-46f7-b975-da48bc676bc7 - Returned response: 200
2026-07-30 16:53:17 | INFO     | trace_id=9398352b-b213-4973-b948-e8ac665bee14 - Received request: GET /api/v1/personas
2026-07-30 16:53:17 | INFO     | trace_id=9398352b-b213-4973-b948-e8ac665bee14 - Returned response: 200
2026-07-30 16:53:18 | INFO     | trace_id=2ed576fd-8e5e-40c9-a2bf-da82e425debd - Received request: GET /api/v1/admin/prewarm/status
2026-07-30 16:53:18 | INFO     | trace_id=2ed576fd-8e5e-40c9-a2bf-da82e425debd - Returned response: 200
2026-07-30 16:53:18 | INFO     | trace_id=6288b691-db0b-4332-a663-25bb06bfcd0e - Received request: GET /api/v1/admin/prewarm/status
2026-07-30 16:53:18 | INFO     | trace_id=6288b691-db0b-4332-a663-25bb06bfcd0e - Returned response: 200
2026-07-30 16:53:21 | INFO     | trace_id=3e465474-5aac-48e2-94cf-92fe1403f153 - Received request: GET /api/v1/admin/key-points/stats
2026-07-30 16:53:21 | INFO     | trace_id=628fba99-a2b4-4985-bdce-bc1b526da7a8 - Received request: GET /api/v1/admin/knowledge-drafts
2026-07-30 16:53:21 | INFO     | trace_id=3e465474-5aac-48e2-94cf-92fe1403f153 - Returned response: 200
2026-07-30 16:53:21 | INFO     | trace_id=05131d33-d432-45a5-a6e3-2eb1e3287fa9 - Received request: GET /api/v1/admin/key-points/stats
2026-07-30 16:53:21 | INFO     | trace_id=05131d33-d432-45a5-a6e3-2eb1e3287fa9 - Returned response: 200
2026-07-30 16:53:21 | INFO     | trace_id=628fba99-a2b4-4985-bdce-bc1b526da7a8 - Returned response: 200
2026-07-30 16:53:21 | INFO     | trace_id=32da0c1a-4341-401b-aef2-fdfcfaf9b5c0 - Received request: GET /api/v1/admin/knowledge-drafts
2026-07-30 16:53:21 | INFO     | trace_id=32da0c1a-4341-401b-aef2-fdfcfaf9b5c0 - Returned response: 200
2026-07-30 16:53:25 | INFO     | trace_id=c1774162-a6e1-490d-ba5b-ee2e4215341a - Received request: GET /api/v1/admin/exam-papers
2026-07-30 16:53:25 | INFO     | trace_id=c1774162-a6e1-490d-ba5b-ee2e4215341a - Returned response: 200
2026-07-30 16:53:25 | INFO     | trace_id=68fc1878-6e7f-45c3-9bda-ce50779c389d - Received request: GET /api/v1/admin/questions
2026-07-30 16:53:25 | INFO     | trace_id=6783fb16-ebf6-4f1d-9251-6fa3a934ccde - Received request: GET /api/v1/admin/personas
2026-07-30 16:53:25 | INFO     | trace_id=68fc1878-6e7f-45c3-9bda-ce50779c389d - Returned response: 200
2026-07-30 16:53:25 | INFO     | trace_id=6783fb16-ebf6-4f1d-9251-6fa3a934ccde - Returned response: 200
2026-07-30 16:53:29 | INFO     | trace_id=0bd63ceb-dc21-42a9-bafa-b154bc9acb5b - Received request: GET /api/v1/admin/questions
2026-07-30 16:53:29 | INFO     | trace_id=0bd63ceb-dc21-42a9-bafa-b154bc9acb5b - Returned response: 200
2026-07-30 16:59:05 | INFO     | trace_id=16f4f599-957a-489f-821a-90c16460b001 - Received request: GET /api/v1/personas
2026-07-30 16:59:05 | INFO     | trace_id=16f4f599-957a-489f-821a-90c16460b001 - Returned response: 200
2026-07-30 16:59:05 | INFO     | trace_id=1d3ca175-fc9c-45b5-947a-eb03bbe77522 - Received request: GET /api/v1/personas
2026-07-30 16:59:05 | INFO     | trace_id=1d3ca175-fc9c-45b5-947a-eb03bbe77522 - Returned response: 200
2026-07-30 16:59:06 | INFO     | trace_id=e13155e4-9313-44f6-b54e-fbbf07f80e88 - Received request: GET /api/v1/feynman/progress
2026-07-30 16:59:06 | INFO     | trace_id=642f0136-8a99-436a-a57e-15c92632d0d6 - Received request: GET /api/v1/pomodoro/stats
2026-07-30 16:59:06 | INFO     | trace_id=e13155e4-9313-44f6-b54e-fbbf07f80e88 - Returned response: 200
2026-07-30 16:59:06 | INFO     | trace_id=c427adc7-985d-4693-9314-e91f02a28c98 - Received request: GET /api/v1/feynman/progress
2026-07-30 16:59:06 | INFO     | trace_id=c427adc7-985d-4693-9314-e91f02a28c98 - Returned response: 200
2026-07-30 16:59:06 | INFO     | trace_id=642f0136-8a99-436a-a57e-15c92632d0d6 - Returned response: 200
2026-07-30 16:59:06 | INFO     | trace_id=3a6dbed0-4561-4930-9383-a19deff0eb3e - Received request: GET /api/v1/pomodoro/stats
2026-07-30 16:59:06 | INFO     | trace_id=3a6dbed0-4561-4930-9383-a19deff0eb3e - Returned response: 200
2026-07-30 16:59:58 | INFO     | trace_id=2e518ba6-430c-439b-baf9-2b084078ff71 - Received request: GET /api/v1/personas
2026-07-30 16:59:58 | INFO     | trace_id=2e518ba6-430c-439b-baf9-2b084078ff71 - Returned response: 200
2026-07-30 16:59:58 | INFO     | trace_id=17da41bc-a080-4917-98a3-abec42f8b52c - Received request: GET /api/v1/personas
2026-07-30 16:59:58 | INFO     | trace_id=17da41bc-a080-4917-98a3-abec42f8b52c - Returned response: 200
2026-07-30 16:59:59 | INFO     | trace_id=d86c3475-6f5e-44c6-8452-52ee48ce2b50 - Received request: GET /api/v1/admin/prewarm/status
2026-07-30 16:59:59 | INFO     | trace_id=d86c3475-6f5e-44c6-8452-52ee48ce2b50 - Returned response: 200
2026-07-30 16:59:59 | INFO     | trace_id=41cf2483-b1d0-4db1-91f9-583df99c3e02 - Received request: GET /api/v1/admin/prewarm/status
2026-07-30 16:59:59 | INFO     | trace_id=41cf2483-b1d0-4db1-91f9-583df99c3e02 - Returned response: 200
2026-07-30 16:59:59 | INFO     | trace_id=ddffad43-6a0e-41b9-ad5e-a1e157a0470d - Received request: GET /api/v1/feynman/progress
2026-07-30 16:59:59 | INFO     | trace_id=950ea94d-a29c-45bf-93e1-94e96245dc22 - Received request: GET /api/v1/pomodoro/stats
2026-07-30 16:59:59 | INFO     | trace_id=ddffad43-6a0e-41b9-ad5e-a1e157a0470d - Returned response: 200
2026-07-30 16:59:59 | INFO     | trace_id=c3025417-61a8-40c9-b67e-f4480d8ad4fc - Received request: GET /api/v1/feynman/progress
2026-07-30 16:59:59 | INFO     | trace_id=c3025417-61a8-40c9-b67e-f4480d8ad4fc - Returned response: 200
2026-07-30 16:59:59 | INFO     | trace_id=950ea94d-a29c-45bf-93e1-94e96245dc22 - Returned response: 200
2026-07-30 16:59:59 | INFO     | trace_id=17a78f1d-d216-49f4-bc6c-f78ea88cb1c6 - Received request: GET /api/v1/pomodoro/stats
2026-07-30 16:59:59 | INFO     | trace_id=17a78f1d-d216-49f4-bc6c-f78ea88cb1c6 - Returned response: 200
2026-07-30 17:00:01 | INFO     | trace_id=e92960f4-a207-482e-9cc2-834316df128b - Received request: GET /api/v1/personas
2026-07-30 17:00:01 | INFO     | trace_id=e92960f4-a207-482e-9cc2-834316df128b - Returned response: 200
2026-07-30 17:00:01 | INFO     | trace_id=737fd6d4-9028-478d-b344-5434c75b2cdd - Received request: GET /api/v1/personas
2026-07-30 17:00:01 | INFO     | trace_id=737fd6d4-9028-478d-b344-5434c75b2cdd - Returned response: 200
2026-07-30 17:00:01 | INFO     | trace_id=b6ea5d43-cf49-48b0-90fe-410085031cf4 - Received request: GET /api/v1/admin/prewarm/status
2026-07-30 17:00:01 | INFO     | trace_id=b6ea5d43-cf49-48b0-90fe-410085031cf4 - Returned response: 200
2026-07-30 17:00:01 | INFO     | trace_id=c560e621-1d6c-4152-885d-08cebf65b934 - Received request: GET /api/v1/admin/prewarm/status
2026-07-30 17:00:01 | INFO     | trace_id=c560e621-1d6c-4152-885d-08cebf65b934 - Returned response: 200
2026-07-30 17:00:02 | INFO     | trace_id=2ef5e7d5-a03e-4eae-a6c8-1acac586aeb8 - Received request: GET /api/v1/feynman/progress
2026-07-30 17:00:02 | INFO     | trace_id=253d7fb5-d13d-4e82-a549-4a9e988dec53 - Received request: GET /api/v1/pomodoro/stats
2026-07-30 17:00:02 | INFO     | trace_id=2ef5e7d5-a03e-4eae-a6c8-1acac586aeb8 - Returned response: 200
2026-07-30 17:00:02 | INFO     | trace_id=800b097b-c495-44f5-94c7-c5993b3b9081 - Received request: GET /api/v1/feynman/progress
2026-07-30 17:00:02 | INFO     | trace_id=800b097b-c495-44f5-94c7-c5993b3b9081 - Returned response: 200
2026-07-30 17:00:02 | INFO     | trace_id=253d7fb5-d13d-4e82-a549-4a9e988dec53 - Returned response: 200
2026-07-30 17:00:02 | INFO     | trace_id=fefb494e-96f3-4a8f-ab67-8472209efc2f - Received request: GET /api/v1/pomodoro/stats
2026-07-30 17:00:02 | INFO     | trace_id=fefb494e-96f3-4a8f-ab67-8472209efc2f - Returned response: 200
2026-07-30 17:00:03 | INFO     | trace_id=a0f0ab27-42af-4bb4-bcfa-bb0542b28bd2 - Received request: GET /api/v1/personas
2026-07-30 17:00:03 | INFO     | trace_id=a0f0ab27-42af-4bb4-bcfa-bb0542b28bd2 - Returned response: 200
2026-07-30 17:00:03 | INFO     | trace_id=df5fcc3b-82ea-4abd-bc5b-22caeb41aa24 - Received request: GET /api/v1/personas
2026-07-30 17:00:03 | INFO     | trace_id=df5fcc3b-82ea-4abd-bc5b-22caeb41aa24 - Returned response: 200
2026-07-30 17:00:04 | INFO     | trace_id=e8cc87af-d44a-4a1e-864b-531ff1ab7055 - Received request: GET /api/v1/coze-practice/business-lines
2026-07-30 17:00:04 | INFO     | trace_id=e8cc87af-d44a-4a1e-864b-531ff1ab7055 - Returned response: 200
2026-07-30 17:00:04 | INFO     | trace_id=45d540eb-1759-4932-8546-622e397666c8 - Received request: GET /api/v1/coze-practice/business-lines
2026-07-30 17:00:04 | INFO     | trace_id=45d540eb-1759-4932-8546-622e397666c8 - Returned response: 200
2026-07-30 17:00:10 | INFO     | trace_id=970dfb56-2861-4b18-9403-2edb29da5d03 - Received request: GET /api/v1/personas
2026-07-30 17:00:10 | INFO     | trace_id=970dfb56-2861-4b18-9403-2edb29da5d03 - Returned response: 200
2026-07-30 17:00:10 | INFO     | trace_id=22517f8c-981f-4aac-9d56-47b239712376 - Received request: GET /api/v1/personas
2026-07-30 17:00:10 | INFO     | trace_id=22517f8c-981f-4aac-9d56-47b239712376 - Returned response: 200
2026-07-30 17:00:14 | INFO     | trace_id=244b9834-e3fa-4c80-b410-ca3c92f0d96f - Received request: GET /api/v1/dynamic-exam/history
2026-07-30 17:00:14 | INFO     | trace_id=244b9834-e3fa-4c80-b410-ca3c92f0d96f - Returned response: 200
2026-07-30 17:00:16 | INFO     | trace_id=b20820d7-06e4-4a74-9ef4-3da63b899dd7 - Received request: GET /api/v1/coze-practice/business-lines
2026-07-30 17:00:16 | INFO     | trace_id=b20820d7-06e4-4a74-9ef4-3da63b899dd7 - Returned response: 200
2026-07-30 17:00:16 | INFO     | trace_id=b246d0fc-fb1a-40b7-a594-0d4e8860ea79 - Received request: GET /api/v1/coze-practice/business-lines
2026-07-30 17:00:16 | INFO     | trace_id=b246d0fc-fb1a-40b7-a594-0d4e8860ea79 - Returned response: 200
2026-07-30 17:00:19 | INFO     | trace_id=e3dc6bd6-4d7e-4c85-9fea-7955c7f0128b - Received request: GET /api/v1/personas
2026-07-30 17:00:19 | INFO     | trace_id=e3dc6bd6-4d7e-4c85-9fea-7955c7f0128b - Returned response: 200
2026-07-30 17:00:19 | INFO     | trace_id=bd9ee8a7-0b76-40a7-9b55-b6a57eac2a05 - Received request: GET /api/v1/personas
2026-07-30 17:00:19 | INFO     | trace_id=bd9ee8a7-0b76-40a7-9b55-b6a57eac2a05 - Returned response: 200
2026-07-30 17:00:21 | INFO     | trace_id=ec8fc90f-e789-40bb-ba99-35352d609044 - Received request: GET /api/v1/feynman/progress
2026-07-30 17:00:21 | INFO     | trace_id=2ac68185-d5e0-4d56-895d-a901c3514c9e - Received request: GET /api/v1/pomodoro/stats
2026-07-30 17:00:21 | INFO     | trace_id=ec8fc90f-e789-40bb-ba99-35352d609044 - Returned response: 200
2026-07-30 17:00:21 | INFO     | trace_id=508006bf-509e-467a-a8e0-16ade47d32ea - Received request: GET /api/v1/feynman/progress
2026-07-30 17:00:21 | INFO     | trace_id=508006bf-509e-467a-a8e0-16ade47d32ea - Returned response: 200
2026-07-30 17:00:21 | INFO     | trace_id=2ac68185-d5e0-4d56-895d-a901c3514c9e - Returned response: 200
2026-07-30 17:00:21 | INFO     | trace_id=7b5ddfb3-539c-4f69-8b8f-8648d2a167e1 - Received request: GET /api/v1/pomodoro/stats
2026-07-30 17:00:22 | INFO     | trace_id=7b5ddfb3-539c-4f69-8b8f-8648d2a167e1 - Returned response: 200
2026-07-30 17:00:28 | INFO     | trace_id=1ea916db-d67a-4605-ba13-835496d880e7 - Received request: GET /api/v1/personas
2026-07-30 17:00:28 | INFO     | trace_id=1ea916db-d67a-4605-ba13-835496d880e7 - Returned response: 200
2026-07-30 17:00:28 | INFO     | trace_id=4cd383b7-3d3f-4c13-a62c-5035d563e72c - Received request: GET /api/v1/personas
2026-07-30 17:00:28 | INFO     | trace_id=4cd383b7-3d3f-4c13-a62c-5035d563e72c - Returned response: 200
2026-07-30 17:00:29 | INFO     | trace_id=cc6b325b-a84e-4b57-87e6-986b633fc5e4 - Received request: GET /api/v1/admin/prewarm/status
2026-07-30 17:00:29 | INFO     | trace_id=cc6b325b-a84e-4b57-87e6-986b633fc5e4 - Returned response: 200
2026-07-30 17:00:29 | INFO     | trace_id=e828be08-d670-47b0-b758-7dd7d39c7222 - Received request: GET /api/v1/admin/prewarm/status
2026-07-30 17:00:29 | INFO     | trace_id=e828be08-d670-47b0-b758-7dd7d39c7222 - Returned response: 200
2026-07-30 17:00:29 | INFO     | trace_id=4ec8d0dd-f62b-497c-9623-f0127c36f73f - Received request: GET /api/v1/personas
2026-07-30 17:00:29 | INFO     | trace_id=4ec8d0dd-f62b-497c-9623-f0127c36f73f - Returned response: 200
2026-07-30 17:00:29 | INFO     | trace_id=8c6c9ed3-e52f-45e8-a276-49cc47cbdbc8 - Received request: GET /api/v1/personas
2026-07-30 17:00:29 | INFO     | trace_id=8c6c9ed3-e52f-45e8-a276-49cc47cbdbc8 - Returned response: 200
2026-07-30 17:00:30 | INFO     | trace_id=6ba1d347-7bff-4d07-82b5-8201e8dccac2 - Received request: GET /api/v1/feynman/progress
2026-07-30 17:00:30 | INFO     | trace_id=c6bace77-5487-492c-855d-3b28d07850b3 - Received request: GET /api/v1/pomodoro/stats
2026-07-30 17:00:30 | INFO     | trace_id=6ba1d347-7bff-4d07-82b5-8201e8dccac2 - Returned response: 200
2026-07-30 17:00:30 | INFO     | trace_id=5448a8ed-7411-4d87-b3ad-e9377ae3ee30 - Received request: GET /api/v1/feynman/progress
2026-07-30 17:00:30 | INFO     | trace_id=5448a8ed-7411-4d87-b3ad-e9377ae3ee30 - Returned response: 200
2026-07-30 17:00:30 | INFO     | trace_id=c6bace77-5487-492c-855d-3b28d07850b3 - Returned response: 200
2026-07-30 17:00:30 | INFO     | trace_id=5980569c-acab-4670-96e0-901cc49915bd - Received request: GET /api/v1/pomodoro/stats
2026-07-30 17:00:30 | INFO     | trace_id=5980569c-acab-4670-96e0-901cc49915bd - Returned response: 200
2026-07-30 17:00:30 | INFO     | trace_id=cf8a1e8c-bf96-4de6-bbcf-7d8a4dee7fe7 - Received request: GET /api/v1/personas
2026-07-30 17:00:30 | INFO     | trace_id=cf8a1e8c-bf96-4de6-bbcf-7d8a4dee7fe7 - Returned response: 200
2026-07-30 17:00:30 | INFO     | trace_id=1905e5ff-4bf8-4001-bef8-272c1c3c8675 - Received request: GET /api/v1/personas
2026-07-30 17:00:30 | INFO     | trace_id=1905e5ff-4bf8-4001-bef8-272c1c3c8675 - Returned response: 200
2026-07-30 17:00:30 | INFO     | trace_id=7bf05a62-5765-499b-bcc1-af70af09b657 - Received request: GET /api/v1/admin/prewarm/status
2026-07-30 17:00:30 | INFO     | trace_id=7bf05a62-5765-499b-bcc1-af70af09b657 - Returned response: 200
2026-07-30 17:00:30 | INFO     | trace_id=42d9c11e-c08e-4577-a66a-89448928f8c0 - Received request: GET /api/v1/admin/prewarm/status
2026-07-30 17:00:30 | INFO     | trace_id=42d9c11e-c08e-4577-a66a-89448928f8c0 - Returned response: 200
2026-07-30 17:00:31 | INFO     | trace_id=dce13ffb-b9e7-4e34-8785-149db5694dde - Received request: GET /api/v1/personas
2026-07-30 17:00:31 | INFO     | trace_id=dce13ffb-b9e7-4e34-8785-149db5694dde - Returned response: 200
2026-07-30 17:00:31 | INFO     | trace_id=807887b5-b1f0-4677-9269-c52ec6e38d15 - Received request: GET /api/v1/personas
2026-07-30 17:00:31 | INFO     | trace_id=807887b5-b1f0-4677-9269-c52ec6e38d15 - Returned response: 200
2026-07-30 17:00:31 | INFO     | trace_id=db7234c5-3c95-4cbd-82d6-baa339a58b69 - Received request: GET /api/v1/admin/prewarm/status
2026-07-30 17:00:31 | INFO     | trace_id=db7234c5-3c95-4cbd-82d6-baa339a58b69 - Returned response: 200
2026-07-30 17:00:31 | INFO     | trace_id=4bd172be-f7d8-4d78-b7e5-d70351ca4ed2 - Received request: GET /api/v1/admin/prewarm/status
2026-07-30 17:00:31 | INFO     | trace_id=4bd172be-f7d8-4d78-b7e5-d70351ca4ed2 - Returned response: 200
2026-07-30 17:00:33 | INFO     | trace_id=3572b900-52d2-46ea-a2e5-f63655df09db - Received request: GET /api/v1/admin/prewarm/status
2026-07-30 17:00:33 | INFO     | trace_id=df2047d9-66d8-4720-b05b-4f9e96bff34a - Received request: GET /api/v1/admin/practice-nodes
2026-07-30 17:00:33 | INFO     | trace_id=3572b900-52d2-46ea-a2e5-f63655df09db - Returned response: 200
2026-07-30 17:00:33 | INFO     | trace_id=1825fe50-5095-42f7-91c9-1a48569a0835 - Received request: GET /api/v1/admin/prewarm/status
2026-07-30 17:00:33 | INFO     | trace_id=1825fe50-5095-42f7-91c9-1a48569a0835 - Returned response: 200
2026-07-30 17:00:33 | INFO     | trace_id=df2047d9-66d8-4720-b05b-4f9e96bff34a - Returned response: 200
2026-07-30 17:00:33 | INFO     | trace_id=ee8b1c1d-d1cc-4ef7-a46b-eb684cf6de46 - Received request: GET /api/v1/admin/practice-nodes
2026-07-30 17:00:33 | INFO     | trace_id=ee8b1c1d-d1cc-4ef7-a46b-eb684cf6de46 - Returned response: 200
2026-07-30 20:13:59 | INFO     | trace_id=8a1557b0-8751-4273-87c5-a2609c7a00b0 - Received request: GET /api/v1/feynman/progress
2026-07-30 20:14:00 | INFO     | trace_id=e8dea8bf-7219-42e5-89b1-bbb9e6df8af9 - Received request: GET /api/v1/pomodoro/stats
2026-07-30 20:14:00 | INFO     | trace_id=8a1557b0-8751-4273-87c5-a2609c7a00b0 - Returned response: 200
2026-07-30 20:14:00 | INFO     | trace_id=8e88cfd2-965f-437b-8a51-47c453e746eb - Received request: GET /api/v1/feynman/progress
2026-07-30 20:14:00 | INFO     | trace_id=8e88cfd2-965f-437b-8a51-47c453e746eb - Returned response: 200
2026-07-30 20:14:00 | INFO     | trace_id=e8dea8bf-7219-42e5-89b1-bbb9e6df8af9 - Returned response: 200
2026-07-30 20:14:00 | INFO     | trace_id=e33260e1-9afd-4ab7-9693-fbeb4b58aac3 - Received request: GET /api/v1/pomodoro/stats
2026-07-30 20:14:00 | INFO     | trace_id=e33260e1-9afd-4ab7-9693-fbeb4b58aac3 - Returned response: 200
2026-07-30 20:14:07 | INFO     | trace_id=55e5c458-9e28-4ef4-a914-dbd96a24a6c0 - Received request: GET /api/v1/personas
2026-07-30 20:14:07 | INFO     | trace_id=55e5c458-9e28-4ef4-a914-dbd96a24a6c0 - Returned response: 200
2026-07-30 20:14:07 | INFO     | trace_id=fd50cf08-62f5-4f87-9aee-196f589279b9 - Received request: GET /api/v1/personas
2026-07-30 20:14:07 | INFO     | trace_id=fd50cf08-62f5-4f87-9aee-196f589279b9 - Returned response: 200
2026-07-30 20:14:08 | INFO     | trace_id=9b7fea56-1715-4b1f-b28b-5f0b2d4fe39f - Received request: GET /api/v1/admin/prewarm/status
2026-07-30 20:14:08 | INFO     | trace_id=9b7fea56-1715-4b1f-b28b-5f0b2d4fe39f - Returned response: 200
2026-07-30 20:14:08 | INFO     | trace_id=5288969a-dce5-4032-af58-568be24eff72 - Received request: GET /api/v1/admin/prewarm/status
2026-07-30 20:14:08 | INFO     | trace_id=5288969a-dce5-4032-af58-568be24eff72 - Returned response: 200
2026-07-30 20:14:08 | INFO     | trace_id=c84019f6-d1ba-4c47-9765-8ddaab18894e - Received request: GET /api/v1/personas
2026-07-30 20:14:08 | INFO     | trace_id=c84019f6-d1ba-4c47-9765-8ddaab18894e - Returned response: 200
2026-07-30 20:14:08 | INFO     | trace_id=21dabb6e-d887-4092-bc9a-7f65b1e1e977 - Received request: GET /api/v1/personas
2026-07-30 20:14:08 | INFO     | trace_id=21dabb6e-d887-4092-bc9a-7f65b1e1e977 - Returned response: 200
2026-07-30 20:14:10 | INFO     | trace_id=86086b37-df3f-41c7-9ece-5d1a48909c70 - Received request: GET /api/v1/feynman/progress
2026-07-30 20:14:10 | INFO     | trace_id=a0ef9060-a738-43c6-963d-aeed5013e277 - Received request: GET /api/v1/pomodoro/stats
2026-07-30 20:14:10 | INFO     | trace_id=86086b37-df3f-41c7-9ece-5d1a48909c70 - Returned response: 200
2026-07-30 20:14:10 | INFO     | trace_id=1581d32e-ebf9-45cc-8414-a624da4a8478 - Received request: GET /api/v1/feynman/progress
2026-07-30 20:14:10 | INFO     | trace_id=a0ef9060-a738-43c6-963d-aeed5013e277 - Returned response: 200
2026-07-30 20:14:10 | INFO     | trace_id=6a6e00c3-c5cf-4664-8604-4de129dbd6a6 - Received request: GET /api/v1/pomodoro/stats
2026-07-30 20:14:10 | INFO     | trace_id=1581d32e-ebf9-45cc-8414-a624da4a8478 - Returned response: 200
2026-07-30 20:14:10 | INFO     | trace_id=6a6e00c3-c5cf-4664-8604-4de129dbd6a6 - Returned response: 200
2026-07-30 20:14:12 | INFO     | trace_id=fe021c8b-69b0-4814-b731-8c6580bc1bf0 - Received request: GET /api/v1/personas
2026-07-30 20:14:12 | INFO     | trace_id=fe021c8b-69b0-4814-b731-8c6580bc1bf0 - Returned response: 200
2026-07-30 20:14:12 | INFO     | trace_id=92fcdc38-1379-432c-9eaf-d1172770c82b - Received request: GET /api/v1/personas
2026-07-30 20:14:12 | INFO     | trace_id=92fcdc38-1379-432c-9eaf-d1172770c82b - Returned response: 200
2026-07-30 20:14:12 | INFO     | trace_id=46d5f6c9-9838-4a04-b344-a8c30b165b28 - Received request: GET /api/v1/admin/prewarm/status
2026-07-30 20:14:12 | INFO     | trace_id=46d5f6c9-9838-4a04-b344-a8c30b165b28 - Returned response: 200
2026-07-30 20:14:12 | INFO     | trace_id=c9421189-9522-4ee0-809d-933932cfe306 - Received request: GET /api/v1/admin/prewarm/status
2026-07-30 20:14:12 | INFO     | trace_id=c9421189-9522-4ee0-809d-933932cfe306 - Returned response: 200
2026-07-30 20:14:13 | INFO     | trace_id=70918772-3c9f-42fa-a361-d877849908bb - Received request: GET /api/v1/feynman/progress
2026-07-30 20:14:13 | INFO     | trace_id=f9ca4b01-6eb0-47d3-a840-4f03fab3e308 - Received request: GET /api/v1/pomodoro/stats
2026-07-30 20:14:13 | INFO     | trace_id=70918772-3c9f-42fa-a361-d877849908bb - Returned response: 200
2026-07-30 20:14:13 | INFO     | trace_id=32e705a0-4e33-4bbc-9f04-bc2ffbcc2ac3 - Received request: GET /api/v1/feynman/progress
2026-07-30 20:14:13 | INFO     | trace_id=f9ca4b01-6eb0-47d3-a840-4f03fab3e308 - Returned response: 200
2026-07-30 20:14:13 | INFO     | trace_id=32e705a0-4e33-4bbc-9f04-bc2ffbcc2ac3 - Returned response: 200
2026-07-30 20:14:13 | INFO     | trace_id=b7e4496b-62ac-478e-ab1b-90f7b6b709a8 - Received request: GET /api/v1/pomodoro/stats
2026-07-30 20:14:13 | INFO     | trace_id=b7e4496b-62ac-478e-ab1b-90f7b6b709a8 - Returned response: 200
2026-07-30 20:14:15 | INFO     | trace_id=8986b963-4c29-44a5-a922-24c3b2498c2b - Received request: GET /api/v1/personas
2026-07-30 20:14:15 | INFO     | trace_id=8986b963-4c29-44a5-a922-24c3b2498c2b - Returned response: 200
2026-07-30 20:14:15 | INFO     | trace_id=235520c0-9194-490f-ae04-bd6ab5007e33 - Received request: GET /api/v1/personas
2026-07-30 20:14:15 | INFO     | trace_id=235520c0-9194-490f-ae04-bd6ab5007e33 - Returned response: 200
2026-07-30 20:14:16 | INFO     | trace_id=b726946d-82bc-4aa9-b575-8b856e73db84 - Received request: GET /api/v1/admin/prewarm/status
2026-07-30 20:14:16 | INFO     | trace_id=b726946d-82bc-4aa9-b575-8b856e73db84 - Returned response: 200
2026-07-30 20:14:16 | INFO     | trace_id=c2215d09-6c39-46f4-8e55-031335c4faa5 - Received request: GET /api/v1/admin/prewarm/status
2026-07-30 20:14:16 | INFO     | trace_id=c2215d09-6c39-46f4-8e55-031335c4faa5 - Returned response: 200
2026-07-30 20:14:23 | INFO     | trace_id=6bc93fe0-0d6b-48b4-aa6f-1aac64b6d5d7 - Received request: GET /api/v1/feynman/progress
2026-07-30 20:14:23 | INFO     | trace_id=010bfc79-36fc-4381-bd6f-3b7b4fd9d493 - Received request: GET /api/v1/pomodoro/stats
2026-07-30 20:14:23 | INFO     | trace_id=6bc93fe0-0d6b-48b4-aa6f-1aac64b6d5d7 - Returned response: 200
2026-07-30 20:14:23 | INFO     | trace_id=4badacb3-6933-4004-808a-7b257fbb4de3 - Received request: GET /api/v1/feynman/progress
2026-07-30 20:14:23 | INFO     | trace_id=4badacb3-6933-4004-808a-7b257fbb4de3 - Returned response: 200
2026-07-30 20:14:23 | INFO     | trace_id=010bfc79-36fc-4381-bd6f-3b7b4fd9d493 - Returned response: 200
2026-07-30 20:14:23 | INFO     | trace_id=ad00875e-3bde-49a8-8600-1dba29ebd0e4 - Received request: GET /api/v1/pomodoro/stats
2026-07-30 20:14:23 | INFO     | trace_id=ad00875e-3bde-49a8-8600-1dba29ebd0e4 - Returned response: 200
2026-07-30 20:14:25 | INFO     | trace_id=90be856c-a408-4f9a-9b99-d75053b934cc - Received request: GET /api/v1/personas
2026-07-30 20:14:25 | INFO     | trace_id=90be856c-a408-4f9a-9b99-d75053b934cc - Returned response: 200
2026-07-30 20:14:25 | INFO     | trace_id=e197007e-b296-4810-b297-08aad4f606b2 - Received request: GET /api/v1/personas
2026-07-30 20:14:25 | INFO     | trace_id=e197007e-b296-4810-b297-08aad4f606b2 - Returned response: 200
2026-07-30 20:14:29 | INFO     | trace_id=8d3b4406-6499-46b8-b12a-64afb4ea7fb1 - Received request: GET /api/v1/feynman/progress
2026-07-30 20:14:29 | INFO     | trace_id=687982bd-fdc7-4ef4-b607-9d14496850df - Received request: GET /api/v1/pomodoro/stats
2026-07-30 20:14:29 | INFO     | trace_id=8d3b4406-6499-46b8-b12a-64afb4ea7fb1 - Returned response: 200
2026-07-30 20:14:29 | INFO     | trace_id=63edcbff-4f8d-4a5e-96a8-6b7b4cff9d79 - Received request: GET /api/v1/feynman/progress
2026-07-30 20:14:29 | INFO     | trace_id=63edcbff-4f8d-4a5e-96a8-6b7b4cff9d79 - Returned response: 200
2026-07-30 20:14:29 | INFO     | trace_id=687982bd-fdc7-4ef4-b607-9d14496850df - Returned response: 200
2026-07-30 20:14:29 | INFO     | trace_id=4d825ae7-fa71-46f0-a5ed-3ee544835000 - Received request: GET /api/v1/pomodoro/stats
2026-07-30 20:14:29 | INFO     | trace_id=4d825ae7-fa71-46f0-a5ed-3ee544835000 - Returned response: 200
2026-07-30 20:14:41 | INFO     | trace_id=815783bf-4548-4086-8c4d-684204c483f4 - Received request: GET /api/v1/personas
2026-07-30 20:14:41 | INFO     | trace_id=815783bf-4548-4086-8c4d-684204c483f4 - Returned response: 200
2026-07-30 20:14:41 | INFO     | trace_id=b73c66a3-4775-4a02-92b3-841cd83876ba - Received request: GET /api/v1/personas
2026-07-30 20:14:41 | INFO     | trace_id=b73c66a3-4775-4a02-92b3-841cd83876ba - Returned response: 200
2026-07-30 20:14:42 | INFO     | trace_id=e6990ffe-66f4-45e1-83c0-5244734fc382 - Received request: GET /api/v1/admin/prewarm/status
2026-07-30 20:14:42 | INFO     | trace_id=e6990ffe-66f4-45e1-83c0-5244734fc382 - Returned response: 200
2026-07-30 20:14:42 | INFO     | trace_id=07220f74-55c9-4015-bac9-75e9a5cb88a5 - Received request: GET /api/v1/admin/prewarm/status
2026-07-30 20:14:42 | INFO     | trace_id=07220f74-55c9-4015-bac9-75e9a5cb88a5 - Returned response: 200
2026-07-30 20:14:43 | INFO     | trace_id=fe0b8021-c825-4456-af35-030c8d0d848d - Received request: GET /api/v1/personas
2026-07-30 20:14:43 | INFO     | trace_id=fe0b8021-c825-4456-af35-030c8d0d848d - Returned response: 200
2026-07-30 20:14:43 | INFO     | trace_id=50a14869-3145-419a-b19e-11b7efc1b784 - Received request: GET /api/v1/personas
2026-07-30 20:14:43 | INFO     | trace_id=50a14869-3145-419a-b19e-11b7efc1b784 - Returned response: 200
2026-07-30 20:14:44 | INFO     | trace_id=a2d2c883-094b-4976-97bd-14fd5b24c061 - Received request: GET /api/v1/feynman/progress
2026-07-30 20:14:44 | INFO     | trace_id=78f720fd-d671-4b90-8b78-c942a34dc0e4 - Received request: GET /api/v1/pomodoro/stats
2026-07-30 20:14:44 | INFO     | trace_id=a2d2c883-094b-4976-97bd-14fd5b24c061 - Returned response: 200
2026-07-30 20:14:44 | INFO     | trace_id=b6759540-0c4b-4636-b203-a3affd9b6e44 - Received request: GET /api/v1/feynman/progress
2026-07-30 20:14:44 | INFO     | trace_id=b6759540-0c4b-4636-b203-a3affd9b6e44 - Returned response: 200
2026-07-30 20:14:44 | INFO     | trace_id=78f720fd-d671-4b90-8b78-c942a34dc0e4 - Returned response: 200
2026-07-30 20:14:44 | INFO     | trace_id=15344bca-eac4-4f08-8ff5-af8884473967 - Received request: GET /api/v1/pomodoro/stats
2026-07-30 20:14:44 | INFO     | trace_id=15344bca-eac4-4f08-8ff5-af8884473967 - Returned response: 200
2026-07-30 20:14:51 | INFO     | trace_id=aac928a6-e878-41ad-aa7f-fe59dc1861e7 - Received request: GET /api/v1/personas
2026-07-30 20:14:51 | INFO     | trace_id=aac928a6-e878-41ad-aa7f-fe59dc1861e7 - Returned response: 200
2026-07-30 20:14:51 | INFO     | trace_id=4dade2fe-9805-4f73-81ed-7288ee848825 - Received request: GET /api/v1/personas
2026-07-30 20:14:51 | INFO     | trace_id=4dade2fe-9805-4f73-81ed-7288ee848825 - Returned response: 200
2026-07-30 20:14:51 | INFO     | trace_id=2fc6823f-aec1-4256-bb48-daa979b91e45 - Received request: GET /api/v1/feynman/progress
2026-07-30 20:14:51 | INFO     | trace_id=b11ef055-4494-4c65-8f8c-8c0702fdc78c - Received request: GET /api/v1/pomodoro/stats
2026-07-30 20:14:51 | INFO     | trace_id=2fc6823f-aec1-4256-bb48-daa979b91e45 - Returned response: 200
2026-07-30 20:14:51 | INFO     | trace_id=f86c3e47-e9e9-411f-836a-f0a5456af60d - Received request: GET /api/v1/feynman/progress
2026-07-30 20:14:51 | INFO     | trace_id=f86c3e47-e9e9-411f-836a-f0a5456af60d - Returned response: 200
2026-07-30 20:14:51 | INFO     | trace_id=b11ef055-4494-4c65-8f8c-8c0702fdc78c - Returned response: 200
2026-07-30 20:14:51 | INFO     | trace_id=4af2dd10-c907-431e-8f5b-163033cf9ebc - Received request: GET /api/v1/pomodoro/stats
2026-07-30 20:14:51 | INFO     | trace_id=4af2dd10-c907-431e-8f5b-163033cf9ebc - Returned response: 200
2026-07-30 20:14:52 | INFO     | trace_id=21ce5c1d-02b8-4577-ab17-e4b3557a7df4 - Received request: GET /api/v1/personas
2026-07-30 20:14:52 | INFO     | trace_id=21ce5c1d-02b8-4577-ab17-e4b3557a7df4 - Returned response: 200
2026-07-30 20:14:52 | INFO     | trace_id=4412ad8b-e1d6-40bb-bbbc-994c07b09342 - Received request: GET /api/v1/personas
2026-07-30 20:14:52 | INFO     | trace_id=4412ad8b-e1d6-40bb-bbbc-994c07b09342 - Returned response: 200
2026-07-30 20:14:53 | INFO     | trace_id=10fadb13-9f6b-4b6b-9bbe-6ab2c0783c8d - Received request: GET /api/v1/feynman/progress
2026-07-30 20:14:53 | INFO     | trace_id=dcda9dfa-658b-4b3b-87e9-af3f0852901d - Received request: GET /api/v1/pomodoro/stats
2026-07-30 20:14:53 | INFO     | trace_id=10fadb13-9f6b-4b6b-9bbe-6ab2c0783c8d - Returned response: 200
2026-07-30 20:14:53 | INFO     | trace_id=2385d730-b5e5-4fbd-84f2-15366fecc668 - Received request: GET /api/v1/feynman/progress
2026-07-30 20:14:53 | INFO     | trace_id=dcda9dfa-658b-4b3b-87e9-af3f0852901d - Returned response: 200
2026-07-30 20:14:53 | INFO     | trace_id=2385d730-b5e5-4fbd-84f2-15366fecc668 - Returned response: 200
2026-07-30 20:14:53 | INFO     | trace_id=7c9cf554-37c8-4ca0-9784-2ae727799b81 - Received request: GET /api/v1/pomodoro/stats
2026-07-30 20:14:53 | INFO     | trace_id=7c9cf554-37c8-4ca0-9784-2ae727799b81 - Returned response: 200
2026-07-30 20:14:53 | INFO     | trace_id=4d21e448-281b-4eef-8a42-81341d1efd2e - Received request: GET /api/v1/personas
2026-07-30 20:14:53 | INFO     | trace_id=4d21e448-281b-4eef-8a42-81341d1efd2e - Returned response: 200
2026-07-30 20:14:53 | INFO     | trace_id=6a3b86f5-cbc6-4769-83b3-a55da0c28005 - Received request: GET /api/v1/personas
2026-07-30 20:14:53 | INFO     | trace_id=6a3b86f5-cbc6-4769-83b3-a55da0c28005 - Returned response: 200
2026-07-30 20:15:00 | INFO     | trace_id=588459db-385f-4d9f-89dd-9e3847caee00 - Received request: GET /api/v1/admin/prewarm/status
2026-07-30 20:15:00 | INFO     | trace_id=588459db-385f-4d9f-89dd-9e3847caee00 - Returned response: 200
2026-07-30 20:15:00 | INFO     | trace_id=0310d030-22dd-4aff-ab26-56e2f915c460 - Received request: GET /api/v1/admin/prewarm/status
2026-07-30 20:15:00 | INFO     | trace_id=0310d030-22dd-4aff-ab26-56e2f915c460 - Returned response: 200
2026-07-30 20:15:02 | INFO     | trace_id=2fad069c-aec5-4fb3-a9ba-247baabc1b4b - Received request: GET /api/v1/personas
2026-07-30 20:15:02 | INFO     | trace_id=2fad069c-aec5-4fb3-a9ba-247baabc1b4b - Returned response: 200
2026-07-30 20:15:02 | INFO     | trace_id=e0891dad-6a7b-4ce0-a9d7-16eb97239571 - Received request: GET /api/v1/personas
2026-07-30 20:15:02 | INFO     | trace_id=e0891dad-6a7b-4ce0-a9d7-16eb97239571 - Returned response: 200
2026-07-30 20:15:03 | INFO     | trace_id=82cbb21c-be06-403f-b0ef-68f93675ce27 - Received request: GET /api/v1/coze-practice/business-lines
2026-07-30 20:15:03 | INFO     | trace_id=82cbb21c-be06-403f-b0ef-68f93675ce27 - Returned response: 200
2026-07-30 20:15:03 | INFO     | trace_id=cced2e3a-214a-4239-92a0-abd004c97f0d - Received request: GET /api/v1/coze-practice/business-lines
2026-07-30 20:15:03 | INFO     | trace_id=cced2e3a-214a-4239-92a0-abd004c97f0d - Returned response: 200
2026-07-30 20:15:11 | INFO     | trace_id=04b5ece0-519d-4ba3-a84a-6c5845c8e498 - Received request: GET /api/v1/feynman/progress
2026-07-30 20:15:11 | INFO     | trace_id=947e8ca3-999b-4c60-8932-44930495778c - Received request: GET /api/v1/pomodoro/stats
2026-07-30 20:15:11 | INFO     | trace_id=04b5ece0-519d-4ba3-a84a-6c5845c8e498 - Returned response: 200
2026-07-30 20:15:11 | INFO     | trace_id=010e0e7c-19dd-4a82-b8ee-e2320185241c - Received request: GET /api/v1/feynman/progress
2026-07-30 20:15:11 | INFO     | trace_id=010e0e7c-19dd-4a82-b8ee-e2320185241c - Returned response: 200
2026-07-30 20:15:11 | INFO     | trace_id=947e8ca3-999b-4c60-8932-44930495778c - Returned response: 200
2026-07-30 20:15:11 | INFO     | trace_id=76e240ae-acea-4ef4-a7bc-98c5649b6379 - Received request: GET /api/v1/pomodoro/stats
2026-07-30 20:15:11 | INFO     | trace_id=76e240ae-acea-4ef4-a7bc-98c5649b6379 - Returned response: 200
2026-07-30 20:15:23 | INFO     | trace_id=fbc8e37f-2d8b-4347-8f1a-9f48f3d6abd3 - Received request: GET /api/v1/practice/categories
2026-07-30 20:15:23 | INFO     | trace_id=89040c00-9374-498e-9fc7-e0fc6cf0bbae - Received request: GET /api/v1/practice/recommended
2026-07-30 20:15:23 | INFO     | trace_id=89040c00-9374-498e-9fc7-e0fc6cf0bbae - Returned response: 200
2026-07-30 20:15:23 | INFO     | trace_id=fbc8e37f-2d8b-4347-8f1a-9f48f3d6abd3 - Returned response: 200
2026-07-30 20:15:43 | INFO     | trace_id=40880b8e-d193-4fdd-9887-1e83aeb8b86e - Received request: GET /api/v1/admin/prewarm/status
2026-07-30 20:15:43 | INFO     | trace_id=40880b8e-d193-4fdd-9887-1e83aeb8b86e - Returned response: 200
2026-07-30 20:15:43 | INFO     | trace_id=a052670a-8a16-41b0-8b1c-54a8c034718f - Received request: GET /api/v1/admin/prewarm/status
2026-07-30 20:15:43 | INFO     | trace_id=a052670a-8a16-41b0-8b1c-54a8c034718f - Returned response: 200
2026-07-30 20:15:51 | INFO     | trace_id=b9476823-7f43-4795-9a1f-8a751c2782c7 - Received request: GET /api/v1/admin/questions
2026-07-30 20:15:51 | INFO     | trace_id=b9476823-7f43-4795-9a1f-8a751c2782c7 - Returned response: 200
2026-07-30 20:16:02 | INFO     | trace_id=e0bac533-dfb5-4313-92af-736428990528 - Received request: GET /api/v1/personas
2026-07-30 20:16:02 | INFO     | trace_id=e0bac533-dfb5-4313-92af-736428990528 - Returned response: 200
2026-07-30 20:16:02 | INFO     | trace_id=ee8d270f-3a78-4503-be9d-deb4b693883e - Received request: GET /api/v1/personas
2026-07-30 20:16:02 | INFO     | trace_id=ee8d270f-3a78-4503-be9d-deb4b693883e - Returned response: 200
2026-07-30 20:16:03 | INFO     | trace_id=e8308b52-06c4-4513-8d6b-28dd2397b6af - Received request: GET /api/v1/feynman/progress
2026-07-30 20:16:03 | INFO     | trace_id=ec1320d0-7a32-4510-adae-9b763557f925 - Received request: GET /api/v1/pomodoro/stats
2026-07-30 20:16:03 | INFO     | trace_id=e8308b52-06c4-4513-8d6b-28dd2397b6af - Returned response: 200
2026-07-30 20:16:03 | INFO     | trace_id=9d30e9e7-6cec-4169-a984-71eb12171167 - Received request: GET /api/v1/feynman/progress
2026-07-30 20:16:03 | INFO     | trace_id=9d30e9e7-6cec-4169-a984-71eb12171167 - Returned response: 200
2026-07-30 20:16:03 | INFO     | trace_id=ec1320d0-7a32-4510-adae-9b763557f925 - Returned response: 200
2026-07-30 20:16:03 | INFO     | trace_id=ac80a4be-329b-4b22-9330-29a0ce017e98 - Received request: GET /api/v1/pomodoro/stats
2026-07-30 20:16:03 | INFO     | trace_id=ac80a4be-329b-4b22-9330-29a0ce017e98 - Returned response: 200
2026-07-30 20:16:03 | INFO     | trace_id=502334ee-d698-4e66-9a3a-0b1abb0b58fa - Received request: GET /api/v1/personas
2026-07-30 20:16:03 | INFO     | trace_id=502334ee-d698-4e66-9a3a-0b1abb0b58fa - Returned response: 200
2026-07-30 20:16:03 | INFO     | trace_id=248a9719-ecd5-43a5-b903-22d6c08382f3 - Received request: GET /api/v1/personas
2026-07-30 20:16:03 | INFO     | trace_id=248a9719-ecd5-43a5-b903-22d6c08382f3 - Returned response: 200
2026-07-30 20:16:07 | INFO     | trace_id=abd2379f-656b-46f2-9cd5-68b6101b6b04 - Received request: GET /api/v1/coze-practice/business-lines
2026-07-30 20:16:07 | INFO     | trace_id=abd2379f-656b-46f2-9cd5-68b6101b6b04 - Returned response: 200
2026-07-30 20:16:07 | INFO     | trace_id=3c128a1e-862c-4d4b-80f3-2edf5e1d73ba - Received request: GET /api/v1/coze-practice/business-lines
2026-07-30 20:16:07 | INFO     | trace_id=3c128a1e-862c-4d4b-80f3-2edf5e1d73ba - Returned response: 200
2026-07-30 20:16:08 | INFO     | trace_id=98f8d814-27ec-4b19-86ac-3562f31af3cb - Received request: GET /api/v1/personas
2026-07-30 20:16:08 | INFO     | trace_id=98f8d814-27ec-4b19-86ac-3562f31af3cb - Returned response: 200
2026-07-30 20:16:08 | INFO     | trace_id=394ac2a3-2c6d-4926-98d8-a956a2cdecb0 - Received request: GET /api/v1/personas
2026-07-30 20:16:08 | INFO     | trace_id=394ac2a3-2c6d-4926-98d8-a956a2cdecb0 - Returned response: 200
2026-07-30 20:17:03 | INFO     | trace_id=24c921ef-941f-4e15-b89f-c23c1d9719d4 - Received request: GET /api/v1/coze-practice/business-lines
2026-07-30 20:17:03 | INFO     | trace_id=24c921ef-941f-4e15-b89f-c23c1d9719d4 - Returned response: 200
2026-07-30 20:17:03 | INFO     | trace_id=4fb99cbf-bb01-4fbc-b584-4e5f8d0ac136 - Received request: GET /api/v1/coze-practice/business-lines
2026-07-30 20:17:03 | INFO     | trace_id=4fb99cbf-bb01-4fbc-b584-4e5f8d0ac136 - Returned response: 200
2026-07-30 20:17:27 | INFO     | trace_id=e7ec4466-bd88-4c37-bb33-cf1c6de56b82 - Received request: GET /api/v1/feynman/progress
2026-07-30 20:17:27 | INFO     | trace_id=53ed2d77-1c66-4705-9e11-35cd48dc125e - Received request: GET /api/v1/pomodoro/stats
2026-07-30 20:17:27 | INFO     | trace_id=e7ec4466-bd88-4c37-bb33-cf1c6de56b82 - Returned response: 200
2026-07-30 20:17:27 | INFO     | trace_id=217e5dc0-3d5f-45a2-b4bc-0efa92192a6d - Received request: GET /api/v1/feynman/progress
2026-07-30 20:17:27 | INFO     | trace_id=217e5dc0-3d5f-45a2-b4bc-0efa92192a6d - Returned response: 200
2026-07-30 20:17:27 | INFO     | trace_id=53ed2d77-1c66-4705-9e11-35cd48dc125e - Returned response: 200
2026-07-30 20:17:27 | INFO     | trace_id=e837a053-bcc1-4b9f-8689-1d483f24a04c - Received request: GET /api/v1/pomodoro/stats
2026-07-30 20:17:27 | INFO     | trace_id=e837a053-bcc1-4b9f-8689-1d483f24a04c - Returned response: 200
2026-07-30 20:17:58 | INFO     | trace_id=e6bf594d-f7d3-4289-8ba3-154a85da4c90 - Received request: GET /api/v1/practice/categories
2026-07-30 20:17:58 | INFO     | trace_id=2010e29d-e24e-4b3b-b818-eff2f740ecfc - Received request: GET /api/v1/practice/recommended
2026-07-30 20:17:58 | INFO     | trace_id=2010e29d-e24e-4b3b-b818-eff2f740ecfc - Returned response: 200
2026-07-30 20:17:58 | INFO     | trace_id=e6bf594d-f7d3-4289-8ba3-154a85da4c90 - Returned response: 200
2026-07-30 20:19:06 | INFO     | trace_id=b8dc696e-c710-4cdd-b38b-5894c2e8716a - Received request: GET /api/v1/exam-papers
2026-07-30 20:19:06 | INFO     | trace_id=b8dc696e-c710-4cdd-b38b-5894c2e8716a - Returned response: 200
2026-07-30 20:19:07 | INFO     | trace_id=894b620d-80d7-4fde-89b2-8b70e65da27d - Received request: GET /api/v1/practice/recommended
2026-07-30 20:19:07 | INFO     | trace_id=894b620d-80d7-4fde-89b2-8b70e65da27d - Returned response: 200
2026-07-30 20:19:09 | INFO     | trace_id=9cb89548-e510-44c2-a6b6-12da4906214f - Received request: GET /api/v1/admin/prewarm/status
2026-07-30 20:19:09 | INFO     | trace_id=9cb89548-e510-44c2-a6b6-12da4906214f - Returned response: 200
2026-07-30 20:19:09 | INFO     | trace_id=cc2d590e-dc2b-4865-8aec-248df85fc093 - Received request: GET /api/v1/admin/prewarm/status
2026-07-30 20:19:09 | INFO     | trace_id=cc2d590e-dc2b-4865-8aec-248df85fc093 - Returned response: 200
2026-07-30 20:19:12 | INFO     | trace_id=7befb34d-9d90-4ac1-a001-f7947fa8be5e - Received request: GET /api/v1/personas
2026-07-30 20:19:12 | INFO     | trace_id=7befb34d-9d90-4ac1-a001-f7947fa8be5e - Returned response: 200
2026-07-30 20:19:12 | INFO     | trace_id=4fe819a7-ff68-44a0-9fa8-6291ce66065b - Received request: GET /api/v1/personas
2026-07-30 20:19:12 | INFO     | trace_id=4fe819a7-ff68-44a0-9fa8-6291ce66065b - Returned response: 200
2026-07-30 20:19:25 | INFO     | trace_id=5e21bae5-28a9-438d-b03b-1298fbbc3011 - Received request: GET /api/v1/admin/prewarm/status
2026-07-30 20:19:25 | INFO     | trace_id=5e21bae5-28a9-438d-b03b-1298fbbc3011 - Returned response: 200
2026-07-30 20:19:25 | INFO     | trace_id=f077854d-9c94-41c3-97a5-214daa57a7cf - Received request: GET /api/v1/admin/prewarm/status
2026-07-30 20:19:25 | INFO     | trace_id=f077854d-9c94-41c3-97a5-214daa57a7cf - Returned response: 200
2026-07-30 20:20:23 | INFO     | trace_id=d91dd1b7-4868-4085-962b-93195c4853f5 - Received request: GET /api/v1/personas
2026-07-30 20:20:23 | INFO     | trace_id=d91dd1b7-4868-4085-962b-93195c4853f5 - Returned response: 200
2026-07-30 20:20:23 | INFO     | trace_id=0430fa4d-b3d8-47a4-9271-dbb3c49df24d - Received request: GET /api/v1/personas
2026-07-30 20:20:23 | INFO     | trace_id=0430fa4d-b3d8-47a4-9271-dbb3c49df24d - Returned response: 200
2026-07-30 20:20:26 | INFO     | trace_id=9bcfa0e9-a9c3-409c-b38c-83834d8b8afe - Received request: GET /api/v1/feynman/progress
2026-07-30 20:20:26 | INFO     | trace_id=b91b141f-3d5d-406b-8eb8-4b6688409209 - Received request: GET /api/v1/pomodoro/stats
2026-07-30 20:20:26 | INFO     | trace_id=9bcfa0e9-a9c3-409c-b38c-83834d8b8afe - Returned response: 200
2026-07-30 20:20:26 | INFO     | trace_id=ac56ef6b-9784-46c0-a36b-8b3220eaecc0 - Received request: GET /api/v1/feynman/progress
2026-07-30 20:20:26 | INFO     | trace_id=ac56ef6b-9784-46c0-a36b-8b3220eaecc0 - Returned response: 200
2026-07-30 20:20:26 | INFO     | trace_id=b91b141f-3d5d-406b-8eb8-4b6688409209 - Returned response: 200
2026-07-30 20:20:26 | INFO     | trace_id=261512a4-612f-4786-8608-abdfd983825d - Received request: GET /api/v1/pomodoro/stats
2026-07-30 20:20:26 | INFO     | trace_id=261512a4-612f-4786-8608-abdfd983825d - Returned response: 200
2026-07-30 20:20:55 | INFO     | trace_id=5885c60d-bef2-4dd5-83cb-8aa5f2bcf3ec - Received request: GET /api/v1/feynman/progress
2026-07-30 20:20:55 | INFO     | trace_id=43f8410b-2e92-4569-8075-48024eb8af5d - Received request: GET /api/v1/pomodoro/stats
2026-07-30 20:20:55 | INFO     | trace_id=5885c60d-bef2-4dd5-83cb-8aa5f2bcf3ec - Returned response: 200
2026-07-30 20:20:55 | INFO     | trace_id=16318534-7519-4ac2-98ae-70ba003ba9e1 - Received request: GET /api/v1/feynman/progress
2026-07-30 20:20:55 | INFO     | trace_id=16318534-7519-4ac2-98ae-70ba003ba9e1 - Returned response: 200
2026-07-30 20:20:55 | INFO     | trace_id=43f8410b-2e92-4569-8075-48024eb8af5d - Returned response: 200
2026-07-30 20:20:55 | INFO     | trace_id=bc58fd06-6490-47be-9cc9-cfcc6862ba7c - Received request: GET /api/v1/pomodoro/stats
2026-07-30 20:20:55 | INFO     | trace_id=bc58fd06-6490-47be-9cc9-cfcc6862ba7c - Returned response: 200
2026-07-30 20:21:06 | INFO     | trace_id=a18fa2c1-d05a-43e1-b15e-36e9d3d50524 - Received request: GET /api/v1/feynman/progress
2026-07-30 20:21:06 | INFO     | trace_id=243a1fb0-4e8e-47db-8492-73f4ecfa9c73 - Received request: GET /api/v1/pomodoro/stats
2026-07-30 20:21:06 | INFO     | trace_id=a18fa2c1-d05a-43e1-b15e-36e9d3d50524 - Returned response: 200
2026-07-30 20:21:06 | INFO     | trace_id=ff394a1d-fb3f-4202-9e24-ed15f8186678 - Received request: GET /api/v1/feynman/progress
2026-07-30 20:21:06 | INFO     | trace_id=243a1fb0-4e8e-47db-8492-73f4ecfa9c73 - Returned response: 200
2026-07-30 20:21:06 | INFO     | trace_id=f1ccf4a4-be23-4794-aae8-f5799a37d79d - Received request: GET /api/v1/pomodoro/stats
2026-07-30 20:21:06 | INFO     | trace_id=ff394a1d-fb3f-4202-9e24-ed15f8186678 - Returned response: 200
2026-07-30 20:21:06 | INFO     | trace_id=f1ccf4a4-be23-4794-aae8-f5799a37d79d - Returned response: 200
2026-07-30 21:08:49 | INFO     | trace_id=925016ed-db9a-4868-b39a-33fa95c39445 - Received request: GET /api/v1/personas
2026-07-30 21:08:49 | INFO     | trace_id=925016ed-db9a-4868-b39a-33fa95c39445 - Returned response: 200
2026-07-30 21:08:49 | INFO     | trace_id=f3991bdf-ee5a-45b9-830a-0f7f3c79cf42 - Received request: GET /api/v1/personas
2026-07-30 21:08:49 | INFO     | trace_id=f3991bdf-ee5a-45b9-830a-0f7f3c79cf42 - Returned response: 200
2026-07-30 21:08:50 | INFO     | trace_id=48f759cc-0cf4-4eed-8632-a852108edfe6 - Received request: GET /api/v1/admin/prewarm/status
2026-07-30 21:08:50 | INFO     | trace_id=48f759cc-0cf4-4eed-8632-a852108edfe6 - Returned response: 200
2026-07-30 21:08:50 | INFO     | trace_id=8c41a2ef-9d68-44b9-aa9c-aa3b640df3c8 - Received request: GET /api/v1/admin/prewarm/status
2026-07-30 21:08:50 | INFO     | trace_id=8c41a2ef-9d68-44b9-aa9c-aa3b640df3c8 - Returned response: 200
2026-07-30 21:08:50 | INFO     | trace_id=7da93ee0-8356-4744-8f5f-9dcdfba8932b - Received request: GET /api/v1/personas
2026-07-30 21:08:50 | INFO     | trace_id=7da93ee0-8356-4744-8f5f-9dcdfba8932b - Returned response: 200
2026-07-30 21:08:50 | INFO     | trace_id=e950ab82-30b3-4b38-88c0-9775721dcaf5 - Received request: GET /api/v1/personas
2026-07-30 21:08:50 | INFO     | trace_id=e950ab82-30b3-4b38-88c0-9775721dcaf5 - Returned response: 200
2026-07-30 21:08:50 | INFO     | trace_id=62dfadd6-a578-4dbc-8ee3-980aa9d3f43b - Received request: GET /api/v1/feynman/progress
2026-07-30 21:08:50 | INFO     | trace_id=f4c219a6-8457-42f9-99c8-f47992e92e40 - Received request: GET /api/v1/pomodoro/stats
2026-07-30 21:08:50 | INFO     | trace_id=62dfadd6-a578-4dbc-8ee3-980aa9d3f43b - Returned response: 200
2026-07-30 21:08:50 | INFO     | trace_id=f18789d2-dbd5-4526-9eae-960c9076ed3d - Received request: GET /api/v1/feynman/progress
2026-07-30 21:08:50 | INFO     | trace_id=f18789d2-dbd5-4526-9eae-960c9076ed3d - Returned response: 200
2026-07-30 21:08:50 | INFO     | trace_id=f4c219a6-8457-42f9-99c8-f47992e92e40 - Returned response: 200
2026-07-30 21:08:50 | INFO     | trace_id=8912fa6b-6e93-40b4-917f-8bde866766a2 - Received request: GET /api/v1/pomodoro/stats
2026-07-30 21:08:50 | INFO     | trace_id=8912fa6b-6e93-40b4-917f-8bde866766a2 - Returned response: 200
2026-07-30 21:08:51 | INFO     | trace_id=4cde0a75-fca8-4bc2-af1f-60ea81091dd4 - Received request: GET /api/v1/personas
2026-07-30 21:08:51 | INFO     | trace_id=4cde0a75-fca8-4bc2-af1f-60ea81091dd4 - Returned response: 200
2026-07-30 21:08:51 | INFO     | trace_id=2534bc95-75ae-4000-91a2-4a6010228a5e - Received request: GET /api/v1/personas
2026-07-30 21:08:51 | INFO     | trace_id=2534bc95-75ae-4000-91a2-4a6010228a5e - Returned response: 200
2026-07-30 21:08:52 | INFO     | trace_id=6dcb30e0-41c7-49f3-b97d-4335a334d3af - Received request: GET /api/v1/admin/prewarm/status
2026-07-30 21:08:52 | INFO     | trace_id=6dcb30e0-41c7-49f3-b97d-4335a334d3af - Returned response: 200
2026-07-30 21:08:52 | INFO     | trace_id=d499ca54-ec68-4c4a-9a57-f0adf3a9c71e - Received request: GET /api/v1/admin/prewarm/status
2026-07-30 21:08:52 | INFO     | trace_id=d499ca54-ec68-4c4a-9a57-f0adf3a9c71e - Returned response: 200
2026-07-30 21:08:53 | INFO     | trace_id=73a3350e-ec73-4b4c-9b84-045f76ab4d23 - Received request: GET /api/v1/personas
2026-07-30 21:08:53 | INFO     | trace_id=73a3350e-ec73-4b4c-9b84-045f76ab4d23 - Returned response: 200
2026-07-30 21:08:53 | INFO     | trace_id=c33b7a8d-5725-4490-9e71-b116ef0a18ea - Received request: GET /api/v1/personas
2026-07-30 21:08:53 | INFO     | trace_id=c33b7a8d-5725-4490-9e71-b116ef0a18ea - Returned response: 200
2026-07-30 21:08:53 | INFO     | trace_id=822850ab-2205-4e78-8170-e7e392b86286 - Received request: GET /api/v1/feynman/progress
2026-07-30 21:08:53 | INFO     | trace_id=9d836f35-0d76-47fb-8190-61eb5706f835 - Received request: GET /api/v1/pomodoro/stats
2026-07-30 21:08:53 | INFO     | trace_id=822850ab-2205-4e78-8170-e7e392b86286 - Returned response: 200
2026-07-30 21:08:53 | INFO     | trace_id=07154ff0-18a2-4855-8687-6b28e4505bc1 - Received request: GET /api/v1/feynman/progress
2026-07-30 21:08:53 | INFO     | trace_id=07154ff0-18a2-4855-8687-6b28e4505bc1 - Returned response: 200
2026-07-30 21:08:53 | INFO     | trace_id=9d836f35-0d76-47fb-8190-61eb5706f835 - Returned response: 200
2026-07-30 21:08:53 | INFO     | trace_id=ecbec890-45b0-442a-b5e4-d7994afe29ea - Received request: GET /api/v1/pomodoro/stats
2026-07-30 21:08:53 | INFO     | trace_id=ecbec890-45b0-442a-b5e4-d7994afe29ea - Returned response: 200
2026-07-30 21:08:54 | INFO     | trace_id=23abdc48-e71e-4a54-9d5a-016f6f323f12 - Received request: GET /api/v1/personas
2026-07-30 21:08:54 | INFO     | trace_id=23abdc48-e71e-4a54-9d5a-016f6f323f12 - Returned response: 200
2026-07-30 21:08:54 | INFO     | trace_id=c243749d-12fb-4afa-a53c-04341d0aad9c - Received request: GET /api/v1/personas
2026-07-30 21:08:54 | INFO     | trace_id=c243749d-12fb-4afa-a53c-04341d0aad9c - Returned response: 200
2026-07-30 21:08:54 | INFO     | trace_id=10d70b48-79a1-4ca0-bf00-a7cd973d58b8 - Received request: GET /api/v1/admin/prewarm/status
2026-07-30 21:08:54 | INFO     | trace_id=10d70b48-79a1-4ca0-bf00-a7cd973d58b8 - Returned response: 200
2026-07-30 21:08:54 | INFO     | trace_id=5a49025c-64d2-4b30-9320-5228bfb70b03 - Received request: GET /api/v1/admin/prewarm/status
2026-07-30 21:08:54 | INFO     | trace_id=5a49025c-64d2-4b30-9320-5228bfb70b03 - Returned response: 200
2026-07-30 21:08:55 | INFO     | trace_id=35ccc73d-f7c6-4ae6-bf7d-e3e86779db6e - Received request: GET /api/v1/feynman/progress
2026-07-30 21:08:55 | INFO     | trace_id=33c26ca7-6ba5-4d3f-b540-6147be0b75db - Received request: GET /api/v1/pomodoro/stats
2026-07-30 21:08:55 | INFO     | trace_id=35ccc73d-f7c6-4ae6-bf7d-e3e86779db6e - Returned response: 200
2026-07-30 21:08:55 | INFO     | trace_id=099ceb3c-22a6-4645-a728-59dca8f1db38 - Received request: GET /api/v1/feynman/progress
2026-07-30 21:08:55 | INFO     | trace_id=099ceb3c-22a6-4645-a728-59dca8f1db38 - Returned response: 200
2026-07-30 21:08:55 | INFO     | trace_id=33c26ca7-6ba5-4d3f-b540-6147be0b75db - Returned response: 200
2026-07-30 21:08:55 | INFO     | trace_id=30d815b3-d505-4a77-95d3-b819a0b87b7c - Received request: GET /api/v1/pomodoro/stats
2026-07-30 21:08:55 | INFO     | trace_id=30d815b3-d505-4a77-95d3-b819a0b87b7c - Returned response: 200
2026-07-30 21:08:55 | INFO     | trace_id=b089c342-9b0d-466e-9369-941ab6e6d25a - Received request: GET /api/v1/personas
2026-07-30 21:08:55 | INFO     | trace_id=b089c342-9b0d-466e-9369-941ab6e6d25a - Returned response: 200
2026-07-30 21:08:55 | INFO     | trace_id=adb8e788-9abe-4b9e-a2bd-50af4def90d6 - Received request: GET /api/v1/personas
2026-07-30 21:08:55 | INFO     | trace_id=adb8e788-9abe-4b9e-a2bd-50af4def90d6 - Returned response: 200
2026-07-30 21:08:56 | INFO     | trace_id=741a2d38-73df-48ab-96ee-6a0f7c986c60 - Received request: GET /api/v1/admin/prewarm/status
2026-07-30 21:08:56 | INFO     | trace_id=741a2d38-73df-48ab-96ee-6a0f7c986c60 - Returned response: 200
2026-07-30 21:08:56 | INFO     | trace_id=4c8168ef-724a-4b70-bf62-2b38545ca8fd - Received request: GET /api/v1/admin/prewarm/status
2026-07-30 21:08:56 | INFO     | trace_id=4c8168ef-724a-4b70-bf62-2b38545ca8fd - Returned response: 200
2026-07-30 21:08:57 | INFO     | trace_id=0c005f55-da5b-4702-94c8-f17e68192382 - Received request: GET /api/v1/personas
2026-07-30 21:08:57 | INFO     | trace_id=0c005f55-da5b-4702-94c8-f17e68192382 - Returned response: 200
2026-07-30 21:08:57 | INFO     | trace_id=419387e2-0a07-4fbb-a283-94d0f8c6b883 - Received request: GET /api/v1/personas
2026-07-30 21:08:57 | INFO     | trace_id=419387e2-0a07-4fbb-a283-94d0f8c6b883 - Returned response: 200
2026-07-30 21:09:48 | INFO     | trace_id=a386c890-1f5d-4887-a809-2df5a69661f0 - Received request: GET /api/v1/admin/prewarm/status
2026-07-30 21:09:48 | INFO     | trace_id=a386c890-1f5d-4887-a809-2df5a69661f0 - Returned response: 200
2026-07-30 21:09:48 | INFO     | trace_id=3eb2183c-5721-4506-aca8-2adbb489e9a2 - Received request: GET /api/v1/admin/prewarm/status
2026-07-30 21:09:48 | INFO     | trace_id=3eb2183c-5721-4506-aca8-2adbb489e9a2 - Returned response: 200
2026-07-30 21:09:51 | INFO     | trace_id=db3a1019-27c3-4d60-9f83-13bf63299e34 - Received request: GET /api/v1/feynman/progress
2026-07-30 21:09:51 | INFO     | trace_id=6a552e71-8cdc-49bd-8f19-744176a77e50 - Received request: GET /api/v1/pomodoro/stats
2026-07-30 21:09:51 | INFO     | trace_id=db3a1019-27c3-4d60-9f83-13bf63299e34 - Returned response: 200
2026-07-30 21:09:51 | INFO     | trace_id=ac244254-da51-4183-94c8-2ab6ba684e39 - Received request: GET /api/v1/feynman/progress
2026-07-30 21:09:51 | INFO     | trace_id=ac244254-da51-4183-94c8-2ab6ba684e39 - Returned response: 200
2026-07-30 21:09:51 | INFO     | trace_id=6a552e71-8cdc-49bd-8f19-744176a77e50 - Returned response: 200
2026-07-30 21:09:51 | INFO     | trace_id=cde3ce75-3078-49d7-ba1b-fa5a09db55c1 - Received request: GET /api/v1/pomodoro/stats
2026-07-30 21:09:51 | INFO     | trace_id=cde3ce75-3078-49d7-ba1b-fa5a09db55c1 - Returned response: 200
2026-07-30 21:09:52 | INFO     | trace_id=7b8d7228-e9ed-4feb-b651-fc7b12c6bcf3 - Received request: GET /api/v1/personas
2026-07-30 21:09:52 | INFO     | trace_id=7b8d7228-e9ed-4feb-b651-fc7b12c6bcf3 - Returned response: 200
2026-07-30 21:09:52 | INFO     | trace_id=887b4331-9bd6-45e3-b014-d308d1e9c6a0 - Received request: GET /api/v1/personas
2026-07-30 21:09:52 | INFO     | trace_id=887b4331-9bd6-45e3-b014-d308d1e9c6a0 - Returned response: 200
2026-07-30 21:09:53 | INFO     | trace_id=a0c9a784-c633-4c82-82f6-eb0b821bb81e - Received request: GET /api/v1/admin/prewarm/status
2026-07-30 21:09:53 | INFO     | trace_id=a0c9a784-c633-4c82-82f6-eb0b821bb81e - Returned response: 200
2026-07-30 21:09:53 | INFO     | trace_id=6bc3d2a0-50c4-4fea-9dbb-122661a84e4c - Received request: GET /api/v1/admin/prewarm/status
2026-07-30 21:09:53 | INFO     | trace_id=6bc3d2a0-50c4-4fea-9dbb-122661a84e4c - Returned response: 200
2026-07-30 21:09:54 | INFO     | trace_id=edeb583e-bbb1-464d-afd8-72e77b2b02ae - Received request: GET /api/v1/personas
2026-07-30 21:09:54 | INFO     | trace_id=edeb583e-bbb1-464d-afd8-72e77b2b02ae - Returned response: 200
2026-07-30 21:09:54 | INFO     | trace_id=0f1491c3-3af2-45ec-979d-e58a054d538a - Received request: GET /api/v1/personas
2026-07-30 21:09:54 | INFO     | trace_id=0f1491c3-3af2-45ec-979d-e58a054d538a - Returned response: 200
2026-07-30 21:09:55 | INFO     | trace_id=5fed4e23-6709-4845-9053-0150389289e5 - Received request: GET /api/v1/feynman/progress
2026-07-30 21:09:55 | INFO     | trace_id=f8310ed2-7634-4d38-8b52-5cb626204169 - Received request: GET /api/v1/pomodoro/stats
2026-07-30 21:09:55 | INFO     | trace_id=5fed4e23-6709-4845-9053-0150389289e5 - Returned response: 200
2026-07-30 21:09:55 | INFO     | trace_id=59adc397-e66a-4a44-a93f-ac818a9e4488 - Received request: GET /api/v1/feynman/progress
2026-07-30 21:09:55 | INFO     | trace_id=59adc397-e66a-4a44-a93f-ac818a9e4488 - Returned response: 200
2026-07-30 21:09:55 | INFO     | trace_id=f8310ed2-7634-4d38-8b52-5cb626204169 - Returned response: 200
2026-07-30 21:09:55 | INFO     | trace_id=7c4a2dbf-9e7c-4839-b1a4-14f999602c22 - Received request: GET /api/v1/pomodoro/stats
2026-07-30 21:09:55 | INFO     | trace_id=7c4a2dbf-9e7c-4839-b1a4-14f999602c22 - Returned response: 200
2026-07-30 21:09:56 | INFO     | trace_id=612e61bc-0311-43ab-899f-51403dbd6569 - Received request: GET /api/v1/personas
2026-07-30 21:09:56 | INFO     | trace_id=612e61bc-0311-43ab-899f-51403dbd6569 - Returned response: 200
2026-07-30 21:09:56 | INFO     | trace_id=552fc132-8656-4ce0-a315-6006701bf7d8 - Received request: GET /api/v1/personas
2026-07-30 21:09:56 | INFO     | trace_id=552fc132-8656-4ce0-a315-6006701bf7d8 - Returned response: 200
2026-07-30 21:09:57 | INFO     | trace_id=d34e45b0-f440-463f-9d65-ed452c2f31f1 - Received request: GET /api/v1/admin/prewarm/status
2026-07-30 21:09:57 | INFO     | trace_id=d34e45b0-f440-463f-9d65-ed452c2f31f1 - Returned response: 200
2026-07-30 21:09:57 | INFO     | trace_id=906195a4-c3f6-465c-bda5-11987b2b6d63 - Received request: GET /api/v1/admin/prewarm/status
2026-07-30 21:09:57 | INFO     | trace_id=906195a4-c3f6-465c-bda5-11987b2b6d63 - Returned response: 200
2026-07-30 21:10:21 | INFO     | trace_id=c23dbf68-ea4c-4385-9b42-2ed684568af1 - Received request: GET /api/v1/admin/prewarm/status
2026-07-30 21:10:21 | INFO     | trace_id=b8a0090f-45e4-48cc-9838-c2cc49915a30 - Received request: GET /api/v1/admin/practice-nodes
2026-07-30 21:10:21 | INFO     | trace_id=c23dbf68-ea4c-4385-9b42-2ed684568af1 - Returned response: 200
2026-07-30 21:10:21 | INFO     | trace_id=e0463a67-a224-478c-8268-f865ff1e7b81 - Received request: GET /api/v1/admin/prewarm/status
2026-07-30 21:10:21 | INFO     | trace_id=e0463a67-a224-478c-8268-f865ff1e7b81 - Returned response: 200
2026-07-30 21:10:21 | INFO     | trace_id=b8a0090f-45e4-48cc-9838-c2cc49915a30 - Returned response: 200
2026-07-30 21:10:21 | INFO     | trace_id=c49a8964-dae5-49d9-8122-d9bd558568c2 - Received request: GET /api/v1/admin/practice-nodes
2026-07-30 21:10:21 | INFO     | trace_id=c49a8964-dae5-49d9-8122-d9bd558568c2 - Returned response: 200
2026-07-30 21:10:24 | INFO     | trace_id=a7cfa9d6-ef9d-4ac6-865d-3da0c79271a2 - Received request: GET /api/v1/personas
2026-07-30 21:10:24 | INFO     | trace_id=a7cfa9d6-ef9d-4ac6-865d-3da0c79271a2 - Returned response: 200
2026-07-30 21:10:24 | INFO     | trace_id=d73abb31-b5ab-4333-aca8-dc7088af8e7a - Received request: GET /api/v1/personas
2026-07-30 21:10:24 | INFO     | trace_id=d73abb31-b5ab-4333-aca8-dc7088af8e7a - Returned response: 200
2026-07-30 21:10:30 | INFO     | trace_id=a3c10c62-74eb-4ddc-92ab-32a003fbfd33 - Received request: GET /api/v1/dynamic-exam/history
2026-07-30 21:10:30 | INFO     | trace_id=a3c10c62-74eb-4ddc-92ab-32a003fbfd33 - Returned response: 200
2026-07-30 21:11:06 | INFO     | trace_id=36c1396b-5dcb-49d6-83c3-f6de427e620f - Received request: GET /api/v1/admin/prewarm/status
2026-07-30 21:11:06 | INFO     | trace_id=36c1396b-5dcb-49d6-83c3-f6de427e620f - Returned response: 200
2026-07-30 21:11:06 | INFO     | trace_id=6dfc05c7-bf01-49bb-9110-6258855afada - Received request: GET /api/v1/admin/prewarm/status
2026-07-30 21:11:06 | INFO     | trace_id=6dfc05c7-bf01-49bb-9110-6258855afada - Returned response: 200
2026-07-30 21:12:26 | INFO     | trace_id=9d933abb-d1b2-4c53-9f93-cbbfbb9068b9 - Received request: GET /api/v1/personas
2026-07-30 21:12:26 | INFO     | trace_id=9d933abb-d1b2-4c53-9f93-cbbfbb9068b9 - Returned response: 200
2026-07-30 21:12:26 | INFO     | trace_id=55fa69b4-771f-4420-9513-113138adadd6 - Received request: GET /api/v1/personas
2026-07-30 21:12:26 | INFO     | trace_id=55fa69b4-771f-4420-9513-113138adadd6 - Returned response: 200
2026-07-30 21:12:27 | INFO     | trace_id=b5dbddb5-f446-48ef-84ff-e3e074b3d1ab - Received request: GET /api/v1/admin/prewarm/status
2026-07-30 21:12:27 | INFO     | trace_id=b5dbddb5-f446-48ef-84ff-e3e074b3d1ab - Returned response: 200
2026-07-30 21:12:27 | INFO     | trace_id=251cc0f4-6a39-4633-b302-3f6fe281ff5f - Received request: GET /api/v1/admin/prewarm/status
2026-07-30 21:12:27 | INFO     | trace_id=251cc0f4-6a39-4633-b302-3f6fe281ff5f - Returned response: 200
2026-07-30 21:33:42 | INFO     | trace_id=2bdca4a6-29d3-463b-9085-64b9fcd7edcd - Received request: GET /api/v1/auth/me
2026-07-30 21:33:42 | INFO     | trace_id=2bdca4a6-29d3-463b-9085-64b9fcd7edcd - Returned response: 401
2026-07-30 21:33:50 | INFO     | trace_id=88dd4da6-299e-4a01-8562-4c6223a092d9 - Received request: POST /api/v1/auth/register
2026-07-30 21:33:50 | ERROR    | trace_id=88dd4da6-299e-4a01-8562-4c6223a092d9 - Request failed: POST /api/v1/auth/register - password cannot be longer than 72 bytes, truncate manually if necessary (e.g. my_password[:72])
2026-07-30 21:33:50 | INFO     | trace_id=a1b0c2e1-36b4-475f-bc7e-3d8a0f0f54bc - Received request: POST /api/v1/auth/register
2026-07-30 21:33:50 | ERROR    | trace_id=a1b0c2e1-36b4-475f-bc7e-3d8a0f0f54bc - Request failed: POST /api/v1/auth/register - password cannot be longer than 72 bytes, truncate manually if necessary (e.g. my_password[:72])
2026-07-30 21:34:30 | INFO     | trace_id=791660ba-45e0-4a50-b808-3b556f3e8b85 - Received request: POST /api/v1/auth/register
2026-07-30 21:34:30 | ERROR    | trace_id=791660ba-45e0-4a50-b808-3b556f3e8b85 - Request failed: POST /api/v1/auth/register - password cannot be longer than 72 bytes, truncate manually if necessary (e.g. my_password[:72])
2026-07-30 21:35:04 | INFO     | trace_id=02c27319-ae19-43c9-83bf-942614b821a9 - Received request: POST /api/v1/auth/register
2026-07-30 21:35:04 | INFO     | trace_id=02c27319-ae19-43c9-83bf-942614b821a9 - Returned response: 200
2026-07-30 21:35:31 | INFO     | trace_id=05fa4028-667d-423a-8b5c-c3472aa32b61 - Received request: OPTIONS /api/v1/auth/login
2026-07-30 21:35:31 | INFO     | trace_id=05fa4028-667d-423a-8b5c-c3472aa32b61 - Returned response: 200
2026-07-30 21:35:31 | INFO     | trace_id=a2d9ee0a-69ea-4819-9ae2-03d479a1c6a4 - Received request: POST /api/v1/auth/login
2026-07-30 21:35:31 | INFO     | trace_id=a2d9ee0a-69ea-4819-9ae2-03d479a1c6a4 - Returned response: 200
2026-07-30 21:35:31 | INFO     | trace_id=3f4f4a3c-8ead-4866-83d8-77c8d9a36c63 - Received request: GET /api/v1/feynman/progress
2026-07-30 21:35:31 | INFO     | trace_id=9890d97b-93ae-4094-b7cb-939767c2809b - Received request: GET /api/v1/pomodoro/stats
2026-07-30 21:35:31 | INFO     | trace_id=3f4f4a3c-8ead-4866-83d8-77c8d9a36c63 - Returned response: 200
2026-07-30 21:35:31 | INFO     | trace_id=5f8f72b8-c803-4cca-9019-9a4a37103d7e - Received request: GET /api/v1/feynman/progress
2026-07-30 21:35:31 | INFO     | trace_id=5f8f72b8-c803-4cca-9019-9a4a37103d7e - Returned response: 200
2026-07-30 21:35:31 | INFO     | trace_id=9890d97b-93ae-4094-b7cb-939767c2809b - Returned response: 200
2026-07-30 21:35:31 | INFO     | trace_id=3c4bc31a-3659-48ec-9a4d-832bed44f3ea - Received request: GET /api/v1/pomodoro/stats
2026-07-30 21:35:31 | INFO     | trace_id=3c4bc31a-3659-48ec-9a4d-832bed44f3ea - Returned response: 200
2026-07-30 21:35:36 | INFO     | trace_id=b66e1ec6-4658-49c4-87e0-be49652f2125 - Received request: OPTIONS /api/v1/practice/weaknesses
2026-07-30 21:35:36 | INFO     | trace_id=d03469ff-9ecf-48ae-b535-9d3201c58d99 - Received request: OPTIONS /api/v1/practice/weaknesses
2026-07-30 21:35:36 | INFO     | trace_id=b66e1ec6-4658-49c4-87e0-be49652f2125 - Returned response: 200
2026-07-30 21:35:36 | INFO     | trace_id=d03469ff-9ecf-48ae-b535-9d3201c58d99 - Returned response: 200
2026-07-30 21:35:36 | INFO     | trace_id=a391a10d-01d5-41c5-83d0-dc97fae17bb9 - Received request: GET /api/v1/practice/weaknesses
2026-07-30 21:35:36 | INFO     | trace_id=a391a10d-01d5-41c5-83d0-dc97fae17bb9 - Returned response: 200
2026-07-30 21:35:36 | INFO     | trace_id=5c10d87f-22c8-40cf-a4c4-434264f2be61 - Received request: GET /api/v1/practice/weaknesses
2026-07-30 21:35:36 | INFO     | trace_id=5c10d87f-22c8-40cf-a4c4-434264f2be61 - Returned response: 200
2026-07-30 21:36:02 | INFO     | trace_id=f52af1ac-e57f-4637-b901-631182eaf39f - Received request: GET /api/v1/personas
2026-07-30 21:36:02 | INFO     | trace_id=f52af1ac-e57f-4637-b901-631182eaf39f - Returned response: 200
2026-07-30 21:36:02 | INFO     | trace_id=2e51b3a1-0707-45ee-8275-aeb5c43e56d2 - Received request: GET /api/v1/personas
2026-07-30 21:36:02 | INFO     | trace_id=2e51b3a1-0707-45ee-8275-aeb5c43e56d2 - Returned response: 200
2026-07-30 21:36:03 | INFO     | trace_id=8010dd07-8c36-4747-be6c-f361637cf04f - Received request: GET /api/v1/feynman/progress
2026-07-30 21:36:03 | INFO     | trace_id=851f034d-a19d-4b30-b3b6-d0528443a027 - Received request: GET /api/v1/pomodoro/stats
2026-07-30 21:36:03 | INFO     | trace_id=8010dd07-8c36-4747-be6c-f361637cf04f - Returned response: 200
2026-07-30 21:36:03 | INFO     | trace_id=88047674-48f0-488c-a933-e8bcef7c33c8 - Received request: GET /api/v1/feynman/progress
2026-07-30 21:36:03 | INFO     | trace_id=851f034d-a19d-4b30-b3b6-d0528443a027 - Returned response: 200
2026-07-30 21:36:03 | INFO     | trace_id=b5ac8640-934e-4293-a045-c8d85316d8e4 - Received request: GET /api/v1/pomodoro/stats
2026-07-30 21:36:03 | INFO     | trace_id=88047674-48f0-488c-a933-e8bcef7c33c8 - Returned response: 200
2026-07-30 21:36:03 | INFO     | trace_id=b5ac8640-934e-4293-a045-c8d85316d8e4 - Returned response: 200
2026-07-30 21:36:04 | INFO     | trace_id=ab5eabcb-46e9-481f-ac61-dfba6320229a - Received request: GET /api/v1/personas
2026-07-30 21:36:04 | INFO     | trace_id=ab5eabcb-46e9-481f-ac61-dfba6320229a - Returned response: 200
2026-07-30 21:36:04 | INFO     | trace_id=62748c90-ffbd-4615-aa20-603f6d614bcc - Received request: GET /api/v1/personas
2026-07-30 21:36:04 | INFO     | trace_id=62748c90-ffbd-4615-aa20-603f6d614bcc - Returned response: 200
2026-07-30 21:37:00 | INFO     | trace_id=3a633fcf-dc21-4086-9203-75c86ed553ac - Received request: OPTIONS /api/v1/auth/login
2026-07-30 21:37:00 | INFO     | trace_id=3a633fcf-dc21-4086-9203-75c86ed553ac - Returned response: 200
2026-07-30 21:37:00 | INFO     | trace_id=92ed92bb-1f22-4d4d-8afc-094f0fbe9355 - Received request: POST /api/v1/auth/login
2026-07-30 21:37:00 | INFO     | trace_id=92ed92bb-1f22-4d4d-8afc-094f0fbe9355 - Returned response: 200
2026-07-30 21:37:00 | INFO     | trace_id=4c16ecf3-18e4-4c89-a7aa-009bd40b17b7 - Received request: GET /api/v1/feynman/progress
2026-07-30 21:37:00 | INFO     | trace_id=c209df85-4ce1-46db-a289-400fe670a332 - Received request: GET /api/v1/pomodoro/stats
2026-07-30 21:37:00 | INFO     | trace_id=4c16ecf3-18e4-4c89-a7aa-009bd40b17b7 - Returned response: 200
2026-07-30 21:37:00 | INFO     | trace_id=da5c406e-d13a-4bff-96e6-8e8a55dc9af1 - Received request: GET /api/v1/feynman/progress
2026-07-30 21:37:00 | INFO     | trace_id=da5c406e-d13a-4bff-96e6-8e8a55dc9af1 - Returned response: 200
2026-07-30 21:37:01 | INFO     | trace_id=c209df85-4ce1-46db-a289-400fe670a332 - Returned response: 200
2026-07-30 21:37:01 | INFO     | trace_id=180722d9-6769-45db-bbb1-247b76a8191d - Received request: GET /api/v1/pomodoro/stats
2026-07-30 21:37:01 | INFO     | trace_id=180722d9-6769-45db-bbb1-247b76a8191d - Returned response: 200
2026-07-30 21:37:03 | INFO     | trace_id=6b7f6972-17f4-4c51-b470-639c3f573cc7 - Received request: GET /api/v1/personas
2026-07-30 21:37:03 | INFO     | trace_id=6b7f6972-17f4-4c51-b470-639c3f573cc7 - Returned response: 200
2026-07-30 21:37:03 | INFO     | trace_id=51bcda6d-1ab2-4ef4-a20c-abcd91af703a - Received request: GET /api/v1/personas
2026-07-30 21:37:03 | INFO     | trace_id=51bcda6d-1ab2-4ef4-a20c-abcd91af703a - Returned response: 200
2026-07-30 21:37:09 | INFO     | trace_id=1466c4fb-f055-4de2-b802-abe400c2533c - Received request: GET /api/v1/coze-practice/business-lines
2026-07-30 21:37:10 | INFO     | trace_id=1466c4fb-f055-4de2-b802-abe400c2533c - Returned response: 200
2026-07-30 21:37:10 | INFO     | trace_id=4727214f-84c8-4a3b-b499-53e346f683eb - Received request: GET /api/v1/coze-practice/business-lines
2026-07-30 21:37:10 | INFO     | trace_id=4727214f-84c8-4a3b-b499-53e346f683eb - Returned response: 200
2026-07-30 21:37:11 | INFO     | trace_id=b5214b89-9b73-4e98-bc60-2ee5a600e9ca - Received request: GET /api/v1/personas
2026-07-30 21:37:11 | INFO     | trace_id=b5214b89-9b73-4e98-bc60-2ee5a600e9ca - Returned response: 200
2026-07-30 21:37:11 | INFO     | trace_id=4adb2260-162e-4f84-b243-f0a753317e11 - Received request: GET /api/v1/personas
2026-07-30 21:37:11 | INFO     | trace_id=4adb2260-162e-4f84-b243-f0a753317e11 - Returned response: 200
2026-07-30 21:37:16 | INFO     | trace_id=f7cf9168-348c-46b1-8c3f-37b49c48485d - Received request: OPTIONS /api/v1/practice/weaknesses
2026-07-30 21:37:16 | INFO     | trace_id=49fbd858-13b8-40eb-927e-0a4eb1ad33e5 - Received request: OPTIONS /api/v1/practice/weaknesses
2026-07-30 21:37:16 | INFO     | trace_id=f7cf9168-348c-46b1-8c3f-37b49c48485d - Returned response: 200
2026-07-30 21:37:16 | INFO     | trace_id=49fbd858-13b8-40eb-927e-0a4eb1ad33e5 - Returned response: 200
2026-07-30 21:37:16 | INFO     | trace_id=f80be211-065a-4673-91a3-9934c277a992 - Received request: GET /api/v1/practice/weaknesses
2026-07-30 21:37:16 | INFO     | trace_id=f80be211-065a-4673-91a3-9934c277a992 - Returned response: 200
2026-07-30 21:37:16 | INFO     | trace_id=ad95a832-164d-4045-b556-be159dca5fb0 - Received request: GET /api/v1/practice/weaknesses
2026-07-30 21:37:16 | INFO     | trace_id=ad95a832-164d-4045-b556-be159dca5fb0 - Returned response: 200
2026-07-30 21:37:21 | INFO     | trace_id=8b596a81-f637-4b1d-88b5-cf715e992421 - Received request: GET /api/v1/feynman/progress
2026-07-30 21:37:21 | INFO     | trace_id=5c7edf11-4976-4a9e-b7a1-6771ac2be3c7 - Received request: GET /api/v1/pomodoro/stats
2026-07-30 21:37:21 | INFO     | trace_id=8b596a81-f637-4b1d-88b5-cf715e992421 - Returned response: 200
2026-07-30 21:37:21 | INFO     | trace_id=9dca0ad9-fee5-40c2-9153-a2e43b532193 - Received request: GET /api/v1/feynman/progress
2026-07-30 21:37:21 | INFO     | trace_id=9dca0ad9-fee5-40c2-9153-a2e43b532193 - Returned response: 200
2026-07-30 21:37:21 | INFO     | trace_id=5c7edf11-4976-4a9e-b7a1-6771ac2be3c7 - Returned response: 200
2026-07-30 21:37:21 | INFO     | trace_id=c2c4a71a-4366-4c58-bd7e-4ff0c93649e3 - Received request: GET /api/v1/pomodoro/stats
2026-07-30 21:37:21 | INFO     | trace_id=c2c4a71a-4366-4c58-bd7e-4ff0c93649e3 - Returned response: 200
2026-07-30 21:37:22 | INFO     | trace_id=98f69194-dc86-4d35-9dba-8c135d595848 - Received request: GET /api/v1/practice/categories
2026-07-30 21:37:22 | INFO     | trace_id=29549917-fff2-429c-afb0-45986fab5ad7 - Received request: GET /api/v1/practice/recommended
2026-07-30 21:37:22 | INFO     | trace_id=98f69194-dc86-4d35-9dba-8c135d595848 - Returned response: 200
2026-07-30 21:37:22 | INFO     | trace_id=29549917-fff2-429c-afb0-45986fab5ad7 - Returned response: 200
2026-07-30 21:37:27 | INFO     | trace_id=3f0ae9bc-e042-48a1-addb-a6bdcff8b802 - Received request: GET /api/v1/exam-papers
2026-07-30 21:37:27 | INFO     | trace_id=3f0ae9bc-e042-48a1-addb-a6bdcff8b802 - Returned response: 200
2026-07-30 21:37:28 | INFO     | trace_id=61880f71-0eb0-4d33-b499-ce002d950257 - Received request: GET /api/v1/practice/weaknesses
2026-07-30 21:37:28 | INFO     | trace_id=61880f71-0eb0-4d33-b499-ce002d950257 - Returned response: 200
2026-07-30 21:37:28 | INFO     | trace_id=6c95046b-1e0d-441d-9720-d70baa6bac1e - Received request: GET /api/v1/practice/weaknesses
2026-07-30 21:37:28 | INFO     | trace_id=6c95046b-1e0d-441d-9720-d70baa6bac1e - Returned response: 200
2026-07-30 21:37:28 | INFO     | trace_id=b81509d7-b54d-46bc-9a00-0b8f655dd926 - Received request: GET /api/v1/personas
2026-07-30 21:37:28 | INFO     | trace_id=b81509d7-b54d-46bc-9a00-0b8f655dd926 - Returned response: 200
2026-07-30 21:37:28 | INFO     | trace_id=8e96a8a0-b6c2-44a7-bf51-f907ceaafeee - Received request: GET /api/v1/personas
2026-07-30 21:37:28 | INFO     | trace_id=8e96a8a0-b6c2-44a7-bf51-f907ceaafeee - Returned response: 200
2026-07-30 21:37:28 | INFO     | trace_id=059773b0-563d-43de-90db-0a463e16399f - Received request: GET /api/v1/practice/weaknesses
2026-07-30 21:37:28 | INFO     | trace_id=059773b0-563d-43de-90db-0a463e16399f - Returned response: 200
2026-07-30 21:37:28 | INFO     | trace_id=38f4489f-21b7-488d-ac38-a2edcfd0a91a - Received request: GET /api/v1/practice/weaknesses
2026-07-30 21:37:28 | INFO     | trace_id=38f4489f-21b7-488d-ac38-a2edcfd0a91a - Returned response: 200
2026-07-30 21:37:29 | INFO     | trace_id=235109fd-d88e-4468-adfe-39d18eaaca84 - Received request: GET /api/v1/personas
2026-07-30 21:37:29 | INFO     | trace_id=235109fd-d88e-4468-adfe-39d18eaaca84 - Returned response: 200
2026-07-30 21:37:29 | INFO     | trace_id=94a5a86d-8c11-4abe-ae01-a76e72cf7870 - Received request: GET /api/v1/personas
2026-07-30 21:37:29 | INFO     | trace_id=94a5a86d-8c11-4abe-ae01-a76e72cf7870 - Returned response: 200
2026-07-30 21:37:29 | INFO     | trace_id=6886bdb7-ac68-4bec-b796-c963021e5fe5 - Received request: GET /api/v1/feynman/progress
2026-07-30 21:37:29 | INFO     | trace_id=0e6d011e-3910-4e34-b9d4-4a1e691e01ff - Received request: GET /api/v1/pomodoro/stats
2026-07-30 21:37:29 | INFO     | trace_id=6886bdb7-ac68-4bec-b796-c963021e5fe5 - Returned response: 200
2026-07-30 21:37:29 | INFO     | trace_id=e1ff9e62-5d0f-486a-833a-9bf9ea89e3ef - Received request: GET /api/v1/feynman/progress
2026-07-30 21:37:29 | INFO     | trace_id=e1ff9e62-5d0f-486a-833a-9bf9ea89e3ef - Returned response: 200
2026-07-30 21:37:29 | INFO     | trace_id=0e6d011e-3910-4e34-b9d4-4a1e691e01ff - Returned response: 200
2026-07-30 21:37:29 | INFO     | trace_id=44d300b4-be25-47aa-87f5-31371e486d15 - Received request: GET /api/v1/pomodoro/stats
2026-07-30 21:37:29 | INFO     | trace_id=44d300b4-be25-47aa-87f5-31371e486d15 - Returned response: 200
2026-07-30 21:38:12 | INFO     | trace_id=4e5560c9-2b5c-413c-881a-a297b1e7e94c - Received request: OPTIONS /api/v1/auth/me
2026-07-30 21:38:12 | INFO     | trace_id=6c617de1-eed6-450c-806a-bfe272105eb3 - Received request: OPTIONS /api/v1/auth/me
2026-07-30 21:38:12 | INFO     | trace_id=4e5560c9-2b5c-413c-881a-a297b1e7e94c - Returned response: 200
2026-07-30 21:38:12 | INFO     | trace_id=6c617de1-eed6-450c-806a-bfe272105eb3 - Returned response: 200
2026-07-30 21:38:12 | INFO     | trace_id=386c4f94-90b8-492b-a95b-59648ac1fdda - Received request: GET /api/v1/auth/me
2026-07-30 21:38:12 | INFO     | trace_id=386c4f94-90b8-492b-a95b-59648ac1fdda - Returned response: 200
2026-07-30 21:38:12 | INFO     | trace_id=b7d08aa9-eaf5-4640-9015-08ef7de9b9fe - Received request: GET /api/v1/auth/me
2026-07-30 21:38:12 | INFO     | trace_id=b7d08aa9-eaf5-4640-9015-08ef7de9b9fe - Returned response: 200
2026-07-30 21:38:12 | INFO     | trace_id=d8cd50ab-b53b-4260-a8b8-915723ddfd29 - Received request: GET /api/v1/feynman/progress
2026-07-30 21:38:12 | INFO     | trace_id=4516a9ac-8f74-4908-b053-312c22f68062 - Received request: GET /api/v1/pomodoro/stats
2026-07-30 21:38:12 | INFO     | trace_id=d8cd50ab-b53b-4260-a8b8-915723ddfd29 - Returned response: 200
2026-07-30 21:38:12 | INFO     | trace_id=0391a2bb-b40c-4ae0-b8a5-62bb364b9a55 - Received request: GET /api/v1/feynman/progress
2026-07-30 21:38:12 | INFO     | trace_id=0391a2bb-b40c-4ae0-b8a5-62bb364b9a55 - Returned response: 200
2026-07-30 21:38:12 | INFO     | trace_id=4516a9ac-8f74-4908-b053-312c22f68062 - Returned response: 200
2026-07-30 21:38:12 | INFO     | trace_id=b2cf4f26-59fa-44eb-8989-216306495837 - Received request: GET /api/v1/pomodoro/stats
2026-07-30 21:38:12 | INFO     | trace_id=b2cf4f26-59fa-44eb-8989-216306495837 - Returned response: 200
2026-07-30 21:38:16 | INFO     | trace_id=29d6ec6c-5d00-436a-9672-55f2a098bff9 - Received request: GET /api/v1/admin/prewarm/status
2026-07-30 21:38:16 | INFO     | trace_id=29d6ec6c-5d00-436a-9672-55f2a098bff9 - Returned response: 200
2026-07-30 21:38:16 | INFO     | trace_id=2ffd0ed0-1400-4c87-b27a-752eeea599f9 - Received request: GET /api/v1/admin/prewarm/status
2026-07-30 21:38:16 | INFO     | trace_id=2ffd0ed0-1400-4c87-b27a-752eeea599f9 - Returned response: 200
2026-07-30 21:38:21 | INFO     | trace_id=46a6b543-19a3-4733-aba8-52e2ac31e5d8 - Received request: GET /api/v1/practice/weaknesses
2026-07-30 21:38:21 | INFO     | trace_id=46a6b543-19a3-4733-aba8-52e2ac31e5d8 - Returned response: 200
2026-07-30 21:38:21 | INFO     | trace_id=cf519bb0-272a-47df-b0fc-b4510b4b58dd - Received request: GET /api/v1/practice/weaknesses
2026-07-30 21:38:21 | INFO     | trace_id=cf519bb0-272a-47df-b0fc-b4510b4b58dd - Returned response: 200
2026-07-30 21:38:22 | INFO     | trace_id=11f17ee6-c791-46f6-9b0e-53cc7d9e6c1a - Received request: GET /api/v1/personas
2026-07-30 21:38:22 | INFO     | trace_id=11f17ee6-c791-46f6-9b0e-53cc7d9e6c1a - Returned response: 200
2026-07-30 21:38:22 | INFO     | trace_id=36b39bab-9151-4955-a325-24886e889071 - Received request: GET /api/v1/personas
2026-07-30 21:38:22 | INFO     | trace_id=36b39bab-9151-4955-a325-24886e889071 - Returned response: 200
2026-07-30 21:38:29 | INFO     | trace_id=06930c43-74fe-446d-bfeb-521b0cde8bb6 - Received request: OPTIONS /api/v1/dynamic-exam/start
2026-07-30 21:38:29 | INFO     | trace_id=06930c43-74fe-446d-bfeb-521b0cde8bb6 - Returned response: 200
2026-07-30 21:38:29 | INFO     | trace_id=19103702-9e0d-4bcf-a0b3-adb0359960ba - Received request: POST /api/v1/dynamic-exam/start
2026-07-30 21:38:29 | INFO     | trace_id=19103702-9e0d-4bcf-a0b3-adb0359960ba - Returned response: 500
2026-07-30 21:38:31 | INFO     | trace_id=03751154-84c3-4d52-a3a8-4b49e1932241 - Received request: GET /api/v1/feynman/progress
2026-07-30 21:38:31 | INFO     | trace_id=13c1d4e8-1fa3-4968-84c4-a3b6d23f296d - Received request: GET /api/v1/pomodoro/stats
2026-07-30 21:38:31 | INFO     | trace_id=03751154-84c3-4d52-a3a8-4b49e1932241 - Returned response: 200
2026-07-30 21:38:31 | INFO     | trace_id=70deab6b-6a7e-4a08-a414-d34f80226f62 - Received request: GET /api/v1/feynman/progress
2026-07-30 21:38:31 | INFO     | trace_id=70deab6b-6a7e-4a08-a414-d34f80226f62 - Returned response: 200
2026-07-30 21:38:31 | INFO     | trace_id=13c1d4e8-1fa3-4968-84c4-a3b6d23f296d - Returned response: 200
2026-07-30 21:38:31 | INFO     | trace_id=d1f6642f-e604-49fb-99d6-57069b5ed0e2 - Received request: GET /api/v1/pomodoro/stats
2026-07-30 21:38:31 | INFO     | trace_id=d1f6642f-e604-49fb-99d6-57069b5ed0e2 - Returned response: 200
2026-07-30 21:38:32 | INFO     | trace_id=879fdfbc-ebd2-4bc7-942d-2469e986a0bc - Received request: GET /api/v1/personas
2026-07-30 21:38:32 | INFO     | trace_id=879fdfbc-ebd2-4bc7-942d-2469e986a0bc - Returned response: 200
2026-07-30 21:38:32 | INFO     | trace_id=8b91e37c-65a2-47e7-8ef2-c453fedec11a - Received request: GET /api/v1/personas
2026-07-30 21:38:32 | INFO     | trace_id=8b91e37c-65a2-47e7-8ef2-c453fedec11a - Returned response: 200
2026-07-30 21:39:01 | INFO     | trace_id=299b95fa-128b-4231-bde1-0eaacd15136d - Received request: GET /api/v1/practice/weaknesses
2026-07-30 21:39:01 | INFO     | trace_id=299b95fa-128b-4231-bde1-0eaacd15136d - Returned response: 200
2026-07-30 21:39:01 | INFO     | trace_id=6069e9ef-62d6-44a1-a1a7-09998f0ef208 - Received request: GET /api/v1/practice/weaknesses
2026-07-30 21:39:01 | INFO     | trace_id=6069e9ef-62d6-44a1-a1a7-09998f0ef208 - Returned response: 200
2026-07-30 21:39:08 | INFO     | trace_id=5c45c0be-804e-4331-857a-c309f533db10 - Received request: GET /api/v1/personas
2026-07-30 21:39:08 | INFO     | trace_id=5c45c0be-804e-4331-857a-c309f533db10 - Returned response: 200
2026-07-30 21:39:08 | INFO     | trace_id=f61cc08f-e239-40d0-8428-869e860c2866 - Received request: GET /api/v1/personas
2026-07-30 21:39:08 | INFO     | trace_id=f61cc08f-e239-40d0-8428-869e860c2866 - Returned response: 200
2026-07-30 21:39:09 | INFO     | trace_id=2ceb5710-b4b0-459d-b554-04598ea867f6 - Received request: GET /api/v1/feynman/progress
2026-07-30 21:39:09 | INFO     | trace_id=49a78ca3-95cd-49ef-9f91-22ea0521add0 - Received request: GET /api/v1/pomodoro/stats
2026-07-30 21:39:09 | INFO     | trace_id=2ceb5710-b4b0-459d-b554-04598ea867f6 - Returned response: 200
2026-07-30 21:39:09 | INFO     | trace_id=8105fbdf-8dc2-4eb3-85da-9f8c6b180838 - Received request: GET /api/v1/feynman/progress
2026-07-30 21:39:09 | INFO     | trace_id=8105fbdf-8dc2-4eb3-85da-9f8c6b180838 - Returned response: 200
2026-07-30 21:39:09 | INFO     | trace_id=49a78ca3-95cd-49ef-9f91-22ea0521add0 - Returned response: 200
2026-07-30 21:39:09 | INFO     | trace_id=fc6328e9-630c-45a6-a571-d54a4c8bf90e - Received request: GET /api/v1/pomodoro/stats
2026-07-30 21:39:09 | INFO     | trace_id=fc6328e9-630c-45a6-a571-d54a4c8bf90e - Returned response: 200
2026-07-30 21:39:10 | INFO     | trace_id=9f8f6cb0-3012-47a9-98eb-0419dc7a68e4 - Received request: GET /api/v1/personas
2026-07-30 21:39:10 | INFO     | trace_id=9f8f6cb0-3012-47a9-98eb-0419dc7a68e4 - Returned response: 200
2026-07-30 21:39:10 | INFO     | trace_id=c3d4ee79-0d47-401e-9aa0-b01a7627de27 - Received request: GET /api/v1/personas
2026-07-30 21:39:10 | INFO     | trace_id=c3d4ee79-0d47-401e-9aa0-b01a7627de27 - Returned response: 200
2026-07-30 21:39:11 | INFO     | trace_id=89345e02-da3a-4bea-91d7-cd5157d03df0 - Received request: GET /api/v1/feynman/progress
2026-07-30 21:39:11 | INFO     | trace_id=d0d26ea0-73f4-4ea1-90c9-375f899f5613 - Received request: GET /api/v1/pomodoro/stats
2026-07-30 21:39:11 | INFO     | trace_id=89345e02-da3a-4bea-91d7-cd5157d03df0 - Returned response: 200
2026-07-30 21:39:11 | INFO     | trace_id=c570ace7-6c40-4553-b5bb-fe102af72e5e - Received request: GET /api/v1/feynman/progress
2026-07-30 21:39:11 | INFO     | trace_id=c570ace7-6c40-4553-b5bb-fe102af72e5e - Returned response: 200
2026-07-30 21:39:11 | INFO     | trace_id=d0d26ea0-73f4-4ea1-90c9-375f899f5613 - Returned response: 200
2026-07-30 21:39:11 | INFO     | trace_id=5333577b-093c-403e-a806-c97829fac2aa - Received request: GET /api/v1/pomodoro/stats
2026-07-30 21:39:11 | INFO     | trace_id=5333577b-093c-403e-a806-c97829fac2aa - Returned response: 200
2026-07-30 21:39:12 | INFO     | trace_id=e33e0858-a585-47b3-a204-a4924517fffb - Received request: GET /api/v1/practice/categories
2026-07-30 21:39:12 | INFO     | trace_id=72f22532-a597-40ae-a496-55e58cf3369f - Received request: GET /api/v1/practice/recommended
2026-07-30 21:39:13 | INFO     | trace_id=e33e0858-a585-47b3-a204-a4924517fffb - Returned response: 200
2026-07-30 21:39:13 | INFO     | trace_id=72f22532-a597-40ae-a496-55e58cf3369f - Returned response: 200
2026-07-30 21:39:13 | INFO     | trace_id=1f3ce71c-5df2-4703-8ea8-16187ff94547 - Received request: GET /api/v1/exam-papers
2026-07-30 21:39:13 | INFO     | trace_id=1f3ce71c-5df2-4703-8ea8-16187ff94547 - Returned response: 200
2026-07-30 21:39:15 | INFO     | trace_id=f6ab1210-3c39-4d5d-a564-9615385356af - Received request: GET /api/v1/practice/recommended
2026-07-30 21:39:15 | INFO     | trace_id=f6ab1210-3c39-4d5d-a564-9615385356af - Returned response: 200
2026-07-30 21:39:15 | INFO     | trace_id=f952d395-0466-4ec2-b7e3-6f2cf39a8056 - Received request: GET /api/v1/feynman/progress
2026-07-30 21:39:15 | INFO     | trace_id=567be185-bd2f-4728-98ee-b559f2a3e167 - Received request: GET /api/v1/pomodoro/stats
2026-07-30 21:39:15 | INFO     | trace_id=f952d395-0466-4ec2-b7e3-6f2cf39a8056 - Returned response: 200
2026-07-30 21:39:15 | INFO     | trace_id=567be185-bd2f-4728-98ee-b559f2a3e167 - Returned response: 200
2026-07-30 21:39:19 | INFO     | trace_id=738048ed-cb4e-4dab-9752-6d8b92659c6c - Received request: GET /api/v1/admin/prewarm/status
2026-07-30 21:39:19 | INFO     | trace_id=738048ed-cb4e-4dab-9752-6d8b92659c6c - Returned response: 200
2026-07-30 21:39:19 | INFO     | trace_id=7d89b2bf-8b19-4315-ba9e-759ddcce8335 - Received request: GET /api/v1/admin/prewarm/status
2026-07-30 21:39:19 | INFO     | trace_id=7d89b2bf-8b19-4315-ba9e-759ddcce8335 - Returned response: 200
2026-07-30 21:39:48 | INFO     | trace_id=66d9894c-7473-46fb-84fb-85136926f54a - Received request: GET /api/v1/auth/me
2026-07-30 21:39:49 | INFO     | trace_id=66d9894c-7473-46fb-84fb-85136926f54a - Returned response: 200
2026-07-30 21:39:49 | INFO     | trace_id=a70485f4-57da-43b1-8ba2-6428760cffca - Received request: GET /api/v1/auth/me
2026-07-30 21:39:49 | INFO     | trace_id=a70485f4-57da-43b1-8ba2-6428760cffca - Returned response: 200
2026-07-30 21:39:49 | INFO     | trace_id=b17dace3-1642-43b3-b77c-42307ebd6406 - Received request: GET /api/v1/admin/prewarm/status
2026-07-30 21:39:49 | INFO     | trace_id=b17dace3-1642-43b3-b77c-42307ebd6406 - Returned response: 200
2026-07-30 21:39:49 | INFO     | trace_id=2c3e2e56-a937-4b2e-89b7-098d15419a4f - Received request: GET /api/v1/admin/prewarm/status
2026-07-30 21:39:49 | INFO     | trace_id=2c3e2e56-a937-4b2e-89b7-098d15419a4f - Returned response: 200
2026-07-30 21:43:07 | INFO     | trace_id=ec95207a-6d9d-4cb1-851a-e1ac64e089e4 - Received request: GET /api/v1/admin/prewarm/status
2026-07-30 21:43:07 | INFO     | trace_id=ec95207a-6d9d-4cb1-851a-e1ac64e089e4 - Returned response: 200
2026-07-30 21:45:15 | INFO     | trace_id=8a872154-f586-4a4d-9500-ca1de54b5f47 - Received request: GET /api/v1/auth/me
2026-07-30 21:45:15 | INFO     | trace_id=8a872154-f586-4a4d-9500-ca1de54b5f47 - Returned response: 200
2026-07-30 21:45:15 | INFO     | trace_id=2c55cfb0-80ea-4945-9b4c-c0db21fda518 - Received request: GET /api/v1/auth/me
2026-07-30 21:45:15 | INFO     | trace_id=2c55cfb0-80ea-4945-9b4c-c0db21fda518 - Returned response: 200
2026-07-30 21:45:27 | INFO     | trace_id=14450fb6-37db-4038-a471-3cfa41701e07 - Received request: GET /api/v1/auth/me
2026-07-30 21:45:27 | INFO     | trace_id=14450fb6-37db-4038-a471-3cfa41701e07 - Returned response: 200
2026-07-30 21:45:27 | INFO     | trace_id=90cb39d2-105a-4c4d-9eed-d5d700a57d80 - Received request: GET /api/v1/auth/me
2026-07-30 21:45:27 | INFO     | trace_id=90cb39d2-105a-4c4d-9eed-d5d700a57d80 - Returned response: 200
2026-07-30 21:45:43 | INFO     | trace_id=7b877858-c6a9-42fc-8b55-106e0a36481c - Received request: GET /api/v1/auth/me
2026-07-30 21:45:43 | INFO     | trace_id=7b877858-c6a9-42fc-8b55-106e0a36481c - Returned response: 200
2026-07-30 21:45:43 | INFO     | trace_id=05fd28f6-1de1-4702-8eb7-3a04cdaf8f9d - Received request: GET /api/v1/auth/me
2026-07-30 21:45:43 | INFO     | trace_id=05fd28f6-1de1-4702-8eb7-3a04cdaf8f9d - Returned response: 200
2026-07-30 21:46:26 | INFO     | trace_id=84dad8ad-b3ae-4f1d-b009-d02db17a7be5 - Received request: GET /api/v1/auth/me
2026-07-30 21:46:26 | INFO     | trace_id=84dad8ad-b3ae-4f1d-b009-d02db17a7be5 - Returned response: 200
2026-07-30 21:46:26 | INFO     | trace_id=29d0d578-aa8c-48ff-9b18-95c2e02165ea - Received request: GET /api/v1/auth/me
2026-07-30 21:46:26 | INFO     | trace_id=29d0d578-aa8c-48ff-9b18-95c2e02165ea - Returned response: 200
2026-07-30 21:46:27 | INFO     | trace_id=9c054d20-d88a-41a3-994b-4ac0e065e0dd - Received request: GET /api/v1/auth/me
2026-07-30 21:46:27 | INFO     | trace_id=9c054d20-d88a-41a3-994b-4ac0e065e0dd - Returned response: 200
2026-07-30 21:46:27 | INFO     | trace_id=cf1a6693-18c7-40ff-9e90-5226a50c6c56 - Received request: GET /api/v1/auth/me
2026-07-30 21:46:27 | INFO     | trace_id=cf1a6693-18c7-40ff-9e90-5226a50c6c56 - Returned response: 200
2026-07-30 21:46:27 | INFO     | trace_id=dd12141c-24fd-4c4a-991e-6d576f3de23d - Received request: GET /api/v1/auth/me
2026-07-30 21:46:27 | INFO     | trace_id=dd12141c-24fd-4c4a-991e-6d576f3de23d - Returned response: 200
2026-07-30 21:46:27 | INFO     | trace_id=a7dc43a1-c171-4f7c-8f1c-d9db5ab187f5 - Received request: GET /api/v1/auth/me
2026-07-30 21:46:27 | INFO     | trace_id=a7dc43a1-c171-4f7c-8f1c-d9db5ab187f5 - Returned response: 200
2026-07-30 21:46:59 | INFO     | trace_id=072b69ec-c825-44ff-825f-1114b60135b9 - Received request: OPTIONS /api/v1/auth/me
2026-07-30 21:46:59 | INFO     | trace_id=a109b98b-30cd-4d4e-ac45-00d9a5d0d306 - Received request: OPTIONS /api/v1/auth/me
2026-07-30 21:46:59 | INFO     | trace_id=072b69ec-c825-44ff-825f-1114b60135b9 - Returned response: 200
2026-07-30 21:46:59 | INFO     | trace_id=a109b98b-30cd-4d4e-ac45-00d9a5d0d306 - Returned response: 200
2026-07-30 21:46:59 | INFO     | trace_id=abc3d539-81af-4e31-8d6e-ea383bc3d087 - Received request: GET /api/v1/auth/me
2026-07-30 21:46:59 | INFO     | trace_id=abc3d539-81af-4e31-8d6e-ea383bc3d087 - Returned response: 200
2026-07-30 21:46:59 | INFO     | trace_id=06afbafa-dad2-49ef-816a-666f875b4fb4 - Received request: GET /api/v1/auth/me
2026-07-30 21:46:59 | INFO     | trace_id=06afbafa-dad2-49ef-816a-666f875b4fb4 - Returned response: 200
2026-07-30 21:47:14 | INFO     | trace_id=65fb002c-1955-41ba-9890-9cf8835d3d51 - Received request: GET /api/v1/auth/me
2026-07-30 21:47:14 | INFO     | trace_id=65fb002c-1955-41ba-9890-9cf8835d3d51 - Returned response: 200
2026-07-30 21:47:14 | INFO     | trace_id=72240399-d7db-4af9-9875-aa16780074f4 - Received request: GET /api/v1/auth/me
2026-07-30 21:47:14 | INFO     | trace_id=72240399-d7db-4af9-9875-aa16780074f4 - Returned response: 200
2026-07-30 21:47:19 | INFO     | trace_id=17b5d4a8-2b72-4409-9da5-9b0b3d23d525 - Received request: GET /api/v1/auth/me
2026-07-30 21:47:19 | INFO     | trace_id=17b5d4a8-2b72-4409-9da5-9b0b3d23d525 - Returned response: 200
2026-07-30 21:47:19 | INFO     | trace_id=ca96fb11-4950-47b0-a788-6dd11eb496e4 - Received request: GET /api/v1/auth/me
2026-07-30 21:47:19 | INFO     | trace_id=ca96fb11-4950-47b0-a788-6dd11eb496e4 - Returned response: 200
2026-07-30 21:47:54 | INFO     | trace_id=779478ef-8dbc-42f8-98b7-a5175feacab9 - Received request: GET /api/v1/auth/me
2026-07-30 21:47:54 | INFO     | trace_id=779478ef-8dbc-42f8-98b7-a5175feacab9 - Returned response: 200
2026-07-30 21:47:54 | INFO     | trace_id=2c8f06c9-9de5-47cd-abb1-2b3db7713fff - Received request: GET /api/v1/auth/me
2026-07-30 21:47:54 | INFO     | trace_id=2c8f06c9-9de5-47cd-abb1-2b3db7713fff - Returned response: 200
2026-07-30 21:47:54 | INFO     | trace_id=682763ff-b198-4ec5-8916-d16f89d30aaa - Received request: GET /api/v1/admin/prewarm/status
2026-07-30 21:47:54 | INFO     | trace_id=682763ff-b198-4ec5-8916-d16f89d30aaa - Returned response: 200
2026-07-30 21:47:54 | INFO     | trace_id=874622c3-5882-47ce-b1a5-8105cc0def88 - Received request: GET /api/v1/admin/prewarm/status
2026-07-30 21:47:54 | INFO     | trace_id=874622c3-5882-47ce-b1a5-8105cc0def88 - Returned response: 200
2026-07-30 21:47:55 | INFO     | trace_id=9368ed11-51f0-4d23-bca6-92c4a973ca1b - Received request: GET /api/v1/auth/me
2026-07-30 21:47:55 | INFO     | trace_id=9368ed11-51f0-4d23-bca6-92c4a973ca1b - Returned response: 200
2026-07-30 21:47:55 | INFO     | trace_id=dfe56d6c-effc-4fb3-890c-f5b402b4b24e - Received request: GET /api/v1/auth/me
2026-07-30 21:47:55 | INFO     | trace_id=dfe56d6c-effc-4fb3-890c-f5b402b4b24e - Returned response: 200
2026-07-30 21:47:55 | INFO     | trace_id=b1bcfab2-d2f9-4776-ba64-f2e754660fd3 - Received request: GET /api/v1/admin/prewarm/status
2026-07-30 21:47:55 | INFO     | trace_id=b1bcfab2-d2f9-4776-ba64-f2e754660fd3 - Returned response: 200
2026-07-30 21:47:55 | INFO     | trace_id=bb6f5f95-e339-40dd-a251-ff78d0bfb248 - Received request: GET /api/v1/admin/prewarm/status
2026-07-30 21:47:55 | INFO     | trace_id=bb6f5f95-e339-40dd-a251-ff78d0bfb248 - Returned response: 200
2026-07-30 21:48:00 | INFO     | trace_id=d3adba0b-c5ee-4812-80cd-42f02e8208c4 - Received request: GET /api/v1/auth/me
2026-07-30 21:48:00 | INFO     | trace_id=d3adba0b-c5ee-4812-80cd-42f02e8208c4 - Returned response: 200
2026-07-30 21:48:00 | INFO     | trace_id=23d36c7f-dc75-4892-a1d8-c6095225d3e0 - Received request: GET /api/v1/auth/me
2026-07-30 21:48:00 | INFO     | trace_id=23d36c7f-dc75-4892-a1d8-c6095225d3e0 - Returned response: 200
2026-07-30 21:48:00 | INFO     | trace_id=8278c350-a738-43f9-88cd-3567c7101071 - Received request: GET /api/v1/admin/prewarm/status
2026-07-30 21:48:00 | INFO     | trace_id=8278c350-a738-43f9-88cd-3567c7101071 - Returned response: 200
2026-07-30 21:48:00 | INFO     | trace_id=ab05f481-1798-4579-a431-f3fc5dd8d322 - Received request: GET /api/v1/admin/prewarm/status
2026-07-30 21:48:00 | INFO     | trace_id=ab05f481-1798-4579-a431-f3fc5dd8d322 - Returned response: 200
2026-07-30 21:48:03 | INFO     | trace_id=2ea428f9-ebe0-47e3-829a-6913a2d0e766 - Received request: OPTIONS /api/v1/practice/weaknesses
2026-07-30 21:48:03 | INFO     | trace_id=521de18e-400d-49a1-a046-4b97eada1274 - Received request: OPTIONS /api/v1/practice/weaknesses
2026-07-30 21:48:03 | INFO     | trace_id=2ea428f9-ebe0-47e3-829a-6913a2d0e766 - Returned response: 200
2026-07-30 21:48:03 | INFO     | trace_id=521de18e-400d-49a1-a046-4b97eada1274 - Returned response: 200
2026-07-30 21:48:03 | INFO     | trace_id=1c4a7818-e36a-4676-a906-ffae8abfea91 - Received request: GET /api/v1/practice/weaknesses
2026-07-30 21:48:03 | INFO     | trace_id=1c4a7818-e36a-4676-a906-ffae8abfea91 - Returned response: 200
2026-07-30 21:48:03 | INFO     | trace_id=3f13a75b-bcf9-4796-a1e0-c21c1a094a87 - Received request: GET /api/v1/practice/weaknesses
2026-07-30 21:48:03 | INFO     | trace_id=3f13a75b-bcf9-4796-a1e0-c21c1a094a87 - Returned response: 200
2026-07-30 21:48:04 | INFO     | trace_id=ac4b20f1-90ce-4a75-a86f-ba4ad5ab83c9 - Received request: GET /api/v1/personas
2026-07-30 21:48:04 | INFO     | trace_id=ac4b20f1-90ce-4a75-a86f-ba4ad5ab83c9 - Returned response: 200
2026-07-30 21:48:04 | INFO     | trace_id=3e1dae79-6cc1-4939-b9cc-2a6422245010 - Received request: GET /api/v1/personas
2026-07-30 21:48:04 | INFO     | trace_id=3e1dae79-6cc1-4939-b9cc-2a6422245010 - Returned response: 200
2026-07-30 21:48:04 | INFO     | trace_id=45962da2-8447-49e1-8f92-eaff61a3f630 - Received request: GET /api/v1/feynman/progress
2026-07-30 21:48:04 | INFO     | trace_id=325ba585-fb5d-4fc7-92a2-c1af4e7985b8 - Received request: GET /api/v1/pomodoro/stats
2026-07-30 21:48:04 | INFO     | trace_id=45962da2-8447-49e1-8f92-eaff61a3f630 - Returned response: 200
2026-07-30 21:48:04 | INFO     | trace_id=5651f52e-3ae3-4116-9a14-532de6328392 - Received request: GET /api/v1/feynman/progress
2026-07-30 21:48:04 | INFO     | trace_id=5651f52e-3ae3-4116-9a14-532de6328392 - Returned response: 200
2026-07-30 21:48:04 | INFO     | trace_id=325ba585-fb5d-4fc7-92a2-c1af4e7985b8 - Returned response: 200
2026-07-30 21:48:04 | INFO     | trace_id=f064f978-34bd-4317-965c-785afdf68e47 - Received request: GET /api/v1/pomodoro/stats
2026-07-30 21:48:04 | INFO     | trace_id=f064f978-34bd-4317-965c-785afdf68e47 - Returned response: 200
2026-07-30 21:48:12 | INFO     | trace_id=d9ae8ba8-94b0-4347-8578-f1ef7ef80479 - Received request: OPTIONS /api/v1/auth/login
2026-07-30 21:48:12 | INFO     | trace_id=d9ae8ba8-94b0-4347-8578-f1ef7ef80479 - Returned response: 200
2026-07-30 21:48:12 | INFO     | trace_id=54eaedc8-6f31-4c85-83de-06bb7de3da87 - Received request: POST /api/v1/auth/login
2026-07-30 21:48:12 | INFO     | trace_id=54eaedc8-6f31-4c85-83de-06bb7de3da87 - Returned response: 200
2026-07-30 21:48:12 | INFO     | trace_id=113f6008-e984-4747-b467-5d1ac714e161 - Received request: GET /api/v1/admin/prewarm/status
2026-07-30 21:48:12 | INFO     | trace_id=113f6008-e984-4747-b467-5d1ac714e161 - Returned response: 200
2026-07-30 21:48:12 | INFO     | trace_id=75c86fb3-1f54-47f9-a860-482006bb3084 - Received request: GET /api/v1/admin/prewarm/status
2026-07-30 21:48:12 | INFO     | trace_id=75c86fb3-1f54-47f9-a860-482006bb3084 - Returned response: 200
2026-07-30 21:48:49 | INFO     | trace_id=f6b2fc03-df3a-4b04-975f-e7eb734298aa - Received request: OPTIONS /api/v1/auth/me
2026-07-30 21:48:49 | INFO     | trace_id=349edaa1-c49b-4677-8f9f-1ad01a722ec0 - Received request: OPTIONS /api/v1/auth/me
2026-07-30 21:48:49 | INFO     | trace_id=f6b2fc03-df3a-4b04-975f-e7eb734298aa - Returned response: 200
2026-07-30 21:48:49 | INFO     | trace_id=349edaa1-c49b-4677-8f9f-1ad01a722ec0 - Returned response: 200
2026-07-30 21:48:49 | INFO     | trace_id=a7b76a64-db2b-4f2e-8b1b-a62ac37e80f4 - Received request: GET /api/v1/auth/me
2026-07-30 21:48:49 | INFO     | trace_id=a7b76a64-db2b-4f2e-8b1b-a62ac37e80f4 - Returned response: 200
2026-07-30 21:48:49 | INFO     | trace_id=fe524e53-2486-48a2-81bb-814e0ef4c3e4 - Received request: GET /api/v1/auth/me
2026-07-30 21:48:49 | INFO     | trace_id=fe524e53-2486-48a2-81bb-814e0ef4c3e4 - Returned response: 200
2026-07-30 21:48:49 | INFO     | trace_id=0214be55-d8c8-4ae5-ae29-01289a16690a - Received request: GET /api/v1/admin/prewarm/status
2026-07-30 21:48:49 | INFO     | trace_id=0214be55-d8c8-4ae5-ae29-01289a16690a - Returned response: 200
2026-07-30 21:48:49 | INFO     | trace_id=2b6d9246-b19b-44fd-a021-6f33be105dd1 - Received request: GET /api/v1/admin/prewarm/status
2026-07-30 21:48:49 | INFO     | trace_id=2b6d9246-b19b-44fd-a021-6f33be105dd1 - Returned response: 200
2026-07-30 21:48:51 | INFO     | trace_id=06c7ffd3-c872-4130-af04-c1d945ad2890 - Received request: GET /api/v1/practice/weaknesses
2026-07-30 21:48:51 | INFO     | trace_id=06c7ffd3-c872-4130-af04-c1d945ad2890 - Returned response: 200
2026-07-30 21:48:51 | INFO     | trace_id=d49fa375-4d11-486b-b109-b3e058ef1b48 - Received request: GET /api/v1/practice/weaknesses
2026-07-30 21:48:51 | INFO     | trace_id=d49fa375-4d11-486b-b109-b3e058ef1b48 - Returned response: 200
2026-07-30 21:48:52 | INFO     | trace_id=f1f9c3df-d1fc-4f37-89a4-abdcf347a47f - Received request: GET /api/v1/personas
2026-07-30 21:48:52 | INFO     | trace_id=f1f9c3df-d1fc-4f37-89a4-abdcf347a47f - Returned response: 200
2026-07-30 21:48:52 | INFO     | trace_id=fb536927-616e-4dc3-86a1-3f7b4053d771 - Received request: GET /api/v1/personas
2026-07-30 21:48:52 | INFO     | trace_id=fb536927-616e-4dc3-86a1-3f7b4053d771 - Returned response: 200
2026-07-30 21:48:53 | INFO     | trace_id=7bf623bb-7a5d-4815-ab29-8432ea83dc51 - Received request: GET /api/v1/feynman/progress
2026-07-30 21:48:53 | INFO     | trace_id=25a70984-fa9d-4c35-8c66-a465ad3f1720 - Received request: GET /api/v1/pomodoro/stats
2026-07-30 21:48:53 | INFO     | trace_id=7bf623bb-7a5d-4815-ab29-8432ea83dc51 - Returned response: 200
2026-07-30 21:48:53 | INFO     | trace_id=ef4a6a8e-44e7-45f6-9c4b-1b3a3de655f5 - Received request: GET /api/v1/feynman/progress
2026-07-30 21:48:53 | INFO     | trace_id=ef4a6a8e-44e7-45f6-9c4b-1b3a3de655f5 - Returned response: 200
2026-07-30 21:48:53 | INFO     | trace_id=25a70984-fa9d-4c35-8c66-a465ad3f1720 - Returned response: 200
2026-07-30 21:48:53 | INFO     | trace_id=0c29756d-c1f0-4ff7-ba2d-08c3defc2693 - Received request: GET /api/v1/pomodoro/stats
2026-07-30 21:48:53 | INFO     | trace_id=0c29756d-c1f0-4ff7-ba2d-08c3defc2693 - Returned response: 200
