2026-07-15 10:42:28 | INFO     | app.main:dispatch:32 | trace_id=5612de05-731d-4673-a876-82a644154549 - Received request: GET /api/v1/health
2026-07-15 10:42:28 | INFO     | app.main:dispatch:35 | trace_id=5612de05-731d-4673-a876-82a644154549 - Returned response: 200
2026-07-15 10:43:56 | INFO     | app.main:dispatch:32 | trace_id=b24c379c-bff9-46b5-a125-6dc6d9eac3e3 - Received request: OPTIONS /api/v1/chat
2026-07-15 10:43:56 | INFO     | app.main:dispatch:35 | trace_id=b24c379c-bff9-46b5-a125-6dc6d9eac3e3 - Returned response: 200
2026-07-15 10:43:56 | INFO     | app.main:dispatch:32 | trace_id=15d6b89f-ab51-4fca-81fa-bb5737b23ae2 - Received request: POST /api/v1/chat
2026-07-15 10:43:56 | INFO     | app.agents.doc_agent:answer_query:10 | trace_id=N/A - DocAgent 收到查询: 你好
2026-07-15 10:43:56 | INFO     | app.services.external_kb:search_knowledge:18 | trace_id=N/A - 正在检索外部知识库: query='你好', top_k=3
2026-07-15 10:44:03 | INFO     | app.services.llm_adapter:chat_completion:63 | trace_id=N/A - Model: deepseek-r1 | Latency: 6.76s | PromptTokens: 131 | CompletionTokens: 163
2026-07-15 10:44:03 | INFO     | app.main:dispatch:35 | trace_id=15d6b89f-ab51-4fca-81fa-bb5737b23ae2 - Returned response: 200
2026-07-15 10:44:11 | INFO     | app.main:dispatch:32 | trace_id=0fddef11-a023-484f-9f70-5e213cf57036 - Received request: POST /api/v1/chat
2026-07-15 10:44:11 | INFO     | app.agents.doc_agent:answer_query:10 | trace_id=N/A - DocAgent 收到查询: 你好
2026-07-15 10:44:11 | INFO     | app.services.external_kb:search_knowledge:18 | trace_id=N/A - 正在检索外部知识库: query='你好', top_k=3
2026-07-15 10:44:20 | INFO     | app.services.llm_adapter:chat_completion:63 | trace_id=N/A - Model: deepseek-r1 | Latency: 8.47s | PromptTokens: 131 | CompletionTokens: 226
2026-07-15 10:44:20 | INFO     | app.main:dispatch:35 | trace_id=0fddef11-a023-484f-9f70-5e213cf57036 - Returned response: 200
2026-07-15 10:44:30 | INFO     | app.main:dispatch:32 | trace_id=b9148ab4-0419-4a9d-aea3-6a9fee742aee - Received request: POST /api/v1/chat
2026-07-15 10:44:30 | INFO     | app.agents.doc_agent:answer_query:10 | trace_id=N/A - DocAgent 收到查询: 你是什么模型
2026-07-15 10:44:30 | INFO     | app.services.external_kb:search_knowledge:18 | trace_id=N/A - 正在检索外部知识库: query='你是什么模型', top_k=3
2026-07-15 10:44:34 | INFO     | app.services.llm_adapter:chat_completion:63 | trace_id=N/A - Model: deepseek-r1 | Latency: 3.76s | PromptTokens: 133 | CompletionTokens: 90
2026-07-15 10:44:34 | INFO     | app.main:dispatch:35 | trace_id=b9148ab4-0419-4a9d-aea3-6a9fee742aee - Returned response: 200
2026-07-15 10:44:40 | INFO     | app.main:dispatch:32 | trace_id=9a4c2cc5-f9aa-467d-8ba9-a72a56e51bbf - Received request: POST /api/v1/chat
2026-07-15 10:44:40 | INFO     | app.agents.doc_agent:answer_query:10 | trace_id=N/A - DocAgent 收到查询: 你是什么模型
2026-07-15 10:44:40 | INFO     | app.services.external_kb:search_knowledge:18 | trace_id=N/A - 正在检索外部知识库: query='你是什么模型', top_k=3
2026-07-15 10:44:49 | INFO     | app.services.llm_adapter:chat_completion:63 | trace_id=N/A - Model: deepseek-r1 | Latency: 9.21s | PromptTokens: 133 | CompletionTokens: 260
2026-07-15 10:44:49 | INFO     | app.main:dispatch:35 | trace_id=9a4c2cc5-f9aa-467d-8ba9-a72a56e51bbf - Returned response: 200
2026-07-15 10:46:12 | INFO     | app.main:dispatch:32 | trace_id=80c10670-019d-40b3-955f-b007a6c00e06 - Received request: POST /api/v1/chat
2026-07-15 10:46:12 | INFO     | app.agents.persona_agent:generate_reply:15 | trace_id=N/A - PersonaAgent 正在生成客户回复
2026-07-15 10:46:17 | INFO     | app.services.llm_adapter:chat_completion:63 | trace_id=N/A - Model: deepseek-r1 | Latency: 4.70s | PromptTokens: 53 | CompletionTokens: 133
2026-07-15 10:46:17 | INFO     | app.main:dispatch:35 | trace_id=80c10670-019d-40b3-955f-b007a6c00e06 - Returned response: 200
2026-07-15 10:46:36 | INFO     | app.main:dispatch:32 | trace_id=3a549bf2-8a13-40f4-813f-270499f9a52b - Received request: POST /api/v1/chat
2026-07-15 10:46:36 | INFO     | app.agents.persona_agent:generate_reply:15 | trace_id=N/A - PersonaAgent 正在生成客户回复
2026-07-15 10:46:41 | INFO     | app.services.llm_adapter:chat_completion:63 | trace_id=N/A - Model: deepseek-r1 | Latency: 4.67s | PromptTokens: 86 | CompletionTokens: 134
2026-07-15 10:46:41 | INFO     | app.main:dispatch:35 | trace_id=3a549bf2-8a13-40f4-813f-270499f9a52b - Returned response: 200
2026-07-15 10:46:51 | INFO     | app.main:dispatch:32 | trace_id=8429b690-a2bf-4658-830b-aff22183a889 - Received request: POST /api/v1/chat
2026-07-15 10:46:51 | INFO     | app.agents.persona_agent:generate_reply:15 | trace_id=N/A - PersonaAgent 正在生成客户回复
2026-07-15 10:46:56 | INFO     | app.services.llm_adapter:chat_completion:63 | trace_id=N/A - Model: deepseek-r1 | Latency: 4.80s | PromptTokens: 120 | CompletionTokens: 134
2026-07-15 10:46:56 | INFO     | app.main:dispatch:35 | trace_id=8429b690-a2bf-4658-830b-aff22183a889 - Returned response: 200
2026-07-15 10:49:21 | INFO     | app.main:dispatch:32 | trace_id=9b2ed7f7-a809-483f-924f-78a0dbdc260e - Received request: POST /api/v1/chat
2026-07-15 10:49:21 | INFO     | app.agents.persona_agent:generate_reply:15 | trace_id=N/A - PersonaAgent 正在生成客户回复
2026-07-15 10:49:24 | INFO     | app.services.llm_adapter:chat_completion:63 | trace_id=N/A - Model: deepseek-r1 | Latency: 3.89s | PromptTokens: 53 | CompletionTokens: 92
2026-07-15 10:49:24 | INFO     | app.main:dispatch:35 | trace_id=9b2ed7f7-a809-483f-924f-78a0dbdc260e - Returned response: 200
2026-07-15 10:49:38 | INFO     | app.main:dispatch:32 | trace_id=8ac1797e-d258-4993-8c4c-cdfb44b5bf22 - Received request: POST /api/v1/chat
2026-07-15 10:49:38 | INFO     | app.agents.persona_agent:generate_reply:15 | trace_id=N/A - PersonaAgent 正在生成客户回复
2026-07-15 10:49:43 | INFO     | app.services.llm_adapter:chat_completion:63 | trace_id=N/A - Model: deepseek-r1 | Latency: 4.85s | PromptTokens: 96 | CompletionTokens: 135
2026-07-15 10:49:43 | INFO     | app.main:dispatch:35 | trace_id=8ac1797e-d258-4993-8c4c-cdfb44b5bf22 - Returned response: 200
2026-07-15 10:49:53 | INFO     | app.main:dispatch:32 | trace_id=a981ff0f-8949-49ae-817f-e41255006274 - Received request: POST /api/v1/chat
2026-07-15 10:49:53 | INFO     | app.agents.persona_agent:generate_reply:15 | trace_id=N/A - PersonaAgent 正在生成客户回复
2026-07-15 10:49:59 | INFO     | app.services.llm_adapter:chat_completion:63 | trace_id=N/A - Model: deepseek-r1 | Latency: 6.08s | PromptTokens: 132 | CompletionTokens: 170
2026-07-15 10:49:59 | INFO     | app.main:dispatch:35 | trace_id=a981ff0f-8949-49ae-817f-e41255006274 - Returned response: 200
2026-07-15 10:51:24 | INFO     | app.main:dispatch:32 | trace_id=b59c30cb-7d60-423f-902b-ab10b829dd32 - Received request: POST /api/v1/chat
2026-07-15 10:51:24 | INFO     | app.agents.persona_agent:generate_reply:15 | trace_id=N/A - PersonaAgent 正在生成客户回复
2026-07-15 10:51:30 | INFO     | app.services.llm_adapter:chat_completion:63 | trace_id=N/A - Model: deepseek-r1 | Latency: 5.65s | PromptTokens: 84 | CompletionTokens: 156
2026-07-15 10:51:30 | INFO     | app.main:dispatch:35 | trace_id=b59c30cb-7d60-423f-902b-ab10b829dd32 - Returned response: 200
2026-07-15 10:51:42 | INFO     | app.main:dispatch:32 | trace_id=62e2e2fd-a173-4624-913d-793afefc7fc6 - Received request: POST /api/v1/chat
2026-07-15 10:51:42 | INFO     | app.agents.persona_agent:generate_reply:15 | trace_id=N/A - PersonaAgent 正在生成客户回复
2026-07-15 10:51:47 | INFO     | app.services.llm_adapter:chat_completion:63 | trace_id=N/A - Model: deepseek-r1 | Latency: 5.06s | PromptTokens: 121 | CompletionTokens: 142
2026-07-15 10:51:47 | INFO     | app.main:dispatch:35 | trace_id=62e2e2fd-a173-4624-913d-793afefc7fc6 - Returned response: 200
2026-07-15 10:51:57 | INFO     | app.main:dispatch:32 | trace_id=0c238dd3-52ac-4c9e-8282-e5a7807cb92c - Received request: POST /api/v1/chat
2026-07-15 10:51:57 | INFO     | app.agents.persona_agent:generate_reply:15 | trace_id=N/A - PersonaAgent 正在生成客户回复
2026-07-15 10:52:02 | INFO     | app.services.llm_adapter:chat_completion:63 | trace_id=N/A - Model: deepseek-r1 | Latency: 5.01s | PromptTokens: 150 | CompletionTokens: 139
2026-07-15 10:52:02 | INFO     | app.main:dispatch:35 | trace_id=0c238dd3-52ac-4c9e-8282-e5a7807cb92c - Returned response: 200
2026-07-15 10:52:16 | INFO     | app.main:dispatch:32 | trace_id=5a48023e-e4e6-4295-8f4d-083769f1e221 - Received request: POST /api/v1/chat
2026-07-15 10:52:16 | INFO     | app.agents.persona_agent:generate_reply:15 | trace_id=N/A - PersonaAgent 正在生成客户回复
2026-07-15 10:52:21 | INFO     | app.services.llm_adapter:chat_completion:63 | trace_id=N/A - Model: deepseek-r1 | Latency: 5.28s | PromptTokens: 178 | CompletionTokens: 149
2026-07-15 10:52:21 | INFO     | app.main:dispatch:35 | trace_id=5a48023e-e4e6-4295-8f4d-083769f1e221 - Returned response: 200
2026-07-15 13:48:39 | INFO     | app.main:dispatch:32 | trace_id=e253ec41-a404-4890-a29e-e17a6438293a - Received request: OPTIONS /api/v1/chat
2026-07-15 13:48:39 | INFO     | app.main:dispatch:35 | trace_id=e253ec41-a404-4890-a29e-e17a6438293a - Returned response: 200
2026-07-15 13:48:39 | INFO     | app.main:dispatch:32 | trace_id=0a0f9542-e0df-47c4-97ad-43c2bf10ce41 - Received request: POST /api/v1/chat
2026-07-15 13:48:39 | INFO     | app.agents.persona_agent:generate_reply:15 | trace_id=N/A - PersonaAgent 正在生成客户回复
2026-07-15 13:48:44 | INFO     | app.services.llm_adapter:chat_completion:63 | trace_id=N/A - Model: deepseek-r1 | Latency: 5.50s | PromptTokens: 84 | CompletionTokens: 139
2026-07-15 13:48:44 | INFO     | app.main:dispatch:35 | trace_id=0a0f9542-e0df-47c4-97ad-43c2bf10ce41 - Returned response: 200
2026-07-15 13:48:52 | INFO     | app.main:dispatch:32 | trace_id=fdc5dca7-15dd-44e2-83ff-66e788591fcb - Received request: POST /api/v1/chat
2026-07-15 13:48:52 | INFO     | app.agents.persona_agent:generate_reply:15 | trace_id=N/A - PersonaAgent 正在生成客户回复
2026-07-15 13:48:59 | INFO     | app.services.llm_adapter:chat_completion:63 | trace_id=N/A - Model: deepseek-r1 | Latency: 6.92s | PromptTokens: 122 | CompletionTokens: 183
2026-07-15 13:48:59 | INFO     | app.main:dispatch:35 | trace_id=fdc5dca7-15dd-44e2-83ff-66e788591fcb - Returned response: 200
2026-07-15 13:49:05 | INFO     | app.main:dispatch:32 | trace_id=e8b36962-5151-4485-8054-2875ccca22d6 - Received request: POST /api/v1/chat
2026-07-15 13:49:05 | INFO     | app.agents.persona_agent:generate_reply:15 | trace_id=N/A - PersonaAgent 正在生成客户回复
2026-07-15 13:49:13 | INFO     | app.services.llm_adapter:chat_completion:63 | trace_id=N/A - Model: deepseek-r1 | Latency: 7.75s | PromptTokens: 163 | CompletionTokens: 198
2026-07-15 13:49:13 | INFO     | app.main:dispatch:35 | trace_id=e8b36962-5151-4485-8054-2875ccca22d6 - Returned response: 200
2026-07-15 13:49:42 | INFO     | app.main:dispatch:32 | trace_id=3436013a-6f49-43c7-b756-96053f34241a - Received request: POST /api/v1/chat
2026-07-15 13:49:42 | INFO     | app.agents.persona_agent:generate_reply:15 | trace_id=N/A - PersonaAgent 正在生成客户回复
2026-07-15 13:49:49 | INFO     | app.services.llm_adapter:chat_completion:63 | trace_id=N/A - Model: deepseek-r1 | Latency: 7.05s | PromptTokens: 199 | CompletionTokens: 166
2026-07-15 13:49:49 | INFO     | app.main:dispatch:35 | trace_id=3436013a-6f49-43c7-b756-96053f34241a - Returned response: 200
2026-07-15 13:49:52 | INFO     | app.main:dispatch:32 | trace_id=014d60de-5c2d-4ece-be96-aaf75a4e1bb9 - Received request: OPTIONS /api/v1/score
2026-07-15 13:49:52 | INFO     | app.main:dispatch:35 | trace_id=014d60de-5c2d-4ece-be96-aaf75a4e1bb9 - Returned response: 200
2026-07-15 13:49:52 | INFO     | app.main:dispatch:32 | trace_id=6c590115-98f3-4c02-b77f-1964b58cc6ea - Received request: POST /api/v1/score
2026-07-15 13:49:52 | INFO     | app.agents.scorer_agent:score_conversation:14 | trace_id=N/A - ScorerAgent 正在对整段对话进行评分
2026-07-15 13:50:07 | INFO     | app.services.llm_adapter:chat_completion:63 | trace_id=N/A - Model: deepseek-r1 | Latency: 14.69s | PromptTokens: 295 | CompletionTokens: 460
2026-07-15 13:50:07 | INFO     | app.main:dispatch:35 | trace_id=6c590115-98f3-4c02-b77f-1964b58cc6ea - Returned response: 500
2026-07-15 13:53:40 | INFO     | app.main:dispatch:32 | trace_id=8f933938-335f-45f9-87b8-3858f0df7802 - Received request: GET /api/v1/history
2026-07-15 13:53:40 | INFO     | app.main:dispatch:35 | trace_id=8f933938-335f-45f9-87b8-3858f0df7802 - Returned response: 200
2026-07-15 13:53:45 | INFO     | app.main:dispatch:32 | trace_id=35ae0709-1608-4a37-92fb-af59a75c248d - Received request: POST /api/v1/chat
2026-07-15 13:53:45 | INFO     | app.agents.persona_agent:generate_reply:15 | trace_id=N/A - PersonaAgent 正在生成客户回复
2026-07-15 13:53:50 | INFO     | app.services.llm_adapter:chat_completion:63 | trace_id=N/A - Model: deepseek-r1 | Latency: 5.10s | PromptTokens: 84 | CompletionTokens: 140
2026-07-15 13:53:50 | INFO     | app.main:dispatch:35 | trace_id=35ae0709-1608-4a37-92fb-af59a75c248d - Returned response: 200
2026-07-15 13:53:56 | INFO     | app.main:dispatch:32 | trace_id=05ef5c70-55f4-446d-96ab-42866b749f1f - Received request: POST /api/v1/chat
2026-07-15 13:53:56 | INFO     | app.agents.persona_agent:generate_reply:15 | trace_id=N/A - PersonaAgent 正在生成客户回复
2026-07-15 13:54:01 | INFO     | app.services.llm_adapter:chat_completion:63 | trace_id=N/A - Model: deepseek-r1 | Latency: 4.30s | PromptTokens: 121 | CompletionTokens: 149
2026-07-15 13:54:01 | INFO     | app.main:dispatch:35 | trace_id=05ef5c70-55f4-446d-96ab-42866b749f1f - Returned response: 200
2026-07-15 13:54:04 | INFO     | app.main:dispatch:32 | trace_id=57eedccd-aef4-479a-88ac-4667fc47170d - Received request: POST /api/v1/score
2026-07-15 13:54:04 | INFO     | app.main:dispatch:35 | trace_id=57eedccd-aef4-479a-88ac-4667fc47170d - Returned response: 404
2026-07-15 13:54:30 | INFO     | app.main:dispatch:32 | trace_id=6b3bf1f9-6c77-41b1-9324-0a4a373d5a3f - Received request: POST /api/v1/score
2026-07-15 13:54:30 | INFO     | app.main:dispatch:35 | trace_id=6b3bf1f9-6c77-41b1-9324-0a4a373d5a3f - Returned response: 404
2026-07-15 13:56:06 | INFO     | app.main:dispatch:32 | trace_id=3dd48ea1-9a77-4a68-bd74-6604c893533e - Received request: POST /api/v1/chat
2026-07-15 13:56:07 | INFO     | app.agents.persona_agent:generate_reply:15 | trace_id=N/A - PersonaAgent 正在生成客户回复
2026-07-15 13:56:17 | INFO     | app.services.llm_adapter:chat_completion:63 | trace_id=N/A - Model: deepseek-r1 | Latency: 10.42s | PromptTokens: 84 | CompletionTokens: 284
2026-07-15 13:56:17 | INFO     | app.main:dispatch:35 | trace_id=3dd48ea1-9a77-4a68-bd74-6604c893533e - Returned response: 200
2026-07-15 13:56:22 | INFO     | app.main:dispatch:32 | trace_id=e9239637-dc89-4966-bfa3-359ff6049ecc - Received request: GET /api/v1/history
2026-07-15 13:56:22 | INFO     | app.main:dispatch:35 | trace_id=e9239637-dc89-4966-bfa3-359ff6049ecc - Returned response: 200
2026-07-15 13:56:24 | INFO     | app.main:dispatch:32 | trace_id=54ffa432-2636-4315-bae2-45fe0edd874e - Received request: POST /api/v1/score
2026-07-15 13:56:24 | INFO     | app.agents.scorer_agent:score_conversation:14 | trace_id=N/A - ScorerAgent 正在对整段对话进行评分
2026-07-15 13:56:38 | INFO     | app.services.llm_adapter:chat_completion:63 | trace_id=N/A - Model: deepseek-r1 | Latency: 14.16s | PromptTokens: 164 | CompletionTokens: 411
2026-07-15 13:56:38 | INFO     | app.main:dispatch:35 | trace_id=54ffa432-2636-4315-bae2-45fe0edd874e - Returned response: 200
2026-07-15 13:56:47 | INFO     | app.main:dispatch:32 | trace_id=5c17d8b2-3cc4-4334-b276-a10d279bb599 - Received request: GET /api/v1/history
2026-07-15 13:56:47 | INFO     | app.main:dispatch:35 | trace_id=5c17d8b2-3cc4-4334-b276-a10d279bb599 - Returned response: 200
2026-07-15 13:56:49 | INFO     | app.main:dispatch:32 | trace_id=daf98569-4553-476a-977b-2c66de2cc4e0 - Received request: GET /api/v1/history/42877e74-152d-4d7e-b39a-0664fdb4fb3a
2026-07-15 13:56:49 | INFO     | app.main:dispatch:35 | trace_id=daf98569-4553-476a-977b-2c66de2cc4e0 - Returned response: 200
2026-07-15 13:56:51 | INFO     | app.main:dispatch:32 | trace_id=9df622d0-a9b6-4f32-9ee6-ba21881e2acd - Received request: GET /api/v1/history/42877e74-152d-4d7e-b39a-0664fdb4fb3a
2026-07-15 13:56:51 | INFO     | app.main:dispatch:35 | trace_id=9df622d0-a9b6-4f32-9ee6-ba21881e2acd - Returned response: 200
2026-07-15 14:00:23 | INFO     | app.main:dispatch:32 | trace_id=a7a8b2a3-4c64-4cf2-8ce9-7a52cc17e901 - Received request: OPTIONS /api/v1/chat
2026-07-15 14:00:23 | INFO     | app.main:dispatch:35 | trace_id=a7a8b2a3-4c64-4cf2-8ce9-7a52cc17e901 - Returned response: 200
2026-07-15 14:00:23 | INFO     | app.main:dispatch:32 | trace_id=60730374-f980-4d5a-94cc-778105f38da2 - Received request: POST /api/v1/chat
2026-07-15 14:00:23 | INFO     | app.agents.persona_agent:generate_reply:15 | trace_id=N/A - PersonaAgent 正在生成客户回复
2026-07-15 14:00:33 | INFO     | app.services.llm_adapter:chat_completion:63 | trace_id=N/A - Model: deepseek-r1 | Latency: 9.42s | PromptTokens: 84 | CompletionTokens: 213
2026-07-15 14:00:33 | INFO     | app.main:dispatch:32 | trace_id=0abcd0ab-4842-42d8-9654-2f5510a8e7a9 - Received request: GET /api/v1/history
2026-07-15 14:00:33 | INFO     | app.main:dispatch:35 | trace_id=60730374-f980-4d5a-94cc-778105f38da2 - Returned response: 200
2026-07-15 14:00:33 | INFO     | app.main:dispatch:35 | trace_id=0abcd0ab-4842-42d8-9654-2f5510a8e7a9 - Returned response: 200
2026-07-15 14:02:56 | INFO     | app.main:dispatch:32 | trace_id=79fbdc65-0494-49bf-9ff5-c777dcd4180e - Received request: GET /api/v1/history
2026-07-15 14:02:56 | INFO     | app.main:dispatch:35 | trace_id=79fbdc65-0494-49bf-9ff5-c777dcd4180e - Returned response: 200
2026-07-15 14:03:17 | INFO     | app.main:dispatch:32 | trace_id=cab7f6da-5383-497b-8ca2-818bab7d5854 - Received request: POST /api/v1/chat
2026-07-15 14:03:17 | INFO     | app.agents.persona_agent:generate_reply:15 | trace_id=N/A - PersonaAgent 正在生成客户回复
2026-07-15 14:03:22 | INFO     | app.services.llm_adapter:chat_completion:63 | trace_id=N/A - Model: deepseek-r1 | Latency: 5.36s | PromptTokens: 88 | CompletionTokens: 144
2026-07-15 14:03:22 | INFO     | app.main:dispatch:35 | trace_id=cab7f6da-5383-497b-8ca2-818bab7d5854 - Returned response: 200
2026-07-15 14:03:35 | INFO     | app.main:dispatch:32 | trace_id=33af760f-3edc-4a2c-8241-fa9dc18c0c9a - Received request: POST /api/v1/chat
2026-07-15 14:03:35 | INFO     | app.agents.persona_agent:generate_reply:15 | trace_id=N/A - PersonaAgent 正在生成客户回复
2026-07-15 14:03:42 | INFO     | app.services.llm_adapter:chat_completion:63 | trace_id=N/A - Model: deepseek-r1 | Latency: 6.42s | PromptTokens: 122 | CompletionTokens: 155
2026-07-15 14:03:42 | INFO     | app.main:dispatch:35 | trace_id=33af760f-3edc-4a2c-8241-fa9dc18c0c9a - Returned response: 200
2026-07-15 14:03:54 | INFO     | app.main:dispatch:32 | trace_id=fb80df28-e3e4-43d3-8015-7e27c65e712e - Received request: POST /api/v1/chat
2026-07-15 14:03:54 | INFO     | app.agents.persona_agent:generate_reply:15 | trace_id=N/A - PersonaAgent 正在生成客户回复
2026-07-15 14:04:02 | INFO     | app.services.llm_adapter:chat_completion:63 | trace_id=N/A - Model: deepseek-r1 | Latency: 8.33s | PromptTokens: 156 | CompletionTokens: 221
2026-07-15 14:04:02 | INFO     | app.main:dispatch:35 | trace_id=fb80df28-e3e4-43d3-8015-7e27c65e712e - Returned response: 200
2026-07-15 14:04:06 | INFO     | app.main:dispatch:32 | trace_id=2233a8c0-b258-475b-a03a-43a5a37e21b8 - Received request: OPTIONS /api/v1/score
2026-07-15 14:04:06 | INFO     | app.main:dispatch:35 | trace_id=2233a8c0-b258-475b-a03a-43a5a37e21b8 - Returned response: 200
2026-07-15 14:04:06 | INFO     | app.main:dispatch:32 | trace_id=19891537-d385-44f8-a9fe-c9a65e66217c - Received request: POST /api/v1/score
2026-07-15 14:04:06 | INFO     | app.agents.scorer_agent:score_conversation:14 | trace_id=N/A - ScorerAgent 正在对整段对话进行评分
2026-07-15 14:04:29 | INFO     | app.services.llm_adapter:chat_completion:63 | trace_id=N/A - Model: deepseek-r1 | Latency: 23.39s | PromptTokens: 247 | CompletionTokens: 630
2026-07-15 14:04:29 | INFO     | app.main:dispatch:35 | trace_id=19891537-d385-44f8-a9fe-c9a65e66217c - Returned response: 200
2026-07-15 14:04:36 | INFO     | app.main:dispatch:32 | trace_id=4ff1e590-4ee0-4c77-a6e8-a539c5c0769e - Received request: GET /api/v1/history
2026-07-15 14:04:36 | INFO     | app.main:dispatch:35 | trace_id=4ff1e590-4ee0-4c77-a6e8-a539c5c0769e - Returned response: 200
2026-07-15 14:04:37 | INFO     | app.main:dispatch:32 | trace_id=452a7e42-9fe3-4767-9959-15f294406ffd - Received request: GET /api/v1/history/4c2c473d-f091-4630-889d-edd79e9dffa7
2026-07-15 14:04:37 | INFO     | app.main:dispatch:35 | trace_id=452a7e42-9fe3-4767-9959-15f294406ffd - Returned response: 200
2026-07-15 14:04:44 | INFO     | app.main:dispatch:32 | trace_id=f44df3a6-da60-4427-8544-b21fca6778b9 - Received request: GET /api/v1/history
2026-07-15 14:04:44 | INFO     | app.main:dispatch:35 | trace_id=f44df3a6-da60-4427-8544-b21fca6778b9 - Returned response: 200
2026-07-15 14:04:44 | INFO     | app.main:dispatch:32 | trace_id=84f68e8d-a17e-4202-a9f8-ab118c589b27 - Received request: GET /api/v1/history/4c2c473d-f091-4630-889d-edd79e9dffa7
2026-07-15 14:04:44 | INFO     | app.main:dispatch:35 | trace_id=84f68e8d-a17e-4202-a9f8-ab118c589b27 - Returned response: 200
2026-07-15 14:19:08 | INFO     | app.main:dispatch:33 | trace_id=2ad2f77e-7cd8-4558-9ee9-11c35ea46d41 - Received request: GET /api/v1/admin/personas
2026-07-15 14:19:08 | INFO     | app.main:dispatch:36 | trace_id=2ad2f77e-7cd8-4558-9ee9-11c35ea46d41 - Returned response: 200
2026-07-15 14:20:30 | INFO     | app.main:dispatch:33 | trace_id=7fd92c92-d2b0-4d53-94ad-8c6df53a36f5 - Received request: GET /api/v1/admin/personas
2026-07-15 14:20:30 | INFO     | app.main:dispatch:36 | trace_id=7fd92c92-d2b0-4d53-94ad-8c6df53a36f5 - Returned response: 200
2026-07-15 14:20:30 | INFO     | app.main:dispatch:33 | trace_id=8b07d7ed-8709-4dd2-b360-d78052dcfe02 - Received request: GET /api/v1/admin/personas
2026-07-15 14:20:30 | INFO     | app.main:dispatch:36 | trace_id=8b07d7ed-8709-4dd2-b360-d78052dcfe02 - Returned response: 200
2026-07-15 14:20:31 | INFO     | app.main:dispatch:33 | trace_id=68a53980-32f8-4877-b73b-810be4c2c7a1 - Received request: GET /api/v1/admin/questions
2026-07-15 14:20:31 | INFO     | app.main:dispatch:36 | trace_id=68a53980-32f8-4877-b73b-810be4c2c7a1 - Returned response: 200
2026-07-15 14:20:33 | INFO     | app.main:dispatch:33 | trace_id=1fd50531-901f-49ba-bba3-b63111af05c8 - Received request: GET /api/v1/admin/questions
2026-07-15 14:20:33 | INFO     | app.main:dispatch:36 | trace_id=1fd50531-901f-49ba-bba3-b63111af05c8 - Returned response: 200
2026-07-15 14:20:40 | INFO     | app.main:dispatch:33 | trace_id=73f0790a-7bfe-4108-a353-e5238e583054 - Received request: GET /api/v1/admin/personas
2026-07-15 14:20:40 | INFO     | app.main:dispatch:36 | trace_id=73f0790a-7bfe-4108-a353-e5238e583054 - Returned response: 200
2026-07-15 14:32:14 | INFO     | app.main:dispatch:33 | trace_id=a74a7b80-2a32-49f5-88fa-3b7b1790561c - Received request: GET /api/v1/history
2026-07-15 14:32:14 | INFO     | app.main:dispatch:36 | trace_id=a74a7b80-2a32-49f5-88fa-3b7b1790561c - Returned response: 200
2026-07-15 14:35:08 | INFO     | app.main:dispatch:33 | trace_id=378366df-06ed-47b7-a627-20acfd5d21b5 - Received request: GET /api/v1/practice/categories
2026-07-15 14:35:08 | INFO     | app.main:dispatch:36 | trace_id=378366df-06ed-47b7-a627-20acfd5d21b5 - Returned response: 200
2026-07-15 14:35:10 | INFO     | app.main:dispatch:33 | trace_id=efe919eb-3c02-4466-afcf-40942bcec776 - Received request: GET /api/v1/history
2026-07-15 14:35:10 | INFO     | app.main:dispatch:36 | trace_id=efe919eb-3c02-4466-afcf-40942bcec776 - Returned response: 200
2026-07-15 14:35:11 | INFO     | app.main:dispatch:33 | trace_id=87ce5270-44a9-41b2-af02-d6749e8516fa - Received request: GET /api/v1/admin/personas
2026-07-15 14:35:11 | INFO     | app.main:dispatch:36 | trace_id=87ce5270-44a9-41b2-af02-d6749e8516fa - Returned response: 200
2026-07-15 14:35:11 | INFO     | app.main:dispatch:33 | trace_id=2e9b1e4d-2d35-416f-aa5b-ccde950d3b1d - Received request: GET /api/v1/admin/personas
2026-07-15 14:35:11 | INFO     | app.main:dispatch:36 | trace_id=2e9b1e4d-2d35-416f-aa5b-ccde950d3b1d - Returned response: 200
2026-07-15 14:35:13 | INFO     | app.main:dispatch:33 | trace_id=b812c70a-abbe-4bfe-b44d-06bd45c68e61 - Received request: GET /api/v1/admin/questions
2026-07-15 14:35:13 | INFO     | app.main:dispatch:36 | trace_id=b812c70a-abbe-4bfe-b44d-06bd45c68e61 - Returned response: 200
2026-07-15 14:37:03 | INFO     | app.main:dispatch:33 | trace_id=49e79567-c296-40f2-bd9c-258ce5f82d91 - Received request: GET /api/v1/history
2026-07-15 14:37:03 | INFO     | app.main:dispatch:36 | trace_id=49e79567-c296-40f2-bd9c-258ce5f82d91 - Returned response: 200
2026-07-15 14:37:05 | INFO     | app.main:dispatch:33 | trace_id=90606678-9da2-407f-a6d7-13d06c82c55f - Received request: GET /api/v1/admin/personas
2026-07-15 14:37:05 | INFO     | app.main:dispatch:36 | trace_id=90606678-9da2-407f-a6d7-13d06c82c55f - Returned response: 200
2026-07-15 14:37:05 | INFO     | app.main:dispatch:33 | trace_id=a28dace2-8779-4bd8-8a5e-bf49889e50f1 - Received request: GET /api/v1/admin/personas
2026-07-15 14:37:05 | INFO     | app.main:dispatch:36 | trace_id=a28dace2-8779-4bd8-8a5e-bf49889e50f1 - Returned response: 200
2026-07-15 14:37:06 | INFO     | app.main:dispatch:33 | trace_id=a1d17c52-8cdd-461b-94dc-f4128dc0fecb - Received request: GET /api/v1/admin/questions
2026-07-15 14:37:06 | INFO     | app.main:dispatch:36 | trace_id=a1d17c52-8cdd-461b-94dc-f4128dc0fecb - Returned response: 200
2026-07-15 14:37:08 | INFO     | app.main:dispatch:33 | trace_id=fe225a88-7030-459a-b61f-213c75e7c037 - Received request: GET /api/v1/admin/questions
2026-07-15 14:37:08 | INFO     | app.main:dispatch:36 | trace_id=fe225a88-7030-459a-b61f-213c75e7c037 - Returned response: 200
2026-07-15 14:37:11 | INFO     | app.main:dispatch:33 | trace_id=784b1902-f8d3-4400-b3d5-4f0464f31653 - Received request: GET /api/v1/admin/personas
2026-07-15 14:37:11 | INFO     | app.main:dispatch:36 | trace_id=784b1902-f8d3-4400-b3d5-4f0464f31653 - Returned response: 200
2026-07-15 14:37:12 | INFO     | app.main:dispatch:33 | trace_id=691ffb5b-42e4-4a14-a3ac-96e5e8b6fd1e - Received request: GET /api/v1/admin/questions
2026-07-15 14:37:12 | INFO     | app.main:dispatch:36 | trace_id=691ffb5b-42e4-4a14-a3ac-96e5e8b6fd1e - Returned response: 200
2026-07-15 14:42:05 | INFO     | app.main:dispatch:33 | trace_id=f9ecd931-2d2e-4ec0-8c7f-c6442c36d6fe - Received request: GET /api/v1/admin/personas
2026-07-15 14:42:05 | INFO     | app.main:dispatch:36 | trace_id=f9ecd931-2d2e-4ec0-8c7f-c6442c36d6fe - Returned response: 200
2026-07-15 14:42:05 | INFO     | app.main:dispatch:33 | trace_id=6da8a667-a27f-4beb-ba1f-e4592f3e1770 - Received request: GET /api/v1/admin/personas
2026-07-15 14:42:05 | INFO     | app.main:dispatch:36 | trace_id=6da8a667-a27f-4beb-ba1f-e4592f3e1770 - Returned response: 200
2026-07-15 14:42:12 | INFO     | app.main:dispatch:33 | trace_id=6042e432-a594-4cb4-b2c7-c31b6bd640f5 - Received request: GET /api/v1/admin/questions
2026-07-15 14:42:12 | INFO     | app.main:dispatch:36 | trace_id=6042e432-a594-4cb4-b2c7-c31b6bd640f5 - Returned response: 200
2026-07-15 14:42:13 | INFO     | app.main:dispatch:33 | trace_id=3981f4b8-0216-4d28-b80c-d243dc0bbe19 - Received request: GET /api/v1/admin/questions
2026-07-15 14:42:13 | INFO     | app.main:dispatch:36 | trace_id=3981f4b8-0216-4d28-b80c-d243dc0bbe19 - Returned response: 200
2026-07-15 14:42:36 | INFO     | app.main:dispatch:33 | trace_id=50b45461-008f-4e9f-87d7-1efe240e8c46 - Received request: GET /api/v1/history
2026-07-15 14:42:36 | INFO     | app.main:dispatch:36 | trace_id=50b45461-008f-4e9f-87d7-1efe240e8c46 - Returned response: 200
2026-07-15 14:42:38 | INFO     | app.main:dispatch:33 | trace_id=fddd3387-9278-468e-9fab-4fb15205d95c - Received request: GET /api/v1/history/4c2c473d-f091-4630-889d-edd79e9dffa7
2026-07-15 14:42:38 | INFO     | app.main:dispatch:36 | trace_id=fddd3387-9278-468e-9fab-4fb15205d95c - Returned response: 200
2026-07-15 14:42:42 | INFO     | app.main:dispatch:33 | trace_id=90e98437-d739-4165-8dc2-be08ff6281f9 - Received request: GET /api/v1/history
2026-07-15 14:42:42 | INFO     | app.main:dispatch:36 | trace_id=90e98437-d739-4165-8dc2-be08ff6281f9 - Returned response: 200
2026-07-15 14:42:49 | INFO     | app.main:dispatch:33 | trace_id=b8acf324-d09a-4d97-9b18-ed69475589a7 - Received request: GET /api/v1/practice/categories
2026-07-15 14:42:49 | INFO     | app.main:dispatch:36 | trace_id=b8acf324-d09a-4d97-9b18-ed69475589a7 - Returned response: 200
2026-07-15 14:43:02 | INFO     | app.main:dispatch:33 | trace_id=0d49f58d-c5ae-4daf-8349-b64b2bb6d568 - Received request: GET /api/v1/admin/personas
2026-07-15 14:43:02 | INFO     | app.main:dispatch:36 | trace_id=0d49f58d-c5ae-4daf-8349-b64b2bb6d568 - Returned response: 200
2026-07-15 14:43:02 | INFO     | app.main:dispatch:33 | trace_id=bd23ffc5-10b8-4b33-8d51-0aeef16d56e9 - Received request: GET /api/v1/admin/personas
2026-07-15 14:43:02 | INFO     | app.main:dispatch:36 | trace_id=bd23ffc5-10b8-4b33-8d51-0aeef16d56e9 - Returned response: 200
2026-07-15 14:43:12 | INFO     | app.main:dispatch:33 | trace_id=d3f7a879-b5cf-4aa9-b661-2f9b2af84b99 - Received request: GET /api/v1/admin/questions
2026-07-15 14:43:12 | INFO     | app.main:dispatch:36 | trace_id=d3f7a879-b5cf-4aa9-b661-2f9b2af84b99 - Returned response: 200
2026-07-15 14:43:27 | INFO     | app.main:dispatch:33 | trace_id=f18b69ae-fae6-4079-a8ed-d04e5f7f1097 - Received request: GET /api/v1/admin/personas
2026-07-15 14:43:27 | INFO     | app.main:dispatch:36 | trace_id=f18b69ae-fae6-4079-a8ed-d04e5f7f1097 - Returned response: 200
2026-07-15 14:43:29 | INFO     | app.main:dispatch:33 | trace_id=11a51887-26f7-4789-84d7-b22648b8bd0b - Received request: GET /api/v1/admin/questions
2026-07-15 14:43:29 | INFO     | app.main:dispatch:36 | trace_id=11a51887-26f7-4789-84d7-b22648b8bd0b - Returned response: 200
2026-07-15 14:43:32 | INFO     | app.main:dispatch:33 | trace_id=d312bf94-34f6-4b3e-b1b6-344d45824de3 - Received request: GET /api/v1/practice/categories
2026-07-15 14:43:32 | INFO     | app.main:dispatch:36 | trace_id=d312bf94-34f6-4b3e-b1b6-344d45824de3 - Returned response: 200
2026-07-15 14:44:26 | INFO     | app.main:dispatch:33 | trace_id=205308d3-1c74-4639-b036-f8d53a567731 - Received request: OPTIONS /api/v1/chat
2026-07-15 14:44:26 | INFO     | app.main:dispatch:36 | trace_id=205308d3-1c74-4639-b036-f8d53a567731 - Returned response: 200
2026-07-15 14:44:26 | INFO     | app.main:dispatch:33 | trace_id=06f98292-171d-44ac-b36a-a51b432543f2 - Received request: POST /api/v1/chat
2026-07-15 14:44:26 | INFO     | app.agents.doc_agent:answer_query:10 | trace_id=N/A - DocAgent 收到查询: 你是一个银行客服培训考官。请对考生的回答进行点评。指出其优点和不足，给出改进建议。
考生的回答：不知道
2026-07-15 14:44:26 | INFO     | app.services.external_kb:search_knowledge:30 | trace_id=N/A - 正在检索外部知识库: query='你是一个银行客服培训考官。请对考生的回答进行点评。指出其优点和不足，给出改进建议。
考生的回答：不知道', top_k=3
2026-07-15 14:44:33 | INFO     | app.services.llm_adapter:chat_completion:63 | trace_id=N/A - Model: deepseek-r1 | Latency: 6.89s | PromptTokens: 90 | CompletionTokens: 187
2026-07-15 14:44:33 | INFO     | app.main:dispatch:36 | trace_id=06f98292-171d-44ac-b36a-a51b432543f2 - Returned response: 200
2026-07-15 14:45:26 | INFO     | app.main:dispatch:33 | trace_id=305a6f17-6403-4a07-8313-1b4f175ca116 - Received request: GET /api/v1/admin/personas
2026-07-15 14:45:26 | INFO     | app.main:dispatch:36 | trace_id=305a6f17-6403-4a07-8313-1b4f175ca116 - Returned response: 200
2026-07-15 14:45:26 | INFO     | app.main:dispatch:33 | trace_id=5e9dcfcd-11ed-4dba-b729-f03e4bc7eabf - Received request: GET /api/v1/admin/personas
2026-07-15 14:45:26 | INFO     | app.main:dispatch:36 | trace_id=5e9dcfcd-11ed-4dba-b729-f03e4bc7eabf - Returned response: 200
2026-07-15 14:45:35 | INFO     | app.main:dispatch:33 | trace_id=03a97856-9b24-4876-b320-1d55b7ae321a - Received request: GET /api/v1/admin/questions
2026-07-15 14:45:37 | INFO     | app.main:dispatch:36 | trace_id=03a97856-9b24-4876-b320-1d55b7ae321a - Returned response: 200
2026-07-15 14:46:53 | INFO     | app.main:dispatch:33 | trace_id=22464cc9-d32a-460e-a290-637b9704c5f6 - Received request: GET /api/v1/admin/personas
2026-07-15 14:46:54 | INFO     | app.main:dispatch:36 | trace_id=22464cc9-d32a-460e-a290-637b9704c5f6 - Returned response: 200
2026-07-15 14:46:54 | INFO     | app.main:dispatch:33 | trace_id=aeba6a5c-8cdb-45ce-aa47-92ca466e4c89 - Received request: GET /api/v1/admin/questions
2026-07-15 14:46:54 | INFO     | app.main:dispatch:36 | trace_id=aeba6a5c-8cdb-45ce-aa47-92ca466e4c89 - Returned response: 200
2026-07-15 14:46:57 | INFO     | app.main:dispatch:33 | trace_id=52c00807-d5f2-4af7-8d76-f7ea999c81bb - Received request: GET /api/v1/admin/personas
2026-07-15 14:46:57 | INFO     | app.main:dispatch:36 | trace_id=52c00807-d5f2-4af7-8d76-f7ea999c81bb - Returned response: 200
2026-07-15 14:46:57 | INFO     | app.main:dispatch:33 | trace_id=b589f16c-583b-4cc4-9676-2974d62dabe1 - Received request: GET /api/v1/admin/personas
2026-07-15 14:46:57 | INFO     | app.main:dispatch:36 | trace_id=b589f16c-583b-4cc4-9676-2974d62dabe1 - Returned response: 200
2026-07-15 14:46:58 | INFO     | app.main:dispatch:33 | trace_id=3604683b-8548-4c50-a93e-7bd7a72f663e - Received request: GET /api/v1/practice/categories
2026-07-15 14:46:58 | INFO     | app.main:dispatch:36 | trace_id=3604683b-8548-4c50-a93e-7bd7a72f663e - Returned response: 200
2026-07-15 14:47:02 | INFO     | app.main:dispatch:33 | trace_id=0bf24911-60fc-4150-849a-020bcd2d60a0 - Received request: GET /api/v1/history
2026-07-15 14:47:02 | INFO     | app.main:dispatch:36 | trace_id=0bf24911-60fc-4150-849a-020bcd2d60a0 - Returned response: 200
2026-07-15 14:47:03 | INFO     | app.main:dispatch:33 | trace_id=b6c19c20-11a4-4cdc-ade2-7bc11d556d53 - Received request: GET /api/v1/history/4c2c473d-f091-4630-889d-edd79e9dffa7
2026-07-15 14:47:03 | INFO     | app.main:dispatch:36 | trace_id=b6c19c20-11a4-4cdc-ade2-7bc11d556d53 - Returned response: 200
2026-07-15 14:49:20 | INFO     | app.main:dispatch:33 | trace_id=bbd13b41-7db2-4c16-b96d-fafe89b7e206 - Received request: GET /api/v1/admin/personas
2026-07-15 14:49:23 | INFO     | app.main:dispatch:36 | trace_id=bbd13b41-7db2-4c16-b96d-fafe89b7e206 - Returned response: 200
2026-07-15 14:49:23 | INFO     | app.main:dispatch:33 | trace_id=2e2b649c-6c6e-46bd-ad14-28a15f02c4f0 - Received request: GET /api/v1/admin/personas
2026-07-15 14:49:23 | INFO     | app.main:dispatch:36 | trace_id=2e2b649c-6c6e-46bd-ad14-28a15f02c4f0 - Returned response: 200
2026-07-15 14:49:23 | INFO     | app.main:dispatch:33 | trace_id=3bd231c4-7845-4df4-b74c-b756335f6061 - Received request: GET /api/v1/admin/personas
2026-07-15 14:49:23 | INFO     | app.main:dispatch:36 | trace_id=3bd231c4-7845-4df4-b74c-b756335f6061 - Returned response: 200
2026-07-15 14:49:23 | INFO     | app.main:dispatch:33 | trace_id=1acf0e6c-6c79-4ad4-b41e-40003344ca21 - Received request: GET /api/v1/admin/personas
2026-07-15 14:49:23 | INFO     | app.main:dispatch:36 | trace_id=1acf0e6c-6c79-4ad4-b41e-40003344ca21 - Returned response: 200
2026-07-15 14:49:24 | INFO     | app.main:dispatch:33 | trace_id=44b9bad3-4a26-492e-89b2-48517e3caa4f - Received request: GET /api/v1/admin/questions
2026-07-15 14:49:24 | INFO     | app.main:dispatch:36 | trace_id=44b9bad3-4a26-492e-89b2-48517e3caa4f - Returned response: 200
2026-07-15 14:55:48 | INFO     | app.main:dispatch:33 | trace_id=08674595-b36b-47c4-b99b-4d855d952135 - Received request: GET /api/v1/admin/personas
2026-07-15 14:55:48 | INFO     | app.main:dispatch:36 | trace_id=08674595-b36b-47c4-b99b-4d855d952135 - Returned response: 200
2026-07-15 14:55:48 | INFO     | app.main:dispatch:33 | trace_id=16e3ca92-5b3d-49d4-b9d0-baee5d3771e5 - Received request: GET /api/v1/admin/questions
2026-07-15 14:55:48 | INFO     | app.main:dispatch:36 | trace_id=16e3ca92-5b3d-49d4-b9d0-baee5d3771e5 - Returned response: 200
2026-07-15 14:55:50 | INFO     | app.main:dispatch:33 | trace_id=5d11b86f-0426-449e-a46f-f1def436bb0e - Received request: GET /api/v1/admin/personas
2026-07-15 14:55:50 | INFO     | app.main:dispatch:36 | trace_id=5d11b86f-0426-449e-a46f-f1def436bb0e - Returned response: 200
2026-07-15 14:55:51 | INFO     | app.main:dispatch:33 | trace_id=9043dac1-1013-49be-bdab-2d2ec8d29e0c - Received request: GET /api/v1/admin/personas
2026-07-15 14:55:51 | INFO     | app.main:dispatch:36 | trace_id=9043dac1-1013-49be-bdab-2d2ec8d29e0c - Returned response: 200
2026-07-15 14:55:51 | INFO     | app.main:dispatch:33 | trace_id=629cb3c1-ddf9-4c88-9163-2de61e44b4e3 - Received request: GET /api/v1/admin/personas
2026-07-15 14:55:51 | INFO     | app.main:dispatch:36 | trace_id=629cb3c1-ddf9-4c88-9163-2de61e44b4e3 - Returned response: 200
2026-07-15 14:55:52 | INFO     | app.main:dispatch:33 | trace_id=9feeca2a-92ee-4baf-bd72-725e1f452155 - Received request: GET /api/v1/practice/categories
2026-07-15 14:55:52 | INFO     | app.main:dispatch:36 | trace_id=9feeca2a-92ee-4baf-bd72-725e1f452155 - Returned response: 200
2026-07-15 14:55:54 | INFO     | app.main:dispatch:33 | trace_id=b5145166-dbed-450f-bb9e-247b599c5764 - Received request: GET /api/v1/history
2026-07-15 14:55:54 | INFO     | app.main:dispatch:36 | trace_id=b5145166-dbed-450f-bb9e-247b599c5764 - Returned response: 200
2026-07-15 14:55:56 | INFO     | app.main:dispatch:33 | trace_id=e9022ad0-bebf-412f-a537-3b92b870c101 - Received request: GET /api/v1/history/4c2c473d-f091-4630-889d-edd79e9dffa7
2026-07-15 14:55:56 | INFO     | app.main:dispatch:36 | trace_id=e9022ad0-bebf-412f-a537-3b92b870c101 - Returned response: 200
2026-07-15 14:56:06 | INFO     | app.main:dispatch:33 | trace_id=76ef1c20-0cc4-4a60-99ad-2a3b6a810528 - Received request: OPTIONS /api/v1/chat
2026-07-15 14:56:06 | INFO     | app.main:dispatch:36 | trace_id=76ef1c20-0cc4-4a60-99ad-2a3b6a810528 - Returned response: 200
2026-07-15 14:56:06 | INFO     | app.main:dispatch:33 | trace_id=dac30346-eb27-492d-b125-34bc8a78e2a4 - Received request: POST /api/v1/chat
2026-07-15 14:56:06 | INFO     | app.agents.persona_agent:generate_reply:15 | trace_id=N/A - PersonaAgent 正在生成客户回复
2026-07-15 14:56:15 | INFO     | app.services.llm_adapter:chat_completion:63 | trace_id=N/A - Model: deepseek-r1 | Latency: 8.93s | PromptTokens: 84 | CompletionTokens: 182
2026-07-15 14:56:15 | INFO     | app.main:dispatch:36 | trace_id=dac30346-eb27-492d-b125-34bc8a78e2a4 - Returned response: 200
2026-07-15 14:56:46 | INFO     | app.main:dispatch:33 | trace_id=5fcc0c2c-f977-4ec3-9e20-3fdb74fcc9ef - Received request: POST /api/v1/chat
2026-07-15 14:56:46 | INFO     | app.agents.persona_agent:generate_reply:15 | trace_id=N/A - PersonaAgent 正在生成客户回复
2026-07-15 14:56:50 | INFO     | app.services.llm_adapter:chat_completion:63 | trace_id=N/A - Model: deepseek-r1 | Latency: 4.93s | PromptTokens: 114 | CompletionTokens: 138
2026-07-15 14:56:50 | INFO     | app.main:dispatch:36 | trace_id=5fcc0c2c-f977-4ec3-9e20-3fdb74fcc9ef - Returned response: 200
2026-07-15 14:57:14 | INFO     | app.main:dispatch:33 | trace_id=22b88ef6-0165-45af-a4d2-d1f4c53382be - Received request: POST /api/v1/chat
2026-07-15 14:57:14 | INFO     | app.agents.persona_agent:generate_reply:15 | trace_id=N/A - PersonaAgent 正在生成客户回复
2026-07-15 14:57:22 | INFO     | app.services.llm_adapter:chat_completion:63 | trace_id=N/A - Model: deepseek-r1 | Latency: 7.78s | PromptTokens: 163 | CompletionTokens: 217
2026-07-15 14:57:22 | INFO     | app.main:dispatch:36 | trace_id=22b88ef6-0165-45af-a4d2-d1f4c53382be - Returned response: 200
2026-07-15 14:57:26 | INFO     | app.main:dispatch:33 | trace_id=e711f977-f364-4f0d-a562-9505e558d783 - Received request: OPTIONS /api/v1/score
2026-07-15 14:57:26 | INFO     | app.main:dispatch:36 | trace_id=e711f977-f364-4f0d-a562-9505e558d783 - Returned response: 200
2026-07-15 14:57:26 | INFO     | app.main:dispatch:33 | trace_id=022f58da-d14f-42e0-bdab-c47a48989787 - Received request: POST /api/v1/score
2026-07-15 14:57:26 | INFO     | app.agents.scorer_agent:score_conversation:14 | trace_id=N/A - ScorerAgent 正在对整段对话进行评分
2026-07-15 14:57:39 | INFO     | app.services.llm_adapter:chat_completion:63 | trace_id=N/A - Model: deepseek-r1 | Latency: 13.10s | PromptTokens: 255 | CompletionTokens: 433
2026-07-15 14:57:39 | INFO     | app.main:dispatch:36 | trace_id=022f58da-d14f-42e0-bdab-c47a48989787 - Returned response: 200
2026-07-15 15:00:53 | INFO     | app.main:dispatch:33 | trace_id=dee108ad-da15-438b-b21c-d04aa4b2140b - Received request: GET /api/v1/history
2026-07-15 15:00:53 | INFO     | app.main:dispatch:36 | trace_id=dee108ad-da15-438b-b21c-d04aa4b2140b - Returned response: 200
2026-07-15 15:00:55 | INFO     | app.main:dispatch:33 | trace_id=11077444-85da-46c2-8e17-5a8d9a344b74 - Received request: GET /api/v1/history/80ab2f7b-4963-4cf6-a0a0-335f590b0ad1
2026-07-15 15:00:55 | INFO     | app.main:dispatch:36 | trace_id=11077444-85da-46c2-8e17-5a8d9a344b74 - Returned response: 200
2026-07-15 15:01:13 | INFO     | app.main:dispatch:33 | trace_id=21e79c8a-7bab-41a1-a9cd-f4fe7a3ed9b7 - Received request: GET /api/v1/admin/personas
2026-07-15 15:01:13 | INFO     | app.main:dispatch:36 | trace_id=21e79c8a-7bab-41a1-a9cd-f4fe7a3ed9b7 - Returned response: 200
2026-07-15 15:01:14 | INFO     | app.main:dispatch:33 | trace_id=a77edb24-fb21-47a2-8731-1cac1bec2048 - Received request: GET /api/v1/admin/personas
2026-07-15 15:01:14 | INFO     | app.main:dispatch:36 | trace_id=a77edb24-fb21-47a2-8731-1cac1bec2048 - Returned response: 200
2026-07-15 15:01:14 | INFO     | app.main:dispatch:33 | trace_id=2c3f21a6-baa8-4301-9887-82c89bb1e94b - Received request: GET /api/v1/admin/questions
2026-07-15 15:01:14 | INFO     | app.main:dispatch:36 | trace_id=2c3f21a6-baa8-4301-9887-82c89bb1e94b - Returned response: 200
2026-07-15 15:01:15 | INFO     | app.main:dispatch:33 | trace_id=eb19b59b-427f-4c74-86e0-ba09c2c67fdc - Received request: GET /api/v1/admin/questions
2026-07-15 15:01:15 | INFO     | app.main:dispatch:36 | trace_id=eb19b59b-427f-4c74-86e0-ba09c2c67fdc - Returned response: 200
2026-07-15 15:01:19 | INFO     | app.main:dispatch:33 | trace_id=4660bbba-aab2-469f-88af-17fcdd080e04 - Received request: GET /api/v1/admin/personas
2026-07-15 15:01:19 | INFO     | app.main:dispatch:36 | trace_id=4660bbba-aab2-469f-88af-17fcdd080e04 - Returned response: 200
2026-07-15 15:11:51 | INFO     | app.main:dispatch:33 | trace_id=cf35b1bf-3908-44a8-8a55-f58242dfaf16 - Received request: OPTIONS /api/v1/chat
2026-07-15 15:11:51 | INFO     | app.main:dispatch:36 | trace_id=cf35b1bf-3908-44a8-8a55-f58242dfaf16 - Returned response: 200
2026-07-15 15:11:51 | INFO     | app.main:dispatch:33 | trace_id=785ff957-bbc8-4e2c-a9eb-70f1216211a0 - Received request: POST /api/v1/chat
2026-07-15 15:11:51 | INFO     | app.agents.persona_agent:generate_reply:15 | trace_id=N/A - PersonaAgent 正在生成客户回复
2026-07-15 15:11:56 | INFO     | app.services.llm_adapter:chat_completion:63 | trace_id=N/A - Model: deepseek-r1 | Latency: 5.15s | PromptTokens: 281 | CompletionTokens: 127
2026-07-15 15:11:56 | INFO     | app.main:dispatch:36 | trace_id=785ff957-bbc8-4e2c-a9eb-70f1216211a0 - Returned response: 200
2026-07-15 15:12:06 | INFO     | app.main:dispatch:33 | trace_id=61970a11-959c-4e2f-96a9-71a28f527c3a - Received request: POST /api/v1/chat
2026-07-15 15:12:06 | INFO     | app.agents.persona_agent:generate_reply:15 | trace_id=N/A - PersonaAgent 正在生成客户回复
2026-07-15 15:12:14 | INFO     | app.services.llm_adapter:chat_completion:63 | trace_id=N/A - Model: deepseek-r1 | Latency: 8.08s | PromptTokens: 315 | CompletionTokens: 197
2026-07-15 15:12:14 | INFO     | app.main:dispatch:36 | trace_id=61970a11-959c-4e2f-96a9-71a28f527c3a - Returned response: 200
2026-07-15 15:12:33 | INFO     | app.main:dispatch:33 | trace_id=c56d5ac3-e305-4c4e-8106-09d4b79f9c18 - Received request: POST /api/v1/chat
2026-07-15 15:12:33 | INFO     | app.agents.persona_agent:generate_reply:15 | trace_id=N/A - PersonaAgent 正在生成客户回复
2026-07-15 15:12:41 | INFO     | app.services.llm_adapter:chat_completion:63 | trace_id=N/A - Model: deepseek-r1 | Latency: 8.14s | PromptTokens: 358 | CompletionTokens: 203
2026-07-15 15:12:41 | INFO     | app.main:dispatch:36 | trace_id=c56d5ac3-e305-4c4e-8106-09d4b79f9c18 - Returned response: 200
2026-07-15 15:12:54 | INFO     | app.main:dispatch:33 | trace_id=f9ec21de-df4c-474a-af1b-bd15c2cb61f0 - Received request: POST /api/v1/chat
2026-07-15 15:12:54 | INFO     | app.agents.persona_agent:generate_reply:15 | trace_id=N/A - PersonaAgent 正在生成客户回复
2026-07-15 15:13:01 | INFO     | app.services.llm_adapter:chat_completion:63 | trace_id=N/A - Model: deepseek-r1 | Latency: 6.18s | PromptTokens: 399 | CompletionTokens: 149
2026-07-15 15:13:01 | INFO     | app.main:dispatch:36 | trace_id=f9ec21de-df4c-474a-af1b-bd15c2cb61f0 - Returned response: 200
2026-07-15 15:13:19 | INFO     | app.main:dispatch:33 | trace_id=3f972056-97a7-4afb-9a0d-bdafde57e5fa - Received request: POST /api/v1/chat
2026-07-15 15:13:19 | INFO     | app.agents.persona_agent:generate_reply:15 | trace_id=N/A - PersonaAgent 正在生成客户回复
2026-07-15 15:13:27 | INFO     | app.services.llm_adapter:chat_completion:63 | trace_id=N/A - Model: deepseek-r1 | Latency: 8.07s | PromptTokens: 434 | CompletionTokens: 194
2026-07-15 15:13:27 | INFO     | app.main:dispatch:36 | trace_id=3f972056-97a7-4afb-9a0d-bdafde57e5fa - Returned response: 200
2026-07-15 15:13:32 | INFO     | app.main:dispatch:33 | trace_id=1c03b2eb-48a5-4c12-8ba3-cdaac14a6fb7 - Received request: OPTIONS /api/v1/score
2026-07-15 15:13:32 | INFO     | app.main:dispatch:36 | trace_id=1c03b2eb-48a5-4c12-8ba3-cdaac14a6fb7 - Returned response: 200
2026-07-15 15:13:32 | INFO     | app.main:dispatch:33 | trace_id=6f45730f-d664-475a-a084-ddc6a8bf2c0c - Received request: POST /api/v1/score
2026-07-15 15:13:32 | INFO     | app.agents.scorer_agent:score_conversation:14 | trace_id=N/A - ScorerAgent 正在对整段对话进行评分
2026-07-15 15:13:49 | INFO     | app.services.llm_adapter:chat_completion:63 | trace_id=N/A - Model: deepseek-r1 | Latency: 17.58s | PromptTokens: 349 | CompletionTokens: 512
2026-07-15 15:13:50 | INFO     | app.main:dispatch:36 | trace_id=6f45730f-d664-475a-a084-ddc6a8bf2c0c - Returned response: 200
2026-07-15 15:14:11 | INFO     | app.main:dispatch:33 | trace_id=4dc04177-2176-4fa2-8601-cfe92beb55b0 - Received request: GET /api/v1/history
2026-07-15 15:14:11 | INFO     | app.main:dispatch:36 | trace_id=4dc04177-2176-4fa2-8601-cfe92beb55b0 - Returned response: 200
2026-07-15 15:14:12 | INFO     | app.main:dispatch:33 | trace_id=ad511145-b390-4e7b-a406-364b8220c005 - Received request: GET /api/v1/history/d3360f94-0f3e-493b-bce9-4764e585dfd1
2026-07-15 15:14:12 | INFO     | app.main:dispatch:36 | trace_id=ad511145-b390-4e7b-a406-364b8220c005 - Returned response: 200
2026-07-15 15:14:15 | INFO     | app.main:dispatch:33 | trace_id=08b77df6-75dc-45d9-970d-6d213c99d10f - Received request: GET /api/v1/admin/personas
2026-07-15 15:14:16 | INFO     | app.main:dispatch:36 | trace_id=08b77df6-75dc-45d9-970d-6d213c99d10f - Returned response: 200
2026-07-15 15:14:16 | INFO     | app.main:dispatch:33 | trace_id=aa4e1c2a-9f5e-4b17-adb8-219787a7a766 - Received request: GET /api/v1/admin/personas
2026-07-15 15:14:16 | INFO     | app.main:dispatch:36 | trace_id=aa4e1c2a-9f5e-4b17-adb8-219787a7a766 - Returned response: 200
2026-07-15 15:14:19 | INFO     | app.main:dispatch:33 | trace_id=714bbefb-24ca-4f47-8681-73a3c5f1e493 - Received request: GET /api/v1/admin/personas
2026-07-15 15:14:19 | INFO     | app.main:dispatch:36 | trace_id=714bbefb-24ca-4f47-8681-73a3c5f1e493 - Returned response: 200
2026-07-15 15:14:19 | INFO     | app.main:dispatch:33 | trace_id=125b3931-5b09-4fe5-bc00-eda7b2a79607 - Received request: GET /api/v1/admin/personas
2026-07-15 15:14:19 | INFO     | app.main:dispatch:36 | trace_id=125b3931-5b09-4fe5-bc00-eda7b2a79607 - Returned response: 200
2026-07-15 15:14:20 | INFO     | app.main:dispatch:33 | trace_id=e1cfe5d6-109b-485b-8b0b-7609cf079d8b - Received request: GET /api/v1/admin/questions
2026-07-15 15:14:20 | INFO     | app.main:dispatch:36 | trace_id=e1cfe5d6-109b-485b-8b0b-7609cf079d8b - Returned response: 200
2026-07-15 15:50:06 | INFO     | app.main:dispatch:33 | trace_id=11660b32-4205-41de-9def-9906257f6754 - Received request: GET /api/v1/admin/personas
2026-07-15 15:50:06 | INFO     | app.main:dispatch:36 | trace_id=11660b32-4205-41de-9def-9906257f6754 - Returned response: 200
2026-07-15 15:50:06 | INFO     | app.main:dispatch:33 | trace_id=30fe1c00-0248-4fa8-b5ee-b2204a84d3b3 - Received request: GET /api/v1/admin/personas
2026-07-15 15:50:06 | INFO     | app.main:dispatch:36 | trace_id=30fe1c00-0248-4fa8-b5ee-b2204a84d3b3 - Returned response: 200
2026-07-15 15:50:12 | INFO     | app.main:dispatch:33 | trace_id=2e60aff4-2734-425b-b121-bb311ae5058b - Received request: OPTIONS /api/v1/chat
2026-07-15 15:50:12 | INFO     | app.main:dispatch:36 | trace_id=2e60aff4-2734-425b-b121-bb311ae5058b - Returned response: 200
2026-07-15 15:50:12 | INFO     | app.main:dispatch:33 | trace_id=b93783db-569f-4331-bd75-116fe76502f8 - Received request: POST /api/v1/chat
2026-07-15 15:50:12 | INFO     | app.agents.persona_agent:generate_reply_stream:34 | trace_id=N/A - PersonaAgent 正在流式生成客户回复
2026-07-15 15:50:12 | INFO     | app.main:dispatch:36 | trace_id=b93783db-569f-4331-bd75-116fe76502f8 - Returned response: 200
2026-07-15 15:50:21 | INFO     | app.main:dispatch:33 | trace_id=bd73f4a4-625b-458b-ba10-106bb2ed0637 - Received request: GET /api/v1/history
2026-07-15 15:50:21 | INFO     | app.main:dispatch:36 | trace_id=bd73f4a4-625b-458b-ba10-106bb2ed0637 - Returned response: 200
2026-07-15 15:50:24 | INFO     | app.main:dispatch:33 | trace_id=60a9dec2-50eb-441d-8125-33d7d3828690 - Received request: GET /api/v1/history/d3360f94-0f3e-493b-bce9-4764e585dfd1
2026-07-15 15:50:24 | INFO     | app.main:dispatch:36 | trace_id=60a9dec2-50eb-441d-8125-33d7d3828690 - Returned response: 200
2026-07-15 15:52:12 | INFO     | app.main:dispatch:33 | trace_id=57655c6b-60f8-4bdb-bb9b-ab4befc03c34 - Received request: GET /api/v1/history
2026-07-15 15:52:12 | INFO     | app.main:dispatch:36 | trace_id=57655c6b-60f8-4bdb-bb9b-ab4befc03c34 - Returned response: 200
2026-07-15 15:52:14 | INFO     | app.main:dispatch:33 | trace_id=b224e729-3ba3-4b5d-9345-0a2e11186612 - Received request: GET /api/v1/history/d3360f94-0f3e-493b-bce9-4764e585dfd1
2026-07-15 15:52:14 | INFO     | app.main:dispatch:36 | trace_id=b224e729-3ba3-4b5d-9345-0a2e11186612 - Returned response: 200
2026-07-15 15:52:16 | INFO     | app.main:dispatch:33 | trace_id=2cf830e3-2b45-47a1-974e-7b96f14819db - Received request: GET /api/v1/history
2026-07-15 15:52:16 | INFO     | app.main:dispatch:36 | trace_id=2cf830e3-2b45-47a1-974e-7b96f14819db - Returned response: 200
2026-07-15 15:52:24 | INFO     | app.main:dispatch:33 | trace_id=897adae9-4bbd-4715-8839-6833ad7abcf0 - Received request: GET /api/v1/practice/categories
2026-07-15 15:52:24 | INFO     | app.main:dispatch:36 | trace_id=897adae9-4bbd-4715-8839-6833ad7abcf0 - Returned response: 200
2026-07-15 15:52:33 | INFO     | app.main:dispatch:33 | trace_id=a177706e-4fb8-4725-9bc7-58b8ce90212e - Received request: GET /api/v1/admin/personas
2026-07-15 15:52:33 | INFO     | app.main:dispatch:36 | trace_id=a177706e-4fb8-4725-9bc7-58b8ce90212e - Returned response: 200
2026-07-15 15:52:33 | INFO     | app.main:dispatch:33 | trace_id=f9e281da-67c4-4da9-9916-8500f4910f72 - Received request: GET /api/v1/admin/personas
2026-07-15 15:52:33 | INFO     | app.main:dispatch:36 | trace_id=f9e281da-67c4-4da9-9916-8500f4910f72 - Returned response: 200
2026-07-15 15:56:28 | INFO     | app.main:dispatch:33 | trace_id=9b4ae02b-c801-428d-88ec-a82e6fba74af - Received request: GET /api/v1/practice/categories
2026-07-15 15:56:28 | INFO     | app.main:dispatch:36 | trace_id=9b4ae02b-c801-428d-88ec-a82e6fba74af - Returned response: 200
2026-07-15 15:56:36 | INFO     | app.main:dispatch:33 | trace_id=b74e89c9-68e6-42a7-be0e-7dd2ee1d1d31 - Received request: GET /api/v1/admin/personas
2026-07-15 15:56:36 | INFO     | app.main:dispatch:36 | trace_id=b74e89c9-68e6-42a7-be0e-7dd2ee1d1d31 - Returned response: 200
2026-07-15 15:56:36 | INFO     | app.main:dispatch:33 | trace_id=32ea0709-76d9-45e3-a0a0-35294813566c - Received request: GET /api/v1/admin/personas
2026-07-15 15:56:36 | INFO     | app.main:dispatch:36 | trace_id=32ea0709-76d9-45e3-a0a0-35294813566c - Returned response: 200
2026-07-15 15:56:37 | INFO     | app.main:dispatch:33 | trace_id=d3d80825-ca2a-44a4-a73e-3a03d21b7d9b - Received request: GET /api/v1/admin/questions
2026-07-15 15:56:37 | INFO     | app.main:dispatch:36 | trace_id=d3d80825-ca2a-44a4-a73e-3a03d21b7d9b - Returned response: 200
2026-07-15 15:56:38 | INFO     | app.main:dispatch:33 | trace_id=f8f82a20-5d4b-4161-94e2-bffab2f086b3 - Received request: GET /api/v1/admin/questions
2026-07-15 15:56:38 | INFO     | app.main:dispatch:36 | trace_id=f8f82a20-5d4b-4161-94e2-bffab2f086b3 - Returned response: 200
2026-07-15 15:57:15 | INFO     | app.main:dispatch:33 | trace_id=e6f075ac-5385-410e-a79f-51e70350c89b - Received request: GET /api/v1/history
2026-07-15 15:57:15 | INFO     | app.main:dispatch:36 | trace_id=e6f075ac-5385-410e-a79f-51e70350c89b - Returned response: 200
2026-07-15 15:57:16 | INFO     | app.main:dispatch:33 | trace_id=418cc32f-b792-4c6d-b867-411f1b00cbd7 - Received request: GET /api/v1/history/80ab2f7b-4963-4cf6-a0a0-335f590b0ad1
2026-07-15 15:57:16 | INFO     | app.main:dispatch:36 | trace_id=418cc32f-b792-4c6d-b867-411f1b00cbd7 - Returned response: 200
2026-07-15 15:57:19 | INFO     | app.main:dispatch:33 | trace_id=4074180d-2175-4779-ba5a-2396afe599c9 - Received request: GET /api/v1/history
2026-07-15 15:57:19 | INFO     | app.main:dispatch:36 | trace_id=4074180d-2175-4779-ba5a-2396afe599c9 - Returned response: 200
2026-07-15 15:57:21 | INFO     | app.main:dispatch:33 | trace_id=54258bd4-b232-4517-b1bc-516a64da64b0 - Received request: GET /api/v1/history/d3360f94-0f3e-493b-bce9-4764e585dfd1
2026-07-15 15:57:21 | INFO     | app.main:dispatch:36 | trace_id=54258bd4-b232-4517-b1bc-516a64da64b0 - Returned response: 200
2026-07-15 16:02:51 | INFO     | app.main:dispatch:33 | trace_id=0e987060-81cf-4ba7-b88e-4fb7ca13cf43 - Received request: GET /api/v1/history
2026-07-15 16:02:51 | INFO     | app.main:dispatch:36 | trace_id=0e987060-81cf-4ba7-b88e-4fb7ca13cf43 - Returned response: 200
2026-07-15 16:02:53 | INFO     | app.main:dispatch:33 | trace_id=86cd0fdc-5abf-4f1b-ad7e-194f28104346 - Received request: GET /api/v1/history/d3360f94-0f3e-493b-bce9-4764e585dfd1
2026-07-15 16:02:53 | INFO     | app.main:dispatch:36 | trace_id=86cd0fdc-5abf-4f1b-ad7e-194f28104346 - Returned response: 200
2026-07-15 16:03:03 | INFO     | app.main:dispatch:33 | trace_id=b3f1bb22-1929-424d-a272-8adbb0f04f46 - Received request: GET /api/v1/history/80ab2f7b-4963-4cf6-a0a0-335f590b0ad1
2026-07-15 16:03:03 | INFO     | app.main:dispatch:36 | trace_id=b3f1bb22-1929-424d-a272-8adbb0f04f46 - Returned response: 200
2026-07-15 16:03:13 | INFO     | app.main:dispatch:33 | trace_id=2e277ba8-8224-4ca6-87db-cf3cb7c95696 - Received request: GET /api/v1/practice/categories
2026-07-15 16:03:13 | INFO     | app.main:dispatch:36 | trace_id=2e277ba8-8224-4ca6-87db-cf3cb7c95696 - Returned response: 200
2026-07-15 16:03:18 | INFO     | app.main:dispatch:33 | trace_id=ab13fb8f-73d9-4b50-91c0-88d60a7ff340 - Received request: GET /api/v1/admin/personas
2026-07-15 16:03:18 | INFO     | app.main:dispatch:36 | trace_id=ab13fb8f-73d9-4b50-91c0-88d60a7ff340 - Returned response: 200
2026-07-15 16:03:18 | INFO     | app.main:dispatch:33 | trace_id=7409ef96-d4f6-4a37-bced-b234fc584215 - Received request: GET /api/v1/admin/personas
2026-07-15 16:03:18 | INFO     | app.main:dispatch:36 | trace_id=7409ef96-d4f6-4a37-bced-b234fc584215 - Returned response: 200
2026-07-15 16:03:20 | INFO     | app.main:dispatch:33 | trace_id=a6d7579d-9e20-426f-b450-c4dee41e39f2 - Received request: GET /api/v1/admin/questions
2026-07-15 16:03:20 | INFO     | app.main:dispatch:36 | trace_id=a6d7579d-9e20-426f-b450-c4dee41e39f2 - Returned response: 200
2026-07-15 16:06:44 | INFO     | app.main:dispatch:33 | trace_id=3552a578-fad1-45a1-8958-cc6d9e81e993 - Received request: GET /api/v1/admin/questions
2026-07-15 16:06:44 | INFO     | app.main:dispatch:36 | trace_id=3552a578-fad1-45a1-8958-cc6d9e81e993 - Returned response: 200
2026-07-15 16:06:51 | INFO     | app.main:dispatch:33 | trace_id=23c9ebbd-2a04-4b83-ad57-f261720dfeed - Received request: GET /api/v1/practice/categories
2026-07-15 16:06:51 | INFO     | app.main:dispatch:36 | trace_id=23c9ebbd-2a04-4b83-ad57-f261720dfeed - Returned response: 200
2026-07-15 16:06:59 | INFO     | app.main:dispatch:33 | trace_id=c3b07069-e802-447f-870b-17e15e4be684 - Received request: OPTIONS /api/v1/chat
2026-07-15 16:06:59 | INFO     | app.main:dispatch:36 | trace_id=c3b07069-e802-447f-870b-17e15e4be684 - Returned response: 200
2026-07-15 16:06:59 | INFO     | app.main:dispatch:33 | trace_id=2d8a8be7-b3e7-4820-bcd4-5824296ace92 - Received request: POST /api/v1/chat
2026-07-15 16:06:59 | INFO     | app.main:dispatch:36 | trace_id=2d8a8be7-b3e7-4820-bcd4-5824296ace92 - Returned response: 200
2026-07-15 16:07:36 | INFO     | app.main:dispatch:33 | trace_id=2239ab03-79e8-4063-b0a4-87a27c6114e9 - Received request: GET /api/v1/admin/personas
2026-07-15 16:07:36 | INFO     | app.main:dispatch:36 | trace_id=2239ab03-79e8-4063-b0a4-87a27c6114e9 - Returned response: 200
2026-07-15 16:07:36 | INFO     | app.main:dispatch:33 | trace_id=013fa7e1-3741-4350-9617-7c6e17a7e078 - Received request: GET /api/v1/admin/personas
2026-07-15 16:07:36 | INFO     | app.main:dispatch:36 | trace_id=013fa7e1-3741-4350-9617-7c6e17a7e078 - Returned response: 200
2026-07-15 16:07:37 | INFO     | app.main:dispatch:33 | trace_id=8e9489d3-cef9-4f44-8002-acb6893f4daf - Received request: GET /api/v1/admin/questions
2026-07-15 16:07:37 | INFO     | app.main:dispatch:36 | trace_id=8e9489d3-cef9-4f44-8002-acb6893f4daf - Returned response: 200
2026-07-15 16:07:39 | INFO     | app.main:dispatch:33 | trace_id=769aef26-371e-4a3c-a08b-b026b4ede875 - Received request: GET /api/v1/admin/questions
2026-07-15 16:07:39 | INFO     | app.main:dispatch:36 | trace_id=769aef26-371e-4a3c-a08b-b026b4ede875 - Returned response: 200
2026-07-15 16:07:42 | INFO     | app.main:dispatch:33 | trace_id=4d3249bc-d480-4553-b799-43b2804f4f48 - Received request: GET /api/v1/admin/personas
2026-07-15 16:07:42 | INFO     | app.main:dispatch:36 | trace_id=4d3249bc-d480-4553-b799-43b2804f4f48 - Returned response: 200
2026-07-15 16:07:45 | INFO     | app.main:dispatch:33 | trace_id=c6681213-8fe8-4fe9-b92c-04d2d34a6a57 - Received request: GET /api/v1/history
2026-07-15 16:07:45 | INFO     | app.main:dispatch:36 | trace_id=c6681213-8fe8-4fe9-b92c-04d2d34a6a57 - Returned response: 200
2026-07-15 16:07:46 | INFO     | app.main:dispatch:33 | trace_id=aff32d44-5933-4e33-8be0-40d9264c5398 - Received request: GET /api/v1/history/d3360f94-0f3e-493b-bce9-4764e585dfd1
2026-07-15 16:07:46 | INFO     | app.main:dispatch:36 | trace_id=aff32d44-5933-4e33-8be0-40d9264c5398 - Returned response: 200
2026-07-15 16:11:17 | INFO     | app.main:dispatch:33 | trace_id=00b1c268-9e9f-45dd-8671-dda02e7e7a0b - Received request: GET /api/v1/history
2026-07-15 16:11:17 | INFO     | app.main:dispatch:36 | trace_id=00b1c268-9e9f-45dd-8671-dda02e7e7a0b - Returned response: 200
2026-07-15 16:11:20 | INFO     | app.main:dispatch:33 | trace_id=7a8a3c59-5220-4adf-a19c-e32a820c7b6d - Received request: GET /api/v1/history/80ab2f7b-4963-4cf6-a0a0-335f590b0ad1
2026-07-15 16:11:20 | INFO     | app.main:dispatch:36 | trace_id=7a8a3c59-5220-4adf-a19c-e32a820c7b6d - Returned response: 200
2026-07-15 16:19:09 | INFO     | app.main:dispatch:33 | trace_id=3c3cc45d-c2f6-4aa6-a1f7-b780f5433a26 - Received request: GET /api/v1/practice/categories
2026-07-15 16:19:09 | INFO     | app.main:dispatch:36 | trace_id=3c3cc45d-c2f6-4aa6-a1f7-b780f5433a26 - Returned response: 200
2026-07-15 16:19:10 | INFO     | app.main:dispatch:33 | trace_id=f48bd4bd-2041-4643-ac85-4eb6d57eb8e1 - Received request: GET /api/v1/history
2026-07-15 16:19:10 | INFO     | app.main:dispatch:36 | trace_id=f48bd4bd-2041-4643-ac85-4eb6d57eb8e1 - Returned response: 200
2026-07-15 16:19:26 | INFO     | app.main:dispatch:33 | trace_id=7de0a522-c753-47aa-8adf-1d425c1593be - Received request: GET /api/v1/history
2026-07-15 16:19:26 | INFO     | app.main:dispatch:36 | trace_id=7de0a522-c753-47aa-8adf-1d425c1593be - Returned response: 200
2026-07-15 16:26:29 | INFO     | app.main:dispatch:33 | trace_id=2263d377-e2a3-4b98-94a7-33917995c366 - Received request: GET /api/v1/history
2026-07-15 16:26:29 | INFO     | app.main:dispatch:36 | trace_id=2263d377-e2a3-4b98-94a7-33917995c366 - Returned response: 200
2026-07-15 16:26:33 | INFO     | app.main:dispatch:33 | trace_id=0092e1d0-b193-40be-a4bb-721fc5e08ec1 - Received request: GET /api/v1/admin/personas
2026-07-15 16:26:33 | INFO     | app.main:dispatch:36 | trace_id=0092e1d0-b193-40be-a4bb-721fc5e08ec1 - Returned response: 200
2026-07-15 16:26:33 | INFO     | app.main:dispatch:33 | trace_id=2a13d7e1-73dc-4794-bdfb-8ec1336523ac - Received request: GET /api/v1/admin/personas
2026-07-15 16:26:33 | INFO     | app.main:dispatch:36 | trace_id=2a13d7e1-73dc-4794-bdfb-8ec1336523ac - Returned response: 200
2026-07-15 16:30:38 | INFO     | app.main:dispatch:33 | trace_id=17120371-6ce8-4d38-ae48-4df30834f8a3 - Received request: GET /api/v1/admin/questions
2026-07-15 16:30:39 | INFO     | app.main:dispatch:36 | trace_id=17120371-6ce8-4d38-ae48-4df30834f8a3 - Returned response: 200
2026-07-15 16:30:40 | INFO     | app.main:dispatch:33 | trace_id=e187cfc3-b609-4c63-a53f-e99a15dc8400 - Received request: GET /api/v1/practice/categories
2026-07-15 16:30:40 | INFO     | app.main:dispatch:36 | trace_id=e187cfc3-b609-4c63-a53f-e99a15dc8400 - Returned response: 200
2026-07-15 16:30:41 | INFO     | app.main:dispatch:33 | trace_id=706fed12-de52-45a2-be01-4c0fddd6096a - Received request: GET /api/v1/history
2026-07-15 16:30:41 | INFO     | app.main:dispatch:36 | trace_id=706fed12-de52-45a2-be01-4c0fddd6096a - Returned response: 200
2026-07-15 16:30:41 | INFO     | app.main:dispatch:33 | trace_id=adcca01a-7e69-4046-b663-2a76cb647453 - Received request: GET /api/v1/practice/history
2026-07-15 16:30:41 | INFO     | app.main:dispatch:36 | trace_id=adcca01a-7e69-4046-b663-2a76cb647453 - Returned response: 500
2026-07-15 16:30:44 | INFO     | app.main:dispatch:33 | trace_id=2b836364-b219-40af-ad4e-d188a2184348 - Received request: GET /api/v1/practice/categories
2026-07-15 16:30:44 | INFO     | app.main:dispatch:36 | trace_id=2b836364-b219-40af-ad4e-d188a2184348 - Returned response: 200
2026-07-15 16:30:45 | INFO     | app.main:dispatch:33 | trace_id=0a7add4c-7b18-477b-a0e9-ef322e0089ae - Received request: GET /api/v1/history
2026-07-15 16:30:45 | INFO     | app.main:dispatch:36 | trace_id=0a7add4c-7b18-477b-a0e9-ef322e0089ae - Returned response: 200
2026-07-15 16:30:45 | INFO     | app.main:dispatch:33 | trace_id=bf7ce3dc-52d7-4ea9-8cfa-df0889f43bf7 - Received request: GET /api/v1/practice/history
2026-07-15 16:30:45 | INFO     | app.main:dispatch:36 | trace_id=bf7ce3dc-52d7-4ea9-8cfa-df0889f43bf7 - Returned response: 500
2026-07-15 16:30:47 | INFO     | app.main:dispatch:33 | trace_id=6a30edc6-db0e-4405-8bca-2096d2307bb6 - Received request: GET /api/v1/history
2026-07-15 16:30:47 | INFO     | app.main:dispatch:36 | trace_id=6a30edc6-db0e-4405-8bca-2096d2307bb6 - Returned response: 200
2026-07-15 16:30:47 | INFO     | app.main:dispatch:33 | trace_id=6f358928-76d8-4d6a-8a3c-835ac65c3b56 - Received request: GET /api/v1/practice/history
2026-07-15 16:30:47 | INFO     | app.main:dispatch:36 | trace_id=6f358928-76d8-4d6a-8a3c-835ac65c3b56 - Returned response: 500
2026-07-15 16:30:47 | INFO     | app.main:dispatch:33 | trace_id=ead0963d-bf28-4b1d-88c6-44a74d963b1c - Received request: GET /api/v1/history
2026-07-15 16:30:47 | INFO     | app.main:dispatch:36 | trace_id=ead0963d-bf28-4b1d-88c6-44a74d963b1c - Returned response: 200
2026-07-15 16:30:47 | INFO     | app.main:dispatch:33 | trace_id=792242a9-54c1-452e-aab2-a32157b32ac9 - Received request: GET /api/v1/practice/history
2026-07-15 16:30:47 | INFO     | app.main:dispatch:36 | trace_id=792242a9-54c1-452e-aab2-a32157b32ac9 - Returned response: 500
2026-07-15 16:31:18 | INFO     | app.main:dispatch:33 | trace_id=dc18a0c8-77e0-4705-8aa5-79bd81eb6c6e - Received request: GET /api/v1/history
2026-07-15 16:31:19 | INFO     | app.main:dispatch:36 | trace_id=dc18a0c8-77e0-4705-8aa5-79bd81eb6c6e - Returned response: 200
2026-07-15 16:31:19 | INFO     | app.main:dispatch:33 | trace_id=e54013c7-a570-4f5a-b9af-f8b96bda7b79 - Received request: GET /api/v1/practice/history
2026-07-15 16:31:19 | INFO     | app.main:dispatch:36 | trace_id=e54013c7-a570-4f5a-b9af-f8b96bda7b79 - Returned response: 500
2026-07-15 16:31:19 | INFO     | app.main:dispatch:33 | trace_id=7d730002-8424-437c-a683-9f45417a6523 - Received request: GET /api/v1/history
2026-07-15 16:31:19 | INFO     | app.main:dispatch:36 | trace_id=7d730002-8424-437c-a683-9f45417a6523 - Returned response: 200
2026-07-15 16:31:19 | INFO     | app.main:dispatch:33 | trace_id=d5ab3c0b-268b-4be6-811b-44849da2f8da - Received request: GET /api/v1/practice/history
2026-07-15 16:31:19 | INFO     | app.main:dispatch:36 | trace_id=d5ab3c0b-268b-4be6-811b-44849da2f8da - Returned response: 500
2026-07-15 16:32:30 | INFO     | app.main:dispatch:33 | trace_id=6cb97620-61c5-497a-b8c7-8435b7b19d95 - Received request: GET /api/v1/practice/history
2026-07-15 16:32:30 | INFO     | app.main:dispatch:36 | trace_id=6cb97620-61c5-497a-b8c7-8435b7b19d95 - Returned response: 200
2026-07-15 16:33:19 | INFO     | app.main:dispatch:33 | trace_id=654dff9d-5a11-45d3-9df5-56519ce8d2b3 - Received request: GET /api/v1/history
2026-07-15 16:33:19 | INFO     | app.main:dispatch:36 | trace_id=654dff9d-5a11-45d3-9df5-56519ce8d2b3 - Returned response: 200
2026-07-15 16:33:19 | INFO     | app.main:dispatch:33 | trace_id=3a695898-cc39-48e6-8277-f559d2789bb4 - Received request: GET /api/v1/practice/history
2026-07-15 16:33:19 | INFO     | app.main:dispatch:36 | trace_id=3a695898-cc39-48e6-8277-f559d2789bb4 - Returned response: 200
2026-07-15 16:33:22 | INFO     | app.main:dispatch:33 | trace_id=0603f95a-adfe-46a1-85a0-c21cbf1eb1b3 - Received request: GET /api/v1/practice/categories
2026-07-15 16:33:22 | INFO     | app.main:dispatch:36 | trace_id=0603f95a-adfe-46a1-85a0-c21cbf1eb1b3 - Returned response: 200
2026-07-15 16:33:23 | INFO     | app.main:dispatch:33 | trace_id=cf9f6593-493c-4adb-b887-67ebd7630303 - Received request: GET /api/v1/history
2026-07-15 16:33:23 | INFO     | app.main:dispatch:36 | trace_id=cf9f6593-493c-4adb-b887-67ebd7630303 - Returned response: 200
2026-07-15 16:33:23 | INFO     | app.main:dispatch:33 | trace_id=1206cac3-0f34-4c4d-a58b-88a8317f1997 - Received request: GET /api/v1/practice/history
2026-07-15 16:33:23 | INFO     | app.main:dispatch:36 | trace_id=1206cac3-0f34-4c4d-a58b-88a8317f1997 - Returned response: 200
2026-07-15 16:33:44 | INFO     | app.main:dispatch:33 | trace_id=39be7910-ece8-406a-9ee2-160d10a66f1f - Received request: OPTIONS /api/v1/chat
2026-07-15 16:33:44 | INFO     | app.main:dispatch:36 | trace_id=39be7910-ece8-406a-9ee2-160d10a66f1f - Returned response: 200
2026-07-15 16:33:44 | INFO     | app.main:dispatch:33 | trace_id=06ef3110-d767-4fd2-b3f2-f03cec1f7ebe - Received request: POST /api/v1/chat
2026-07-15 16:33:44 | INFO     | app.main:dispatch:36 | trace_id=06ef3110-d767-4fd2-b3f2-f03cec1f7ebe - Returned response: 500
2026-07-15 16:33:59 | INFO     | app.main:dispatch:33 | trace_id=23af44e6-00fd-4eae-b954-036b42255528 - Received request: POST /api/v1/chat
2026-07-15 16:33:59 | INFO     | app.agents.persona_agent:generate_reply_stream:34 | trace_id=N/A - PersonaAgent 正在流式生成客户回复
2026-07-15 16:33:59 | INFO     | app.main:dispatch:36 | trace_id=23af44e6-00fd-4eae-b954-036b42255528 - Returned response: 200
2026-07-15 16:34:19 | INFO     | app.main:dispatch:33 | trace_id=d225b2e3-0fc9-4fd6-b9e9-fdcb6901423a - Received request: GET /api/v1/history
2026-07-15 16:34:19 | INFO     | app.main:dispatch:36 | trace_id=d225b2e3-0fc9-4fd6-b9e9-fdcb6901423a - Returned response: 200
2026-07-15 16:34:19 | INFO     | app.main:dispatch:33 | trace_id=b0f2aa7e-0ea6-4924-add9-2284c6530066 - Received request: GET /api/v1/practice/history
2026-07-15 16:34:19 | INFO     | app.main:dispatch:36 | trace_id=b0f2aa7e-0ea6-4924-add9-2284c6530066 - Returned response: 200
2026-07-15 16:34:22 | INFO     | app.main:dispatch:33 | trace_id=d5f4a2bc-bc5f-44eb-8fa6-9b9775630f55 - Received request: GET /api/v1/history/80ab2f7b-4963-4cf6-a0a0-335f590b0ad1
2026-07-15 16:34:22 | INFO     | app.main:dispatch:36 | trace_id=d5f4a2bc-bc5f-44eb-8fa6-9b9775630f55 - Returned response: 200
2026-07-15 16:34:27 | INFO     | app.main:dispatch:33 | trace_id=a6eba186-58dc-4895-9af8-9db7bb7ad8b3 - Received request: GET /api/v1/history/4c2c473d-f091-4630-889d-edd79e9dffa7
2026-07-15 16:34:27 | INFO     | app.main:dispatch:36 | trace_id=a6eba186-58dc-4895-9af8-9db7bb7ad8b3 - Returned response: 200
2026-07-15 16:35:29 | INFO     | app.main:dispatch:33 | trace_id=08af1138-13f8-4cb8-8b9a-7f6e437801f6 - Received request: GET /api/v1/practice/categories
2026-07-15 16:35:29 | INFO     | app.main:dispatch:36 | trace_id=08af1138-13f8-4cb8-8b9a-7f6e437801f6 - Returned response: 200
2026-07-15 16:35:36 | INFO     | app.main:dispatch:33 | trace_id=ae42a38f-a0f1-4365-a4b7-5b00a2bcbbe0 - Received request: POST /api/v1/chat
2026-07-15 16:35:36 | INFO     | app.main:dispatch:36 | trace_id=ae42a38f-a0f1-4365-a4b7-5b00a2bcbbe0 - Returned response: 200
2026-07-15 16:36:05 | INFO     | app.main:dispatch:33 | trace_id=e49bc8dc-a41e-4946-a4ac-08d8b914c369 - Received request: GET /api/v1/history
2026-07-15 16:36:05 | INFO     | app.main:dispatch:36 | trace_id=e49bc8dc-a41e-4946-a4ac-08d8b914c369 - Returned response: 200
2026-07-15 16:36:05 | INFO     | app.main:dispatch:33 | trace_id=8b91051e-091a-4d26-8374-a577aedd6733 - Received request: GET /api/v1/practice/history
2026-07-15 16:36:05 | INFO     | app.main:dispatch:36 | trace_id=8b91051e-091a-4d26-8374-a577aedd6733 - Returned response: 200
2026-07-15 16:36:20 | INFO     | app.main:dispatch:33 | trace_id=a5566f4e-3dd9-4e9e-a3d2-70f729da3100 - Received request: GET /api/v1/history
2026-07-15 16:36:20 | INFO     | app.main:dispatch:36 | trace_id=a5566f4e-3dd9-4e9e-a3d2-70f729da3100 - Returned response: 200
2026-07-15 16:36:20 | INFO     | app.main:dispatch:33 | trace_id=3e10461e-6765-4345-a165-9ce1e94affe2 - Received request: GET /api/v1/practice/history
2026-07-15 16:36:20 | INFO     | app.main:dispatch:36 | trace_id=3e10461e-6765-4345-a165-9ce1e94affe2 - Returned response: 200
2026-07-15 16:36:36 | INFO     | app.main:dispatch:33 | trace_id=12c52222-4a19-41b5-8aa6-03f7beff8aaa - Received request: GET /api/v1/admin/personas
2026-07-15 16:36:36 | INFO     | app.main:dispatch:36 | trace_id=12c52222-4a19-41b5-8aa6-03f7beff8aaa - Returned response: 200
2026-07-15 16:36:36 | INFO     | app.main:dispatch:33 | trace_id=25830c9c-8b35-4787-be01-4b90aacddf70 - Received request: GET /api/v1/admin/personas
2026-07-15 16:36:36 | INFO     | app.main:dispatch:36 | trace_id=25830c9c-8b35-4787-be01-4b90aacddf70 - Returned response: 200
2026-07-15 16:36:37 | INFO     | app.main:dispatch:33 | trace_id=3006febf-d541-43e3-b70e-e37c4413c321 - Received request: GET /api/v1/admin/questions
2026-07-15 16:36:37 | INFO     | app.main:dispatch:36 | trace_id=3006febf-d541-43e3-b70e-e37c4413c321 - Returned response: 200
2026-07-15 16:36:39 | INFO     | app.main:dispatch:33 | trace_id=12d7ff53-633b-4418-b003-c494091b4c92 - Received request: GET /api/v1/admin/questions
2026-07-15 16:36:39 | INFO     | app.main:dispatch:36 | trace_id=12d7ff53-633b-4418-b003-c494091b4c92 - Returned response: 200
2026-07-15 16:46:09 | INFO     | app.main:dispatch:33 | trace_id=762f5315-e7fb-459d-859b-fea243cda15c - Received request: GET /api/v1/history
2026-07-15 16:46:09 | INFO     | app.main:dispatch:36 | trace_id=762f5315-e7fb-459d-859b-fea243cda15c - Returned response: 200
2026-07-15 16:46:09 | INFO     | app.main:dispatch:33 | trace_id=aa783a02-d305-4fb8-8ef0-d35fca647de7 - Received request: GET /api/v1/practice/history
2026-07-15 16:46:09 | INFO     | app.main:dispatch:36 | trace_id=aa783a02-d305-4fb8-8ef0-d35fca647de7 - Returned response: 200
2026-07-15 16:46:59 | INFO     | app.main:dispatch:33 | trace_id=31a942a1-00da-4d1b-8bf6-6289eaaccd8e - Received request: GET /api/v1/history
2026-07-15 16:46:59 | INFO     | app.main:dispatch:36 | trace_id=31a942a1-00da-4d1b-8bf6-6289eaaccd8e - Returned response: 200
2026-07-15 16:46:59 | INFO     | app.main:dispatch:33 | trace_id=fe41a1ae-e44d-487e-8ee4-4a807623b5bf - Received request: GET /api/v1/practice/history
2026-07-15 16:46:59 | INFO     | app.main:dispatch:36 | trace_id=fe41a1ae-e44d-487e-8ee4-4a807623b5bf - Returned response: 200
2026-07-15 16:47:00 | INFO     | app.main:dispatch:33 | trace_id=3d6c05fc-affc-4278-8413-780cb7c0a109 - Received request: GET /api/v1/history/d3360f94-0f3e-493b-bce9-4764e585dfd1
2026-07-15 16:47:00 | INFO     | app.main:dispatch:36 | trace_id=3d6c05fc-affc-4278-8413-780cb7c0a109 - Returned response: 200
2026-07-15 16:47:09 | INFO     | app.main:dispatch:33 | trace_id=1b921044-d00b-4029-897b-ec74965a2a33 - Received request: GET /api/v1/practice/categories
2026-07-15 16:47:09 | INFO     | app.main:dispatch:36 | trace_id=1b921044-d00b-4029-897b-ec74965a2a33 - Returned response: 200
2026-07-15 16:47:13 | INFO     | app.main:dispatch:33 | trace_id=628b93dc-c355-497d-9532-60fa2c44c8c9 - Received request: GET /api/v1/admin/personas
2026-07-15 16:47:13 | INFO     | app.main:dispatch:36 | trace_id=628b93dc-c355-497d-9532-60fa2c44c8c9 - Returned response: 200
2026-07-15 16:47:13 | INFO     | app.main:dispatch:33 | trace_id=343cba06-498c-4930-b03b-9def457e0e93 - Received request: GET /api/v1/admin/personas
2026-07-15 16:47:13 | INFO     | app.main:dispatch:36 | trace_id=343cba06-498c-4930-b03b-9def457e0e93 - Returned response: 200
2026-07-15 16:47:14 | INFO     | app.main:dispatch:33 | trace_id=d7ed0a27-5216-4740-8c82-36dc79dfb1f2 - Received request: GET /api/v1/admin/questions
2026-07-15 16:47:14 | INFO     | app.main:dispatch:36 | trace_id=d7ed0a27-5216-4740-8c82-36dc79dfb1f2 - Returned response: 200
2026-07-15 17:06:50 | INFO     | app.main:dispatch:33 | trace_id=c3a00659-0445-4481-adab-0eb3a6402139 - Received request: GET /api/v1/history
2026-07-15 17:06:50 | INFO     | app.main:dispatch:36 | trace_id=c3a00659-0445-4481-adab-0eb3a6402139 - Returned response: 200
2026-07-15 17:06:50 | INFO     | app.main:dispatch:33 | trace_id=ab874593-6e8e-42cd-921d-d6df3291a845 - Received request: GET /api/v1/practice/history
2026-07-15 17:06:50 | INFO     | app.main:dispatch:36 | trace_id=ab874593-6e8e-42cd-921d-d6df3291a845 - Returned response: 200
2026-07-15 17:06:56 | INFO     | app.main:dispatch:33 | trace_id=90abff3b-7238-46e8-951b-27cfd66dda6b - Received request: GET /api/v1/history/d3360f94-0f3e-493b-bce9-4764e585dfd1
2026-07-15 17:06:56 | INFO     | app.main:dispatch:36 | trace_id=90abff3b-7238-46e8-951b-27cfd66dda6b - Returned response: 200
2026-07-15 17:08:54 | INFO     | app.main:dispatch:33 | trace_id=3978df73-ae2e-4a07-907d-32857c444d85 - Received request: GET /api/v1/admin/personas
2026-07-15 17:08:54 | INFO     | app.main:dispatch:36 | trace_id=3978df73-ae2e-4a07-907d-32857c444d85 - Returned response: 200
2026-07-15 17:08:54 | INFO     | app.main:dispatch:33 | trace_id=4fdb98a5-af2a-4c13-a532-93c4be0c8d17 - Received request: GET /api/v1/admin/personas
2026-07-15 17:08:54 | INFO     | app.main:dispatch:36 | trace_id=4fdb98a5-af2a-4c13-a532-93c4be0c8d17 - Returned response: 200
2026-07-15 17:08:55 | INFO     | app.main:dispatch:33 | trace_id=1cbcdf94-8583-4db2-ba82-d1f83e8facaa - Received request: GET /api/v1/admin/questions
2026-07-15 17:08:55 | INFO     | app.main:dispatch:36 | trace_id=1cbcdf94-8583-4db2-ba82-d1f83e8facaa - Returned response: 200
2026-07-15 17:08:55 | INFO     | app.main:dispatch:33 | trace_id=8a5b6764-25b0-4e6e-9704-cf657ba413f6 - Received request: GET /api/v1/admin/personas
2026-07-15 17:08:55 | INFO     | app.main:dispatch:36 | trace_id=8a5b6764-25b0-4e6e-9704-cf657ba413f6 - Returned response: 200
2026-07-15 17:09:20 | INFO     | app.main:dispatch:33 | trace_id=358be591-d292-419d-bdab-47566a2e360a - Received request: GET /api/v1/admin/questions
2026-07-15 17:09:20 | INFO     | app.main:dispatch:36 | trace_id=358be591-d292-419d-bdab-47566a2e360a - Returned response: 200
2026-07-15 17:30:03 | INFO     | app.main:dispatch:33 | trace_id=53ab45c1-99b0-48db-9b2c-5f9661a63d9b - Received request: GET /api/v1/admin/personas
2026-07-15 17:30:03 | INFO     | app.main:dispatch:36 | trace_id=53ab45c1-99b0-48db-9b2c-5f9661a63d9b - Returned response: 200
2026-07-15 17:30:03 | INFO     | app.main:dispatch:33 | trace_id=36936a32-b264-4c10-ac3b-ef7a142001f1 - Received request: GET /api/v1/admin/personas
2026-07-15 17:30:03 | INFO     | app.main:dispatch:36 | trace_id=36936a32-b264-4c10-ac3b-ef7a142001f1 - Returned response: 200
2026-07-16 09:24:31 | INFO     | app.main:dispatch:33 | trace_id=5d78aa3d-b585-48d8-b7e7-f12c53167a03 - Received request: GET /api/v1/practice/categories
2026-07-16 09:24:31 | INFO     | app.main:dispatch:36 | trace_id=5d78aa3d-b585-48d8-b7e7-f12c53167a03 - Returned response: 200
2026-07-16 09:24:33 | INFO     | app.main:dispatch:33 | trace_id=c0b701f5-0b27-4226-86ac-f381e52f3072 - Received request: GET /api/v1/admin/personas
2026-07-16 09:24:33 | INFO     | app.main:dispatch:36 | trace_id=c0b701f5-0b27-4226-86ac-f381e52f3072 - Returned response: 200
2026-07-16 09:24:33 | INFO     | app.main:dispatch:33 | trace_id=74993626-4cbd-4f42-8297-7d222cdf23f6 - Received request: GET /api/v1/admin/personas
2026-07-16 09:24:33 | INFO     | app.main:dispatch:36 | trace_id=74993626-4cbd-4f42-8297-7d222cdf23f6 - Returned response: 200
2026-07-16 09:24:34 | INFO     | app.main:dispatch:33 | trace_id=02349d8a-db4e-4ca1-a903-15fd52a2899a - Received request: GET /api/v1/admin/questions
2026-07-16 09:24:34 | INFO     | app.main:dispatch:36 | trace_id=02349d8a-db4e-4ca1-a903-15fd52a2899a - Returned response: 200
2026-07-16 09:24:37 | INFO     | app.main:dispatch:33 | trace_id=6f1ff960-147c-4002-bfc1-aeac857e387f - Received request: GET /api/v1/admin/questions
2026-07-16 09:24:37 | INFO     | app.main:dispatch:36 | trace_id=6f1ff960-147c-4002-bfc1-aeac857e387f - Returned response: 200
2026-07-16 09:24:38 | INFO     | app.main:dispatch:33 | trace_id=dd7357e9-b990-4bd9-933a-5e6279d70e28 - Received request: GET /api/v1/practice/categories
2026-07-16 09:24:38 | INFO     | app.main:dispatch:36 | trace_id=dd7357e9-b990-4bd9-933a-5e6279d70e28 - Returned response: 200
2026-07-16 09:24:48 | INFO     | app.main:dispatch:33 | trace_id=1bbc60ed-097f-4f8d-aea8-3adff0c33299 - Received request: GET /api/v1/practice/categories
2026-07-16 09:24:48 | INFO     | app.main:dispatch:36 | trace_id=1bbc60ed-097f-4f8d-aea8-3adff0c33299 - Returned response: 200
2026-07-16 09:24:53 | INFO     | app.main:dispatch:33 | trace_id=9156265b-ddcb-4852-8c24-6cfbab430b01 - Received request: GET /api/v1/admin/personas
2026-07-16 09:24:53 | INFO     | app.main:dispatch:36 | trace_id=9156265b-ddcb-4852-8c24-6cfbab430b01 - Returned response: 200
2026-07-16 09:24:53 | INFO     | app.main:dispatch:33 | trace_id=161e41cd-7ae8-41e2-b56c-0ba9dac0f220 - Received request: GET /api/v1/admin/personas
2026-07-16 09:24:53 | INFO     | app.main:dispatch:36 | trace_id=161e41cd-7ae8-41e2-b56c-0ba9dac0f220 - Returned response: 200
2026-07-16 09:24:55 | INFO     | app.main:dispatch:33 | trace_id=2750ba68-d62a-4b08-b60c-d4767cd80f89 - Received request: GET /api/v1/practice/categories
2026-07-16 09:24:55 | INFO     | app.main:dispatch:36 | trace_id=2750ba68-d62a-4b08-b60c-d4767cd80f89 - Returned response: 200
2026-07-16 09:25:11 | INFO     | app.main:dispatch:33 | trace_id=da5449f4-cd21-479b-8b46-d0407db4d61c - Received request: GET /api/v1/practice/categories
2026-07-16 09:25:11 | INFO     | app.main:dispatch:36 | trace_id=da5449f4-cd21-479b-8b46-d0407db4d61c - Returned response: 200
2026-07-16 09:26:02 | INFO     | app.main:dispatch:33 | trace_id=bb33f925-150c-49f9-a386-cd26cbd2a895 - Received request: GET /api/v1/practice/categories
2026-07-16 09:26:02 | INFO     | app.main:dispatch:36 | trace_id=bb33f925-150c-49f9-a386-cd26cbd2a895 - Returned response: 200
2026-07-16 09:26:38 | INFO     | app.main:dispatch:33 | trace_id=46fa46e0-b5e5-4ae9-9e9f-4885a319d84e - Received request: OPTIONS /api/v1/chat
2026-07-16 09:26:38 | INFO     | app.main:dispatch:36 | trace_id=46fa46e0-b5e5-4ae9-9e9f-4885a319d84e - Returned response: 200
2026-07-16 09:26:38 | INFO     | app.main:dispatch:33 | trace_id=9625d7f1-1f17-4348-96be-cf11f2049457 - Received request: POST /api/v1/chat
2026-07-16 09:26:38 | INFO     | app.main:dispatch:36 | trace_id=9625d7f1-1f17-4348-96be-cf11f2049457 - Returned response: 200
2026-07-16 10:33:06 | INFO     | app.agents.builder_agent:extract_knowledge_nodes:48 | trace_id=N/A - BuilderAgent 开始请求大模型提取知识原子...
2026-07-16 12:48:12 | INFO     | app.services.external_kb:_init_knowledge_base:41 | trace_id=system - 向量知识库已存在，共 100 条记录，跳过初始化。
2026-07-16 13:35:52 | INFO     | app.services.external_kb:_init_knowledge_base:41 | trace_id=system - 向量知识库已存在，共 100 条记录，跳过初始化。
2026-07-16 13:41:46 | INFO     | app.agents.builder_agent:extract_knowledge_nodes:48 | trace_id=N/A - BuilderAgent 开始请求大模型提取知识原子...
2026-07-16 14:04:12 | INFO     | app.agents.builder_agent:extract_knowledge_nodes:48 | trace_id=N/A - BuilderAgent 开始请求大模型提取知识原子...
2026-07-16 14:08:44 | INFO     | app.agents.doc_agent:answer_query_stream:39 | trace_id=N/A - DocAgent 收到查询 (Stream, mode=normal): 用户说，你们每天都打电话，我都说没空了还打，应该怎么半
2026-07-16 14:08:44 | INFO     | app.services.external_kb:search_knowledge:79 | trace_id=N/A - 正在执行向量检索: query='用户说，你们每天都打电话，我都说没空了还打，应该怎么半', top_k=3
2026-07-16 14:09:20 | INFO     | app.agents.doc_agent:answer_query_stream:39 | trace_id=N/A - DocAgent 收到查询 (Stream, mode=normal): 我取款密码忘了，应该怎么办
2026-07-16 14:09:20 | INFO     | app.services.external_kb:search_knowledge:79 | trace_id=N/A - 正在执行向量检索: query='我取款密码忘了，应该怎么办', top_k=3
2026-07-16 14:11:15 | INFO     | app.services.external_kb:_init_knowledge_base:41 | trace_id=system - 向量知识库已存在，共 100 条记录，跳过初始化。
2026-07-16 14:11:15 | INFO     | app.services.external_kb:search_knowledge:79 | trace_id=N/A - 正在执行向量检索: query='我取款密码忘了，应该怎么办', top_k=3
2026-07-16 14:11:39 | INFO     | app.services.external_kb:_init_knowledge_base:41 | trace_id=system - 向量知识库已存在，共 100 条记录，跳过初始化。
2026-07-16 14:11:39 | INFO     | app.services.external_kb:search_knowledge:79 | trace_id=N/A - 正在执行向量检索: query='忘记取款密码怎么办', top_k=5
2026-07-16 14:12:01 | INFO     | app.services.external_kb:_init_knowledge_base:41 | trace_id=system - 向量知识库已存在，共 100 条记录，跳过初始化。
2026-07-16 14:12:01 | INFO     | app.services.external_kb:search_knowledge:79 | trace_id=N/A - 正在执行向量检索: query='我取款密码忘了，应该怎么办', top_k=10
2026-07-16 14:12:35 | INFO     | app.services.external_kb:_init_knowledge_base:41 | trace_id=system - 向量知识库已存在，共 100 条记录，跳过初始化。
2026-07-16 14:12:53 | INFO     | app.services.external_kb:_init_knowledge_base:42 | trace_id=system - 向量知识库已存在，共 100 条记录，跳过初始化。
2026-07-16 14:13:12 | INFO     | app.services.external_kb:_init_knowledge_base:42 | trace_id=system - 向量知识库已存在，共 100 条记录，跳过初始化。
2026-07-16 14:13:32 | INFO     | app.services.external_kb:_init_knowledge_base:42 | trace_id=system - 向量知识库已存在，共 100 条记录，跳过初始化。
2026-07-16 14:13:51 | INFO     | app.services.external_kb:_init_knowledge_base:42 | trace_id=system - 向量知识库已存在，共 100 条记录，跳过初始化。
2026-07-16 14:14:13 | INFO     | app.agents.builder_agent:extract_knowledge_nodes:48 | trace_id=N/A - BuilderAgent 开始请求大模型提取知识原子...
2026-07-16 14:16:59 | INFO     | app.services.external_kb:add_knowledge:83 | trace_id=N/A - 开始向 ChromaDB 动态添加 5 条新知识...
2026-07-16 14:17:00 | INFO     | app.services.external_kb:add_knowledge:108 | trace_id=N/A - 成功向 ChromaDB 添加了 5 条新知识。
2026-07-16 14:20:44 | INFO     | app.services.external_kb:_init_knowledge_base:42 | trace_id=system - 向量知识库已存在，共 105 条记录，跳过初始化。
2026-07-16 14:22:59 | INFO     | app.services.external_kb:_init_knowledge_base:42 | trace_id=system - 向量知识库已存在，共 105 条记录，跳过初始化。
2026-07-16 14:23:15 | INFO     | app.services.external_kb:_init_knowledge_base:42 | trace_id=system - 向量知识库已存在，共 105 条记录，跳过初始化。
2026-07-16 14:23:31 | INFO     | app.services.external_kb:_init_knowledge_base:42 | trace_id=system - 向量知识库已存在，共 105 条记录，跳过初始化。
2026-07-16 14:26:48 | INFO     | app.agents.doc_agent:answer_query_stream:42 | trace_id=N/A - DocAgent 收到查询 (Stream, mode=normal): 我取款密码忘了，应该怎么办
2026-07-16 14:26:48 | INFO     | app.services.external_kb:search_knowledge:116 | trace_id=N/A - 正在执行向量检索: query='我取款密码忘了，应该怎么办', top_k=5
2026-07-16 14:29:09 | INFO     | app.services.external_kb:_init_knowledge_base:42 | trace_id=system - 向量知识库已存在，共 105 条记录，跳过初始化。
2026-07-16 14:29:24 | INFO     | app.services.external_kb:_init_knowledge_base:42 | trace_id=system - 向量知识库已存在，共 105 条记录，跳过初始化。
2026-07-16 14:29:39 | INFO     | app.services.external_kb:_init_knowledge_base:42 | trace_id=system - 向量知识库已存在，共 105 条记录，跳过初始化。
2026-07-16 14:33:13 | INFO     | app.agents.doc_agent:answer_query_stream:42 | trace_id=N/A - DocAgent 收到查询 (Stream, mode=normal): 我取款密码忘了，应该怎么办
2026-07-16 14:33:13 | INFO     | app.services.external_kb:search_knowledge:116 | trace_id=N/A - 正在执行向量检索: query='我取款密码忘了，应该怎么办', top_k=5
2026-07-16 14:34:01 | INFO     | app.services.external_kb:_init_knowledge_base:42 | trace_id=system - 向量知识库已存在，共 105 条记录，跳过初始化。
2026-07-16 14:36:12 | INFO     | app.agents.doc_agent:answer_query_stream:42 | trace_id=N/A - DocAgent 收到查询 (Stream, mode=normal): 我取款密码忘了，应该怎么办
2026-07-16 14:36:12 | INFO     | app.services.external_kb:search_knowledge:116 | trace_id=N/A - 正在执行向量检索: query='我取款密码忘了，应该怎么办', top_k=5
2026-07-16 14:44:18 | INFO     | app.agents.persona_agent:generate_reply_stream:34 | trace_id=N/A - PersonaAgent 正在流式生成客户回复
2026-07-16 14:59:29 | INFO     | app.services.external_kb:_init_knowledge_base:42 | trace_id=system - 向量知识库已存在，共 105 条记录，跳过初始化。
2026-07-16 14:59:44 | INFO     | app.services.external_kb:_init_knowledge_base:42 | trace_id=system - 向量知识库已存在，共 105 条记录，跳过初始化。
2026-07-16 16:36:50 | INFO     | app.services.external_kb:_init_knowledge_base:42 | trace_id=system - 向量知识库已存在，共 105 条记录，跳过初始化。
2026-07-16 16:40:53 | INFO     | app.agents.quiz_agent:generate_reverse_training:71 | trace_id=N/A - QuizAgent 正在为弱点 ['审批透明化', '客户建议'] 生成反向训练题
2026-07-16 16:46:15 | INFO     | app.services.external_kb:_init_knowledge_base:42 | trace_id=system - 向量知识库已存在，共 105 条记录，跳过初始化。
2026-07-16 16:47:25 | INFO     | app.agents.quiz_agent:generate_reverse_training:71 | trace_id=N/A - QuizAgent 正在为弱点 ['审批透明化', '客户建议'] 生成反向训练题
2026-07-16 16:56:29 | INFO     | app.agents.quiz_agent:generate_reverse_training:71 | trace_id=N/A - QuizAgent 正在为弱点 ['审批透明化', '客户建议'] 生成反向训练题
2026-07-16 17:03:12 | INFO     | app.services.external_kb:_init_knowledge_base:42 | trace_id=system - 向量知识库已存在，共 105 条记录，跳过初始化。
2026-07-16 17:03:43 | INFO     | app.services.external_kb:_init_knowledge_base:42 | trace_id=system - 向量知识库已存在，共 105 条记录，跳过初始化。
2026-07-16 17:04:05 | INFO     | app.services.external_kb:_init_knowledge_base:42 | trace_id=system - 向量知识库已存在，共 105 条记录，跳过初始化。
2026-07-16 17:04:16 | INFO     | app.services.external_kb:_init_knowledge_base:42 | trace_id=system - 向量知识库已存在，共 105 条记录，跳过初始化。
2026-07-16 17:05:28 | INFO     | app.services.external_kb:_init_knowledge_base:42 | trace_id=system - 向量知识库已存在，共 105 条记录，跳过初始化。
2026-07-16 17:16:37 | INFO     | app.agents.quiz_agent:generate_teaching_question:107 | trace_id=N/A - QuizAgent 正在为分类 申请流程 生成教学题型
2026-07-16 17:17:04 | INFO     | app.agents.scorer_agent:generate_capability_portrait:62 | trace_id=N/A - ScorerAgent 正在生成能力画像
2026-07-16 17:17:57 | INFO     | app.agents.scorer_agent:generate_capability_portrait:62 | trace_id=N/A - ScorerAgent 正在生成能力画像
2026-07-16 17:36:11 | INFO     | app.services.external_kb:_init_knowledge_base:42 | trace_id=system - 向量知识库已存在，共 105 条记录，跳过初始化。
2026-07-16 18:14:39 | INFO     | app.services.external_kb:_init_knowledge_base:42 | trace_id=system - 向量知识库已存在，共 105 条记录，跳过初始化。
2026-07-16 18:22:05 | INFO     | app.services.external_kb:_init_knowledge_base:42 | trace_id=system - 向量知识库已存在，共 105 条记录，跳过初始化。
2026-07-16 18:25:00 | INFO     | app.agents.persona_agent:generate_reply_stream:34 | trace_id=N/A - PersonaAgent 正在流式生成客户回复
2026-07-16 18:27:48 | INFO     | app.services.external_kb:_init_knowledge_base:42 | trace_id=system - 向量知识库已存在，共 105 条记录，跳过初始化。
2026-07-17 10:33:49 | INFO     | app.services.external_kb:_init_knowledge_base:42 | trace_id=system - 向量知识库已存在，共 105 条记录，跳过初始化。
2026-07-17 10:33:49 | INFO     | app.services.retrieval_pipeline:_ensure_index:87 | trace_id=system - Whoosh 索引已创建
2026-07-17 10:33:49 | WARNING  | app.services.retrieval_pipeline:_load_reranker:143 | trace_id=system - BGE Reranker 模型加载失败（将使用降级评分）: No module named 'FlagEmbedding'
2026-07-17 10:34:56 | INFO     | app.services.exam_engine:initialize_exam:227 | trace_id=1d4e4bb6-8b35-46c6-8049-f72ab32f678d - 初始化动态考试
2026-07-17 10:35:25 | INFO     | app.services.exam_engine:initialize_exam:284 | trace_id=1d4e4bb6-8b35-46c6-8049-f72ab32f678d - 考试初始化完成: 人格=普通型, 业务线=司法查询, 初始烦躁值=20, 目标数=3
2026-07-17 10:35:25 | INFO     | app.services.retrieval_pipeline:search:259 | trace_id=1d4e4bb6-8b35-46c6-8049-f72ab32f678d - 高级检索管线启动: query='司法查询'
2026-07-17 10:35:25 | INFO     | app.services.retrieval_pipeline:rewrite:41 | trace_id=1d4e4bb6-8b35-46c6-8049-f72ab32f678d - 查询改写开始: 司法查询
2026-07-17 10:35:38 | INFO     | app.services.retrieval_pipeline:rewrite:53 | trace_id=1d4e4bb6-8b35-46c6-8049-f72ab32f678d - 查询改写结果: {'main_query': '司法查询', 'sub_queries': ['司法查询流程', '司法冻结规定', '协助司法机关权限', '中国人民银行协助司法工作规范'], 'intent_tags': ['业务流程', '风控规则', '法律合规'], 'expected_content_type': 'sop|rule|case'}
2026-07-17 10:35:38 | INFO     | app.services.external_kb:search_knowledge:116 | trace_id=1d4e4bb6-8b35-46c6-8049-f72ab32f678d - 正在执行向量检索: query='司法查询', top_k=10
2026-07-17 10:35:38 | INFO     | app.services.external_kb:search_knowledge:116 | trace_id=1d4e4bb6-8b35-46c6-8049-f72ab32f678d - 正在执行向量检索: query='司法查询流程', top_k=10
2026-07-17 10:35:38 | INFO     | app.services.retrieval_pipeline:search:107 | trace_id=1d4e4bb6-8b35-46c6-8049-f72ab32f678d - BM25 检索: query='司法查询', top_k=10
2026-07-17 10:35:38 | INFO     | app.services.retrieval_pipeline:search:107 | trace_id=1d4e4bb6-8b35-46c6-8049-f72ab32f678d - BM25 检索: query='司法查询流程', top_k=10
2026-07-17 10:35:38 | INFO     | app.services.retrieval_pipeline:rerank:170 | trace_id=1d4e4bb6-8b35-46c6-8049-f72ab32f678d - 重排序开始，候选数: 12
2026-07-17 10:35:38 | INFO     | app.services.retrieval_pipeline:rerank:198 | trace_id=1d4e4bb6-8b35-46c6-8049-f72ab32f678d - 重排序完成，返回 Top-10
2026-07-17 10:35:38 | INFO     | app.services.retrieval_pipeline:search:306 | trace_id=1d4e4bb6-8b35-46c6-8049-f72ab32f678d - 检索管线完成: 向量20 + BM250 → 去重12 → 重排10 → 最终5
2026-07-17 10:35:38 | INFO     | app.agents.persona_agent:generate_reply:18 | trace_id=1d4e4bb6-8b35-46c6-8049-f72ab32f678d - PersonaAgent 正在生成客户回复
2026-07-17 10:36:28 | INFO     | app.services.exam_engine:initialize_exam:227 | trace_id=23f53aca-d94f-4901-94e6-b75a3d13af52 - 初始化动态考试
2026-07-17 10:36:48 | INFO     | app.services.exam_engine:initialize_exam:284 | trace_id=23f53aca-d94f-4901-94e6-b75a3d13af52 - 考试初始化完成: 人格=疑虑型, 业务线=司法查询, 初始烦躁值=40, 目标数=3
2026-07-17 10:36:48 | INFO     | app.services.retrieval_pipeline:search:259 | trace_id=23f53aca-d94f-4901-94e6-b75a3d13af52 - 高级检索管线启动: query='司法查询'
2026-07-17 10:36:48 | INFO     | app.services.retrieval_pipeline:rewrite:41 | trace_id=23f53aca-d94f-4901-94e6-b75a3d13af52 - 查询改写开始: 司法查询
2026-07-17 10:37:05 | INFO     | app.services.retrieval_pipeline:rewrite:53 | trace_id=23f53aca-d94f-4901-94e6-b75a3d13af52 - 查询改写结果: {'main_query': '司法协助查询', 'sub_queries': ['司法协助查询流程', '司法查询账户范围', '办理手续'], 'intent_tags': ['业务流程', '风控规则'], 'expected_content_type': ['sop', 'rule']}
2026-07-17 10:37:05 | INFO     | app.services.external_kb:search_knowledge:116 | trace_id=23f53aca-d94f-4901-94e6-b75a3d13af52 - 正在执行向量检索: query='司法协助查询', top_k=10
2026-07-17 10:37:06 | INFO     | app.services.external_kb:search_knowledge:116 | trace_id=23f53aca-d94f-4901-94e6-b75a3d13af52 - 正在执行向量检索: query='司法协助查询流程', top_k=10
2026-07-17 10:37:06 | INFO     | app.services.retrieval_pipeline:search:107 | trace_id=23f53aca-d94f-4901-94e6-b75a3d13af52 - BM25 检索: query='司法协助查询', top_k=10
2026-07-17 10:37:06 | INFO     | app.services.retrieval_pipeline:search:107 | trace_id=23f53aca-d94f-4901-94e6-b75a3d13af52 - BM25 检索: query='司法协助查询流程', top_k=10
2026-07-17 10:37:06 | INFO     | app.services.retrieval_pipeline:rerank:170 | trace_id=23f53aca-d94f-4901-94e6-b75a3d13af52 - 重排序开始，候选数: 12
2026-07-17 10:37:06 | INFO     | app.services.retrieval_pipeline:rerank:198 | trace_id=23f53aca-d94f-4901-94e6-b75a3d13af52 - 重排序完成，返回 Top-10
2026-07-17 10:37:06 | INFO     | app.services.retrieval_pipeline:search:306 | trace_id=23f53aca-d94f-4901-94e6-b75a3d13af52 - 检索管线完成: 向量20 + BM250 → 去重12 → 重排10 → 最终5
2026-07-17 10:37:06 | INFO     | app.agents.persona_agent:generate_reply:18 | trace_id=23f53aca-d94f-4901-94e6-b75a3d13af52 - PersonaAgent 正在生成客户回复
2026-07-17 10:37:54 | INFO     | app.services.retrieval_pipeline:search:259 | trace_id=a56e2809-6b1b-4db6-9c4f-5cdb6f7c085b - 高级检索管线启动: query='司法查询'
2026-07-17 10:37:54 | INFO     | app.services.retrieval_pipeline:rewrite:41 | trace_id=a56e2809-6b1b-4db6-9c4f-5cdb6f7c085b - 查询改写开始: 司法查询
2026-07-17 10:38:15 | INFO     | app.services.retrieval_pipeline:rewrite:53 | trace_id=a56e2809-6b1b-4db6-9c4f-5cdb6f7c085b - 查询改写结果: {'main_query': '司法查询', 'sub_queries': ['司法冻结', '司法扣划', '有权机关查询'], 'intent_tags': ['业务流程', '风控规则'], 'expected_content_type': 'sop|rule|case|faq'}
2026-07-17 10:38:15 | INFO     | app.services.external_kb:search_knowledge:116 | trace_id=a56e2809-6b1b-4db6-9c4f-5cdb6f7c085b - 正在执行向量检索: query='司法查询', top_k=10
2026-07-17 10:38:15 | INFO     | app.services.external_kb:search_knowledge:116 | trace_id=a56e2809-6b1b-4db6-9c4f-5cdb6f7c085b - 正在执行向量检索: query='司法冻结', top_k=10
2026-07-17 10:38:15 | INFO     | app.services.retrieval_pipeline:search:107 | trace_id=a56e2809-6b1b-4db6-9c4f-5cdb6f7c085b - BM25 检索: query='司法查询', top_k=10
2026-07-17 10:38:15 | INFO     | app.services.retrieval_pipeline:search:107 | trace_id=a56e2809-6b1b-4db6-9c4f-5cdb6f7c085b - BM25 检索: query='司法冻结', top_k=10
2026-07-17 10:38:15 | INFO     | app.services.retrieval_pipeline:rerank:170 | trace_id=a56e2809-6b1b-4db6-9c4f-5cdb6f7c085b - 重排序开始，候选数: 17
2026-07-17 10:38:15 | INFO     | app.services.retrieval_pipeline:rerank:198 | trace_id=a56e2809-6b1b-4db6-9c4f-5cdb6f7c085b - 重排序完成，返回 Top-10
2026-07-17 10:38:15 | INFO     | app.services.retrieval_pipeline:search:306 | trace_id=a56e2809-6b1b-4db6-9c4f-5cdb6f7c085b - 检索管线完成: 向量20 + BM250 → 去重17 → 重排10 → 最终5
2026-07-17 10:38:15 | INFO     | app.agents.persona_agent:generate_reply:18 | trace_id=a56e2809-6b1b-4db6-9c4f-5cdb6f7c085b - PersonaAgent 正在生成客户回复
2026-07-17 10:39:03 | INFO     | app.services.retrieval_pipeline:search:259 | trace_id=bef31fdb-14b9-46e6-9233-016daf1aa7c6 - 高级检索管线启动: query='司法查询'
2026-07-17 10:39:03 | INFO     | app.services.retrieval_pipeline:rewrite:41 | trace_id=bef31fdb-14b9-46e6-9233-016daf1aa7c6 - 查询改写开始: 司法查询
2026-07-17 10:39:18 | INFO     | app.services.retrieval_pipeline:rewrite:53 | trace_id=bef31fdb-14b9-46e6-9233-016daf1aa7c6 - 查询改写结果: {'main_query': '司法查询', 'sub_queries': ['司法查询业务流程', '司法冻结解冻操作', '司法机关公函处理'], 'intent_tags': ['业务流程', '风控规则'], 'expected_content_type': 'sop'}
2026-07-17 10:39:18 | INFO     | app.services.external_kb:search_knowledge:116 | trace_id=bef31fdb-14b9-46e6-9233-016daf1aa7c6 - 正在执行向量检索: query='司法查询', top_k=10
2026-07-17 10:39:18 | INFO     | app.services.external_kb:search_knowledge:116 | trace_id=bef31fdb-14b9-46e6-9233-016daf1aa7c6 - 正在执行向量检索: query='司法查询业务流程', top_k=10
2026-07-17 10:39:18 | INFO     | app.services.retrieval_pipeline:search:107 | trace_id=bef31fdb-14b9-46e6-9233-016daf1aa7c6 - BM25 检索: query='司法查询', top_k=10
2026-07-17 10:39:18 | INFO     | app.services.retrieval_pipeline:search:107 | trace_id=bef31fdb-14b9-46e6-9233-016daf1aa7c6 - BM25 检索: query='司法查询业务流程', top_k=10
2026-07-17 10:39:18 | INFO     | app.services.retrieval_pipeline:rerank:170 | trace_id=bef31fdb-14b9-46e6-9233-016daf1aa7c6 - 重排序开始，候选数: 13
2026-07-17 10:39:18 | INFO     | app.services.retrieval_pipeline:rerank:198 | trace_id=bef31fdb-14b9-46e6-9233-016daf1aa7c6 - 重排序完成，返回 Top-10
2026-07-17 10:39:18 | INFO     | app.services.retrieval_pipeline:search:306 | trace_id=bef31fdb-14b9-46e6-9233-016daf1aa7c6 - 检索管线完成: 向量20 + BM250 → 去重13 → 重排10 → 最终5
2026-07-17 10:39:18 | INFO     | app.agents.persona_agent:generate_reply:18 | trace_id=bef31fdb-14b9-46e6-9233-016daf1aa7c6 - PersonaAgent 正在生成客户回复
2026-07-17 10:40:11 | INFO     | app.services.retrieval_pipeline:search:259 | trace_id=5900fa8d-ffdd-4441-a97f-5d76076bd629 - 高级检索管线启动: query='司法查询'
2026-07-17 10:40:11 | INFO     | app.services.retrieval_pipeline:rewrite:41 | trace_id=5900fa8d-ffdd-4441-a97f-5d76076bd629 - 查询改写开始: 司法查询
2026-07-17 10:40:26 | INFO     | app.services.retrieval_pipeline:rewrite:53 | trace_id=5900fa8d-ffdd-4441-a97f-5d76076bd629 - 查询改写结果: {'main_query': '司法查询', 'sub_queries': ['公安机关司法查询', '法院司法查询材料要求', '司法协助手续', '账户信息司法调取', '存款冻结司法程序'], 'intent_tags': ['业务流程', '风控规则'], 'expected_content_type': 'sop|faq'}
2026-07-17 10:40:26 | INFO     | app.services.external_kb:search_knowledge:116 | trace_id=5900fa8d-ffdd-4441-a97f-5d76076bd629 - 正在执行向量检索: query='司法查询', top_k=10
2026-07-17 10:40:26 | INFO     | app.services.external_kb:search_knowledge:116 | trace_id=5900fa8d-ffdd-4441-a97f-5d76076bd629 - 正在执行向量检索: query='公安机关司法查询', top_k=10
2026-07-17 10:40:26 | INFO     | app.services.retrieval_pipeline:search:107 | trace_id=5900fa8d-ffdd-4441-a97f-5d76076bd629 - BM25 检索: query='司法查询', top_k=10
2026-07-17 10:40:26 | INFO     | app.services.retrieval_pipeline:search:107 | trace_id=5900fa8d-ffdd-4441-a97f-5d76076bd629 - BM25 检索: query='公安机关司法查询', top_k=10
2026-07-17 10:40:26 | INFO     | app.services.retrieval_pipeline:rerank:170 | trace_id=5900fa8d-ffdd-4441-a97f-5d76076bd629 - 重排序开始，候选数: 14
2026-07-17 10:40:26 | INFO     | app.services.retrieval_pipeline:rerank:198 | trace_id=5900fa8d-ffdd-4441-a97f-5d76076bd629 - 重排序完成，返回 Top-10
2026-07-17 10:40:26 | INFO     | app.services.retrieval_pipeline:search:306 | trace_id=5900fa8d-ffdd-4441-a97f-5d76076bd629 - 检索管线完成: 向量20 + BM250 → 去重14 → 重排10 → 最终5
2026-07-17 10:40:26 | INFO     | app.agents.persona_agent:generate_reply:18 | trace_id=5900fa8d-ffdd-4441-a97f-5d76076bd629 - PersonaAgent 正在生成客户回复
2026-07-17 10:40:49 | INFO     | app.services.retrieval_pipeline:search:259 | trace_id=f1372dff-85fb-44c5-a111-64b1a124cbb4 - 高级检索管线启动: query='司法查询'
2026-07-17 10:40:49 | INFO     | app.services.retrieval_pipeline:rewrite:41 | trace_id=f1372dff-85fb-44c5-a111-64b1a124cbb4 - 查询改写开始: 司法查询
2026-07-17 10:41:03 | INFO     | app.services.retrieval_pipeline:rewrite:53 | trace_id=f1372dff-85fb-44c5-a111-64b1a124cbb4 - 查询改写结果: {'main_query': '司法查询', 'sub_queries': ['司法冻结', '司法扣划', '账户司法控制'], 'intent_tags': ['业务流程', '风控规则'], 'expected_content_type': 'sop|rule|case|faq'}
2026-07-17 10:41:03 | INFO     | app.services.external_kb:search_knowledge:116 | trace_id=f1372dff-85fb-44c5-a111-64b1a124cbb4 - 正在执行向量检索: query='司法查询', top_k=10
2026-07-17 10:41:03 | INFO     | app.services.external_kb:search_knowledge:116 | trace_id=f1372dff-85fb-44c5-a111-64b1a124cbb4 - 正在执行向量检索: query='司法冻结', top_k=10
2026-07-17 10:41:03 | INFO     | app.services.retrieval_pipeline:search:107 | trace_id=f1372dff-85fb-44c5-a111-64b1a124cbb4 - BM25 检索: query='司法查询', top_k=10
2026-07-17 10:41:03 | INFO     | app.services.retrieval_pipeline:search:107 | trace_id=f1372dff-85fb-44c5-a111-64b1a124cbb4 - BM25 检索: query='司法冻结', top_k=10
2026-07-17 10:41:03 | INFO     | app.services.retrieval_pipeline:rerank:170 | trace_id=f1372dff-85fb-44c5-a111-64b1a124cbb4 - 重排序开始，候选数: 17
2026-07-17 10:41:03 | INFO     | app.services.retrieval_pipeline:rerank:198 | trace_id=f1372dff-85fb-44c5-a111-64b1a124cbb4 - 重排序完成，返回 Top-10
2026-07-17 10:41:03 | INFO     | app.services.retrieval_pipeline:search:306 | trace_id=f1372dff-85fb-44c5-a111-64b1a124cbb4 - 检索管线完成: 向量20 + BM250 → 去重17 → 重排10 → 最终5
2026-07-17 10:41:03 | INFO     | app.agents.persona_agent:generate_reply:18 | trace_id=f1372dff-85fb-44c5-a111-64b1a124cbb4 - PersonaAgent 正在生成客户回复
2026-07-17 10:46:04 | INFO     | app.services.external_kb:_init_knowledge_base:42 | trace_id=system - 向量知识库已存在，共 105 条记录，跳过初始化。
2026-07-17 10:46:04 | WARNING  | app.services.retrieval_pipeline:_load_reranker:143 | trace_id=system - BGE Reranker 模型加载失败（将使用降级评分）: No module named 'FlagEmbedding'
2026-07-17 10:46:18 | INFO     | app.services.external_kb:_init_knowledge_base:42 | trace_id=system - 向量知识库已存在，共 105 条记录，跳过初始化。
2026-07-17 10:46:18 | WARNING  | app.services.retrieval_pipeline:_load_reranker:143 | trace_id=system - BGE Reranker 模型加载失败（将使用降级评分）: No module named 'FlagEmbedding'
2026-07-17 10:46:44 | INFO     | app.services.external_kb:_init_knowledge_base:42 | trace_id=system - 向量知识库已存在，共 105 条记录，跳过初始化。
2026-07-17 10:46:44 | WARNING  | app.services.retrieval_pipeline:_load_reranker:143 | trace_id=system - BGE Reranker 模型加载失败（将使用降级评分）: No module named 'FlagEmbedding'
2026-07-17 10:46:58 | INFO     | app.services.external_kb:_init_knowledge_base:42 | trace_id=system - 向量知识库已存在，共 105 条记录，跳过初始化。
2026-07-17 10:46:58 | WARNING  | app.services.retrieval_pipeline:_load_reranker:143 | trace_id=system - BGE Reranker 模型加载失败（将使用降级评分）: No module named 'FlagEmbedding'
2026-07-17 10:47:36 | INFO     | app.services.exam_engine:initialize_exam:227 | trace_id=2153254b-cf8c-4bf2-9ac4-b02c009722a9 - 初始化动态考试
2026-07-17 10:48:00 | INFO     | app.services.exam_engine:initialize_exam:284 | trace_id=2153254b-cf8c-4bf2-9ac4-b02c009722a9 - 考试初始化完成: 人格=急躁型, 业务线=账户冻结, 初始烦躁值=60, 目标数=3
2026-07-17 10:48:00 | INFO     | app.services.retrieval_pipeline:search:259 | trace_id=2153254b-cf8c-4bf2-9ac4-b02c009722a9 - 高级检索管线启动: query='账户冻结'
2026-07-17 10:48:00 | INFO     | app.services.retrieval_pipeline:rewrite:41 | trace_id=2153254b-cf8c-4bf2-9ac4-b02c009722a9 - 查询改写开始: 账户冻结
2026-07-17 10:48:27 | INFO     | app.services.retrieval_pipeline:rewrite:53 | trace_id=2153254b-cf8c-4bf2-9ac4-b02c009722a9 - 查询改写结果: {'main_query': '账户冻结', 'sub_queries': ['冻结原因', '解冻流程', '冻结政策'], 'intent_tags': ['业务流程', '风控规则'], 'expected_content_type': 'faq'}
2026-07-17 10:48:27 | INFO     | app.services.external_kb:search_knowledge:116 | trace_id=2153254b-cf8c-4bf2-9ac4-b02c009722a9 - 正在执行向量检索: query='账户冻结', top_k=10
2026-07-17 10:48:27 | INFO     | app.services.external_kb:search_knowledge:116 | trace_id=2153254b-cf8c-4bf2-9ac4-b02c009722a9 - 正在执行向量检索: query='冻结原因', top_k=10
2026-07-17 10:48:27 | INFO     | app.services.retrieval_pipeline:search:107 | trace_id=2153254b-cf8c-4bf2-9ac4-b02c009722a9 - BM25 检索: query='账户冻结', top_k=10
2026-07-17 10:48:27 | INFO     | app.services.retrieval_pipeline:search:107 | trace_id=2153254b-cf8c-4bf2-9ac4-b02c009722a9 - BM25 检索: query='冻结原因', top_k=10
2026-07-17 10:48:27 | INFO     | app.services.retrieval_pipeline:rerank:170 | trace_id=2153254b-cf8c-4bf2-9ac4-b02c009722a9 - 重排序开始，候选数: 15
2026-07-17 10:48:27 | INFO     | app.services.retrieval_pipeline:rerank:198 | trace_id=2153254b-cf8c-4bf2-9ac4-b02c009722a9 - 重排序完成，返回 Top-10
2026-07-17 10:48:27 | INFO     | app.services.retrieval_pipeline:search:306 | trace_id=2153254b-cf8c-4bf2-9ac4-b02c009722a9 - 检索管线完成: 向量20 + BM250 → 去重15 → 重排10 → 最终5
2026-07-17 10:48:27 | INFO     | app.agents.persona_agent:generate_reply:18 | trace_id=2153254b-cf8c-4bf2-9ac4-b02c009722a9 - PersonaAgent 正在生成客户回复
2026-07-17 10:49:00 | INFO     | app.services.retrieval_pipeline:search:259 | trace_id=542b1186-49ce-4510-9249-5d31ad1cce0f - 高级检索管线启动: query='账户冻结'
2026-07-17 10:49:00 | INFO     | app.services.retrieval_pipeline:rewrite:41 | trace_id=542b1186-49ce-4510-9249-5d31ad1cce0f - 查询改写开始: 账户冻结
2026-07-17 10:49:12 | INFO     | app.services.retrieval_pipeline:rewrite:53 | trace_id=542b1186-49ce-4510-9249-5d31ad1cce0f - 查询改写结果: {'main_query': '账户冻结', 'sub_queries': ['冻结原因', '解冻流程', '异常交易冻结', '司法冻结处理', '反洗钱冻结', '解冻申请材料', '冻结常见问题'], 'intent_tags': ['业务流程', '风控规则'], 'expected_content_type': 'sop|rule|case|faq'}
2026-07-17 10:49:12 | INFO     | app.services.external_kb:search_knowledge:116 | trace_id=542b1186-49ce-4510-9249-5d31ad1cce0f - 正在执行向量检索: query='账户冻结', top_k=10
2026-07-17 10:49:12 | INFO     | app.services.external_kb:search_knowledge:116 | trace_id=542b1186-49ce-4510-9249-5d31ad1cce0f - 正在执行向量检索: query='冻结原因', top_k=10
2026-07-17 10:49:12 | INFO     | app.services.retrieval_pipeline:search:107 | trace_id=542b1186-49ce-4510-9249-5d31ad1cce0f - BM25 检索: query='账户冻结', top_k=10
2026-07-17 10:49:12 | INFO     | app.services.retrieval_pipeline:search:107 | trace_id=542b1186-49ce-4510-9249-5d31ad1cce0f - BM25 检索: query='冻结原因', top_k=10
2026-07-17 10:49:12 | INFO     | app.services.retrieval_pipeline:rerank:170 | trace_id=542b1186-49ce-4510-9249-5d31ad1cce0f - 重排序开始，候选数: 15
2026-07-17 10:49:12 | INFO     | app.services.retrieval_pipeline:rerank:198 | trace_id=542b1186-49ce-4510-9249-5d31ad1cce0f - 重排序完成，返回 Top-10
2026-07-17 10:49:12 | INFO     | app.services.retrieval_pipeline:search:306 | trace_id=542b1186-49ce-4510-9249-5d31ad1cce0f - 检索管线完成: 向量20 + BM250 → 去重15 → 重排10 → 最终5
2026-07-17 10:49:12 | INFO     | app.agents.persona_agent:generate_reply:18 | trace_id=542b1186-49ce-4510-9249-5d31ad1cce0f - PersonaAgent 正在生成客户回复
2026-07-17 10:50:33 | INFO     | app.services.exam_engine:initialize_exam:227 | trace_id=1df4353b-ddf6-477a-9ff2-95704cb01611 - 初始化动态考试
2026-07-17 10:51:18 | INFO     | app.services.exam_engine:initialize_exam:284 | trace_id=1df4353b-ddf6-477a-9ff2-95704cb01611 - 考试初始化完成: 人格=普通型, 业务线=转账业务, 初始烦躁值=20, 目标数=3
2026-07-17 10:51:18 | INFO     | app.services.retrieval_pipeline:search:259 | trace_id=1df4353b-ddf6-477a-9ff2-95704cb01611 - 高级检索管线启动: query='转账业务'
2026-07-17 10:51:18 | INFO     | app.services.retrieval_pipeline:rewrite:41 | trace_id=1df4353b-ddf6-477a-9ff2-95704cb01611 - 查询改写开始: 转账业务
2026-07-17 10:51:32 | INFO     | app.services.retrieval_pipeline:rewrite:53 | trace_id=1df4353b-ddf6-477a-9ff2-95704cb01611 - 查询改写结果: {'main_query': '转账', 'sub_queries': ['转账流程', '转账限额', '转账手续费'], 'intent_tags': ['业务流程', '风控规则'], 'expected_content_type': 'sop|rule'}
2026-07-17 10:51:32 | INFO     | app.services.external_kb:search_knowledge:116 | trace_id=1df4353b-ddf6-477a-9ff2-95704cb01611 - 正在执行向量检索: query='转账', top_k=10
2026-07-17 10:51:32 | INFO     | app.services.external_kb:search_knowledge:116 | trace_id=1df4353b-ddf6-477a-9ff2-95704cb01611 - 正在执行向量检索: query='转账流程', top_k=10
2026-07-17 10:51:32 | INFO     | app.services.retrieval_pipeline:search:107 | trace_id=1df4353b-ddf6-477a-9ff2-95704cb01611 - BM25 检索: query='转账', top_k=10
2026-07-17 10:51:32 | INFO     | app.services.retrieval_pipeline:search:107 | trace_id=1df4353b-ddf6-477a-9ff2-95704cb01611 - BM25 检索: query='转账流程', top_k=10
2026-07-17 10:51:32 | INFO     | app.services.retrieval_pipeline:rerank:170 | trace_id=1df4353b-ddf6-477a-9ff2-95704cb01611 - 重排序开始，候选数: 14
2026-07-17 10:51:32 | INFO     | app.services.retrieval_pipeline:rerank:198 | trace_id=1df4353b-ddf6-477a-9ff2-95704cb01611 - 重排序完成，返回 Top-10
2026-07-17 10:51:32 | INFO     | app.services.retrieval_pipeline:search:306 | trace_id=1df4353b-ddf6-477a-9ff2-95704cb01611 - 检索管线完成: 向量20 + BM250 → 去重14 → 重排10 → 最终5
2026-07-17 10:51:32 | INFO     | app.agents.persona_agent:generate_reply:18 | trace_id=1df4353b-ddf6-477a-9ff2-95704cb01611 - PersonaAgent 正在生成客户回复
2026-07-17 10:53:10 | INFO     | app.services.retrieval_pipeline:search:259 | trace_id=f959de38-c8bb-4d2b-9878-1bca6e3b72b1 - 高级检索管线启动: query='司法查询'
2026-07-17 10:53:10 | INFO     | app.services.retrieval_pipeline:rewrite:41 | trace_id=f959de38-c8bb-4d2b-9878-1bca6e3b72b1 - 查询改写开始: 司法查询
2026-07-17 10:53:31 | INFO     | app.services.retrieval_pipeline:rewrite:53 | trace_id=f959de38-c8bb-4d2b-9878-1bca6e3b72b1 - 查询改写结果: {'main_query': '司法查询', 'sub_queries': ['司法查冻扣', '司法协助', '有权机关查询'], 'intent_tags': ['业务流程', '风控规则'], 'expected_content_type': 'sop'}
2026-07-17 10:53:31 | INFO     | app.services.external_kb:search_knowledge:116 | trace_id=f959de38-c8bb-4d2b-9878-1bca6e3b72b1 - 正在执行向量检索: query='司法查询', top_k=10
2026-07-17 10:53:31 | INFO     | app.services.external_kb:search_knowledge:116 | trace_id=f959de38-c8bb-4d2b-9878-1bca6e3b72b1 - 正在执行向量检索: query='司法查冻扣', top_k=10
2026-07-17 10:53:31 | INFO     | app.services.retrieval_pipeline:search:107 | trace_id=f959de38-c8bb-4d2b-9878-1bca6e3b72b1 - BM25 检索: query='司法查询', top_k=10
2026-07-17 10:53:31 | INFO     | app.services.retrieval_pipeline:search:107 | trace_id=f959de38-c8bb-4d2b-9878-1bca6e3b72b1 - BM25 检索: query='司法查冻扣', top_k=10
2026-07-17 10:53:31 | INFO     | app.services.retrieval_pipeline:rerank:170 | trace_id=f959de38-c8bb-4d2b-9878-1bca6e3b72b1 - 重排序开始，候选数: 16
2026-07-17 10:53:31 | INFO     | app.services.retrieval_pipeline:rerank:198 | trace_id=f959de38-c8bb-4d2b-9878-1bca6e3b72b1 - 重排序完成，返回 Top-10
2026-07-17 10:53:31 | INFO     | app.services.retrieval_pipeline:search:306 | trace_id=f959de38-c8bb-4d2b-9878-1bca6e3b72b1 - 检索管线完成: 向量20 + BM250 → 去重16 → 重排10 → 最终5
2026-07-17 10:53:31 | INFO     | app.agents.persona_agent:generate_reply:18 | trace_id=f959de38-c8bb-4d2b-9878-1bca6e3b72b1 - PersonaAgent 正在生成客户回复
2026-07-17 10:55:26 | INFO     | app.services.external_kb:_init_knowledge_base:42 | trace_id=system - 向量知识库已存在，共 105 条记录，跳过初始化。
2026-07-17 10:55:26 | WARNING  | app.services.retrieval_pipeline:_load_reranker:143 | trace_id=system - BGE Reranker 模型加载失败（将使用降级评分）: No module named 'FlagEmbedding'
2026-07-17 10:55:59 | INFO     | app.services.external_kb:_init_knowledge_base:42 | trace_id=system - 向量知识库已存在，共 105 条记录，跳过初始化。
2026-07-17 10:55:59 | WARNING  | app.services.retrieval_pipeline:_load_reranker:143 | trace_id=system - BGE Reranker 模型加载失败（将使用降级评分）: No module named 'FlagEmbedding'
2026-07-17 10:56:57 | INFO     | app.services.external_kb:_init_knowledge_base:42 | trace_id=system - 向量知识库已存在，共 105 条记录，跳过初始化。
2026-07-17 10:56:57 | WARNING  | app.services.retrieval_pipeline:_load_reranker:143 | trace_id=system - BGE Reranker 模型加载失败（将使用降级评分）: No module named 'FlagEmbedding'
2026-07-17 10:57:12 | INFO     | app.services.external_kb:_init_knowledge_base:42 | trace_id=system - 向量知识库已存在，共 105 条记录，跳过初始化。
2026-07-17 10:57:12 | WARNING  | app.services.retrieval_pipeline:_load_reranker:143 | trace_id=system - BGE Reranker 模型加载失败（将使用降级评分）: No module named 'FlagEmbedding'
2026-07-17 10:57:25 | INFO     | app.services.external_kb:_init_knowledge_base:42 | trace_id=system - 向量知识库已存在，共 105 条记录，跳过初始化。
2026-07-17 10:57:25 | WARNING  | app.services.retrieval_pipeline:_load_reranker:143 | trace_id=system - BGE Reranker 模型加载失败（将使用降级评分）: No module named 'FlagEmbedding'
2026-07-17 10:57:39 | INFO     | app.services.external_kb:_init_knowledge_base:42 | trace_id=system - 向量知识库已存在，共 105 条记录，跳过初始化。
2026-07-17 10:57:39 | WARNING  | app.services.retrieval_pipeline:_load_reranker:143 | trace_id=system - BGE Reranker 模型加载失败（将使用降级评分）: No module named 'FlagEmbedding'
2026-07-17 10:57:54 | INFO     | app.services.external_kb:_init_knowledge_base:42 | trace_id=system - 向量知识库已存在，共 105 条记录，跳过初始化。
2026-07-17 10:57:54 | WARNING  | app.services.retrieval_pipeline:_load_reranker:143 | trace_id=system - BGE Reranker 模型加载失败（将使用降级评分）: No module named 'FlagEmbedding'
2026-07-17 10:58:08 | INFO     | app.services.external_kb:_init_knowledge_base:42 | trace_id=system - 向量知识库已存在，共 105 条记录，跳过初始化。
2026-07-17 10:58:08 | WARNING  | app.services.retrieval_pipeline:_load_reranker:143 | trace_id=system - BGE Reranker 模型加载失败（将使用降级评分）: No module named 'FlagEmbedding'
2026-07-17 10:58:21 | INFO     | app.services.external_kb:_init_knowledge_base:42 | trace_id=system - 向量知识库已存在，共 105 条记录，跳过初始化。
2026-07-17 10:58:21 | WARNING  | app.services.retrieval_pipeline:_load_reranker:143 | trace_id=system - BGE Reranker 模型加载失败（将使用降级评分）: No module named 'FlagEmbedding'
2026-07-17 10:58:34 | INFO     | app.services.external_kb:_init_knowledge_base:42 | trace_id=system - 向量知识库已存在，共 105 条记录，跳过初始化。
2026-07-17 10:58:34 | WARNING  | app.services.retrieval_pipeline:_load_reranker:143 | trace_id=system - BGE Reranker 模型加载失败（将使用降级评分）: No module named 'FlagEmbedding'
2026-07-17 10:59:51 | INFO     | app.services.external_kb:_init_knowledge_base:42 | trace_id=system - 向量知识库已存在，共 105 条记录，跳过初始化。
2026-07-17 10:59:51 | WARNING  | app.services.retrieval_pipeline:_load_reranker:143 | trace_id=system - BGE Reranker 模型加载失败（将使用降级评分）: No module named 'FlagEmbedding'
2026-07-17 11:01:02 | INFO     | app.services.exam_engine:initialize_exam:346 | trace_id=f96eaddf-18df-48b4-9a0f-3d0ff69bd00c - 初始化动态考试
2026-07-17 11:01:02 | INFO     | app.services.external_kb:get_all_nodes:162 | trace_id=f96eaddf-18df-48b4-9a0f-3d0ff69bd00c - 获取知识库全部节点
2026-07-17 11:01:02 | INFO     | app.services.external_kb:get_all_nodes:173 | trace_id=f96eaddf-18df-48b4-9a0f-3d0ff69bd00c - 知识库共 105 条节点
2026-07-17 11:01:34 | INFO     | app.services.exam_engine:get_business_config:39 | trace_id=f96eaddf-18df-48b4-9a0f-3d0ff69bd00c - 从知识库提取业务线完成: 6 条业务线, 6 个关联关系
2026-07-17 11:01:34 | INFO     | app.services.external_kb:get_node_by_id:146 | trace_id=f96eaddf-18df-48b4-9a0f-3d0ff69bd00c - 获取特定知识点内容: node_id='kb_041'
2026-07-17 11:01:34 | INFO     | app.services.external_kb:get_node_by_id:146 | trace_id=f96eaddf-18df-48b4-9a0f-3d0ff69bd00c - 获取特定知识点内容: node_id='kb_042'
2026-07-17 11:01:34 | INFO     | app.services.external_kb:get_node_by_id:146 | trace_id=f96eaddf-18df-48b4-9a0f-3d0ff69bd00c - 获取特定知识点内容: node_id='kb_043'
2026-07-17 11:01:34 | INFO     | app.services.external_kb:get_node_by_id:146 | trace_id=f96eaddf-18df-48b4-9a0f-3d0ff69bd00c - 获取特定知识点内容: node_id='kb_044'
2026-07-17 11:01:34 | INFO     | app.services.external_kb:get_node_by_id:146 | trace_id=f96eaddf-18df-48b4-9a0f-3d0ff69bd00c - 获取特定知识点内容: node_id='kb_045'
2026-07-17 11:01:56 | INFO     | app.services.exam_engine:initialize_exam:409 | trace_id=f96eaddf-18df-48b4-9a0f-3d0ff69bd00c - 考试初始化完成: 人格=急躁型, 业务线=营销活动, 初始烦躁值=60, 目标数=3
2026-07-17 11:01:56 | INFO     | app.services.retrieval_pipeline:search:259 | trace_id=f96eaddf-18df-48b4-9a0f-3d0ff69bd00c - 高级检索管线启动: query='营销活动'
2026-07-17 11:01:56 | INFO     | app.services.retrieval_pipeline:rewrite:41 | trace_id=f96eaddf-18df-48b4-9a0f-3d0ff69bd00c - 查询改写开始: 营销活动
2026-07-17 11:02:08 | INFO     | app.services.retrieval_pipeline:rewrite:53 | trace_id=f96eaddf-18df-48b4-9a0f-3d0ff69bd00c - 查询改写结果: {'main_query': '营销活动', 'sub_queries': ['营销活动参与流程', '营销活动风险控制', '营销活动案例'], 'intent_tags': ['业务流程', '风控规则'], 'expected_content_type': 'sop|case'}
2026-07-17 11:02:08 | INFO     | app.services.external_kb:search_knowledge:116 | trace_id=f96eaddf-18df-48b4-9a0f-3d0ff69bd00c - 正在执行向量检索: query='营销活动', top_k=10
2026-07-17 11:02:09 | INFO     | app.services.external_kb:search_knowledge:116 | trace_id=f96eaddf-18df-48b4-9a0f-3d0ff69bd00c - 正在执行向量检索: query='营销活动参与流程', top_k=10
2026-07-17 11:02:09 | INFO     | app.services.exam_engine:initialize_exam:346 | trace_id=ea3ee856-65da-4a5c-a35e-2628cd1a44b1 - 初始化动态考试
2026-07-17 11:02:09 | INFO     | app.services.external_kb:get_node_by_id:146 | trace_id=ea3ee856-65da-4a5c-a35e-2628cd1a44b1 - 获取特定知识点内容: node_id='kb_011'
2026-07-17 11:02:09 | INFO     | app.services.external_kb:get_node_by_id:146 | trace_id=ea3ee856-65da-4a5c-a35e-2628cd1a44b1 - 获取特定知识点内容: node_id='kb_012'
2026-07-17 11:02:09 | INFO     | app.services.external_kb:get_node_by_id:146 | trace_id=ea3ee856-65da-4a5c-a35e-2628cd1a44b1 - 获取特定知识点内容: node_id='kb_013'
2026-07-17 11:02:09 | INFO     | app.services.external_kb:get_node_by_id:146 | trace_id=ea3ee856-65da-4a5c-a35e-2628cd1a44b1 - 获取特定知识点内容: node_id='kb_014'
2026-07-17 11:02:09 | INFO     | app.services.external_kb:get_node_by_id:146 | trace_id=ea3ee856-65da-4a5c-a35e-2628cd1a44b1 - 获取特定知识点内容: node_id='kb_015'
2026-07-17 11:02:35 | INFO     | app.services.exam_engine:initialize_exam:409 | trace_id=ea3ee856-65da-4a5c-a35e-2628cd1a44b1 - 考试初始化完成: 人格=愤怒型, 业务线=账户状态管理, 初始烦躁值=70, 目标数=3
2026-07-17 11:02:35 | INFO     | app.services.retrieval_pipeline:search:107 | trace_id=f96eaddf-18df-48b4-9a0f-3d0ff69bd00c - BM25 检索: query='营销活动', top_k=10
2026-07-17 11:02:35 | INFO     | app.services.retrieval_pipeline:search:107 | trace_id=f96eaddf-18df-48b4-9a0f-3d0ff69bd00c - BM25 检索: query='营销活动参与流程', top_k=10
2026-07-17 11:02:35 | INFO     | app.services.retrieval_pipeline:rerank:170 | trace_id=f96eaddf-18df-48b4-9a0f-3d0ff69bd00c - 重排序开始，候选数: 11
2026-07-17 11:02:35 | INFO     | app.services.retrieval_pipeline:rerank:198 | trace_id=f96eaddf-18df-48b4-9a0f-3d0ff69bd00c - 重排序完成，返回 Top-10
2026-07-17 11:02:35 | INFO     | app.services.retrieval_pipeline:search:306 | trace_id=f96eaddf-18df-48b4-9a0f-3d0ff69bd00c - 检索管线完成: 向量20 + BM250 → 去重11 → 重排10 → 最终5
2026-07-17 11:02:35 | INFO     | app.agents.persona_agent:generate_reply:18 | trace_id=f96eaddf-18df-48b4-9a0f-3d0ff69bd00c - PersonaAgent 正在生成客户回复
2026-07-17 11:02:39 | INFO     | app.services.retrieval_pipeline:search:259 | trace_id=ea3ee856-65da-4a5c-a35e-2628cd1a44b1 - 高级检索管线启动: query='账户状态管理'
2026-07-17 11:02:39 | INFO     | app.services.retrieval_pipeline:rewrite:41 | trace_id=ea3ee856-65da-4a5c-a35e-2628cd1a44b1 - 查询改写开始: 账户状态管理
2026-07-17 11:02:48 | INFO     | app.services.retrieval_pipeline:rewrite:53 | trace_id=ea3ee856-65da-4a5c-a35e-2628cd1a44b1 - 查询改写结果: {'main_query': '账户状态管理', 'sub_queries': ['账户状态变更', '账户状态查询', '异常账户处理'], 'intent_tags': ['业务流程', '风控规则'], 'expected_content_type': 'sop|rule|case|faq'}
2026-07-17 11:02:48 | INFO     | app.services.external_kb:search_knowledge:116 | trace_id=ea3ee856-65da-4a5c-a35e-2628cd1a44b1 - 正在执行向量检索: query='账户状态管理', top_k=10
2026-07-17 11:02:49 | INFO     | app.services.external_kb:search_knowledge:116 | trace_id=ea3ee856-65da-4a5c-a35e-2628cd1a44b1 - 正在执行向量检索: query='账户状态变更', top_k=10
2026-07-17 11:02:49 | INFO     | app.services.retrieval_pipeline:search:107 | trace_id=ea3ee856-65da-4a5c-a35e-2628cd1a44b1 - BM25 检索: query='账户状态管理', top_k=10
2026-07-17 11:02:49 | INFO     | app.services.retrieval_pipeline:search:107 | trace_id=ea3ee856-65da-4a5c-a35e-2628cd1a44b1 - BM25 检索: query='账户状态变更', top_k=10
2026-07-17 11:02:49 | INFO     | app.services.retrieval_pipeline:rerank:170 | trace_id=ea3ee856-65da-4a5c-a35e-2628cd1a44b1 - 重排序开始，候选数: 16
2026-07-17 11:02:49 | INFO     | app.services.retrieval_pipeline:rerank:198 | trace_id=ea3ee856-65da-4a5c-a35e-2628cd1a44b1 - 重排序完成，返回 Top-10
2026-07-17 11:02:49 | INFO     | app.services.retrieval_pipeline:search:306 | trace_id=ea3ee856-65da-4a5c-a35e-2628cd1a44b1 - 检索管线完成: 向量20 + BM250 → 去重16 → 重排10 → 最终5
2026-07-17 11:02:49 | INFO     | app.agents.persona_agent:generate_reply:18 | trace_id=ea3ee856-65da-4a5c-a35e-2628cd1a44b1 - PersonaAgent 正在生成客户回复
2026-07-17 11:14:08 | INFO     | app.services.external_kb:_init_knowledge_base:42 | trace_id=system - 向量知识库已存在，共 105 条记录，跳过初始化。
2026-07-17 11:19:24 | INFO     | app.services.external_kb:_init_knowledge_base:42 | trace_id=system - 向量知识库已存在，共 105 条记录，跳过初始化。
2026-07-17 11:19:48 | INFO     | app.services.exam_engine:initialize_exam:346 | trace_id=6000568d-66b6-48be-abec-131057a58930 - 初始化动态考试
2026-07-17 11:19:48 | INFO     | app.services.external_kb:get_all_nodes:162 | trace_id=6000568d-66b6-48be-abec-131057a58930 - 获取知识库全部节点
2026-07-17 11:19:48 | INFO     | app.services.external_kb:get_all_nodes:173 | trace_id=6000568d-66b6-48be-abec-131057a58930 - 知识库共 105 条节点
2026-07-17 11:21:13 | INFO     | app.services.exam_engine:get_business_config:39 | trace_id=6000568d-66b6-48be-abec-131057a58930 - 从知识库提取业务线完成: 6 条业务线, 6 个关联关系
2026-07-17 11:21:13 | INFO     | app.services.external_kb:get_node_by_id:146 | trace_id=6000568d-66b6-48be-abec-131057a58930 - 获取特定知识点内容: node_id='kb_001'
2026-07-17 11:21:13 | INFO     | app.services.external_kb:get_node_by_id:146 | trace_id=6000568d-66b6-48be-abec-131057a58930 - 获取特定知识点内容: node_id='kb_002'
2026-07-17 11:21:13 | INFO     | app.services.external_kb:get_node_by_id:146 | trace_id=6000568d-66b6-48be-abec-131057a58930 - 获取特定知识点内容: node_id='kb_003'
2026-07-17 11:21:13 | INFO     | app.services.external_kb:get_node_by_id:146 | trace_id=6000568d-66b6-48be-abec-131057a58930 - 获取特定知识点内容: node_id='kb_004'
2026-07-17 11:21:13 | INFO     | app.services.external_kb:get_node_by_id:146 | trace_id=6000568d-66b6-48be-abec-131057a58930 - 获取特定知识点内容: node_id='kb_007'
2026-07-17 11:21:40 | INFO     | app.services.exam_engine:initialize_exam:409 | trace_id=6000568d-66b6-48be-abec-131057a58930 - 考试初始化完成: 人格=普通型, 业务线=密码重置, 初始烦躁值=20, 目标数=3
2026-07-17 11:21:40 | INFO     | app.services.retrieval_pipeline:search:265 | trace_id=6000568d-66b6-48be-abec-131057a58930 - 高级检索管线启动: query='密码重置'
2026-07-17 11:21:40 | INFO     | app.services.retrieval_pipeline:rewrite:41 | trace_id=6000568d-66b6-48be-abec-131057a58930 - 查询改写开始: 密码重置
2026-07-17 11:22:14 | INFO     | app.services.retrieval_pipeline:rewrite:53 | trace_id=6000568d-66b6-48be-abec-131057a58930 - 查询改写结果: {'main_query': '密码重置', 'sub_queries': ['忘记密码', '在线密码重置', '身份验证流程', '柜台密码重置'], 'intent_tags': ['业务流程', '风控规则'], 'expected_content_type': 'sop'}
2026-07-17 11:22:14 | INFO     | app.services.external_kb:search_knowledge:116 | trace_id=6000568d-66b6-48be-abec-131057a58930 - 正在执行向量检索: query='密码重置', top_k=10
2026-07-17 11:22:14 | INFO     | app.services.external_kb:search_knowledge:116 | trace_id=6000568d-66b6-48be-abec-131057a58930 - 正在执行向量检索: query='忘记密码', top_k=10
2026-07-17 11:22:14 | INFO     | app.services.retrieval_pipeline:search:107 | trace_id=6000568d-66b6-48be-abec-131057a58930 - BM25 检索: query='密码重置', top_k=10
2026-07-17 11:22:14 | INFO     | app.services.retrieval_pipeline:search:107 | trace_id=6000568d-66b6-48be-abec-131057a58930 - BM25 检索: query='忘记密码', top_k=10
2026-07-17 11:30:07 | INFO     | app.services.external_kb:_init_knowledge_base:42 | trace_id=system - 向量知识库已存在，共 105 条记录，跳过初始化。
2026-07-17 11:30:07 | WARNING  | app.main:_prewarm:62 | trace_id=system - [预热] 业务线分类失败（将在首次启动考试时重试）: 'BusinessLineManager' object has no attribute 'get_config'
2026-07-17 11:31:50 | INFO     | app.services.external_kb:_init_knowledge_base:42 | trace_id=system - 向量知识库已存在，共 105 条记录，跳过初始化。
2026-07-17 11:31:50 | INFO     | app.services.external_kb:get_all_nodes:162 | trace_id=prewarm - 获取知识库全部节点
2026-07-17 11:31:50 | INFO     | app.services.external_kb:get_all_nodes:173 | trace_id=prewarm - 知识库共 105 条节点
2026-07-17 11:34:44 | INFO     | app.services.exam_engine:get_business_config:39 | trace_id=prewarm - 从知识库提取业务线完成: 5 条业务线, 5 个关联关系
2026-07-17 11:34:44 | INFO     | app.main:_prewarm:60 | trace_id=system - [预热] 业务线分类已完成
2026-07-17 11:36:35 | INFO     | app.services.exam_engine:initialize_exam:346 | trace_id=8d78e3b6-4305-4687-aedf-962c099ba748 - 初始化动态考试
2026-07-17 11:36:35 | INFO     | app.services.external_kb:get_node_by_id:146 | trace_id=8d78e3b6-4305-4687-aedf-962c099ba748 - 获取特定知识点内容: node_id='kb_021'
2026-07-17 11:36:35 | INFO     | app.services.external_kb:get_node_by_id:146 | trace_id=8d78e3b6-4305-4687-aedf-962c099ba748 - 获取特定知识点内容: node_id='kb_022'
2026-07-17 11:36:35 | INFO     | app.services.external_kb:get_node_by_id:146 | trace_id=8d78e3b6-4305-4687-aedf-962c099ba748 - 获取特定知识点内容: node_id='kb_023'
2026-07-17 11:36:35 | INFO     | app.services.external_kb:get_node_by_id:146 | trace_id=8d78e3b6-4305-4687-aedf-962c099ba748 - 获取特定知识点内容: node_id='kb_024'
2026-07-17 11:36:35 | INFO     | app.services.external_kb:get_node_by_id:146 | trace_id=8d78e3b6-4305-4687-aedf-962c099ba748 - 获取特定知识点内容: node_id='kb_025'
2026-07-17 11:37:05 | INFO     | app.services.exam_engine:initialize_exam:409 | trace_id=8d78e3b6-4305-4687-aedf-962c099ba748 - 考试初始化完成: 人格=急躁型, 业务线=信用卡挂失, 初始烦躁值=60, 目标数=3
2026-07-17 11:37:05 | INFO     | app.services.retrieval_pipeline:search:265 | trace_id=8d78e3b6-4305-4687-aedf-962c099ba748 - 高级检索管线启动: query='信用卡挂失'
2026-07-17 11:37:05 | INFO     | app.services.retrieval_pipeline:rewrite:41 | trace_id=8d78e3b6-4305-4687-aedf-962c099ba748 - 查询改写开始: 信用卡挂失
2026-07-17 11:37:17 | INFO     | app.services.retrieval_pipeline:rewrite:53 | trace_id=8d78e3b6-4305-4687-aedf-962c099ba748 - 查询改写结果: {'main_query': '信用卡挂失', 'sub_queries': ['信用卡补办新卡', '信用卡卡片冻结', '信用卡交易终止'], 'intent_tags': ['业务流程', '风控规则'], 'expected_content_type': 'sop'}
2026-07-17 11:37:17 | INFO     | app.services.external_kb:search_knowledge:116 | trace_id=8d78e3b6-4305-4687-aedf-962c099ba748 - 正在执行向量检索: query='信用卡挂失', top_k=10
2026-07-17 11:37:18 | INFO     | app.services.external_kb:search_knowledge:116 | trace_id=8d78e3b6-4305-4687-aedf-962c099ba748 - 正在执行向量检索: query='信用卡补办新卡', top_k=10
2026-07-17 11:37:18 | INFO     | app.services.retrieval_pipeline:search:107 | trace_id=8d78e3b6-4305-4687-aedf-962c099ba748 - BM25 检索: query='信用卡挂失', top_k=10
2026-07-17 11:37:18 | INFO     | app.services.retrieval_pipeline:search:107 | trace_id=8d78e3b6-4305-4687-aedf-962c099ba748 - BM25 检索: query='信用卡补办新卡', top_k=10
2026-07-17 12:02:23 | INFO     | app.services.external_kb:_init_knowledge_base:42 | trace_id=system - 向量知识库已存在，共 105 条记录，跳过初始化。
2026-07-17 12:02:23 | INFO     | app.services.external_kb:get_all_nodes:162 | trace_id=prewarm - 获取知识库全部节点
2026-07-17 12:02:23 | INFO     | app.services.external_kb:get_all_nodes:173 | trace_id=prewarm - 知识库共 105 条节点
2026-07-17 12:05:48 | INFO     | app.services.exam_engine:get_business_config:39 | trace_id=prewarm - 从知识库提取业务线完成: 5 条业务线, 5 个关联关系
2026-07-17 12:05:48 | INFO     | app.main:_prewarm:60 | trace_id=system - [预热] 业务线分类已完成
2026-07-17 12:11:10 | INFO     | app.services.external_kb:_init_knowledge_base:42 | trace_id=system - 向量知识库已存在，共 105 条记录，跳过初始化。
2026-07-17 12:11:13 | INFO     | app.services.external_kb:get_all_nodes:162 | trace_id=prewarm - 获取知识库全部节点
2026-07-17 12:11:13 | INFO     | app.services.external_kb:get_all_nodes:173 | trace_id=prewarm - 知识库共 105 条节点
2026-07-17 12:12:59 | INFO     | app.services.exam_engine:get_business_config:39 | trace_id=prewarm - 从知识库提取业务线完成: 5 条业务线, 5 个关联关系
2026-07-17 12:12:59 | INFO     | app.main:_prewarm:62 | trace_id=system - [预热] 业务线分类已完成
2026-07-17 12:35:28 | INFO     | app.services.external_kb:_init_knowledge_base:42 | trace_id=system - 向量知识库已存在，共 105 条记录，跳过初始化。
2026-07-17 12:35:30 | INFO     | app.services.external_kb:get_all_nodes:162 | trace_id=prewarm - 获取知识库全部节点
2026-07-17 12:35:30 | INFO     | app.services.external_kb:get_all_nodes:173 | trace_id=prewarm - 知识库共 105 条节点
2026-07-17 12:37:53 | INFO     | app.services.exam_engine:get_business_config:62 | trace_id=prewarm - 从知识库提取业务线完成: 5 条业务线, 5 个关联关系
2026-07-17 12:37:53 | INFO     | app.main:_prewarm:62 | trace_id=system - [预热] 业务线分类已完成
2026-07-17 12:38:19 | INFO     | app.services.exam_engine:initialize_exam:372 | trace_id=83d861d7-4c8e-44bf-861d-f6830771d1a9 - 初始化动态考试
2026-07-17 12:38:19 | INFO     | app.services.external_kb:get_node_by_id:146 | trace_id=83d861d7-4c8e-44bf-861d-f6830771d1a9 - 获取特定知识点内容: node_id='kb_015'
2026-07-17 12:38:19 | INFO     | app.services.external_kb:get_node_by_id:146 | trace_id=83d861d7-4c8e-44bf-861d-f6830771d1a9 - 获取特定知识点内容: node_id='kb_031'
2026-07-17 12:38:19 | INFO     | app.services.external_kb:get_node_by_id:146 | trace_id=83d861d7-4c8e-44bf-861d-f6830771d1a9 - 获取特定知识点内容: node_id='kb_032'
2026-07-17 12:38:19 | INFO     | app.services.external_kb:get_node_by_id:146 | trace_id=83d861d7-4c8e-44bf-861d-f6830771d1a9 - 获取特定知识点内容: node_id='kb_033'
2026-07-17 12:38:19 | INFO     | app.services.external_kb:get_node_by_id:146 | trace_id=83d861d7-4c8e-44bf-861d-f6830771d1a9 - 获取特定知识点内容: node_id='kb_034'
2026-07-17 12:38:33 | INFO     | app.services.exam_engine:initialize_exam:435 | trace_id=83d861d7-4c8e-44bf-861d-f6830771d1a9 - 考试初始化完成: 人格=疑虑型, 业务线=信息变更, 初始烦躁值=40, 目标数=3
2026-07-17 12:38:33 | INFO     | app.services.retrieval_pipeline:search:272 | trace_id=83d861d7-4c8e-44bf-861d-f6830771d1a9 - 高级检索管线启动: query='信息变更'
2026-07-17 12:38:33 | INFO     | app.services.retrieval_pipeline:rewrite:41 | trace_id=83d861d7-4c8e-44bf-861d-f6830771d1a9 - 查询改写开始: 信息变更
2026-07-17 12:38:45 | INFO     | app.services.retrieval_pipeline:rewrite:53 | trace_id=83d861d7-4c8e-44bf-861d-f6830771d1a9 - 查询改写结果: {'main_query': '信息变更', 'sub_queries': ['账户信息变更', '个人信息变更', '业务信息变更'], 'intent_tags': ['业务流程', '风控规则'], 'expected_content_type': 'sop|rule'}
2026-07-17 12:38:45 | INFO     | app.services.external_kb:search_knowledge:116 | trace_id=83d861d7-4c8e-44bf-861d-f6830771d1a9 - 正在执行向量检索: query='信息变更', top_k=10
2026-07-17 12:38:45 | INFO     | app.services.external_kb:search_knowledge:116 | trace_id=83d861d7-4c8e-44bf-861d-f6830771d1a9 - 正在执行向量检索: query='账户信息变更', top_k=10
2026-07-17 12:38:45 | INFO     | app.services.retrieval_pipeline:search:107 | trace_id=83d861d7-4c8e-44bf-861d-f6830771d1a9 - BM25 检索: query='信息变更', top_k=10
2026-07-17 12:38:45 | INFO     | app.services.retrieval_pipeline:search:107 | trace_id=83d861d7-4c8e-44bf-861d-f6830771d1a9 - BM25 检索: query='账户信息变更', top_k=10
2026-07-17 12:38:45 | INFO     | app.services.retrieval_pipeline:_load_reranker:145 | trace_id=06383358-c299-40e3-a317-70f46bc17354 - BGE Reranker 未启用（设置环境变量 ENABLE_RERANKER=1 以启用），使用降级关键词覆盖率评分
2026-07-17 12:38:45 | INFO     | app.services.retrieval_pipeline:rerank:183 | trace_id=83d861d7-4c8e-44bf-861d-f6830771d1a9 - 重排序开始，候选数: 17
2026-07-17 12:38:45 | INFO     | app.services.retrieval_pipeline:rerank:211 | trace_id=83d861d7-4c8e-44bf-861d-f6830771d1a9 - 重排序完成，返回 Top-10
2026-07-17 12:38:45 | INFO     | app.services.retrieval_pipeline:search:319 | trace_id=83d861d7-4c8e-44bf-861d-f6830771d1a9 - 检索管线完成: 向量20 + BM250 → 去重17 → 重排10 → 最终5
2026-07-17 12:38:45 | INFO     | app.agents.persona_agent:generate_reply:18 | trace_id=83d861d7-4c8e-44bf-861d-f6830771d1a9 - PersonaAgent 正在生成客户回复
2026-07-17 12:42:02 | INFO     | app.services.exam_engine:initialize_exam:372 | trace_id=e809590b-78ab-4158-9659-581cb0cc368e - 初始化动态考试
2026-07-17 12:42:02 | INFO     | app.services.external_kb:get_node_by_id:146 | trace_id=e809590b-78ab-4158-9659-581cb0cc368e - 获取特定知识点内容: node_id='kb_011'
2026-07-17 12:42:02 | INFO     | app.services.external_kb:get_node_by_id:146 | trace_id=e809590b-78ab-4158-9659-581cb0cc368e - 获取特定知识点内容: node_id='kb_012'
2026-07-17 12:42:02 | INFO     | app.services.external_kb:get_node_by_id:146 | trace_id=e809590b-78ab-4158-9659-581cb0cc368e - 获取特定知识点内容: node_id='kb_013'
2026-07-17 12:42:02 | INFO     | app.services.external_kb:get_node_by_id:146 | trace_id=e809590b-78ab-4158-9659-581cb0cc368e - 获取特定知识点内容: node_id='kb_014'
2026-07-17 12:42:02 | INFO     | app.services.external_kb:get_node_by_id:146 | trace_id=e809590b-78ab-4158-9659-581cb0cc368e - 获取特定知识点内容: node_id='kb_016'
2026-07-17 12:42:22 | INFO     | app.services.exam_engine:initialize_exam:435 | trace_id=e809590b-78ab-4158-9659-581cb0cc368e - 考试初始化完成: 人格=疑虑型, 业务线=账户冻结, 初始烦躁值=40, 目标数=3
2026-07-17 12:42:22 | INFO     | app.services.retrieval_pipeline:search:272 | trace_id=e809590b-78ab-4158-9659-581cb0cc368e - 高级检索管线启动: query='账户冻结'
2026-07-17 12:42:22 | INFO     | app.services.retrieval_pipeline:rewrite:41 | trace_id=e809590b-78ab-4158-9659-581cb0cc368e - 查询改写开始: 账户冻结
2026-07-17 12:42:36 | INFO     | app.services.retrieval_pipeline:rewrite:53 | trace_id=e809590b-78ab-4158-9659-581cb0cc368e - 查询改写结果: {'main_query': '账户冻结', 'sub_queries': ['账户冻结原因', '账户解冻处理流程', '冻结状态解除时限', '账户止付操作规定', '风险控制冻结规则', '银行卡暂停使用处理'], 'intent_tags': ['业务流程', '风控规则'], 'expected_content_type': 'sop|rule'}
2026-07-17 12:42:36 | INFO     | app.services.external_kb:search_knowledge:116 | trace_id=e809590b-78ab-4158-9659-581cb0cc368e - 正在执行向量检索: query='账户冻结', top_k=10
2026-07-17 12:42:37 | INFO     | app.services.external_kb:search_knowledge:116 | trace_id=e809590b-78ab-4158-9659-581cb0cc368e - 正在执行向量检索: query='账户冻结原因', top_k=10
2026-07-17 12:42:37 | INFO     | app.services.retrieval_pipeline:search:107 | trace_id=e809590b-78ab-4158-9659-581cb0cc368e - BM25 检索: query='账户冻结', top_k=10
2026-07-17 12:42:37 | INFO     | app.services.retrieval_pipeline:search:107 | trace_id=e809590b-78ab-4158-9659-581cb0cc368e - BM25 检索: query='账户冻结原因', top_k=10
2026-07-17 12:42:37 | INFO     | app.services.retrieval_pipeline:rerank:183 | trace_id=e809590b-78ab-4158-9659-581cb0cc368e - 重排序开始，候选数: 11
2026-07-17 12:42:37 | INFO     | app.services.retrieval_pipeline:rerank:211 | trace_id=e809590b-78ab-4158-9659-581cb0cc368e - 重排序完成，返回 Top-10
2026-07-17 12:42:37 | INFO     | app.services.retrieval_pipeline:search:319 | trace_id=e809590b-78ab-4158-9659-581cb0cc368e - 检索管线完成: 向量20 + BM250 → 去重11 → 重排10 → 最终5
2026-07-17 12:42:37 | INFO     | app.agents.persona_agent:generate_reply:18 | trace_id=e809590b-78ab-4158-9659-581cb0cc368e - PersonaAgent 正在生成客户回复
2026-07-17 12:42:55 | INFO     | app.services.retrieval_pipeline:search:272 | trace_id=a7fd9f25-ff30-4490-bb32-76e814cb361f - 高级检索管线启动: query='账户冻结'
2026-07-17 12:42:55 | INFO     | app.services.retrieval_pipeline:rewrite:41 | trace_id=a7fd9f25-ff30-4490-bb32-76e814cb361f - 查询改写开始: 账户冻结
2026-07-17 12:43:06 | INFO     | app.services.retrieval_pipeline:rewrite:53 | trace_id=a7fd9f25-ff30-4490-bb32-76e814cb361f - 查询改写结果: {'main_query': '账户冻结', 'sub_queries': ['账户解冻', '非柜面交易限制', '资金管控'], 'intent_tags': ['业务流程', '风控规则'], 'expected_content_type': 'sop'}
2026-07-17 12:43:06 | INFO     | app.services.external_kb:search_knowledge:116 | trace_id=a7fd9f25-ff30-4490-bb32-76e814cb361f - 正在执行向量检索: query='账户冻结', top_k=10
2026-07-17 12:43:06 | INFO     | app.services.external_kb:search_knowledge:116 | trace_id=a7fd9f25-ff30-4490-bb32-76e814cb361f - 正在执行向量检索: query='账户解冻', top_k=10
2026-07-17 12:43:06 | INFO     | app.services.retrieval_pipeline:search:107 | trace_id=a7fd9f25-ff30-4490-bb32-76e814cb361f - BM25 检索: query='账户冻结', top_k=10
2026-07-17 12:43:06 | INFO     | app.services.retrieval_pipeline:search:107 | trace_id=a7fd9f25-ff30-4490-bb32-76e814cb361f - BM25 检索: query='账户解冻', top_k=10
2026-07-17 12:43:06 | INFO     | app.services.retrieval_pipeline:rerank:183 | trace_id=a7fd9f25-ff30-4490-bb32-76e814cb361f - 重排序开始，候选数: 12
2026-07-17 12:43:06 | INFO     | app.services.retrieval_pipeline:rerank:211 | trace_id=a7fd9f25-ff30-4490-bb32-76e814cb361f - 重排序完成，返回 Top-10
2026-07-17 12:43:06 | INFO     | app.services.retrieval_pipeline:search:319 | trace_id=a7fd9f25-ff30-4490-bb32-76e814cb361f - 检索管线完成: 向量20 + BM250 → 去重12 → 重排10 → 最终5
2026-07-17 12:43:06 | INFO     | app.agents.persona_agent:generate_reply:18 | trace_id=a7fd9f25-ff30-4490-bb32-76e814cb361f - PersonaAgent 正在生成客户回复
2026-07-17 12:43:25 | INFO     | app.services.retrieval_pipeline:search:272 | trace_id=a3c77836-e052-4b38-ba75-c4a7db46b621 - 高级检索管线启动: query='账户冻结'
2026-07-17 12:43:25 | INFO     | app.services.retrieval_pipeline:rewrite:41 | trace_id=a3c77836-e052-4b38-ba75-c4a7db46b621 - 查询改写开始: 账户冻结
2026-07-17 12:43:36 | INFO     | app.services.retrieval_pipeline:rewrite:53 | trace_id=a3c77836-e052-4b38-ba75-c4a7db46b621 - 查询改写结果: {'main_query': '账户冻结', 'sub_queries': ['账户处理', '账户冻结', '冻结原因', '冻结状态', '银行卡冻结', '冻结事务', '冻结账户', '账户解冻', '账户恢复', '冻结案由', '账户冻结原因', '司法冻结', '对公冻结'], 'intent_tags': ['业务流程', '风控规则'], 'expected_content_type': 'rule'}
2026-07-17 12:43:36 | INFO     | app.services.external_kb:search_knowledge:116 | trace_id=a3c77836-e052-4b38-ba75-c4a7db46b621 - 正在执行向量检索: query='账户冻结', top_k=10
2026-07-17 12:43:36 | INFO     | app.services.external_kb:search_knowledge:116 | trace_id=a3c77836-e052-4b38-ba75-c4a7db46b621 - 正在执行向量检索: query='账户处理', top_k=10
2026-07-17 12:43:36 | INFO     | app.services.retrieval_pipeline:search:107 | trace_id=a3c77836-e052-4b38-ba75-c4a7db46b621 - BM25 检索: query='账户冻结', top_k=10
2026-07-17 12:43:36 | INFO     | app.services.retrieval_pipeline:search:107 | trace_id=a3c77836-e052-4b38-ba75-c4a7db46b621 - BM25 检索: query='账户处理', top_k=10
2026-07-17 12:43:36 | INFO     | app.services.retrieval_pipeline:rerank:183 | trace_id=a3c77836-e052-4b38-ba75-c4a7db46b621 - 重排序开始，候选数: 15
2026-07-17 12:43:36 | INFO     | app.services.retrieval_pipeline:rerank:211 | trace_id=a3c77836-e052-4b38-ba75-c4a7db46b621 - 重排序完成，返回 Top-10
2026-07-17 12:43:36 | INFO     | app.services.retrieval_pipeline:search:319 | trace_id=a3c77836-e052-4b38-ba75-c4a7db46b621 - 检索管线完成: 向量20 + BM250 → 去重15 → 重排10 → 最终5
2026-07-17 12:43:36 | INFO     | app.agents.persona_agent:generate_reply:18 | trace_id=a3c77836-e052-4b38-ba75-c4a7db46b621 - PersonaAgent 正在生成客户回复
2026-07-17 12:44:00 | INFO     | app.services.retrieval_pipeline:search:272 | trace_id=7b0ad9b0-f968-43f4-a703-94211e10d352 - 高级检索管线启动: query='账户冻结'
2026-07-17 12:44:00 | INFO     | app.services.retrieval_pipeline:rewrite:41 | trace_id=7b0ad9b0-f968-43f4-a703-94211e10d352 - 查询改写开始: 账户冻结
2026-07-17 12:44:09 | INFO     | app.services.retrieval_pipeline:rewrite:53 | trace_id=7b0ad9b0-f968-43f4-a703-94211e10d352 - 查询改写结果: {'main_query': '账户状态变更', 'sub_queries': ['解冻条件', '冻结手续费', '异常交易触发规则'], 'intent_tags': ['业务流程', '风控规则'], 'expected_content_type': 'sop|rule'}
2026-07-17 12:44:09 | INFO     | app.services.external_kb:search_knowledge:116 | trace_id=7b0ad9b0-f968-43f4-a703-94211e10d352 - 正在执行向量检索: query='账户状态变更', top_k=10
2026-07-17 12:44:09 | INFO     | app.services.external_kb:search_knowledge:116 | trace_id=7b0ad9b0-f968-43f4-a703-94211e10d352 - 正在执行向量检索: query='解冻条件', top_k=10
2026-07-17 12:44:09 | INFO     | app.services.retrieval_pipeline:search:107 | trace_id=7b0ad9b0-f968-43f4-a703-94211e10d352 - BM25 检索: query='账户状态变更', top_k=10
2026-07-17 12:44:09 | INFO     | app.services.retrieval_pipeline:search:107 | trace_id=7b0ad9b0-f968-43f4-a703-94211e10d352 - BM25 检索: query='解冻条件', top_k=10
2026-07-17 12:44:09 | INFO     | app.services.retrieval_pipeline:rerank:183 | trace_id=7b0ad9b0-f968-43f4-a703-94211e10d352 - 重排序开始，候选数: 19
2026-07-17 12:44:09 | INFO     | app.services.retrieval_pipeline:rerank:211 | trace_id=7b0ad9b0-f968-43f4-a703-94211e10d352 - 重排序完成，返回 Top-10
2026-07-17 12:44:09 | INFO     | app.services.retrieval_pipeline:search:319 | trace_id=7b0ad9b0-f968-43f4-a703-94211e10d352 - 检索管线完成: 向量20 + BM250 → 去重19 → 重排10 → 最终5
2026-07-17 12:44:09 | INFO     | app.agents.persona_agent:generate_reply:18 | trace_id=7b0ad9b0-f968-43f4-a703-94211e10d352 - PersonaAgent 正在生成客户回复
2026-07-17 12:44:42 | INFO     | app.services.retrieval_pipeline:search:272 | trace_id=a532e940-f79b-4c29-96ee-d18c9f738f0b - 高级检索管线启动: query='账户冻结'
2026-07-17 12:44:42 | INFO     | app.services.retrieval_pipeline:rewrite:41 | trace_id=a532e940-f79b-4c29-96ee-d18c9f738f0b - 查询改写开始: 账户冻结
2026-07-17 12:44:55 | INFO     | app.services.retrieval_pipeline:rewrite:53 | trace_id=a532e940-f79b-4c29-96ee-d18c9f738f0b - 查询改写结果: {'main_query': '银行卡账户冻结规定', 'sub_queries': ['账户冻结操作规程', '银行卡冻结触发条件', '账户冻结安全审核流程'], 'intent_tags': ['业务流程', '风控规则'], 'expected_content_type': 'rule'}
2026-07-17 12:44:55 | INFO     | app.services.external_kb:search_knowledge:116 | trace_id=a532e940-f79b-4c29-96ee-d18c9f738f0b - 正在执行向量检索: query='银行卡账户冻结规定', top_k=10
2026-07-17 12:44:55 | INFO     | app.services.external_kb:search_knowledge:116 | trace_id=a532e940-f79b-4c29-96ee-d18c9f738f0b - 正在执行向量检索: query='账户冻结操作规程', top_k=10
2026-07-17 12:44:55 | INFO     | app.services.retrieval_pipeline:search:107 | trace_id=a532e940-f79b-4c29-96ee-d18c9f738f0b - BM25 检索: query='银行卡账户冻结规定', top_k=10
2026-07-17 12:44:55 | INFO     | app.services.retrieval_pipeline:search:107 | trace_id=a532e940-f79b-4c29-96ee-d18c9f738f0b - BM25 检索: query='账户冻结操作规程', top_k=10
2026-07-17 12:44:55 | INFO     | app.services.retrieval_pipeline:rerank:183 | trace_id=a532e940-f79b-4c29-96ee-d18c9f738f0b - 重排序开始，候选数: 14
2026-07-17 12:44:55 | INFO     | app.services.retrieval_pipeline:rerank:211 | trace_id=a532e940-f79b-4c29-96ee-d18c9f738f0b - 重排序完成，返回 Top-10
2026-07-17 12:44:55 | INFO     | app.services.retrieval_pipeline:search:319 | trace_id=a532e940-f79b-4c29-96ee-d18c9f738f0b - 检索管线完成: 向量20 + BM250 → 去重14 → 重排10 → 最终5
2026-07-17 12:44:55 | INFO     | app.agents.persona_agent:generate_reply:18 | trace_id=a532e940-f79b-4c29-96ee-d18c9f738f0b - PersonaAgent 正在生成客户回复
2026-07-17 12:45:33 | INFO     | app.services.retrieval_pipeline:search:272 | trace_id=08f3319f-e1c6-4bd8-9cf8-1f3946a8ec53 - 高级检索管线启动: query='账户冻结'
2026-07-17 12:45:33 | INFO     | app.services.retrieval_pipeline:rewrite:41 | trace_id=08f3319f-e1c6-4bd8-9cf8-1f3946a8ec53 - 查询改写开始: 账户冻结
2026-07-17 12:45:52 | INFO     | app.services.retrieval_pipeline:rewrite:53 | trace_id=08f3319f-e1c6-4bd8-9cf8-1f3946a8ec53 - 查询改写结果: {'main_query': '账户冻结', 'sub_queries': ['冻结原因', '解冻流程', '冻结规则'], 'intent_tags': ['业务流程', '风控规则'], 'expected_content_type': 'sop'}
2026-07-17 12:45:52 | INFO     | app.services.external_kb:search_knowledge:116 | trace_id=08f3319f-e1c6-4bd8-9cf8-1f3946a8ec53 - 正在执行向量检索: query='账户冻结', top_k=10
2026-07-17 12:45:52 | INFO     | app.services.external_kb:search_knowledge:116 | trace_id=08f3319f-e1c6-4bd8-9cf8-1f3946a8ec53 - 正在执行向量检索: query='冻结原因', top_k=10
2026-07-17 12:45:52 | INFO     | app.services.retrieval_pipeline:search:107 | trace_id=08f3319f-e1c6-4bd8-9cf8-1f3946a8ec53 - BM25 检索: query='账户冻结', top_k=10
2026-07-17 12:45:52 | INFO     | app.services.retrieval_pipeline:search:107 | trace_id=08f3319f-e1c6-4bd8-9cf8-1f3946a8ec53 - BM25 检索: query='冻结原因', top_k=10
2026-07-17 12:45:52 | INFO     | app.services.retrieval_pipeline:rerank:183 | trace_id=08f3319f-e1c6-4bd8-9cf8-1f3946a8ec53 - 重排序开始，候选数: 15
2026-07-17 12:45:52 | INFO     | app.services.retrieval_pipeline:rerank:211 | trace_id=08f3319f-e1c6-4bd8-9cf8-1f3946a8ec53 - 重排序完成，返回 Top-10
2026-07-17 12:45:52 | INFO     | app.services.retrieval_pipeline:search:319 | trace_id=08f3319f-e1c6-4bd8-9cf8-1f3946a8ec53 - 检索管线完成: 向量20 + BM250 → 去重15 → 重排10 → 最终5
2026-07-17 12:45:52 | INFO     | app.agents.persona_agent:generate_reply:18 | trace_id=08f3319f-e1c6-4bd8-9cf8-1f3946a8ec53 - PersonaAgent 正在生成客户回复
2026-07-17 12:46:18 | INFO     | app.services.retrieval_pipeline:search:272 | trace_id=983e9f65-a7da-41ab-adbf-3c06bdae1de1 - 高级检索管线启动: query='账户冻结'
2026-07-17 12:46:18 | INFO     | app.services.retrieval_pipeline:rewrite:41 | trace_id=983e9f65-a7da-41ab-adbf-3c06bdae1de1 - 查询改写开始: 账户冻结
2026-07-17 12:46:28 | INFO     | app.services.retrieval_pipeline:rewrite:53 | trace_id=983e9f65-a7da-41ab-adbf-3c06bdae1de1 - 查询改写结果: {'main_query': '账户冻结', 'sub_queries': ['冻结处理流程', '账户冻结原因', '账户解冻'], 'intent_tags': ['业务流程', '风控规则'], 'expected_content_type': 'sop|rule|case|faq'}
2026-07-17 12:46:28 | INFO     | app.services.external_kb:search_knowledge:116 | trace_id=983e9f65-a7da-41ab-adbf-3c06bdae1de1 - 正在执行向量检索: query='账户冻结', top_k=10
2026-07-17 12:46:28 | INFO     | app.services.external_kb:search_knowledge:116 | trace_id=983e9f65-a7da-41ab-adbf-3c06bdae1de1 - 正在执行向量检索: query='冻结处理流程', top_k=10
2026-07-17 12:46:28 | INFO     | app.services.retrieval_pipeline:search:107 | trace_id=983e9f65-a7da-41ab-adbf-3c06bdae1de1 - BM25 检索: query='账户冻结', top_k=10
2026-07-17 12:46:28 | INFO     | app.services.retrieval_pipeline:search:107 | trace_id=983e9f65-a7da-41ab-adbf-3c06bdae1de1 - BM25 检索: query='冻结处理流程', top_k=10
2026-07-17 12:46:28 | INFO     | app.services.retrieval_pipeline:rerank:183 | trace_id=983e9f65-a7da-41ab-adbf-3c06bdae1de1 - 重排序开始，候选数: 15
2026-07-17 12:46:28 | INFO     | app.services.retrieval_pipeline:rerank:211 | trace_id=983e9f65-a7da-41ab-adbf-3c06bdae1de1 - 重排序完成，返回 Top-10
2026-07-17 12:46:28 | INFO     | app.services.retrieval_pipeline:search:319 | trace_id=983e9f65-a7da-41ab-adbf-3c06bdae1de1 - 检索管线完成: 向量20 + BM250 → 去重15 → 重排10 → 最终5
2026-07-17 12:46:28 | INFO     | app.agents.persona_agent:generate_reply:18 | trace_id=983e9f65-a7da-41ab-adbf-3c06bdae1de1 - PersonaAgent 正在生成客户回复
2026-07-17 12:46:56 | INFO     | app.services.retrieval_pipeline:search:272 | trace_id=d5eb83e9-e379-4838-ad06-b781b54b4c44 - 高级检索管线启动: query='账户冻结'
2026-07-17 12:46:56 | INFO     | app.services.retrieval_pipeline:rewrite:41 | trace_id=d5eb83e9-e379-4838-ad06-b781b54b4c44 - 查询改写开始: 账户冻结
2026-07-17 12:47:05 | INFO     | app.services.retrieval_pipeline:rewrite:53 | trace_id=d5eb83e9-e379-4838-ad06-b781b54b4c44 - 查询改写结果: {'main_query': '银行账户冻结', 'sub_queries': ['司法冻结流程', '异常交易冻结'], 'intent_tags': ['风险控制', '账户管理'], 'expected_content_type': 'sop|rule'}
2026-07-17 12:47:05 | INFO     | app.services.external_kb:search_knowledge:116 | trace_id=d5eb83e9-e379-4838-ad06-b781b54b4c44 - 正在执行向量检索: query='银行账户冻结', top_k=10
2026-07-17 12:47:05 | INFO     | app.services.external_kb:search_knowledge:116 | trace_id=d5eb83e9-e379-4838-ad06-b781b54b4c44 - 正在执行向量检索: query='司法冻结流程', top_k=10
2026-07-17 12:47:05 | INFO     | app.services.retrieval_pipeline:search:107 | trace_id=d5eb83e9-e379-4838-ad06-b781b54b4c44 - BM25 检索: query='银行账户冻结', top_k=10
2026-07-17 12:47:05 | INFO     | app.services.retrieval_pipeline:search:107 | trace_id=d5eb83e9-e379-4838-ad06-b781b54b4c44 - BM25 检索: query='司法冻结流程', top_k=10
2026-07-17 12:47:05 | INFO     | app.services.retrieval_pipeline:rerank:183 | trace_id=d5eb83e9-e379-4838-ad06-b781b54b4c44 - 重排序开始，候选数: 15
2026-07-17 12:47:05 | INFO     | app.services.retrieval_pipeline:rerank:211 | trace_id=d5eb83e9-e379-4838-ad06-b781b54b4c44 - 重排序完成，返回 Top-10
2026-07-17 12:47:05 | INFO     | app.services.retrieval_pipeline:search:319 | trace_id=d5eb83e9-e379-4838-ad06-b781b54b4c44 - 检索管线完成: 向量20 + BM250 → 去重15 → 重排10 → 最终5
2026-07-17 12:47:05 | INFO     | app.agents.persona_agent:generate_reply:18 | trace_id=d5eb83e9-e379-4838-ad06-b781b54b4c44 - PersonaAgent 正在生成客户回复
2026-07-17 12:47:29 | INFO     | app.services.retrieval_pipeline:search:272 | trace_id=00e9eda8-19d7-4eb3-88ae-42994f1a5592 - 高级检索管线启动: query='账户冻结'
2026-07-17 12:47:29 | INFO     | app.services.retrieval_pipeline:rewrite:41 | trace_id=00e9eda8-19d7-4eb3-88ae-42994f1a5592 - 查询改写开始: 账户冻结
2026-07-17 12:47:38 | INFO     | app.services.retrieval_pipeline:rewrite:53 | trace_id=00e9eda8-19d7-4eb3-88ae-42994f1a5592 - 查询改写结果: {'main_query': '账户冻结', 'sub_queries': ['解冻流程', '冻结原因', '账户状态异常'], 'intent_tags': ['业务流程', '风控规则'], 'expected_content_type': ['sop', 'rule', 'case', 'faq']}
2026-07-17 12:47:38 | INFO     | app.services.external_kb:search_knowledge:116 | trace_id=00e9eda8-19d7-4eb3-88ae-42994f1a5592 - 正在执行向量检索: query='账户冻结', top_k=10
2026-07-17 12:47:38 | INFO     | app.services.external_kb:search_knowledge:116 | trace_id=00e9eda8-19d7-4eb3-88ae-42994f1a5592 - 正在执行向量检索: query='解冻流程', top_k=10
2026-07-17 12:47:38 | INFO     | app.services.retrieval_pipeline:search:107 | trace_id=00e9eda8-19d7-4eb3-88ae-42994f1a5592 - BM25 检索: query='账户冻结', top_k=10
2026-07-17 12:47:38 | INFO     | app.services.retrieval_pipeline:search:107 | trace_id=00e9eda8-19d7-4eb3-88ae-42994f1a5592 - BM25 检索: query='解冻流程', top_k=10
2026-07-17 12:47:38 | INFO     | app.services.retrieval_pipeline:rerank:183 | trace_id=00e9eda8-19d7-4eb3-88ae-42994f1a5592 - 重排序开始，候选数: 15
2026-07-17 12:47:38 | INFO     | app.services.retrieval_pipeline:rerank:211 | trace_id=00e9eda8-19d7-4eb3-88ae-42994f1a5592 - 重排序完成，返回 Top-10
2026-07-17 12:47:38 | INFO     | app.services.retrieval_pipeline:search:319 | trace_id=00e9eda8-19d7-4eb3-88ae-42994f1a5592 - 检索管线完成: 向量20 + BM250 → 去重15 → 重排10 → 最终5
2026-07-17 12:47:38 | INFO     | app.agents.persona_agent:generate_reply:18 | trace_id=00e9eda8-19d7-4eb3-88ae-42994f1a5592 - PersonaAgent 正在生成客户回复
2026-07-17 12:48:01 | INFO     | app.services.retrieval_pipeline:search:272 | trace_id=fddc66a6-d9d3-46a8-a909-2ba478902b4b - 高级检索管线启动: query='账户冻结'
2026-07-17 12:48:01 | INFO     | app.services.retrieval_pipeline:rewrite:41 | trace_id=fddc66a6-d9d3-46a8-a909-2ba478902b4b - 查询改写开始: 账户冻结
2026-07-17 12:48:11 | INFO     | app.services.retrieval_pipeline:rewrite:53 | trace_id=fddc66a6-d9d3-46a8-a909-2ba478902b4b - 查询改写结果: {'main_query': '银行账户冻结', 'sub_queries': ['账户冻结原因', '司法冻结与银行冻结区别', '账户解冻办理流程', '账户冻结期间资金使用限制', '冻结账户自动解除时限', '解冻所需证明材料清单', '银行风险管控冻结条款', '非本人操作争议处理', '冻结状态短信通知模板'], 'intent_tags': ['业务流程', '风控规则'], 'expected_content_type': 'sop'}
2026-07-17 12:48:11 | INFO     | app.services.external_kb:search_knowledge:116 | trace_id=fddc66a6-d9d3-46a8-a909-2ba478902b4b - 正在执行向量检索: query='银行账户冻结', top_k=10
2026-07-17 12:48:11 | INFO     | app.services.external_kb:search_knowledge:116 | trace_id=fddc66a6-d9d3-46a8-a909-2ba478902b4b - 正在执行向量检索: query='账户冻结原因', top_k=10
2026-07-17 12:48:11 | INFO     | app.services.retrieval_pipeline:search:107 | trace_id=fddc66a6-d9d3-46a8-a909-2ba478902b4b - BM25 检索: query='银行账户冻结', top_k=10
2026-07-17 12:48:11 | INFO     | app.services.retrieval_pipeline:search:107 | trace_id=fddc66a6-d9d3-46a8-a909-2ba478902b4b - BM25 检索: query='账户冻结原因', top_k=10
2026-07-17 12:48:11 | INFO     | app.services.retrieval_pipeline:rerank:183 | trace_id=fddc66a6-d9d3-46a8-a909-2ba478902b4b - 重排序开始，候选数: 12
2026-07-17 12:48:11 | INFO     | app.services.retrieval_pipeline:rerank:211 | trace_id=fddc66a6-d9d3-46a8-a909-2ba478902b4b - 重排序完成，返回 Top-10
2026-07-17 12:48:11 | INFO     | app.services.retrieval_pipeline:search:319 | trace_id=fddc66a6-d9d3-46a8-a909-2ba478902b4b - 检索管线完成: 向量20 + BM250 → 去重12 → 重排10 → 最终5
2026-07-17 12:48:11 | INFO     | app.agents.persona_agent:generate_reply:18 | trace_id=fddc66a6-d9d3-46a8-a909-2ba478902b4b - PersonaAgent 正在生成客户回复
2026-07-17 12:48:32 | INFO     | app.services.retrieval_pipeline:search:272 | trace_id=9580fc8e-8047-4f60-b8f4-eca127d57af8 - 高级检索管线启动: query='账户冻结'
2026-07-17 12:48:32 | INFO     | app.services.retrieval_pipeline:rewrite:41 | trace_id=9580fc8e-8047-4f60-b8f4-eca127d57af8 - 查询改写开始: 账户冻结
2026-07-17 12:48:44 | INFO     | app.services.retrieval_pipeline:rewrite:53 | trace_id=9580fc8e-8047-4f60-b8f4-eca127d57af8 - 查询改写结果: {'main_query': '账户冻结', 'sub_queries': ['账户临时冻结', '账户永久冻结', '账户解锁流程'], 'intent_tags': ['业务流程', '风控规则'], 'expected_content_type': 'sop|rule'}
2026-07-17 12:48:44 | INFO     | app.services.external_kb:search_knowledge:116 | trace_id=9580fc8e-8047-4f60-b8f4-eca127d57af8 - 正在执行向量检索: query='账户冻结', top_k=10
2026-07-17 12:48:44 | INFO     | app.services.external_kb:search_knowledge:116 | trace_id=9580fc8e-8047-4f60-b8f4-eca127d57af8 - 正在执行向量检索: query='账户临时冻结', top_k=10
2026-07-17 12:48:44 | INFO     | app.services.retrieval_pipeline:search:107 | trace_id=9580fc8e-8047-4f60-b8f4-eca127d57af8 - BM25 检索: query='账户冻结', top_k=10
2026-07-17 12:48:44 | INFO     | app.services.retrieval_pipeline:search:107 | trace_id=9580fc8e-8047-4f60-b8f4-eca127d57af8 - BM25 检索: query='账户临时冻结', top_k=10
2026-07-17 12:48:44 | INFO     | app.services.retrieval_pipeline:rerank:183 | trace_id=9580fc8e-8047-4f60-b8f4-eca127d57af8 - 重排序开始，候选数: 12
2026-07-17 12:48:44 | INFO     | app.services.retrieval_pipeline:rerank:211 | trace_id=9580fc8e-8047-4f60-b8f4-eca127d57af8 - 重排序完成，返回 Top-10
2026-07-17 12:48:44 | INFO     | app.services.retrieval_pipeline:search:319 | trace_id=9580fc8e-8047-4f60-b8f4-eca127d57af8 - 检索管线完成: 向量20 + BM250 → 去重12 → 重排10 → 最终5
2026-07-17 12:48:44 | INFO     | app.agents.persona_agent:generate_reply:18 | trace_id=9580fc8e-8047-4f60-b8f4-eca127d57af8 - PersonaAgent 正在生成客户回复
2026-07-17 12:49:06 | INFO     | app.services.retrieval_pipeline:search:272 | trace_id=4b946510-ee13-404a-99c9-fe9c6c412650 - 高级检索管线启动: query='账户冻结'
2026-07-17 12:49:06 | INFO     | app.services.retrieval_pipeline:rewrite:41 | trace_id=4b946510-ee13-404a-99c9-fe9c6c412650 - 查询改写开始: 账户冻结
2026-07-17 12:49:15 | INFO     | app.services.retrieval_pipeline:rewrite:53 | trace_id=4b946510-ee13-404a-99c9-fe9c6c412650 - 查询改写结果: {'main_query': '账户冻结', 'sub_queries': ['临时账户冻结', '资金账户冻结', '账户冻结处理'], 'intent_tags': ['业务流程', '风控规则'], 'expected_content_type': 'rule'}
2026-07-17 12:49:15 | INFO     | app.services.external_kb:search_knowledge:116 | trace_id=4b946510-ee13-404a-99c9-fe9c6c412650 - 正在执行向量检索: query='账户冻结', top_k=10
2026-07-17 12:49:15 | INFO     | app.services.external_kb:search_knowledge:116 | trace_id=4b946510-ee13-404a-99c9-fe9c6c412650 - 正在执行向量检索: query='临时账户冻结', top_k=10
2026-07-17 12:49:15 | INFO     | app.services.retrieval_pipeline:search:107 | trace_id=4b946510-ee13-404a-99c9-fe9c6c412650 - BM25 检索: query='账户冻结', top_k=10
2026-07-17 12:49:15 | INFO     | app.services.retrieval_pipeline:search:107 | trace_id=4b946510-ee13-404a-99c9-fe9c6c412650 - BM25 检索: query='临时账户冻结', top_k=10
2026-07-17 12:49:15 | INFO     | app.services.retrieval_pipeline:rerank:183 | trace_id=4b946510-ee13-404a-99c9-fe9c6c412650 - 重排序开始，候选数: 12
2026-07-17 12:49:15 | INFO     | app.services.retrieval_pipeline:rerank:211 | trace_id=4b946510-ee13-404a-99c9-fe9c6c412650 - 重排序完成，返回 Top-10
2026-07-17 12:49:15 | INFO     | app.services.retrieval_pipeline:search:319 | trace_id=4b946510-ee13-404a-99c9-fe9c6c412650 - 检索管线完成: 向量20 + BM250 → 去重12 → 重排10 → 最终5
2026-07-17 12:49:15 | INFO     | app.agents.persona_agent:generate_reply:18 | trace_id=4b946510-ee13-404a-99c9-fe9c6c412650 - PersonaAgent 正在生成客户回复
2026-07-17 12:50:03 | INFO     | app.services.retrieval_pipeline:search:272 | trace_id=b6b6a31f-d794-491e-9daa-95b5be88ab81 - 高级检索管线启动: query='账户冻结'
2026-07-17 12:50:03 | INFO     | app.services.retrieval_pipeline:rewrite:41 | trace_id=b6b6a31f-d794-491e-9daa-95b5be88ab81 - 查询改写开始: 账户冻结
2026-07-17 12:50:10 | INFO     | app.services.retrieval_pipeline:rewrite:53 | trace_id=b6b6a31f-d794-491e-9daa-95b5be88ab81 - 查询改写结果: {'main_query': '账户冻结', 'sub_queries': ['冻结原因', '解除冻结流程', '账户状态查询'], 'intent_tags': ['风险控制', '账户管理'], 'expected_content_type': 'sop|rule|case'}
2026-07-17 12:50:10 | INFO     | app.services.external_kb:search_knowledge:116 | trace_id=b6b6a31f-d794-491e-9daa-95b5be88ab81 - 正在执行向量检索: query='账户冻结', top_k=10
2026-07-17 12:50:10 | INFO     | app.services.external_kb:search_knowledge:116 | trace_id=b6b6a31f-d794-491e-9daa-95b5be88ab81 - 正在执行向量检索: query='冻结原因', top_k=10
2026-07-17 12:50:10 | INFO     | app.services.retrieval_pipeline:search:107 | trace_id=b6b6a31f-d794-491e-9daa-95b5be88ab81 - BM25 检索: query='账户冻结', top_k=10
2026-07-17 12:50:10 | INFO     | app.services.retrieval_pipeline:search:107 | trace_id=b6b6a31f-d794-491e-9daa-95b5be88ab81 - BM25 检索: query='冻结原因', top_k=10
2026-07-17 12:50:10 | INFO     | app.services.retrieval_pipeline:rerank:183 | trace_id=b6b6a31f-d794-491e-9daa-95b5be88ab81 - 重排序开始，候选数: 15
2026-07-17 12:50:10 | INFO     | app.services.retrieval_pipeline:rerank:211 | trace_id=b6b6a31f-d794-491e-9daa-95b5be88ab81 - 重排序完成，返回 Top-10
2026-07-17 12:50:10 | INFO     | app.services.retrieval_pipeline:search:319 | trace_id=b6b6a31f-d794-491e-9daa-95b5be88ab81 - 检索管线完成: 向量20 + BM250 → 去重15 → 重排10 → 最终5
2026-07-17 12:50:10 | INFO     | app.agents.persona_agent:generate_reply:18 | trace_id=b6b6a31f-d794-491e-9daa-95b5be88ab81 - PersonaAgent 正在生成客户回复
2026-07-17 12:50:37 | INFO     | app.services.retrieval_pipeline:search:272 | trace_id=3e9c8449-5db2-4459-a30d-be52dbe283ab - 高级检索管线启动: query='账户冻结'
2026-07-17 12:50:37 | INFO     | app.services.retrieval_pipeline:rewrite:41 | trace_id=3e9c8449-5db2-4459-a30d-be52dbe283ab - 查询改写开始: 账户冻结
2026-07-17 12:51:04 | INFO     | app.services.retrieval_pipeline:rewrite:53 | trace_id=3e9c8449-5db2-4459-a30d-be52dbe283ab - 查询改写结果: {'main_query': '账户冻结', 'sub_queries': ['冻结原因', '解冻流程', '账户验证'], 'intent_tags': ['业务流程', '风控规则'], 'expected_content_type': 'sop'}
2026-07-17 12:51:04 | INFO     | app.services.external_kb:search_knowledge:116 | trace_id=3e9c8449-5db2-4459-a30d-be52dbe283ab - 正在执行向量检索: query='账户冻结', top_k=10
2026-07-17 12:51:04 | INFO     | app.services.external_kb:search_knowledge:116 | trace_id=3e9c8449-5db2-4459-a30d-be52dbe283ab - 正在执行向量检索: query='冻结原因', top_k=10
2026-07-17 12:51:04 | INFO     | app.services.retrieval_pipeline:search:107 | trace_id=3e9c8449-5db2-4459-a30d-be52dbe283ab - BM25 检索: query='账户冻结', top_k=10
2026-07-17 12:51:04 | INFO     | app.services.retrieval_pipeline:search:107 | trace_id=3e9c8449-5db2-4459-a30d-be52dbe283ab - BM25 检索: query='冻结原因', top_k=10
2026-07-17 12:51:04 | INFO     | app.services.retrieval_pipeline:rerank:183 | trace_id=3e9c8449-5db2-4459-a30d-be52dbe283ab - 重排序开始，候选数: 15
2026-07-17 12:51:04 | INFO     | app.services.retrieval_pipeline:rerank:211 | trace_id=3e9c8449-5db2-4459-a30d-be52dbe283ab - 重排序完成，返回 Top-10
2026-07-17 12:51:04 | INFO     | app.services.retrieval_pipeline:search:319 | trace_id=3e9c8449-5db2-4459-a30d-be52dbe283ab - 检索管线完成: 向量20 + BM250 → 去重15 → 重排10 → 最终5
2026-07-17 12:51:04 | INFO     | app.agents.persona_agent:generate_reply:18 | trace_id=3e9c8449-5db2-4459-a30d-be52dbe283ab - PersonaAgent 正在生成客户回复
2026-07-17 12:51:35 | INFO     | app.services.retrieval_pipeline:search:272 | trace_id=b0beb528-11e4-4676-a987-5bc958675408 - 高级检索管线启动: query='账户冻结'
2026-07-17 12:51:35 | INFO     | app.services.retrieval_pipeline:rewrite:41 | trace_id=b0beb528-11e4-4676-a987-5bc958675408 - 查询改写开始: 账户冻结
2026-07-17 12:51:45 | INFO     | app.services.retrieval_pipeline:rewrite:53 | trace_id=b0beb528-11e4-4676-a987-5bc958675408 - 查询改写结果: {'main_query': '账户冻结', 'sub_queries': ['账户冻结状态查询', '账户解冻流程', '账户冻结规则说明'], 'intent_tags': ['业务流程', '风控规则'], 'expected_content_type': 'sop|rule|faq'}
2026-07-17 12:51:45 | INFO     | app.services.external_kb:search_knowledge:116 | trace_id=b0beb528-11e4-4676-a987-5bc958675408 - 正在执行向量检索: query='账户冻结', top_k=10
2026-07-17 12:51:45 | INFO     | app.services.external_kb:search_knowledge:116 | trace_id=b0beb528-11e4-4676-a987-5bc958675408 - 正在执行向量检索: query='账户冻结状态查询', top_k=10
2026-07-17 12:51:45 | INFO     | app.services.retrieval_pipeline:search:107 | trace_id=b0beb528-11e4-4676-a987-5bc958675408 - BM25 检索: query='账户冻结', top_k=10
2026-07-17 12:51:45 | INFO     | app.services.retrieval_pipeline:search:107 | trace_id=b0beb528-11e4-4676-a987-5bc958675408 - BM25 检索: query='账户冻结状态查询', top_k=10
2026-07-17 12:51:45 | INFO     | app.services.retrieval_pipeline:rerank:183 | trace_id=b0beb528-11e4-4676-a987-5bc958675408 - 重排序开始，候选数: 11
2026-07-17 12:51:45 | INFO     | app.services.retrieval_pipeline:rerank:211 | trace_id=b0beb528-11e4-4676-a987-5bc958675408 - 重排序完成，返回 Top-10
2026-07-17 12:51:45 | INFO     | app.services.retrieval_pipeline:search:319 | trace_id=b0beb528-11e4-4676-a987-5bc958675408 - 检索管线完成: 向量20 + BM250 → 去重11 → 重排10 → 最终5
2026-07-17 12:51:45 | INFO     | app.agents.persona_agent:generate_reply:18 | trace_id=b0beb528-11e4-4676-a987-5bc958675408 - PersonaAgent 正在生成客户回复
2026-07-17 12:52:28 | INFO     | app.services.retrieval_pipeline:search:272 | trace_id=5eb4f523-2870-4bb5-8b24-9a163fb0a174 - 高级检索管线启动: query='账户冻结'
2026-07-17 12:52:28 | INFO     | app.services.retrieval_pipeline:rewrite:41 | trace_id=5eb4f523-2870-4bb5-8b24-9a163fb0a174 - 查询改写开始: 账户冻结
2026-07-17 12:52:40 | INFO     | app.services.retrieval_pipeline:rewrite:53 | trace_id=5eb4f523-2870-4bb5-8b24-9a163fb0a174 - 查询改写结果: {'main_query': '账户冻结', 'sub_queries': ['解除冻结操作', '账户冻结原因', '冻结异常处理', '解冻申请流程', '临时冻结解除', '冻结状态查询'], 'intent_tags': ['业务流程', '风控规则'], 'expected_content_type': 'sop|rule'}
2026-07-17 12:52:40 | INFO     | app.services.external_kb:search_knowledge:116 | trace_id=5eb4f523-2870-4bb5-8b24-9a163fb0a174 - 正在执行向量检索: query='账户冻结', top_k=10
2026-07-17 12:52:40 | INFO     | app.services.external_kb:search_knowledge:116 | trace_id=5eb4f523-2870-4bb5-8b24-9a163fb0a174 - 正在执行向量检索: query='解除冻结操作', top_k=10
2026-07-17 12:52:40 | INFO     | app.services.retrieval_pipeline:search:107 | trace_id=5eb4f523-2870-4bb5-8b24-9a163fb0a174 - BM25 检索: query='账户冻结', top_k=10
2026-07-17 12:52:40 | INFO     | app.services.retrieval_pipeline:search:107 | trace_id=5eb4f523-2870-4bb5-8b24-9a163fb0a174 - BM25 检索: query='解除冻结操作', top_k=10
2026-07-17 12:52:40 | INFO     | app.services.retrieval_pipeline:rerank:183 | trace_id=5eb4f523-2870-4bb5-8b24-9a163fb0a174 - 重排序开始，候选数: 16
2026-07-17 12:52:40 | INFO     | app.services.retrieval_pipeline:rerank:211 | trace_id=5eb4f523-2870-4bb5-8b24-9a163fb0a174 - 重排序完成，返回 Top-10
2026-07-17 12:52:40 | INFO     | app.services.retrieval_pipeline:search:319 | trace_id=5eb4f523-2870-4bb5-8b24-9a163fb0a174 - 检索管线完成: 向量20 + BM250 → 去重16 → 重排10 → 最终5
2026-07-17 12:52:40 | INFO     | app.agents.persona_agent:generate_reply:18 | trace_id=5eb4f523-2870-4bb5-8b24-9a163fb0a174 - PersonaAgent 正在生成客户回复
2026-07-17 13:08:26 | INFO     | app.services.exam_engine:initialize_exam:372 | trace_id=b4e14c22-aaf0-47ec-8b98-efa9b8d1d924 - 初始化动态考试
2026-07-17 13:08:26 | INFO     | app.services.external_kb:get_node_by_id:146 | trace_id=b4e14c22-aaf0-47ec-8b98-efa9b8d1d924 - 获取特定知识点内容: node_id='kb_041'
2026-07-17 13:08:26 | INFO     | app.services.external_kb:get_node_by_id:146 | trace_id=b4e14c22-aaf0-47ec-8b98-efa9b8d1d924 - 获取特定知识点内容: node_id='kb_042'
2026-07-17 13:08:26 | INFO     | app.services.external_kb:get_node_by_id:146 | trace_id=b4e14c22-aaf0-47ec-8b98-efa9b8d1d924 - 获取特定知识点内容: node_id='kb_043'
2026-07-17 13:08:26 | INFO     | app.services.external_kb:get_node_by_id:146 | trace_id=b4e14c22-aaf0-47ec-8b98-efa9b8d1d924 - 获取特定知识点内容: node_id='kb_044'
2026-07-17 13:08:26 | INFO     | app.services.external_kb:get_node_by_id:146 | trace_id=b4e14c22-aaf0-47ec-8b98-efa9b8d1d924 - 获取特定知识点内容: node_id='kb_045'
2026-07-17 13:09:04 | INFO     | app.services.exam_engine:initialize_exam:435 | trace_id=b4e14c22-aaf0-47ec-8b98-efa9b8d1d924 - 考试初始化完成: 人格=普通型, 业务线=营销活动, 初始烦躁值=20, 目标数=3
2026-07-17 13:09:04 | INFO     | app.services.exam_engine:initialize_exam:372 | trace_id=e9e7ea59-30f9-408a-9185-f3c8e4d766dc - 初始化动态考试
2026-07-17 13:09:04 | INFO     | app.services.external_kb:get_node_by_id:146 | trace_id=e9e7ea59-30f9-408a-9185-f3c8e4d766dc - 获取特定知识点内容: node_id='kb_021'
2026-07-17 13:09:04 | INFO     | app.services.external_kb:get_node_by_id:146 | trace_id=e9e7ea59-30f9-408a-9185-f3c8e4d766dc - 获取特定知识点内容: node_id='kb_022'
2026-07-17 13:09:04 | INFO     | app.services.external_kb:get_node_by_id:146 | trace_id=e9e7ea59-30f9-408a-9185-f3c8e4d766dc - 获取特定知识点内容: node_id='kb_023'
2026-07-17 13:09:04 | INFO     | app.services.external_kb:get_node_by_id:146 | trace_id=e9e7ea59-30f9-408a-9185-f3c8e4d766dc - 获取特定知识点内容: node_id='kb_024'
2026-07-17 13:09:04 | INFO     | app.services.external_kb:get_node_by_id:146 | trace_id=e9e7ea59-30f9-408a-9185-f3c8e4d766dc - 获取特定知识点内容: node_id='kb_025'
2026-07-17 13:10:01 | INFO     | app.services.exam_engine:initialize_exam:435 | trace_id=e9e7ea59-30f9-408a-9185-f3c8e4d766dc - 考试初始化完成: 人格=疑虑型, 业务线=信用卡挂失, 初始烦躁值=40, 目标数=3
2026-07-17 13:10:01 | INFO     | app.services.retrieval_pipeline:search:272 | trace_id=e9e7ea59-30f9-408a-9185-f3c8e4d766dc - 高级检索管线启动: query='信用卡挂失'
2026-07-17 13:10:01 | INFO     | app.services.retrieval_pipeline:rewrite:41 | trace_id=e9e7ea59-30f9-408a-9185-f3c8e4d766dc - 查询改写开始: 信用卡挂失
2026-07-17 13:10:13 | INFO     | app.services.retrieval_pipeline:rewrite:53 | trace_id=e9e7ea59-30f9-408a-9185-f3c8e4d766dc - 查询改写结果: {'main_query': '信用卡挂失', 'sub_queries': ['挂失流程', '卡片冻结', '账户安全'], 'intent_tags': ['业务流程', '风控规则'], 'expected_content_type': 'sop'}
2026-07-17 13:10:13 | INFO     | app.services.external_kb:search_knowledge:116 | trace_id=e9e7ea59-30f9-408a-9185-f3c8e4d766dc - 正在执行向量检索: query='信用卡挂失', top_k=10
2026-07-17 13:10:14 | INFO     | app.services.external_kb:search_knowledge:116 | trace_id=e9e7ea59-30f9-408a-9185-f3c8e4d766dc - 正在执行向量检索: query='挂失流程', top_k=10
2026-07-17 13:10:14 | INFO     | app.services.retrieval_pipeline:search:107 | trace_id=e9e7ea59-30f9-408a-9185-f3c8e4d766dc - BM25 检索: query='信用卡挂失', top_k=10
2026-07-17 13:10:14 | INFO     | app.services.retrieval_pipeline:search:107 | trace_id=e9e7ea59-30f9-408a-9185-f3c8e4d766dc - BM25 检索: query='挂失流程', top_k=10
2026-07-17 13:10:14 | INFO     | app.services.retrieval_pipeline:search:272 | trace_id=b4e14c22-aaf0-47ec-8b98-efa9b8d1d924 - 高级检索管线启动: query='营销活动'
2026-07-17 13:10:14 | INFO     | app.services.retrieval_pipeline:rewrite:41 | trace_id=b4e14c22-aaf0-47ec-8b98-efa9b8d1d924 - 查询改写开始: 营销活动
2026-07-17 13:10:28 | INFO     | app.services.retrieval_pipeline:rewrite:53 | trace_id=b4e14c22-aaf0-47ec-8b98-efa9b8d1d924 - 查询改写结果: {'main_query': '营销活动', 'sub_queries': ['营销活动创建流程', '营销活动修改规则', '营销活动监控要点', '信用卡营销活动', '贷款营销活动', '营销活动风险控制'], 'intent_tags': ['业务流程', '风控规则'], 'expected_content_type': 'sop|rule'}
2026-07-17 13:10:28 | INFO     | app.services.retrieval_pipeline:rerank:183 | trace_id=e9e7ea59-30f9-408a-9185-f3c8e4d766dc - 重排序开始，候选数: 17
2026-07-17 13:10:28 | INFO     | app.services.retrieval_pipeline:rerank:211 | trace_id=e9e7ea59-30f9-408a-9185-f3c8e4d766dc - 重排序完成，返回 Top-10
2026-07-17 13:10:28 | INFO     | app.services.retrieval_pipeline:search:319 | trace_id=e9e7ea59-30f9-408a-9185-f3c8e4d766dc - 检索管线完成: 向量20 + BM250 → 去重17 → 重排10 → 最终5
2026-07-17 13:10:28 | INFO     | app.agents.persona_agent:generate_reply:18 | trace_id=e9e7ea59-30f9-408a-9185-f3c8e4d766dc - PersonaAgent 正在生成客户回复
2026-07-17 13:10:36 | INFO     | app.services.external_kb:search_knowledge:116 | trace_id=b4e14c22-aaf0-47ec-8b98-efa9b8d1d924 - 正在执行向量检索: query='营销活动', top_k=10
2026-07-17 13:10:36 | INFO     | app.services.external_kb:search_knowledge:116 | trace_id=b4e14c22-aaf0-47ec-8b98-efa9b8d1d924 - 正在执行向量检索: query='营销活动创建流程', top_k=10
2026-07-17 13:10:36 | INFO     | app.services.retrieval_pipeline:search:107 | trace_id=b4e14c22-aaf0-47ec-8b98-efa9b8d1d924 - BM25 检索: query='营销活动', top_k=10
2026-07-17 13:10:36 | INFO     | app.services.retrieval_pipeline:search:107 | trace_id=b4e14c22-aaf0-47ec-8b98-efa9b8d1d924 - BM25 检索: query='营销活动创建流程', top_k=10
2026-07-17 13:10:36 | INFO     | app.services.retrieval_pipeline:rerank:183 | trace_id=b4e14c22-aaf0-47ec-8b98-efa9b8d1d924 - 重排序开始，候选数: 11
2026-07-17 13:10:36 | INFO     | app.services.retrieval_pipeline:rerank:211 | trace_id=b4e14c22-aaf0-47ec-8b98-efa9b8d1d924 - 重排序完成，返回 Top-10
2026-07-17 13:10:36 | INFO     | app.services.retrieval_pipeline:search:319 | trace_id=b4e14c22-aaf0-47ec-8b98-efa9b8d1d924 - 检索管线完成: 向量20 + BM250 → 去重11 → 重排10 → 最终5
2026-07-17 13:10:36 | INFO     | app.agents.persona_agent:generate_reply:18 | trace_id=b4e14c22-aaf0-47ec-8b98-efa9b8d1d924 - PersonaAgent 正在生成客户回复
2026-07-17 13:11:52 | INFO     | app.services.retrieval_pipeline:search:272 | trace_id=b882fc41-b91c-40f8-b0ae-764eb7158217 - 高级检索管线启动: query='信用卡挂失'
2026-07-17 13:11:52 | INFO     | app.services.retrieval_pipeline:rewrite:41 | trace_id=b882fc41-b91c-40f8-b0ae-764eb7158217 - 查询改写开始: 信用卡挂失
2026-07-17 13:12:02 | INFO     | app.services.retrieval_pipeline:rewrite:53 | trace_id=b882fc41-b91c-40f8-b0ae-764eb7158217 - 查询改写结果: {'main_query': '信用卡挂失', 'sub_queries': ['账户冻结流程', '紧急补卡时效', '盗刷风险处置'], 'intent_tags': ['紧急业务', '风险管控'], 'expected_content_type': 'sop|rule'}
2026-07-17 13:12:02 | INFO     | app.services.external_kb:search_knowledge:116 | trace_id=b882fc41-b91c-40f8-b0ae-764eb7158217 - 正在执行向量检索: query='信用卡挂失', top_k=10
2026-07-17 13:12:02 | INFO     | app.services.external_kb:search_knowledge:116 | trace_id=b882fc41-b91c-40f8-b0ae-764eb7158217 - 正在执行向量检索: query='账户冻结流程', top_k=10
2026-07-17 13:12:02 | INFO     | app.services.retrieval_pipeline:search:107 | trace_id=b882fc41-b91c-40f8-b0ae-764eb7158217 - BM25 检索: query='信用卡挂失', top_k=10
2026-07-17 13:12:02 | INFO     | app.services.retrieval_pipeline:search:107 | trace_id=b882fc41-b91c-40f8-b0ae-764eb7158217 - BM25 检索: query='账户冻结流程', top_k=10
2026-07-17 13:12:02 | INFO     | app.services.retrieval_pipeline:rerank:183 | trace_id=b882fc41-b91c-40f8-b0ae-764eb7158217 - 重排序开始，候选数: 20
2026-07-17 13:12:02 | INFO     | app.services.retrieval_pipeline:rerank:211 | trace_id=b882fc41-b91c-40f8-b0ae-764eb7158217 - 重排序完成，返回 Top-10
2026-07-17 13:12:02 | INFO     | app.services.retrieval_pipeline:search:319 | trace_id=b882fc41-b91c-40f8-b0ae-764eb7158217 - 检索管线完成: 向量20 + BM250 → 去重20 → 重排10 → 最终5
2026-07-17 13:12:02 | INFO     | app.agents.persona_agent:generate_reply:18 | trace_id=b882fc41-b91c-40f8-b0ae-764eb7158217 - PersonaAgent 正在生成客户回复
2026-07-17 13:12:36 | INFO     | app.services.retrieval_pipeline:search:272 | trace_id=bbf2d5b2-54a0-425d-a5fb-2010e8185393 - 高级检索管线启动: query='信用卡挂失'
2026-07-17 13:12:36 | INFO     | app.services.retrieval_pipeline:rewrite:41 | trace_id=bbf2d5b2-54a0-425d-a5fb-2010e8185393 - 查询改写开始: 信用卡挂失
2026-07-17 13:12:49 | INFO     | app.services.retrieval_pipeline:rewrite:53 | trace_id=bbf2d5b2-54a0-425d-a5fb-2010e8185393 - 查询改写结果: {'main_query': '信用卡挂失', 'sub_queries': ['挂失流程', '账户安全', '风控规则', '申办新卡'], 'intent_tags': ['业务流程', '风控规则'], 'expected_content_type': 'sop|rule'}
2026-07-17 13:12:49 | INFO     | app.services.external_kb:search_knowledge:116 | trace_id=bbf2d5b2-54a0-425d-a5fb-2010e8185393 - 正在执行向量检索: query='信用卡挂失', top_k=10
2026-07-17 13:12:49 | INFO     | app.services.external_kb:search_knowledge:116 | trace_id=bbf2d5b2-54a0-425d-a5fb-2010e8185393 - 正在执行向量检索: query='挂失流程', top_k=10
2026-07-17 13:12:49 | INFO     | app.services.retrieval_pipeline:search:107 | trace_id=bbf2d5b2-54a0-425d-a5fb-2010e8185393 - BM25 检索: query='信用卡挂失', top_k=10
2026-07-17 13:12:49 | INFO     | app.services.retrieval_pipeline:search:107 | trace_id=bbf2d5b2-54a0-425d-a5fb-2010e8185393 - BM25 检索: query='挂失流程', top_k=10
2026-07-17 13:12:49 | INFO     | app.services.retrieval_pipeline:rerank:183 | trace_id=bbf2d5b2-54a0-425d-a5fb-2010e8185393 - 重排序开始，候选数: 17
2026-07-17 13:12:49 | INFO     | app.services.retrieval_pipeline:rerank:211 | trace_id=bbf2d5b2-54a0-425d-a5fb-2010e8185393 - 重排序完成，返回 Top-10
2026-07-17 13:12:49 | INFO     | app.services.retrieval_pipeline:search:319 | trace_id=bbf2d5b2-54a0-425d-a5fb-2010e8185393 - 检索管线完成: 向量20 + BM250 → 去重17 → 重排10 → 最终5
2026-07-17 13:12:49 | INFO     | app.agents.persona_agent:generate_reply:18 | trace_id=bbf2d5b2-54a0-425d-a5fb-2010e8185393 - PersonaAgent 正在生成客户回复
2026-07-17 13:13:24 | INFO     | app.services.retrieval_pipeline:search:272 | trace_id=3c7d9e88-838b-4035-ab6f-28f53e29b273 - 高级检索管线启动: query='信用卡挂失'
2026-07-17 13:13:24 | INFO     | app.services.retrieval_pipeline:rewrite:41 | trace_id=3c7d9e88-838b-4035-ab6f-28f53e29b273 - 查询改写开始: 信用卡挂失
2026-07-17 13:13:41 | INFO     | app.services.retrieval_pipeline:rewrite:53 | trace_id=3c7d9e88-838b-4035-ab6f-28f53e29b273 - 查询改写结果: {'main_query': '信用卡挂失流程', 'sub_queries': ['挂失申请', '账户冻结', '补卡要求'], 'intent_tags': ['业务流程', '风控规则'], 'expected_content_type': 'sop|rule'}
2026-07-17 13:13:41 | INFO     | app.services.external_kb:search_knowledge:116 | trace_id=3c7d9e88-838b-4035-ab6f-28f53e29b273 - 正在执行向量检索: query='信用卡挂失流程', top_k=10
2026-07-17 13:13:41 | INFO     | app.services.external_kb:search_knowledge:116 | trace_id=3c7d9e88-838b-4035-ab6f-28f53e29b273 - 正在执行向量检索: query='挂失申请', top_k=10
2026-07-17 13:13:41 | INFO     | app.services.retrieval_pipeline:search:107 | trace_id=3c7d9e88-838b-4035-ab6f-28f53e29b273 - BM25 检索: query='信用卡挂失流程', top_k=10
2026-07-17 13:13:41 | INFO     | app.services.retrieval_pipeline:search:107 | trace_id=3c7d9e88-838b-4035-ab6f-28f53e29b273 - BM25 检索: query='挂失申请', top_k=10
2026-07-17 13:13:41 | INFO     | app.services.retrieval_pipeline:rerank:183 | trace_id=3c7d9e88-838b-4035-ab6f-28f53e29b273 - 重排序开始，候选数: 16
2026-07-17 13:13:41 | INFO     | app.services.retrieval_pipeline:rerank:211 | trace_id=3c7d9e88-838b-4035-ab6f-28f53e29b273 - 重排序完成，返回 Top-10
2026-07-17 13:13:41 | INFO     | app.services.retrieval_pipeline:search:319 | trace_id=3c7d9e88-838b-4035-ab6f-28f53e29b273 - 检索管线完成: 向量20 + BM250 → 去重16 → 重排10 → 最终5
2026-07-17 13:13:41 | INFO     | app.agents.persona_agent:generate_reply:18 | trace_id=3c7d9e88-838b-4035-ab6f-28f53e29b273 - PersonaAgent 正在生成客户回复
2026-07-17 13:14:33 | INFO     | app.services.retrieval_pipeline:search:272 | trace_id=b532958b-585b-4e03-a93f-5fbc1cb3db4f - 高级检索管线启动: query='信用卡挂失'
2026-07-17 13:14:33 | INFO     | app.services.retrieval_pipeline:rewrite:41 | trace_id=b532958b-585b-4e03-a93f-5fbc1cb3db4f - 查询改写开始: 信用卡挂失
2026-07-17 13:14:46 | INFO     | app.services.retrieval_pipeline:rewrite:53 | trace_id=b532958b-585b-4e03-a93f-5fbc1cb3db4f - 查询改写结果: {'main_query': '信用卡挂失流程', 'sub_queries': ['如何办理信用卡挂失', '挂失需要哪些材料', '紧急补卡手续'], 'intent_tags': ['业务流程', '风控规则'], 'expected_content_type': ['sop', 'rule']}
2026-07-17 13:14:46 | INFO     | app.services.external_kb:search_knowledge:116 | trace_id=b532958b-585b-4e03-a93f-5fbc1cb3db4f - 正在执行向量检索: query='信用卡挂失流程', top_k=10
2026-07-17 13:14:46 | INFO     | app.services.external_kb:search_knowledge:116 | trace_id=b532958b-585b-4e03-a93f-5fbc1cb3db4f - 正在执行向量检索: query='如何办理信用卡挂失', top_k=10
2026-07-17 13:14:46 | INFO     | app.services.retrieval_pipeline:search:107 | trace_id=b532958b-585b-4e03-a93f-5fbc1cb3db4f - BM25 检索: query='信用卡挂失流程', top_k=10
2026-07-17 13:14:46 | INFO     | app.services.retrieval_pipeline:search:107 | trace_id=b532958b-585b-4e03-a93f-5fbc1cb3db4f - BM25 检索: query='如何办理信用卡挂失', top_k=10
2026-07-17 13:14:46 | INFO     | app.services.retrieval_pipeline:rerank:183 | trace_id=b532958b-585b-4e03-a93f-5fbc1cb3db4f - 重排序开始，候选数: 12
2026-07-17 13:14:46 | INFO     | app.services.retrieval_pipeline:rerank:211 | trace_id=b532958b-585b-4e03-a93f-5fbc1cb3db4f - 重排序完成，返回 Top-10
2026-07-17 13:14:46 | INFO     | app.services.retrieval_pipeline:search:319 | trace_id=b532958b-585b-4e03-a93f-5fbc1cb3db4f - 检索管线完成: 向量20 + BM250 → 去重12 → 重排10 → 最终5
2026-07-17 13:14:46 | INFO     | app.agents.persona_agent:generate_reply:18 | trace_id=b532958b-585b-4e03-a93f-5fbc1cb3db4f - PersonaAgent 正在生成客户回复
2026-07-17 13:15:17 | INFO     | app.services.retrieval_pipeline:search:272 | trace_id=a87764bd-e22e-4a21-bf82-e86ec9fbd928 - 高级检索管线启动: query='信用卡挂失'
2026-07-17 13:15:17 | INFO     | app.services.retrieval_pipeline:rewrite:41 | trace_id=a87764bd-e22e-4a21-bf82-e86ec9fbd928 - 查询改写开始: 信用卡挂失
2026-07-17 13:15:31 | INFO     | app.services.retrieval_pipeline:rewrite:53 | trace_id=a87764bd-e22e-4a21-bf82-e86ec9fbd928 - 查询改写结果: {'main_query': '信用卡挂失', 'sub_queries': ['信用卡挂失流程', '信用卡挂失费用', '信用卡挂失补卡', '信用卡挂失冻结'], 'intent_tags': ['业务流程', '风控规则'], 'expected_content_type': 'sop|rule'}
2026-07-17 13:15:31 | INFO     | app.services.external_kb:search_knowledge:116 | trace_id=a87764bd-e22e-4a21-bf82-e86ec9fbd928 - 正在执行向量检索: query='信用卡挂失', top_k=10
2026-07-17 13:15:31 | INFO     | app.services.external_kb:search_knowledge:116 | trace_id=a87764bd-e22e-4a21-bf82-e86ec9fbd928 - 正在执行向量检索: query='信用卡挂失流程', top_k=10
2026-07-17 13:15:31 | INFO     | app.services.retrieval_pipeline:search:107 | trace_id=a87764bd-e22e-4a21-bf82-e86ec9fbd928 - BM25 检索: query='信用卡挂失', top_k=10
2026-07-17 13:15:31 | INFO     | app.services.retrieval_pipeline:search:107 | trace_id=a87764bd-e22e-4a21-bf82-e86ec9fbd928 - BM25 检索: query='信用卡挂失流程', top_k=10
2026-07-17 13:15:31 | INFO     | app.services.retrieval_pipeline:rerank:183 | trace_id=a87764bd-e22e-4a21-bf82-e86ec9fbd928 - 重排序开始，候选数: 12
2026-07-17 13:15:31 | INFO     | app.services.retrieval_pipeline:rerank:211 | trace_id=a87764bd-e22e-4a21-bf82-e86ec9fbd928 - 重排序完成，返回 Top-10
2026-07-17 13:15:31 | INFO     | app.services.retrieval_pipeline:search:319 | trace_id=a87764bd-e22e-4a21-bf82-e86ec9fbd928 - 检索管线完成: 向量20 + BM250 → 去重12 → 重排10 → 最终5
2026-07-17 13:15:31 | INFO     | app.agents.persona_agent:generate_reply:18 | trace_id=a87764bd-e22e-4a21-bf82-e86ec9fbd928 - PersonaAgent 正在生成客户回复
2026-07-17 13:15:59 | INFO     | app.services.retrieval_pipeline:search:272 | trace_id=833fb00c-f64e-4bc3-89df-1cd4a43b87f2 - 高级检索管线启动: query='信用卡挂失'
2026-07-17 13:15:59 | INFO     | app.services.retrieval_pipeline:rewrite:41 | trace_id=833fb00c-f64e-4bc3-89df-1cd4a43b87f2 - 查询改写开始: 信用卡挂失
2026-07-17 13:16:13 | INFO     | app.services.retrieval_pipeline:rewrite:53 | trace_id=833fb00c-f64e-4bc3-89df-1cd4a43b87f2 - 查询改写结果: {'main_query': '信用卡挂失', 'sub_queries': ['如何办理挂失', '信用卡紧急挂失', '信用卡二次挂失'], 'intent_tags': ['业务流程', '风控规则'], 'expected_content_type': 'sop|rule'}
2026-07-17 13:16:13 | INFO     | app.services.external_kb:search_knowledge:116 | trace_id=833fb00c-f64e-4bc3-89df-1cd4a43b87f2 - 正在执行向量检索: query='信用卡挂失', top_k=10
2026-07-17 13:16:13 | INFO     | app.services.external_kb:search_knowledge:116 | trace_id=833fb00c-f64e-4bc3-89df-1cd4a43b87f2 - 正在执行向量检索: query='如何办理挂失', top_k=10
2026-07-17 13:16:13 | INFO     | app.services.retrieval_pipeline:search:107 | trace_id=833fb00c-f64e-4bc3-89df-1cd4a43b87f2 - BM25 检索: query='信用卡挂失', top_k=10
2026-07-17 13:16:13 | INFO     | app.services.retrieval_pipeline:search:107 | trace_id=833fb00c-f64e-4bc3-89df-1cd4a43b87f2 - BM25 检索: query='如何办理挂失', top_k=10
2026-07-17 13:16:13 | INFO     | app.services.retrieval_pipeline:rerank:183 | trace_id=833fb00c-f64e-4bc3-89df-1cd4a43b87f2 - 重排序开始，候选数: 15
2026-07-17 13:16:13 | INFO     | app.services.retrieval_pipeline:rerank:211 | trace_id=833fb00c-f64e-4bc3-89df-1cd4a43b87f2 - 重排序完成，返回 Top-10
2026-07-17 13:16:13 | INFO     | app.services.retrieval_pipeline:search:319 | trace_id=833fb00c-f64e-4bc3-89df-1cd4a43b87f2 - 检索管线完成: 向量20 + BM250 → 去重15 → 重排10 → 最终5
2026-07-17 13:16:13 | INFO     | app.agents.persona_agent:generate_reply:18 | trace_id=833fb00c-f64e-4bc3-89df-1cd4a43b87f2 - PersonaAgent 正在生成客户回复
2026-07-17 13:17:01 | INFO     | app.services.retrieval_pipeline:search:272 | trace_id=af914c0d-0a67-48e8-91f6-563d77240939 - 高级检索管线启动: query='信用卡挂失'
2026-07-17 13:17:01 | INFO     | app.services.retrieval_pipeline:rewrite:41 | trace_id=af914c0d-0a67-48e8-91f6-563d77240939 - 查询改写开始: 信用卡挂失
2026-07-17 13:17:13 | INFO     | app.services.retrieval_pipeline:rewrite:53 | trace_id=af914c0d-0a67-48e8-91f6-563d77240939 - 查询改写结果: {'main_query': '信用卡挂失', 'sub_queries': ['挂失流程', '挂失时效', '挂失风险', '紧急处理'], 'intent_tags': ['业务流程', '风控规则'], 'expected_content_type': 'sop|rule'}
2026-07-17 13:17:13 | INFO     | app.services.external_kb:search_knowledge:116 | trace_id=af914c0d-0a67-48e8-91f6-563d77240939 - 正在执行向量检索: query='信用卡挂失', top_k=10
2026-07-17 13:17:13 | INFO     | app.services.external_kb:search_knowledge:116 | trace_id=af914c0d-0a67-48e8-91f6-563d77240939 - 正在执行向量检索: query='挂失流程', top_k=10
2026-07-17 13:17:13 | INFO     | app.services.retrieval_pipeline:search:107 | trace_id=af914c0d-0a67-48e8-91f6-563d77240939 - BM25 检索: query='信用卡挂失', top_k=10
2026-07-17 13:17:13 | INFO     | app.services.retrieval_pipeline:search:107 | trace_id=af914c0d-0a67-48e8-91f6-563d77240939 - BM25 检索: query='挂失流程', top_k=10
2026-07-17 13:17:13 | INFO     | app.services.retrieval_pipeline:rerank:183 | trace_id=af914c0d-0a67-48e8-91f6-563d77240939 - 重排序开始，候选数: 17
2026-07-17 13:17:13 | INFO     | app.services.retrieval_pipeline:rerank:211 | trace_id=af914c0d-0a67-48e8-91f6-563d77240939 - 重排序完成，返回 Top-10
2026-07-17 13:17:13 | INFO     | app.services.retrieval_pipeline:search:319 | trace_id=af914c0d-0a67-48e8-91f6-563d77240939 - 检索管线完成: 向量20 + BM250 → 去重17 → 重排10 → 最终5
2026-07-17 13:17:13 | INFO     | app.agents.persona_agent:generate_reply:18 | trace_id=af914c0d-0a67-48e8-91f6-563d77240939 - PersonaAgent 正在生成客户回复
2026-07-17 13:17:24 | INFO     | app.services.retrieval_pipeline:search:272 | trace_id=31d5ea67-cd78-44d6-a54f-223547bda13a - 高级检索管线启动: query='信用卡挂失'
2026-07-17 13:17:24 | INFO     | app.services.retrieval_pipeline:rewrite:41 | trace_id=31d5ea67-cd78-44d6-a54f-223547bda13a - 查询改写开始: 信用卡挂失
2026-07-17 13:17:37 | INFO     | app.services.retrieval_pipeline:rewrite:53 | trace_id=31d5ea67-cd78-44d6-a54f-223547bda13a - 查询改写结果: {'main_query': '信用卡挂失', 'sub_queries': ['信用卡挂失流程', '信用卡挂失办理', '信用卡临时冻结', '口头挂失信用卡', '电话挂失信用卡'], 'intent_tags': ['业务流程', '风控规则'], 'expected_content_type': 'sop|rule'}
2026-07-17 13:17:37 | INFO     | app.services.external_kb:search_knowledge:116 | trace_id=31d5ea67-cd78-44d6-a54f-223547bda13a - 正在执行向量检索: query='信用卡挂失', top_k=10
2026-07-17 13:17:37 | INFO     | app.services.external_kb:search_knowledge:116 | trace_id=31d5ea67-cd78-44d6-a54f-223547bda13a - 正在执行向量检索: query='信用卡挂失流程', top_k=10
2026-07-17 13:17:37 | INFO     | app.services.retrieval_pipeline:search:107 | trace_id=31d5ea67-cd78-44d6-a54f-223547bda13a - BM25 检索: query='信用卡挂失', top_k=10
2026-07-17 13:17:37 | INFO     | app.services.retrieval_pipeline:search:107 | trace_id=31d5ea67-cd78-44d6-a54f-223547bda13a - BM25 检索: query='信用卡挂失流程', top_k=10
2026-07-17 13:17:37 | INFO     | app.services.retrieval_pipeline:rerank:183 | trace_id=31d5ea67-cd78-44d6-a54f-223547bda13a - 重排序开始，候选数: 12
2026-07-17 13:17:37 | INFO     | app.services.retrieval_pipeline:rerank:211 | trace_id=31d5ea67-cd78-44d6-a54f-223547bda13a - 重排序完成，返回 Top-10
2026-07-17 13:17:37 | INFO     | app.services.retrieval_pipeline:search:319 | trace_id=31d5ea67-cd78-44d6-a54f-223547bda13a - 检索管线完成: 向量20 + BM250 → 去重12 → 重排10 → 最终5
2026-07-17 13:17:37 | INFO     | app.agents.persona_agent:generate_reply:18 | trace_id=31d5ea67-cd78-44d6-a54f-223547bda13a - PersonaAgent 正在生成客户回复
2026-07-17 13:18:05 | INFO     | app.services.retrieval_pipeline:search:272 | trace_id=a8d4c663-e421-429f-955c-b3a3bfe14186 - 高级检索管线启动: query='信用卡挂失'
2026-07-17 13:18:05 | INFO     | app.services.retrieval_pipeline:rewrite:41 | trace_id=a8d4c663-e421-429f-955c-b3a3bfe14186 - 查询改写开始: 信用卡挂失
2026-07-17 13:18:15 | INFO     | app.services.retrieval_pipeline:rewrite:53 | trace_id=a8d4c663-e421-429f-955c-b3a3bfe14186 - 查询改写结果: {'main_query': '信用卡挂失', 'sub_queries': ['银行卡遗失处理', '信用卡报失', '丢失卡片冻结申请'], 'intent_tags': ['业务流程', '风控规则'], 'expected_content_type': 'sop|rule'}
2026-07-17 13:18:15 | INFO     | app.services.external_kb:search_knowledge:116 | trace_id=a8d4c663-e421-429f-955c-b3a3bfe14186 - 正在执行向量检索: query='信用卡挂失', top_k=10
2026-07-17 13:18:15 | INFO     | app.services.external_kb:search_knowledge:116 | trace_id=a8d4c663-e421-429f-955c-b3a3bfe14186 - 正在执行向量检索: query='银行卡遗失处理', top_k=10
2026-07-17 13:18:15 | INFO     | app.services.retrieval_pipeline:search:107 | trace_id=a8d4c663-e421-429f-955c-b3a3bfe14186 - BM25 检索: query='信用卡挂失', top_k=10
2026-07-17 13:18:15 | INFO     | app.services.retrieval_pipeline:search:107 | trace_id=a8d4c663-e421-429f-955c-b3a3bfe14186 - BM25 检索: query='银行卡遗失处理', top_k=10
2026-07-17 13:18:15 | INFO     | app.services.retrieval_pipeline:rerank:183 | trace_id=a8d4c663-e421-429f-955c-b3a3bfe14186 - 重排序开始，候选数: 12
2026-07-17 13:18:15 | INFO     | app.services.retrieval_pipeline:rerank:211 | trace_id=a8d4c663-e421-429f-955c-b3a3bfe14186 - 重排序完成，返回 Top-10
2026-07-17 13:18:15 | INFO     | app.services.retrieval_pipeline:search:319 | trace_id=a8d4c663-e421-429f-955c-b3a3bfe14186 - 检索管线完成: 向量20 + BM250 → 去重12 → 重排10 → 最终5
2026-07-17 13:18:15 | INFO     | app.agents.persona_agent:generate_reply:18 | trace_id=a8d4c663-e421-429f-955c-b3a3bfe14186 - PersonaAgent 正在生成客户回复
2026-07-17 13:18:59 | INFO     | app.services.retrieval_pipeline:search:272 | trace_id=5a60f2e2-4d5a-476e-b16e-0068ecee517a - 高级检索管线启动: query='信用卡挂失'
2026-07-17 13:18:59 | INFO     | app.services.retrieval_pipeline:rewrite:41 | trace_id=5a60f2e2-4d5a-476e-b16e-0068ecee517a - 查询改写开始: 信用卡挂失
2026-07-17 13:19:12 | INFO     | app.services.retrieval_pipeline:rewrite:53 | trace_id=5a60f2e2-4d5a-476e-b16e-0068ecee517a - 查询改写结果: {'main_query': '信用卡挂失', 'sub_queries': ['信用卡挂失流程', '信用卡挂失后补办', '信用卡挂失时效'], 'intent_tags': ['业务流程', '风控规则'], 'expected_content_type': 'sop'}
2026-07-17 13:19:12 | INFO     | app.services.external_kb:search_knowledge:116 | trace_id=5a60f2e2-4d5a-476e-b16e-0068ecee517a - 正在执行向量检索: query='信用卡挂失', top_k=10
2026-07-17 13:19:12 | INFO     | app.services.external_kb:search_knowledge:116 | trace_id=5a60f2e2-4d5a-476e-b16e-0068ecee517a - 正在执行向量检索: query='信用卡挂失流程', top_k=10
2026-07-17 13:19:12 | INFO     | app.services.retrieval_pipeline:search:107 | trace_id=5a60f2e2-4d5a-476e-b16e-0068ecee517a - BM25 检索: query='信用卡挂失', top_k=10
2026-07-17 13:19:12 | INFO     | app.services.retrieval_pipeline:search:107 | trace_id=5a60f2e2-4d5a-476e-b16e-0068ecee517a - BM25 检索: query='信用卡挂失流程', top_k=10
2026-07-17 13:19:12 | INFO     | app.services.retrieval_pipeline:rerank:183 | trace_id=5a60f2e2-4d5a-476e-b16e-0068ecee517a - 重排序开始，候选数: 12
2026-07-17 13:19:12 | INFO     | app.services.retrieval_pipeline:rerank:211 | trace_id=5a60f2e2-4d5a-476e-b16e-0068ecee517a - 重排序完成，返回 Top-10
2026-07-17 13:19:12 | INFO     | app.services.retrieval_pipeline:search:319 | trace_id=5a60f2e2-4d5a-476e-b16e-0068ecee517a - 检索管线完成: 向量20 + BM250 → 去重12 → 重排10 → 最终5
2026-07-17 13:19:12 | INFO     | app.agents.persona_agent:generate_reply:18 | trace_id=5a60f2e2-4d5a-476e-b16e-0068ecee517a - PersonaAgent 正在生成客户回复
2026-07-17 13:19:44 | INFO     | app.services.retrieval_pipeline:search:272 | trace_id=9557440d-a159-4e3e-91dd-8e6c0f8f332b - 高级检索管线启动: query='信用卡挂失'
2026-07-17 13:19:44 | INFO     | app.services.retrieval_pipeline:rewrite:41 | trace_id=9557440d-a159-4e3e-91dd-8e6c0f8f332b - 查询改写开始: 信用卡挂失
2026-07-17 13:19:59 | INFO     | app.services.retrieval_pipeline:rewrite:53 | trace_id=9557440d-a159-4e3e-91dd-8e6c0f8f332b - 查询改写结果: {'main_query': '信用卡挂失', 'sub_queries': ['挂失办理流程', '挂失安全措施', '补卡申请', '遗失处理流程'], 'intent_tags': ['业务流程', '风控规则'], 'expected_content_type': 'sop|rule'}
2026-07-17 13:19:59 | INFO     | app.services.external_kb:search_knowledge:116 | trace_id=9557440d-a159-4e3e-91dd-8e6c0f8f332b - 正在执行向量检索: query='信用卡挂失', top_k=10
2026-07-17 13:19:59 | INFO     | app.services.external_kb:search_knowledge:116 | trace_id=9557440d-a159-4e3e-91dd-8e6c0f8f332b - 正在执行向量检索: query='挂失办理流程', top_k=10
2026-07-17 13:19:59 | INFO     | app.services.retrieval_pipeline:search:107 | trace_id=9557440d-a159-4e3e-91dd-8e6c0f8f332b - BM25 检索: query='信用卡挂失', top_k=10
2026-07-17 13:19:59 | INFO     | app.services.retrieval_pipeline:search:107 | trace_id=9557440d-a159-4e3e-91dd-8e6c0f8f332b - BM25 检索: query='挂失办理流程', top_k=10
2026-07-17 13:19:59 | INFO     | app.services.retrieval_pipeline:rerank:183 | trace_id=9557440d-a159-4e3e-91dd-8e6c0f8f332b - 重排序开始，候选数: 17
2026-07-17 13:19:59 | INFO     | app.services.retrieval_pipeline:rerank:211 | trace_id=9557440d-a159-4e3e-91dd-8e6c0f8f332b - 重排序完成，返回 Top-10
2026-07-17 13:19:59 | INFO     | app.services.retrieval_pipeline:search:319 | trace_id=9557440d-a159-4e3e-91dd-8e6c0f8f332b - 检索管线完成: 向量20 + BM250 → 去重17 → 重排10 → 最终5
2026-07-17 13:19:59 | INFO     | app.agents.persona_agent:generate_reply:18 | trace_id=9557440d-a159-4e3e-91dd-8e6c0f8f332b - PersonaAgent 正在生成客户回复
2026-07-17 13:20:37 | INFO     | app.services.retrieval_pipeline:search:272 | trace_id=78c54d1c-6f65-4773-bc2b-95a752abd643 - 高级检索管线启动: query='信用卡挂失'
2026-07-17 13:20:37 | INFO     | app.services.retrieval_pipeline:rewrite:41 | trace_id=78c54d1c-6f65-4773-bc2b-95a752abd643 - 查询改写开始: 信用卡挂失
2026-07-17 13:20:46 | INFO     | app.services.retrieval_pipeline:rewrite:53 | trace_id=78c54d1c-6f65-4773-bc2b-95a752abd643 - 查询改写结果: {'main_query': '信用卡挂失', 'sub_queries': ['信用卡挂失流程', '信用卡挂失手续', '信用卡挂失时效'], 'intent_tags': ['业务流程', '风控规则'], 'expected_content_type': 'sop|rule'}
2026-07-17 13:20:46 | INFO     | app.services.external_kb:search_knowledge:116 | trace_id=78c54d1c-6f65-4773-bc2b-95a752abd643 - 正在执行向量检索: query='信用卡挂失', top_k=10
2026-07-17 13:20:46 | INFO     | app.services.external_kb:search_knowledge:116 | trace_id=78c54d1c-6f65-4773-bc2b-95a752abd643 - 正在执行向量检索: query='信用卡挂失流程', top_k=10
2026-07-17 13:20:46 | INFO     | app.services.retrieval_pipeline:search:107 | trace_id=78c54d1c-6f65-4773-bc2b-95a752abd643 - BM25 检索: query='信用卡挂失', top_k=10
2026-07-17 13:20:46 | INFO     | app.services.retrieval_pipeline:search:107 | trace_id=78c54d1c-6f65-4773-bc2b-95a752abd643 - BM25 检索: query='信用卡挂失流程', top_k=10
2026-07-17 13:20:46 | INFO     | app.services.retrieval_pipeline:rerank:183 | trace_id=78c54d1c-6f65-4773-bc2b-95a752abd643 - 重排序开始，候选数: 12
2026-07-17 13:20:46 | INFO     | app.services.retrieval_pipeline:rerank:211 | trace_id=78c54d1c-6f65-4773-bc2b-95a752abd643 - 重排序完成，返回 Top-10
2026-07-17 13:20:46 | INFO     | app.services.retrieval_pipeline:search:319 | trace_id=78c54d1c-6f65-4773-bc2b-95a752abd643 - 检索管线完成: 向量20 + BM250 → 去重12 → 重排10 → 最终5
2026-07-17 13:20:46 | INFO     | app.agents.persona_agent:generate_reply:18 | trace_id=78c54d1c-6f65-4773-bc2b-95a752abd643 - PersonaAgent 正在生成客户回复
2026-07-17 13:40:06 | INFO     | app.services.exam_engine:initialize_exam:372 | trace_id=c01a8ea3-edcf-45af-9558-25c70697d047 - 初始化动态考试
2026-07-17 13:40:06 | INFO     | app.services.external_kb:get_node_by_id:146 | trace_id=c01a8ea3-edcf-45af-9558-25c70697d047 - 获取特定知识点内容: node_id='kb_011'
2026-07-17 13:40:06 | INFO     | app.services.external_kb:get_node_by_id:146 | trace_id=c01a8ea3-edcf-45af-9558-25c70697d047 - 获取特定知识点内容: node_id='kb_012'
2026-07-17 13:40:06 | INFO     | app.services.external_kb:get_node_by_id:146 | trace_id=c01a8ea3-edcf-45af-9558-25c70697d047 - 获取特定知识点内容: node_id='kb_013'
2026-07-17 13:40:06 | INFO     | app.services.external_kb:get_node_by_id:146 | trace_id=c01a8ea3-edcf-45af-9558-25c70697d047 - 获取特定知识点内容: node_id='kb_014'
2026-07-17 13:40:06 | INFO     | app.services.external_kb:get_node_by_id:146 | trace_id=c01a8ea3-edcf-45af-9558-25c70697d047 - 获取特定知识点内容: node_id='kb_016'
2026-07-17 13:40:31 | INFO     | app.services.exam_engine:initialize_exam:435 | trace_id=c01a8ea3-edcf-45af-9558-25c70697d047 - 考试初始化完成: 人格=疑虑型, 业务线=账户冻结, 初始烦躁值=40, 目标数=3
2026-07-17 13:40:31 | INFO     | app.services.retrieval_pipeline:search:272 | trace_id=c01a8ea3-edcf-45af-9558-25c70697d047 - 高级检索管线启动: query='账户冻结'
2026-07-17 13:40:31 | INFO     | app.services.retrieval_pipeline:rewrite:41 | trace_id=c01a8ea3-edcf-45af-9558-25c70697d047 - 查询改写开始: 账户冻结
2026-07-17 13:40:51 | INFO     | app.services.retrieval_pipeline:rewrite:53 | trace_id=c01a8ea3-edcf-45af-9558-25c70697d047 - 查询改写结果: {'main_query': '账户冻结', 'sub_queries': ['账户冻结原因', '账户冻结处理流程', '账户解冻方法', '交易止付', '异常账户管控'], 'intent_tags': ['业务流程', '风控规则'], 'expected_content_type': 'sop|rule|case|faq'}
2026-07-17 13:40:51 | INFO     | app.services.external_kb:search_knowledge:116 | trace_id=c01a8ea3-edcf-45af-9558-25c70697d047 - 正在执行向量检索: query='账户冻结', top_k=10
2026-07-17 13:40:51 | INFO     | app.services.external_kb:search_knowledge:116 | trace_id=c01a8ea3-edcf-45af-9558-25c70697d047 - 正在执行向量检索: query='账户冻结原因', top_k=10
2026-07-17 13:40:51 | INFO     | app.services.retrieval_pipeline:search:107 | trace_id=c01a8ea3-edcf-45af-9558-25c70697d047 - BM25 检索: query='账户冻结', top_k=10
2026-07-17 13:40:51 | INFO     | app.services.retrieval_pipeline:search:107 | trace_id=c01a8ea3-edcf-45af-9558-25c70697d047 - BM25 检索: query='账户冻结原因', top_k=10
2026-07-17 13:40:51 | INFO     | app.services.retrieval_pipeline:rerank:183 | trace_id=c01a8ea3-edcf-45af-9558-25c70697d047 - 重排序开始，候选数: 11
2026-07-17 13:40:51 | INFO     | app.services.retrieval_pipeline:rerank:211 | trace_id=c01a8ea3-edcf-45af-9558-25c70697d047 - 重排序完成，返回 Top-10
2026-07-17 13:40:51 | INFO     | app.services.retrieval_pipeline:search:319 | trace_id=c01a8ea3-edcf-45af-9558-25c70697d047 - 检索管线完成: 向量20 + BM250 → 去重11 → 重排10 → 最终5
2026-07-17 13:40:51 | INFO     | app.agents.persona_agent:generate_reply:18 | trace_id=c01a8ea3-edcf-45af-9558-25c70697d047 - PersonaAgent 正在生成客户回复
2026-07-17 14:23:39 | INFO     | app.services.exam_engine:initialize_exam:372 | trace_id=cbc0799f-a0bd-40b3-abaf-288916789679 - 初始化动态考试
2026-07-17 14:23:39 | INFO     | app.services.external_kb:get_node_by_id:146 | trace_id=cbc0799f-a0bd-40b3-abaf-288916789679 - 获取特定知识点内容: node_id='kb_021'
2026-07-17 14:23:39 | INFO     | app.services.external_kb:get_node_by_id:146 | trace_id=cbc0799f-a0bd-40b3-abaf-288916789679 - 获取特定知识点内容: node_id='kb_022'
2026-07-17 14:23:39 | INFO     | app.services.external_kb:get_node_by_id:146 | trace_id=cbc0799f-a0bd-40b3-abaf-288916789679 - 获取特定知识点内容: node_id='kb_023'
2026-07-17 14:23:39 | INFO     | app.services.external_kb:get_node_by_id:146 | trace_id=cbc0799f-a0bd-40b3-abaf-288916789679 - 获取特定知识点内容: node_id='kb_024'
2026-07-17 14:23:39 | INFO     | app.services.external_kb:get_node_by_id:146 | trace_id=cbc0799f-a0bd-40b3-abaf-288916789679 - 获取特定知识点内容: node_id='kb_025'
2026-07-17 14:24:11 | INFO     | app.services.exam_engine:initialize_exam:435 | trace_id=cbc0799f-a0bd-40b3-abaf-288916789679 - 考试初始化完成: 人格=急躁型, 业务线=信用卡挂失, 初始烦躁值=60, 目标数=3
2026-07-17 14:24:11 | INFO     | app.services.retrieval_pipeline:search:272 | trace_id=cbc0799f-a0bd-40b3-abaf-288916789679 - 高级检索管线启动: query='信用卡挂失'
2026-07-17 14:24:11 | INFO     | app.services.retrieval_pipeline:rewrite:41 | trace_id=cbc0799f-a0bd-40b3-abaf-288916789679 - 查询改写开始: 信用卡挂失
2026-07-17 14:24:49 | INFO     | app.services.retrieval_pipeline:rewrite:53 | trace_id=cbc0799f-a0bd-40b3-abaf-288916789679 - 查询改写结果: {'main_query': '信用卡挂失', 'sub_queries': ['挂失流程', '紧急挂失申请', '挂失后风险控制'], 'intent_tags': ['业务流程', '风控规则'], 'expected_content_type': 'sop|rule|case|faq'}
2026-07-17 14:24:49 | INFO     | app.services.external_kb:search_knowledge:116 | trace_id=cbc0799f-a0bd-40b3-abaf-288916789679 - 正在执行向量检索: query='信用卡挂失', top_k=10
2026-07-17 14:24:49 | INFO     | app.services.external_kb:search_knowledge:116 | trace_id=cbc0799f-a0bd-40b3-abaf-288916789679 - 正在执行向量检索: query='挂失流程', top_k=10
2026-07-17 14:24:49 | INFO     | app.services.retrieval_pipeline:search:107 | trace_id=cbc0799f-a0bd-40b3-abaf-288916789679 - BM25 检索: query='信用卡挂失', top_k=10
2026-07-17 14:24:49 | INFO     | app.services.retrieval_pipeline:search:107 | trace_id=cbc0799f-a0bd-40b3-abaf-288916789679 - BM25 检索: query='挂失流程', top_k=10
2026-07-17 14:24:49 | INFO     | app.services.retrieval_pipeline:rerank:183 | trace_id=cbc0799f-a0bd-40b3-abaf-288916789679 - 重排序开始，候选数: 17
2026-07-17 14:24:49 | INFO     | app.services.retrieval_pipeline:rerank:211 | trace_id=cbc0799f-a0bd-40b3-abaf-288916789679 - 重排序完成，返回 Top-10
2026-07-17 14:24:49 | INFO     | app.services.retrieval_pipeline:search:319 | trace_id=cbc0799f-a0bd-40b3-abaf-288916789679 - 检索管线完成: 向量20 + BM250 → 去重17 → 重排10 → 最终5
2026-07-17 14:24:49 | INFO     | app.agents.persona_agent:generate_reply:18 | trace_id=cbc0799f-a0bd-40b3-abaf-288916789679 - PersonaAgent 正在生成客户回复
2026-07-17 14:25:17 | INFO     | app.services.retrieval_pipeline:search:272 | trace_id=86dde431-2ffd-4d36-b32b-09bd4a653811 - 高级检索管线启动: query='信用卡挂失'
2026-07-17 14:25:17 | INFO     | app.services.retrieval_pipeline:rewrite:41 | trace_id=86dde431-2ffd-4d36-b32b-09bd4a653811 - 查询改写开始: 信用卡挂失
2026-07-17 14:25:27 | INFO     | app.services.retrieval_pipeline:rewrite:53 | trace_id=86dde431-2ffd-4d36-b32b-09bd4a653811 - 查询改写结果: {'main_query': '信用卡挂失', 'sub_queries': ['信用卡丢失', '银行卡挂失', '补卡流程'], 'intent_tags': ['业务流程', '风控规则'], 'expected_content_type': 'sop|rule'}
2026-07-17 14:25:27 | INFO     | app.services.external_kb:search_knowledge:116 | trace_id=86dde431-2ffd-4d36-b32b-09bd4a653811 - 正在执行向量检索: query='信用卡挂失', top_k=10
2026-07-17 14:25:27 | INFO     | app.services.external_kb:search_knowledge:116 | trace_id=86dde431-2ffd-4d36-b32b-09bd4a653811 - 正在执行向量检索: query='信用卡丢失', top_k=10
2026-07-17 14:25:27 | INFO     | app.services.retrieval_pipeline:search:107 | trace_id=86dde431-2ffd-4d36-b32b-09bd4a653811 - BM25 检索: query='信用卡挂失', top_k=10
2026-07-17 14:25:27 | INFO     | app.services.retrieval_pipeline:search:107 | trace_id=86dde431-2ffd-4d36-b32b-09bd4a653811 - BM25 检索: query='信用卡丢失', top_k=10
2026-07-17 14:25:27 | INFO     | app.services.retrieval_pipeline:rerank:183 | trace_id=86dde431-2ffd-4d36-b32b-09bd4a653811 - 重排序开始，候选数: 12
2026-07-17 14:25:27 | INFO     | app.services.retrieval_pipeline:rerank:211 | trace_id=86dde431-2ffd-4d36-b32b-09bd4a653811 - 重排序完成，返回 Top-10
2026-07-17 14:25:27 | INFO     | app.services.retrieval_pipeline:search:319 | trace_id=86dde431-2ffd-4d36-b32b-09bd4a653811 - 检索管线完成: 向量20 + BM250 → 去重12 → 重排10 → 最终5
2026-07-17 14:25:27 | INFO     | app.agents.persona_agent:generate_reply:18 | trace_id=86dde431-2ffd-4d36-b32b-09bd4a653811 - PersonaAgent 正在生成客户回复
2026-07-17 14:25:48 | INFO     | app.services.retrieval_pipeline:search:272 | trace_id=66dbdbee-0ff0-46f0-bf46-b8a3e14c4a43 - 高级检索管线启动: query='信用卡挂失'
2026-07-17 14:25:48 | INFO     | app.services.retrieval_pipeline:rewrite:41 | trace_id=66dbdbee-0ff0-46f0-bf46-b8a3e14c4a43 - 查询改写开始: 信用卡挂失
2026-07-17 14:26:02 | INFO     | app.services.retrieval_pipeline:rewrite:53 | trace_id=66dbdbee-0ff0-46f0-bf46-b8a3e14c4a43 - 查询改写结果: {'main_query': '信用卡挂失', 'sub_queries': ['信用卡挂失流程', '挂失申请材料', '挂失费用及补卡规则'], 'intent_tags': ['业务流程', '风控规则'], 'expected_content_type': 'sop|rule'}
2026-07-17 14:26:02 | INFO     | app.services.external_kb:search_knowledge:116 | trace_id=66dbdbee-0ff0-46f0-bf46-b8a3e14c4a43 - 正在执行向量检索: query='信用卡挂失', top_k=10
2026-07-17 14:26:02 | INFO     | app.services.external_kb:search_knowledge:116 | trace_id=66dbdbee-0ff0-46f0-bf46-b8a3e14c4a43 - 正在执行向量检索: query='信用卡挂失流程', top_k=10
2026-07-17 14:26:02 | INFO     | app.services.retrieval_pipeline:search:107 | trace_id=66dbdbee-0ff0-46f0-bf46-b8a3e14c4a43 - BM25 检索: query='信用卡挂失', top_k=10
2026-07-17 14:26:02 | INFO     | app.services.retrieval_pipeline:search:107 | trace_id=66dbdbee-0ff0-46f0-bf46-b8a3e14c4a43 - BM25 检索: query='信用卡挂失流程', top_k=10
2026-07-17 14:26:02 | INFO     | app.services.retrieval_pipeline:rerank:183 | trace_id=66dbdbee-0ff0-46f0-bf46-b8a3e14c4a43 - 重排序开始，候选数: 12
2026-07-17 14:26:02 | INFO     | app.services.retrieval_pipeline:rerank:211 | trace_id=66dbdbee-0ff0-46f0-bf46-b8a3e14c4a43 - 重排序完成，返回 Top-10
2026-07-17 14:26:02 | INFO     | app.services.retrieval_pipeline:search:319 | trace_id=66dbdbee-0ff0-46f0-bf46-b8a3e14c4a43 - 检索管线完成: 向量20 + BM250 → 去重12 → 重排10 → 最终5
2026-07-17 14:26:02 | INFO     | app.agents.persona_agent:generate_reply:18 | trace_id=66dbdbee-0ff0-46f0-bf46-b8a3e14c4a43 - PersonaAgent 正在生成客户回复
2026-07-17 14:26:30 | INFO     | app.services.retrieval_pipeline:search:272 | trace_id=8418cebb-2240-4e55-82d1-d1ac81acb77c - 高级检索管线启动: query='信用卡挂失'
2026-07-17 14:26:30 | INFO     | app.services.retrieval_pipeline:rewrite:41 | trace_id=8418cebb-2240-4e55-82d1-d1ac81acb77c - 查询改写开始: 信用卡挂失
2026-07-17 14:26:41 | INFO     | app.services.retrieval_pipeline:rewrite:53 | trace_id=8418cebb-2240-4e55-82d1-d1ac81acb77c - 查询改写结果: {'main_query': '信用卡挂失', 'sub_queries': ['信用卡丢失处理流程', '信用卡临时冻结', '信用卡补卡申请手续'], 'intent_tags': ['业务流程', '风控规则'], 'expected_content_type': 'sop|rule'}
2026-07-17 14:26:41 | INFO     | app.services.external_kb:search_knowledge:116 | trace_id=8418cebb-2240-4e55-82d1-d1ac81acb77c - 正在执行向量检索: query='信用卡挂失', top_k=10
2026-07-17 14:26:41 | INFO     | app.services.external_kb:search_knowledge:116 | trace_id=8418cebb-2240-4e55-82d1-d1ac81acb77c - 正在执行向量检索: query='信用卡丢失处理流程', top_k=10
2026-07-17 14:26:41 | INFO     | app.services.retrieval_pipeline:search:107 | trace_id=8418cebb-2240-4e55-82d1-d1ac81acb77c - BM25 检索: query='信用卡挂失', top_k=10
2026-07-17 14:26:41 | INFO     | app.services.retrieval_pipeline:search:107 | trace_id=8418cebb-2240-4e55-82d1-d1ac81acb77c - BM25 检索: query='信用卡丢失处理流程', top_k=10
2026-07-17 14:26:41 | INFO     | app.services.retrieval_pipeline:rerank:183 | trace_id=8418cebb-2240-4e55-82d1-d1ac81acb77c - 重排序开始，候选数: 11
2026-07-17 14:26:41 | INFO     | app.services.retrieval_pipeline:rerank:211 | trace_id=8418cebb-2240-4e55-82d1-d1ac81acb77c - 重排序完成，返回 Top-10
2026-07-17 14:26:41 | INFO     | app.services.retrieval_pipeline:search:319 | trace_id=8418cebb-2240-4e55-82d1-d1ac81acb77c - 检索管线完成: 向量20 + BM250 → 去重11 → 重排10 → 最终5
2026-07-17 14:26:41 | INFO     | app.agents.persona_agent:generate_reply:18 | trace_id=8418cebb-2240-4e55-82d1-d1ac81acb77c - PersonaAgent 正在生成客户回复
2026-07-17 14:27:02 | INFO     | app.services.retrieval_pipeline:search:272 | trace_id=1d15e636-6026-4ad1-ba8b-d195efbf4db3 - 高级检索管线启动: query='信用卡挂失'
2026-07-17 14:27:02 | INFO     | app.services.retrieval_pipeline:rewrite:41 | trace_id=1d15e636-6026-4ad1-ba8b-d195efbf4db3 - 查询改写开始: 信用卡挂失
2026-07-17 14:27:11 | INFO     | app.services.retrieval_pipeline:rewrite:53 | trace_id=1d15e636-6026-4ad1-ba8b-d195efbf4db3 - 查询改写结果: {'main_query': '信用卡挂失', 'sub_queries': ['遗失信用卡处理', '卡片丢失申请', '信用卡补办流程'], 'intent_tags': ['业务流程', '风控规则'], 'expected_content_type': ['sop', 'rule', 'case', 'faq']}
2026-07-17 14:27:11 | INFO     | app.services.external_kb:search_knowledge:116 | trace_id=1d15e636-6026-4ad1-ba8b-d195efbf4db3 - 正在执行向量检索: query='信用卡挂失', top_k=10
2026-07-17 14:27:11 | INFO     | app.services.external_kb:search_knowledge:116 | trace_id=1d15e636-6026-4ad1-ba8b-d195efbf4db3 - 正在执行向量检索: query='遗失信用卡处理', top_k=10
2026-07-17 14:27:11 | INFO     | app.services.retrieval_pipeline:search:107 | trace_id=1d15e636-6026-4ad1-ba8b-d195efbf4db3 - BM25 检索: query='信用卡挂失', top_k=10
2026-07-17 14:27:11 | INFO     | app.services.retrieval_pipeline:search:107 | trace_id=1d15e636-6026-4ad1-ba8b-d195efbf4db3 - BM25 检索: query='遗失信用卡处理', top_k=10
2026-07-17 14:27:11 | INFO     | app.services.retrieval_pipeline:rerank:183 | trace_id=1d15e636-6026-4ad1-ba8b-d195efbf4db3 - 重排序开始，候选数: 12
2026-07-17 14:27:11 | INFO     | app.services.retrieval_pipeline:rerank:211 | trace_id=1d15e636-6026-4ad1-ba8b-d195efbf4db3 - 重排序完成，返回 Top-10
2026-07-17 14:27:11 | INFO     | app.services.retrieval_pipeline:search:319 | trace_id=1d15e636-6026-4ad1-ba8b-d195efbf4db3 - 检索管线完成: 向量20 + BM250 → 去重12 → 重排10 → 最终5
2026-07-17 14:27:11 | INFO     | app.agents.persona_agent:generate_reply:18 | trace_id=1d15e636-6026-4ad1-ba8b-d195efbf4db3 - PersonaAgent 正在生成客户回复
2026-07-17 14:27:38 | INFO     | app.services.retrieval_pipeline:search:272 | trace_id=66aac8db-8c86-4b1d-bfb6-37604170cec2 - 高级检索管线启动: query='信用卡挂失'
2026-07-17 14:27:38 | INFO     | app.services.retrieval_pipeline:rewrite:41 | trace_id=66aac8db-8c86-4b1d-bfb6-37604170cec2 - 查询改写开始: 信用卡挂失
2026-07-17 14:27:48 | INFO     | app.services.retrieval_pipeline:rewrite:53 | trace_id=66aac8db-8c86-4b1d-bfb6-37604170cec2 - 查询改写结果: {'main_query': '信用卡挂失', 'sub_queries': ['卡片丢失处理', '补卡手续', '紧急冻结'], 'intent_tags': ['业务流程', '风控规则'], 'expected_content_type': 'sop|rule'}
2026-07-17 14:27:48 | INFO     | app.services.external_kb:search_knowledge:116 | trace_id=66aac8db-8c86-4b1d-bfb6-37604170cec2 - 正在执行向量检索: query='信用卡挂失', top_k=10
2026-07-17 14:27:48 | INFO     | app.services.external_kb:search_knowledge:116 | trace_id=66aac8db-8c86-4b1d-bfb6-37604170cec2 - 正在执行向量检索: query='卡片丢失处理', top_k=10
2026-07-17 14:27:48 | INFO     | app.services.retrieval_pipeline:search:107 | trace_id=66aac8db-8c86-4b1d-bfb6-37604170cec2 - BM25 检索: query='信用卡挂失', top_k=10
2026-07-17 14:27:48 | INFO     | app.services.retrieval_pipeline:search:107 | trace_id=66aac8db-8c86-4b1d-bfb6-37604170cec2 - BM25 检索: query='卡片丢失处理', top_k=10
2026-07-17 14:27:48 | INFO     | app.services.retrieval_pipeline:rerank:183 | trace_id=66aac8db-8c86-4b1d-bfb6-37604170cec2 - 重排序开始，候选数: 13
2026-07-17 14:27:48 | INFO     | app.services.retrieval_pipeline:rerank:211 | trace_id=66aac8db-8c86-4b1d-bfb6-37604170cec2 - 重排序完成，返回 Top-10
2026-07-17 14:27:48 | INFO     | app.services.retrieval_pipeline:search:319 | trace_id=66aac8db-8c86-4b1d-bfb6-37604170cec2 - 检索管线完成: 向量20 + BM250 → 去重13 → 重排10 → 最终5
2026-07-17 14:27:48 | INFO     | app.agents.persona_agent:generate_reply:18 | trace_id=66aac8db-8c86-4b1d-bfb6-37604170cec2 - PersonaAgent 正在生成客户回复
2026-07-17 14:28:13 | INFO     | app.services.retrieval_pipeline:search:272 | trace_id=ca221fa0-ed5b-4f03-bb97-47d5a62b9d4d - 高级检索管线启动: query='信用卡挂失'
2026-07-17 14:28:13 | INFO     | app.services.retrieval_pipeline:rewrite:41 | trace_id=ca221fa0-ed5b-4f03-bb97-47d5a62b9d4d - 查询改写开始: 信用卡挂失
2026-07-17 14:28:29 | INFO     | app.services.retrieval_pipeline:rewrite:53 | trace_id=ca221fa0-ed5b-4f03-bb97-47d5a62b9d4d - 查询改写结果: {'main_query': '信用卡挂失', 'sub_queries': ['信用卡丢失处理', '如何报失信用卡', '挂失信用卡流程', '信用卡遗失补卡', '境外信用卡挂失', '临时挂失信用卡'], 'intent_tags': ['业务流程', '风控规则'], 'expected_content_type': 'sop|rule|case|faq'}
2026-07-17 14:28:29 | INFO     | app.services.external_kb:search_knowledge:116 | trace_id=ca221fa0-ed5b-4f03-bb97-47d5a62b9d4d - 正在执行向量检索: query='信用卡挂失', top_k=10
2026-07-17 14:28:29 | INFO     | app.services.external_kb:search_knowledge:116 | trace_id=ca221fa0-ed5b-4f03-bb97-47d5a62b9d4d - 正在执行向量检索: query='信用卡丢失处理', top_k=10
2026-07-17 14:28:29 | INFO     | app.services.retrieval_pipeline:search:107 | trace_id=ca221fa0-ed5b-4f03-bb97-47d5a62b9d4d - BM25 检索: query='信用卡挂失', top_k=10
2026-07-17 14:28:29 | INFO     | app.services.retrieval_pipeline:search:107 | trace_id=ca221fa0-ed5b-4f03-bb97-47d5a62b9d4d - BM25 检索: query='信用卡丢失处理', top_k=10
2026-07-17 14:28:29 | INFO     | app.services.retrieval_pipeline:rerank:183 | trace_id=ca221fa0-ed5b-4f03-bb97-47d5a62b9d4d - 重排序开始，候选数: 10
2026-07-17 14:28:29 | INFO     | app.services.retrieval_pipeline:rerank:211 | trace_id=ca221fa0-ed5b-4f03-bb97-47d5a62b9d4d - 重排序完成，返回 Top-10
2026-07-17 14:28:29 | INFO     | app.services.retrieval_pipeline:search:319 | trace_id=ca221fa0-ed5b-4f03-bb97-47d5a62b9d4d - 检索管线完成: 向量20 + BM250 → 去重10 → 重排10 → 最终5
2026-07-17 14:28:29 | INFO     | app.agents.persona_agent:generate_reply:18 | trace_id=ca221fa0-ed5b-4f03-bb97-47d5a62b9d4d - PersonaAgent 正在生成客户回复
2026-07-17 14:28:50 | INFO     | app.services.retrieval_pipeline:search:272 | trace_id=8b66da93-30f9-4680-a2d5-8c4834645af3 - 高级检索管线启动: query='信用卡挂失'
2026-07-17 14:28:50 | INFO     | app.services.retrieval_pipeline:rewrite:41 | trace_id=8b66da93-30f9-4680-a2d5-8c4834645af3 - 查询改写开始: 信用卡挂失
2026-07-17 14:29:06 | INFO     | app.services.retrieval_pipeline:rewrite:53 | trace_id=8b66da93-30f9-4680-a2d5-8c4834645af3 - 查询改写结果: {'main_query': '信用卡挂失流程', 'sub_queries': ['电话挂失信用卡', '线上挂失信用卡', '信用卡遗失补办', '临时挂失操作', '正式挂失申请'], 'intent_tags': ['业务流程', '风控规则'], 'expected_content_type': 'sop|rule'}
2026-07-17 14:29:06 | INFO     | app.services.external_kb:search_knowledge:116 | trace_id=8b66da93-30f9-4680-a2d5-8c4834645af3 - 正在执行向量检索: query='信用卡挂失流程', top_k=10
2026-07-17 14:29:06 | INFO     | app.services.external_kb:search_knowledge:116 | trace_id=8b66da93-30f9-4680-a2d5-8c4834645af3 - 正在执行向量检索: query='电话挂失信用卡', top_k=10
2026-07-17 14:29:06 | INFO     | app.services.retrieval_pipeline:search:107 | trace_id=8b66da93-30f9-4680-a2d5-8c4834645af3 - BM25 检索: query='信用卡挂失流程', top_k=10
2026-07-17 14:29:06 | INFO     | app.services.retrieval_pipeline:search:107 | trace_id=8b66da93-30f9-4680-a2d5-8c4834645af3 - BM25 检索: query='电话挂失信用卡', top_k=10
2026-07-17 14:29:06 | INFO     | app.services.retrieval_pipeline:rerank:183 | trace_id=8b66da93-30f9-4680-a2d5-8c4834645af3 - 重排序开始，候选数: 15
2026-07-17 14:29:06 | INFO     | app.services.retrieval_pipeline:rerank:211 | trace_id=8b66da93-30f9-4680-a2d5-8c4834645af3 - 重排序完成，返回 Top-10
2026-07-17 14:29:06 | INFO     | app.services.retrieval_pipeline:search:319 | trace_id=8b66da93-30f9-4680-a2d5-8c4834645af3 - 检索管线完成: 向量20 + BM250 → 去重15 → 重排10 → 最终5
2026-07-17 14:29:06 | INFO     | app.agents.persona_agent:generate_reply:18 | trace_id=8b66da93-30f9-4680-a2d5-8c4834645af3 - PersonaAgent 正在生成客户回复
2026-07-17 14:29:31 | INFO     | app.services.retrieval_pipeline:search:272 | trace_id=af53d51b-81d1-4ade-a53a-39d8b64bd006 - 高级检索管线启动: query='信用卡挂失'
2026-07-17 14:29:31 | INFO     | app.services.retrieval_pipeline:rewrite:41 | trace_id=af53d51b-81d1-4ade-a53a-39d8b64bd006 - 查询改写开始: 信用卡挂失
2026-07-17 14:29:41 | INFO     | app.services.retrieval_pipeline:rewrite:53 | trace_id=af53d51b-81d1-4ade-a53a-39d8b64bd006 - 查询改写结果: {'main_query': '信用卡挂失', 'sub_queries': ['挂失流程', '电话挂失', '责任规则', '补办方法'], 'intent_tags': ['业务流程', '风控规则'], 'expected_content_type': 'sop|rule'}
2026-07-17 14:29:41 | INFO     | app.services.external_kb:search_knowledge:116 | trace_id=af53d51b-81d1-4ade-a53a-39d8b64bd006 - 正在执行向量检索: query='信用卡挂失', top_k=10
2026-07-17 14:29:41 | INFO     | app.services.external_kb:search_knowledge:116 | trace_id=af53d51b-81d1-4ade-a53a-39d8b64bd006 - 正在执行向量检索: query='挂失流程', top_k=10
2026-07-17 14:29:41 | INFO     | app.services.retrieval_pipeline:search:107 | trace_id=af53d51b-81d1-4ade-a53a-39d8b64bd006 - BM25 检索: query='信用卡挂失', top_k=10
2026-07-17 14:29:41 | INFO     | app.services.retrieval_pipeline:search:107 | trace_id=af53d51b-81d1-4ade-a53a-39d8b64bd006 - BM25 检索: query='挂失流程', top_k=10
2026-07-17 14:29:41 | INFO     | app.services.retrieval_pipeline:rerank:183 | trace_id=af53d51b-81d1-4ade-a53a-39d8b64bd006 - 重排序开始，候选数: 17
2026-07-17 14:29:41 | INFO     | app.services.retrieval_pipeline:rerank:211 | trace_id=af53d51b-81d1-4ade-a53a-39d8b64bd006 - 重排序完成，返回 Top-10
2026-07-17 14:29:41 | INFO     | app.services.retrieval_pipeline:search:319 | trace_id=af53d51b-81d1-4ade-a53a-39d8b64bd006 - 检索管线完成: 向量20 + BM250 → 去重17 → 重排10 → 最终5
2026-07-17 14:29:41 | INFO     | app.agents.persona_agent:generate_reply:18 | trace_id=af53d51b-81d1-4ade-a53a-39d8b64bd006 - PersonaAgent 正在生成客户回复
2026-07-17 14:30:05 | INFO     | app.services.retrieval_pipeline:search:272 | trace_id=f272bfad-61e2-445f-a9e7-bc87e2c20ee7 - 高级检索管线启动: query='信用卡挂失'
2026-07-17 14:30:05 | INFO     | app.services.retrieval_pipeline:rewrite:41 | trace_id=f272bfad-61e2-445f-a9e7-bc87e2c20ee7 - 查询改写开始: 信用卡挂失
2026-07-17 14:30:20 | INFO     | app.services.retrieval_pipeline:rewrite:53 | trace_id=f272bfad-61e2-445f-a9e7-bc87e2c20ee7 - 查询改写结果: {'main_query': '信用卡挂失流程', 'sub_queries': ['挂失生效时间', '挂失操作渠道', '挂失费用'], 'intent_tags': ['业务流程', '风控规则'], 'expected_content_type': 'sop|rule'}
2026-07-17 14:30:20 | INFO     | app.services.external_kb:search_knowledge:116 | trace_id=f272bfad-61e2-445f-a9e7-bc87e2c20ee7 - 正在执行向量检索: query='信用卡挂失流程', top_k=10
2026-07-17 14:30:20 | INFO     | app.services.external_kb:search_knowledge:116 | trace_id=f272bfad-61e2-445f-a9e7-bc87e2c20ee7 - 正在执行向量检索: query='挂失生效时间', top_k=10
2026-07-17 14:30:21 | INFO     | app.services.retrieval_pipeline:search:107 | trace_id=f272bfad-61e2-445f-a9e7-bc87e2c20ee7 - BM25 检索: query='信用卡挂失流程', top_k=10
2026-07-17 14:30:21 | INFO     | app.services.retrieval_pipeline:search:107 | trace_id=f272bfad-61e2-445f-a9e7-bc87e2c20ee7 - BM25 检索: query='挂失生效时间', top_k=10
2026-07-17 14:30:21 | INFO     | app.services.retrieval_pipeline:rerank:183 | trace_id=f272bfad-61e2-445f-a9e7-bc87e2c20ee7 - 重排序开始，候选数: 18
2026-07-17 14:30:21 | INFO     | app.services.retrieval_pipeline:rerank:211 | trace_id=f272bfad-61e2-445f-a9e7-bc87e2c20ee7 - 重排序完成，返回 Top-10
2026-07-17 14:30:21 | INFO     | app.services.retrieval_pipeline:search:319 | trace_id=f272bfad-61e2-445f-a9e7-bc87e2c20ee7 - 检索管线完成: 向量20 + BM250 → 去重18 → 重排10 → 最终5
2026-07-17 14:30:21 | INFO     | app.agents.persona_agent:generate_reply:18 | trace_id=f272bfad-61e2-445f-a9e7-bc87e2c20ee7 - PersonaAgent 正在生成客户回复
2026-07-17 14:31:11 | INFO     | app.services.retrieval_pipeline:search:272 | trace_id=a2fccdf2-e1c4-4f77-8189-5885318a2863 - 高级检索管线启动: query='信用卡挂失'
2026-07-17 14:31:11 | INFO     | app.services.retrieval_pipeline:rewrite:41 | trace_id=a2fccdf2-e1c4-4f77-8189-5885318a2863 - 查询改写开始: 信用卡挂失
2026-07-17 14:31:23 | INFO     | app.services.retrieval_pipeline:rewrite:53 | trace_id=a2fccdf2-e1c4-4f77-8189-5885318a2863 - 查询改写结果: {'main_query': '信用卡挂失', 'sub_queries': ['信用卡丢失', '卡片挂失', '办理挂失'], 'intent_tags': ['业务流程', '风控规则'], 'expected_content_type': 'sop'}
2026-07-17 14:31:23 | INFO     | app.services.external_kb:search_knowledge:116 | trace_id=a2fccdf2-e1c4-4f77-8189-5885318a2863 - 正在执行向量检索: query='信用卡挂失', top_k=10
2026-07-17 14:31:23 | INFO     | app.services.external_kb:search_knowledge:116 | trace_id=a2fccdf2-e1c4-4f77-8189-5885318a2863 - 正在执行向量检索: query='信用卡丢失', top_k=10
2026-07-17 14:31:23 | INFO     | app.services.retrieval_pipeline:search:107 | trace_id=a2fccdf2-e1c4-4f77-8189-5885318a2863 - BM25 检索: query='信用卡挂失', top_k=10
2026-07-17 14:31:23 | INFO     | app.services.retrieval_pipeline:search:107 | trace_id=a2fccdf2-e1c4-4f77-8189-5885318a2863 - BM25 检索: query='信用卡丢失', top_k=10
2026-07-17 14:31:23 | INFO     | app.services.retrieval_pipeline:rerank:183 | trace_id=a2fccdf2-e1c4-4f77-8189-5885318a2863 - 重排序开始，候选数: 12
2026-07-17 14:31:23 | INFO     | app.services.retrieval_pipeline:rerank:211 | trace_id=a2fccdf2-e1c4-4f77-8189-5885318a2863 - 重排序完成，返回 Top-10
2026-07-17 14:31:23 | INFO     | app.services.retrieval_pipeline:search:319 | trace_id=a2fccdf2-e1c4-4f77-8189-5885318a2863 - 检索管线完成: 向量20 + BM250 → 去重12 → 重排10 → 最终5
2026-07-17 14:31:23 | INFO     | app.agents.persona_agent:generate_reply:18 | trace_id=a2fccdf2-e1c4-4f77-8189-5885318a2863 - PersonaAgent 正在生成客户回复
2026-07-17 14:32:04 | INFO     | app.services.retrieval_pipeline:search:272 | trace_id=749e618c-5c27-4e24-b123-9b6c82fde47e - 高级检索管线启动: query='信用卡挂失'
2026-07-17 14:32:04 | INFO     | app.services.retrieval_pipeline:rewrite:41 | trace_id=749e618c-5c27-4e24-b123-9b6c82fde47e - 查询改写开始: 信用卡挂失
2026-07-17 14:32:20 | INFO     | app.services.retrieval_pipeline:rewrite:53 | trace_id=749e618c-5c27-4e24-b123-9b6c82fde47e - 查询改写结果: {'main_query': '信用卡挂失', 'sub_queries': ['信用卡丢失处理', '卡片挂失申请流程', '盗用信用卡紧急处理'], 'intent_tags': ['业务流程', '风控规则'], 'expected_content_type': ['sop', 'rule']}
2026-07-17 14:32:20 | INFO     | app.services.external_kb:search_knowledge:116 | trace_id=749e618c-5c27-4e24-b123-9b6c82fde47e - 正在执行向量检索: query='信用卡挂失', top_k=10
2026-07-17 14:32:20 | INFO     | app.services.external_kb:search_knowledge:116 | trace_id=749e618c-5c27-4e24-b123-9b6c82fde47e - 正在执行向量检索: query='信用卡丢失处理', top_k=10
2026-07-17 14:32:20 | INFO     | app.services.retrieval_pipeline:search:107 | trace_id=749e618c-5c27-4e24-b123-9b6c82fde47e - BM25 检索: query='信用卡挂失', top_k=10
2026-07-17 14:32:20 | INFO     | app.services.retrieval_pipeline:search:107 | trace_id=749e618c-5c27-4e24-b123-9b6c82fde47e - BM25 检索: query='信用卡丢失处理', top_k=10
2026-07-17 14:32:20 | INFO     | app.services.retrieval_pipeline:rerank:183 | trace_id=749e618c-5c27-4e24-b123-9b6c82fde47e - 重排序开始，候选数: 10
2026-07-17 14:32:20 | INFO     | app.services.retrieval_pipeline:rerank:211 | trace_id=749e618c-5c27-4e24-b123-9b6c82fde47e - 重排序完成，返回 Top-10
2026-07-17 14:32:20 | INFO     | app.services.retrieval_pipeline:search:319 | trace_id=749e618c-5c27-4e24-b123-9b6c82fde47e - 检索管线完成: 向量20 + BM250 → 去重10 → 重排10 → 最终5
2026-07-17 14:32:20 | INFO     | app.agents.persona_agent:generate_reply:18 | trace_id=749e618c-5c27-4e24-b123-9b6c82fde47e - PersonaAgent 正在生成客户回复
2026-07-17 14:33:17 | INFO     | app.services.retrieval_pipeline:search:272 | trace_id=f15f9acd-6614-4480-ab3a-20d6bef4e2c5 - 高级检索管线启动: query='信用卡挂失'
2026-07-17 14:33:17 | INFO     | app.services.retrieval_pipeline:rewrite:41 | trace_id=f15f9acd-6614-4480-ab3a-20d6bef4e2c5 - 查询改写开始: 信用卡挂失
2026-07-17 14:33:29 | INFO     | app.services.retrieval_pipeline:rewrite:53 | trace_id=f15f9acd-6614-4480-ab3a-20d6bef4e2c5 - 查询改写结果: {'main_query': '信用卡挂失申请流程', 'sub_queries': ['信用卡挂失操作方式', '卡片挂失作废处理', '信用卡挂失费用豁免规则', '补办新卡办理流程'], 'intent_tags': ['业务流程', '风控规则'], 'expected_content_type': 'sop'}
2026-07-17 14:33:29 | INFO     | app.services.external_kb:search_knowledge:116 | trace_id=f15f9acd-6614-4480-ab3a-20d6bef4e2c5 - 正在执行向量检索: query='信用卡挂失申请流程', top_k=10
2026-07-17 14:33:29 | INFO     | app.services.external_kb:search_knowledge:116 | trace_id=f15f9acd-6614-4480-ab3a-20d6bef4e2c5 - 正在执行向量检索: query='信用卡挂失操作方式', top_k=10
2026-07-17 14:33:29 | INFO     | app.services.retrieval_pipeline:search:107 | trace_id=f15f9acd-6614-4480-ab3a-20d6bef4e2c5 - BM25 检索: query='信用卡挂失申请流程', top_k=10
2026-07-17 14:33:29 | INFO     | app.services.retrieval_pipeline:search:107 | trace_id=f15f9acd-6614-4480-ab3a-20d6bef4e2c5 - BM25 检索: query='信用卡挂失操作方式', top_k=10
2026-07-17 14:33:29 | INFO     | app.services.retrieval_pipeline:rerank:183 | trace_id=f15f9acd-6614-4480-ab3a-20d6bef4e2c5 - 重排序开始，候选数: 12
2026-07-17 14:33:29 | INFO     | app.services.retrieval_pipeline:rerank:211 | trace_id=f15f9acd-6614-4480-ab3a-20d6bef4e2c5 - 重排序完成，返回 Top-10
2026-07-17 14:33:29 | INFO     | app.services.retrieval_pipeline:search:319 | trace_id=f15f9acd-6614-4480-ab3a-20d6bef4e2c5 - 检索管线完成: 向量20 + BM250 → 去重12 → 重排10 → 最终5
2026-07-17 14:33:29 | INFO     | app.agents.persona_agent:generate_reply:18 | trace_id=f15f9acd-6614-4480-ab3a-20d6bef4e2c5 - PersonaAgent 正在生成客户回复
2026-07-17 14:33:46 | INFO     | app.services.retrieval_pipeline:search:272 | trace_id=7d247483-3ace-499d-9990-be5c7b61f337 - 高级检索管线启动: query='信用卡挂失'
2026-07-17 14:33:46 | INFO     | app.services.retrieval_pipeline:rewrite:41 | trace_id=7d247483-3ace-499d-9990-be5c7b61f337 - 查询改写开始: 信用卡挂失
2026-07-17 14:33:55 | INFO     | app.services.retrieval_pipeline:rewrite:53 | trace_id=7d247483-3ace-499d-9990-be5c7b61f337 - 查询改写结果: {'main_query': '信用卡挂失流程', 'sub_queries': ['挂失步骤', '紧急补卡', '挂失费用'], 'intent_tags': ['业务流程', '风控规则'], 'expected_content_type': 'sop|faq'}
2026-07-17 14:33:55 | INFO     | app.services.external_kb:search_knowledge:116 | trace_id=7d247483-3ace-499d-9990-be5c7b61f337 - 正在执行向量检索: query='信用卡挂失流程', top_k=10
2026-07-17 14:33:55 | INFO     | app.services.external_kb:search_knowledge:116 | trace_id=7d247483-3ace-499d-9990-be5c7b61f337 - 正在执行向量检索: query='挂失步骤', top_k=10
2026-07-17 14:33:55 | INFO     | app.services.retrieval_pipeline:search:107 | trace_id=7d247483-3ace-499d-9990-be5c7b61f337 - BM25 检索: query='信用卡挂失流程', top_k=10
2026-07-17 14:33:55 | INFO     | app.services.retrieval_pipeline:search:107 | trace_id=7d247483-3ace-499d-9990-be5c7b61f337 - BM25 检索: query='挂失步骤', top_k=10
2026-07-17 14:33:55 | INFO     | app.services.retrieval_pipeline:rerank:183 | trace_id=7d247483-3ace-499d-9990-be5c7b61f337 - 重排序开始，候选数: 15
2026-07-17 14:33:55 | INFO     | app.services.retrieval_pipeline:rerank:211 | trace_id=7d247483-3ace-499d-9990-be5c7b61f337 - 重排序完成，返回 Top-10
2026-07-17 14:33:55 | INFO     | app.services.retrieval_pipeline:search:319 | trace_id=7d247483-3ace-499d-9990-be5c7b61f337 - 检索管线完成: 向量20 + BM250 → 去重15 → 重排10 → 最终5
2026-07-17 14:33:55 | INFO     | app.agents.persona_agent:generate_reply:18 | trace_id=7d247483-3ace-499d-9990-be5c7b61f337 - PersonaAgent 正在生成客户回复
2026-07-17 14:34:17 | INFO     | app.services.retrieval_pipeline:search:272 | trace_id=026f240d-d51d-45c7-ab70-60478fe00a85 - 高级检索管线启动: query='信用卡挂失'
2026-07-17 14:34:17 | INFO     | app.services.retrieval_pipeline:rewrite:41 | trace_id=026f240d-d51d-45c7-ab70-60478fe00a85 - 查询改写开始: 信用卡挂失
2026-07-17 14:34:28 | INFO     | app.services.retrieval_pipeline:rewrite:53 | trace_id=026f240d-d51d-45c7-ab70-60478fe00a85 - 查询改写结果: {'main_query': '信用卡挂失', 'sub_queries': ['信用卡补办', '信用卡资金冻结', '账户安全保障'], 'intent_tags': ['业务流程', '风控规则'], 'expected_content_type': 'sop|rule'}
2026-07-17 14:34:28 | INFO     | app.services.external_kb:search_knowledge:116 | trace_id=026f240d-d51d-45c7-ab70-60478fe00a85 - 正在执行向量检索: query='信用卡挂失', top_k=10
2026-07-17 14:34:28 | INFO     | app.services.external_kb:search_knowledge:116 | trace_id=026f240d-d51d-45c7-ab70-60478fe00a85 - 正在执行向量检索: query='信用卡补办', top_k=10
2026-07-17 14:34:28 | INFO     | app.services.retrieval_pipeline:search:107 | trace_id=026f240d-d51d-45c7-ab70-60478fe00a85 - BM25 检索: query='信用卡挂失', top_k=10
2026-07-17 14:34:28 | INFO     | app.services.retrieval_pipeline:search:107 | trace_id=026f240d-d51d-45c7-ab70-60478fe00a85 - BM25 检索: query='信用卡补办', top_k=10
2026-07-17 14:34:28 | INFO     | app.services.retrieval_pipeline:rerank:183 | trace_id=026f240d-d51d-45c7-ab70-60478fe00a85 - 重排序开始，候选数: 13
2026-07-17 14:34:28 | INFO     | app.services.retrieval_pipeline:rerank:211 | trace_id=026f240d-d51d-45c7-ab70-60478fe00a85 - 重排序完成，返回 Top-10
2026-07-17 14:34:28 | INFO     | app.services.retrieval_pipeline:search:319 | trace_id=026f240d-d51d-45c7-ab70-60478fe00a85 - 检索管线完成: 向量20 + BM250 → 去重13 → 重排10 → 最终5
2026-07-17 14:34:28 | INFO     | app.agents.persona_agent:generate_reply:18 | trace_id=026f240d-d51d-45c7-ab70-60478fe00a85 - PersonaAgent 正在生成客户回复
2026-07-17 14:37:57 | INFO     | app.services.exam_engine:initialize_exam:372 | trace_id=ee82027e-4151-4566-9764-f1d8a00540f3 - 初始化动态考试
2026-07-17 14:37:57 | INFO     | app.services.external_kb:get_node_by_id:146 | trace_id=ee82027e-4151-4566-9764-f1d8a00540f3 - 获取特定知识点内容: node_id='kb_015'
2026-07-17 14:37:57 | INFO     | app.services.external_kb:get_node_by_id:146 | trace_id=ee82027e-4151-4566-9764-f1d8a00540f3 - 获取特定知识点内容: node_id='kb_031'
2026-07-17 14:37:57 | INFO     | app.services.external_kb:get_node_by_id:146 | trace_id=ee82027e-4151-4566-9764-f1d8a00540f3 - 获取特定知识点内容: node_id='kb_032'
2026-07-17 14:37:57 | INFO     | app.services.external_kb:get_node_by_id:146 | trace_id=ee82027e-4151-4566-9764-f1d8a00540f3 - 获取特定知识点内容: node_id='kb_033'
2026-07-17 14:37:57 | INFO     | app.services.external_kb:get_node_by_id:146 | trace_id=ee82027e-4151-4566-9764-f1d8a00540f3 - 获取特定知识点内容: node_id='kb_034'
2026-07-17 14:38:15 | INFO     | app.services.exam_engine:initialize_exam:435 | trace_id=ee82027e-4151-4566-9764-f1d8a00540f3 - 考试初始化完成: 人格=急躁型, 业务线=信息变更, 初始烦躁值=60, 目标数=3
2026-07-17 14:38:16 | INFO     | app.services.retrieval_pipeline:search:272 | trace_id=ee82027e-4151-4566-9764-f1d8a00540f3 - 高级检索管线启动: query='信息变更'
2026-07-17 14:38:16 | INFO     | app.services.retrieval_pipeline:rewrite:41 | trace_id=ee82027e-4151-4566-9764-f1d8a00540f3 - 查询改写开始: 信息变更
2026-07-17 14:38:26 | INFO     | app.services.retrieval_pipeline:rewrite:53 | trace_id=ee82027e-4151-4566-9764-f1d8a00540f3 - 查询改写结果: {'main_query': '客户信息变更', 'sub_queries': ['联系方式变更', '账户资料修改', '信息更新流程'], 'intent_tags': ['业务流程', '风控规则'], 'expected_content_type': 'sop|rule'}
2026-07-17 14:38:26 | INFO     | app.services.external_kb:search_knowledge:116 | trace_id=ee82027e-4151-4566-9764-f1d8a00540f3 - 正在执行向量检索: query='客户信息变更', top_k=10
2026-07-17 14:38:26 | INFO     | app.services.external_kb:search_knowledge:116 | trace_id=ee82027e-4151-4566-9764-f1d8a00540f3 - 正在执行向量检索: query='联系方式变更', top_k=10
2026-07-17 14:38:26 | INFO     | app.services.retrieval_pipeline:search:107 | trace_id=ee82027e-4151-4566-9764-f1d8a00540f3 - BM25 检索: query='客户信息变更', top_k=10
2026-07-17 14:38:26 | INFO     | app.services.retrieval_pipeline:search:107 | trace_id=ee82027e-4151-4566-9764-f1d8a00540f3 - BM25 检索: query='联系方式变更', top_k=10
2026-07-17 14:38:26 | INFO     | app.services.retrieval_pipeline:rerank:183 | trace_id=ee82027e-4151-4566-9764-f1d8a00540f3 - 重排序开始，候选数: 16
2026-07-17 14:38:26 | INFO     | app.services.retrieval_pipeline:rerank:211 | trace_id=ee82027e-4151-4566-9764-f1d8a00540f3 - 重排序完成，返回 Top-10
2026-07-17 14:38:26 | INFO     | app.services.retrieval_pipeline:search:319 | trace_id=ee82027e-4151-4566-9764-f1d8a00540f3 - 检索管线完成: 向量20 + BM250 → 去重16 → 重排10 → 最终5
2026-07-17 14:38:26 | INFO     | app.agents.persona_agent:generate_reply:18 | trace_id=ee82027e-4151-4566-9764-f1d8a00540f3 - PersonaAgent 正在生成客户回复
2026-07-17 14:38:59 | INFO     | app.services.exam_engine:initialize_exam:372 | trace_id=048dab1a-1e79-40b2-a12a-84bac0e7608e - 初始化动态考试
2026-07-17 14:38:59 | INFO     | app.services.external_kb:get_node_by_id:146 | trace_id=048dab1a-1e79-40b2-a12a-84bac0e7608e - 获取特定知识点内容: node_id='kb_041'
2026-07-17 14:38:59 | INFO     | app.services.external_kb:get_node_by_id:146 | trace_id=048dab1a-1e79-40b2-a12a-84bac0e7608e - 获取特定知识点内容: node_id='kb_042'
2026-07-17 14:38:59 | INFO     | app.services.external_kb:get_node_by_id:146 | trace_id=048dab1a-1e79-40b2-a12a-84bac0e7608e - 获取特定知识点内容: node_id='kb_043'
2026-07-17 14:38:59 | INFO     | app.services.external_kb:get_node_by_id:146 | trace_id=048dab1a-1e79-40b2-a12a-84bac0e7608e - 获取特定知识点内容: node_id='kb_044'
2026-07-17 14:38:59 | INFO     | app.services.external_kb:get_node_by_id:146 | trace_id=048dab1a-1e79-40b2-a12a-84bac0e7608e - 获取特定知识点内容: node_id='kb_045'
2026-07-17 14:39:43 | INFO     | app.services.exam_engine:initialize_exam:435 | trace_id=048dab1a-1e79-40b2-a12a-84bac0e7608e - 考试初始化完成: 人格=普通型, 业务线=营销活动, 初始烦躁值=20, 目标数=3
2026-07-17 14:39:43 | INFO     | app.services.retrieval_pipeline:search:272 | trace_id=048dab1a-1e79-40b2-a12a-84bac0e7608e - 高级检索管线启动: query='营销活动'
2026-07-17 14:39:43 | INFO     | app.services.retrieval_pipeline:rewrite:41 | trace_id=048dab1a-1e79-40b2-a12a-84bac0e7608e - 查询改写开始: 营销活动
2026-07-17 14:40:06 | INFO     | app.services.retrieval_pipeline:rewrite:53 | trace_id=048dab1a-1e79-40b2-a12a-84bac0e7608e - 查询改写结果: {'main_query': '营销活动', 'sub_queries': ['促销活动', '优惠活动', '客户活动'], 'intent_tags': ['业务流程', '风控规则'], 'expected_content_type': 'sop'}
2026-07-17 14:40:06 | INFO     | app.services.external_kb:search_knowledge:116 | trace_id=048dab1a-1e79-40b2-a12a-84bac0e7608e - 正在执行向量检索: query='营销活动', top_k=10
2026-07-17 14:40:06 | INFO     | app.services.external_kb:search_knowledge:116 | trace_id=048dab1a-1e79-40b2-a12a-84bac0e7608e - 正在执行向量检索: query='促销活动', top_k=10
2026-07-17 14:40:06 | INFO     | app.services.retrieval_pipeline:search:107 | trace_id=048dab1a-1e79-40b2-a12a-84bac0e7608e - BM25 检索: query='营销活动', top_k=10
2026-07-17 14:40:06 | INFO     | app.services.retrieval_pipeline:search:107 | trace_id=048dab1a-1e79-40b2-a12a-84bac0e7608e - BM25 检索: query='促销活动', top_k=10
2026-07-17 14:40:06 | INFO     | app.services.retrieval_pipeline:rerank:183 | trace_id=048dab1a-1e79-40b2-a12a-84bac0e7608e - 重排序开始，候选数: 13
2026-07-17 14:40:06 | INFO     | app.services.retrieval_pipeline:rerank:211 | trace_id=048dab1a-1e79-40b2-a12a-84bac0e7608e - 重排序完成，返回 Top-10
2026-07-17 14:40:06 | INFO     | app.services.retrieval_pipeline:search:319 | trace_id=048dab1a-1e79-40b2-a12a-84bac0e7608e - 检索管线完成: 向量20 + BM250 → 去重13 → 重排10 → 最终5
2026-07-17 14:40:06 | INFO     | app.agents.persona_agent:generate_reply:18 | trace_id=048dab1a-1e79-40b2-a12a-84bac0e7608e - PersonaAgent 正在生成客户回复
2026-07-17 14:43:08 | INFO     | app.services.exam_engine:initialize_exam:372 | trace_id=40f602ce-0266-4026-b12b-e98adc2573c2 - 初始化动态考试
2026-07-17 14:43:08 | INFO     | app.services.external_kb:get_node_by_id:146 | trace_id=40f602ce-0266-4026-b12b-e98adc2573c2 - 获取特定知识点内容: node_id='kb_015'
2026-07-17 14:43:08 | INFO     | app.services.external_kb:get_node_by_id:146 | trace_id=40f602ce-0266-4026-b12b-e98adc2573c2 - 获取特定知识点内容: node_id='kb_031'
2026-07-17 14:43:08 | INFO     | app.services.external_kb:get_node_by_id:146 | trace_id=40f602ce-0266-4026-b12b-e98adc2573c2 - 获取特定知识点内容: node_id='kb_032'
2026-07-17 14:43:08 | INFO     | app.services.external_kb:get_node_by_id:146 | trace_id=40f602ce-0266-4026-b12b-e98adc2573c2 - 获取特定知识点内容: node_id='kb_033'
2026-07-17 14:43:08 | INFO     | app.services.external_kb:get_node_by_id:146 | trace_id=40f602ce-0266-4026-b12b-e98adc2573c2 - 获取特定知识点内容: node_id='kb_034'
2026-07-17 14:43:34 | INFO     | app.services.exam_engine:initialize_exam:435 | trace_id=40f602ce-0266-4026-b12b-e98adc2573c2 - 考试初始化完成: 人格=愤怒型, 业务线=信息变更, 初始烦躁值=70, 目标数=3
2026-07-17 14:43:34 | INFO     | app.services.retrieval_pipeline:search:272 | trace_id=40f602ce-0266-4026-b12b-e98adc2573c2 - 高级检索管线启动: query='信息变更'
2026-07-17 14:43:34 | INFO     | app.services.retrieval_pipeline:rewrite:41 | trace_id=40f602ce-0266-4026-b12b-e98adc2573c2 - 查询改写开始: 信息变更
2026-07-17 14:43:44 | INFO     | app.services.retrieval_pipeline:rewrite:53 | trace_id=40f602ce-0266-4026-b12b-e98adc2573c2 - 查询改写结果: {'main_query': 'information change', 'sub_queries': ['contact information update', 'account modification', 'identity verification renewal'], 'intent_tags': ['业务流程', '风控规则'], 'expected_content_type': 'sop|rule'}
2026-07-17 14:43:44 | INFO     | app.services.external_kb:search_knowledge:116 | trace_id=40f602ce-0266-4026-b12b-e98adc2573c2 - 正在执行向量检索: query='information change', top_k=10
2026-07-17 14:43:45 | INFO     | app.services.external_kb:search_knowledge:116 | trace_id=40f602ce-0266-4026-b12b-e98adc2573c2 - 正在执行向量检索: query='contact information update', top_k=10
2026-07-17 14:43:45 | INFO     | app.services.retrieval_pipeline:search:107 | trace_id=40f602ce-0266-4026-b12b-e98adc2573c2 - BM25 检索: query='information change', top_k=10
2026-07-17 14:43:45 | INFO     | app.services.retrieval_pipeline:search:107 | trace_id=40f602ce-0266-4026-b12b-e98adc2573c2 - BM25 检索: query='contact information update', top_k=10
2026-07-17 14:43:45 | INFO     | app.services.retrieval_pipeline:rerank:183 | trace_id=40f602ce-0266-4026-b12b-e98adc2573c2 - 重排序开始，候选数: 15
2026-07-17 14:43:45 | INFO     | app.services.retrieval_pipeline:rerank:211 | trace_id=40f602ce-0266-4026-b12b-e98adc2573c2 - 重排序完成，返回 Top-10
2026-07-17 14:43:45 | INFO     | app.services.retrieval_pipeline:search:319 | trace_id=40f602ce-0266-4026-b12b-e98adc2573c2 - 检索管线完成: 向量20 + BM250 → 去重15 → 重排10 → 最终5
2026-07-17 14:43:45 | INFO     | app.agents.persona_agent:generate_reply:18 | trace_id=40f602ce-0266-4026-b12b-e98adc2573c2 - PersonaAgent 正在生成客户回复
2026-07-17 14:51:45 | INFO     | app.services.external_kb:_init_knowledge_base:42 | trace_id=system - 向量知识库已存在，共 105 条记录，跳过初始化。
2026-07-17 14:51:47 | INFO     | app.services.external_kb:get_all_nodes:162 | trace_id=prewarm - 获取知识库全部节点
2026-07-17 14:51:47 | INFO     | app.services.external_kb:get_all_nodes:173 | trace_id=prewarm - 知识库共 105 条节点
2026-07-17 14:52:38 | INFO     | app.services.exam_engine:get_business_config:72 | trace_id=prewarm - 从知识库提取业务线完成: 6 条业务线, 6 个关联关系
2026-07-17 14:52:38 | INFO     | app.main:_prewarm:62 | trace_id=system - [预热] 业务线分类已完成
2026-07-17 14:53:01 | INFO     | app.services.exam_engine:initialize_exam:538 | trace_id=051dae50-b638-443e-8a22-119f505f9425 - 初始化动态考试
2026-07-17 14:53:01 | WARNING  | app.services.exam_engine:_load_persona_configs:487 | trace_id=3119d091-7a6c-420a-8a28-e72a3840dc59 - 从数据库加载人格配置失败: (pymysql.err.OperationalError) (1054, "Unknown column 'personas.initial_anxiety' in 'field list'")
[SQL: SELECT personas.id, personas.name, personas.system_prompt, personas.description, personas.initial_anxiety, personas.threshold, personas.created_at 
FROM personas]
(Background on this error at: https://sqlalche.me/e/20/e3q8)
2026-07-17 14:53:01 | INFO     | app.services.exam_engine:_load_persona_configs:489 | trace_id=3119d091-7a6c-420a-8a28-e72a3840dc59 - 使用代码硬编码的人格配置作为降级方案
2026-07-17 14:53:01 | INFO     | app.services.external_kb:get_node_by_id:146 | trace_id=051dae50-b638-443e-8a22-119f505f9425 - 获取特定知识点内容: node_id='kb_041'
2026-07-17 14:53:01 | INFO     | app.services.external_kb:get_node_by_id:146 | trace_id=051dae50-b638-443e-8a22-119f505f9425 - 获取特定知识点内容: node_id='kb_042'
2026-07-17 14:53:01 | INFO     | app.services.external_kb:get_node_by_id:146 | trace_id=051dae50-b638-443e-8a22-119f505f9425 - 获取特定知识点内容: node_id='kb_043'
2026-07-17 14:53:01 | INFO     | app.services.external_kb:get_node_by_id:146 | trace_id=051dae50-b638-443e-8a22-119f505f9425 - 获取特定知识点内容: node_id='kb_044'
2026-07-17 14:53:01 | INFO     | app.services.external_kb:get_node_by_id:146 | trace_id=051dae50-b638-443e-8a22-119f505f9425 - 获取特定知识点内容: node_id='kb_045'
2026-07-17 14:53:18 | WARNING  | app.services.exam_engine:_load_project_scenario:525 | trace_id=051dae50-b638-443e-8a22-119f505f9425 - 加载项目场景失败: (pymysql.err.ProgrammingError) (1146, "Table 'customer_service.project_scenarios' doesn't exist")
[SQL: SELECT project_scenarios.id, project_scenarios.name, project_scenarios.description, project_scenarios.business_line, project_scenarios.tasks, project_scenarios.difficulty, project_scenarios.enabled, project_scenarios.created_at 
FROM project_scenarios 
WHERE project_scenarios.enabled = true]
(Background on this error at: https://sqlalche.me/e/20/f405)
2026-07-17 14:53:18 | INFO     | app.services.exam_engine:_load_project_scenario:530 | trace_id=051dae50-b638-443e-8a22-119f505f9425 - 使用默认 PBL 项目场景: 完整投诉处理流程
2026-07-17 14:53:18 | INFO     | app.services.external_kb:get_node_by_id:146 | trace_id=051dae50-b638-443e-8a22-119f505f9425 - 获取特定知识点内容: node_id='kb_021'
2026-07-17 14:53:18 | INFO     | app.services.external_kb:get_node_by_id:146 | trace_id=051dae50-b638-443e-8a22-119f505f9425 - 获取特定知识点内容: node_id='kb_022'
2026-07-17 14:53:18 | INFO     | app.services.external_kb:get_node_by_id:146 | trace_id=051dae50-b638-443e-8a22-119f505f9425 - 获取特定知识点内容: node_id='kb_023'
2026-07-17 14:53:18 | INFO     | app.services.external_kb:get_node_by_id:146 | trace_id=051dae50-b638-443e-8a22-119f505f9425 - 获取特定知识点内容: node_id='kb_024'
2026-07-17 14:53:18 | INFO     | app.services.external_kb:get_node_by_id:146 | trace_id=051dae50-b638-443e-8a22-119f505f9425 - 获取特定知识点内容: node_id='kb_025'
2026-07-17 14:54:20 | INFO     | app.services.exam_engine:initialize_exam:584 | trace_id=051dae50-b638-443e-8a22-119f505f9425 - PBL 项目制模式: 完整投诉处理流程, 任务数=3
2026-07-17 14:54:20 | INFO     | app.services.exam_engine:initialize_exam:642 | trace_id=051dae50-b638-443e-8a22-119f505f9425 - 考试初始化完成: 模式=project, 人格=疑虑型, 业务线=信用卡挂失, 初始烦躁值=40, 目标数=3
2026-07-17 14:54:20 | INFO     | app.services.exam_engine:initialize_exam:538 | trace_id=6f94d428-8770-48a0-9229-6c94cb1afee3 - 初始化动态考试
2026-07-17 14:54:20 | INFO     | app.services.external_kb:get_node_by_id:146 | trace_id=6f94d428-8770-48a0-9229-6c94cb1afee3 - 获取特定知识点内容: node_id='kb_001'
2026-07-17 14:54:20 | INFO     | app.services.external_kb:get_node_by_id:146 | trace_id=6f94d428-8770-48a0-9229-6c94cb1afee3 - 获取特定知识点内容: node_id='kb_002'
2026-07-17 14:54:20 | INFO     | app.services.external_kb:get_node_by_id:146 | trace_id=6f94d428-8770-48a0-9229-6c94cb1afee3 - 获取特定知识点内容: node_id='kb_007'
2026-07-17 14:54:20 | INFO     | app.services.external_kb:get_node_by_id:146 | trace_id=6f94d428-8770-48a0-9229-6c94cb1afee3 - 获取特定知识点内容: node_id='kb_009'
2026-07-17 14:54:20 | INFO     | app.services.external_kb:get_node_by_id:146 | trace_id=6f94d428-8770-48a0-9229-6c94cb1afee3 - 获取特定知识点内容: node_id='kb_010'
2026-07-17 14:54:41 | WARNING  | app.services.exam_engine:_load_project_scenario:525 | trace_id=6f94d428-8770-48a0-9229-6c94cb1afee3 - 加载项目场景失败: (pymysql.err.ProgrammingError) (1146, "Table 'customer_service.project_scenarios' doesn't exist")
[SQL: SELECT project_scenarios.id, project_scenarios.name, project_scenarios.description, project_scenarios.business_line, project_scenarios.tasks, project_scenarios.difficulty, project_scenarios.enabled, project_scenarios.created_at 
FROM project_scenarios 
WHERE project_scenarios.enabled = true]
(Background on this error at: https://sqlalche.me/e/20/f405)
2026-07-17 14:54:41 | INFO     | app.services.exam_engine:_load_project_scenario:530 | trace_id=6f94d428-8770-48a0-9229-6c94cb1afee3 - 使用默认 PBL 项目场景: 完整投诉处理流程
2026-07-17 14:54:41 | INFO     | app.services.external_kb:get_node_by_id:146 | trace_id=6f94d428-8770-48a0-9229-6c94cb1afee3 - 获取特定知识点内容: node_id='kb_021'
2026-07-17 14:54:41 | INFO     | app.services.external_kb:get_node_by_id:146 | trace_id=6f94d428-8770-48a0-9229-6c94cb1afee3 - 获取特定知识点内容: node_id='kb_022'
2026-07-17 14:54:41 | INFO     | app.services.external_kb:get_node_by_id:146 | trace_id=6f94d428-8770-48a0-9229-6c94cb1afee3 - 获取特定知识点内容: node_id='kb_023'
2026-07-17 14:54:41 | INFO     | app.services.external_kb:get_node_by_id:146 | trace_id=6f94d428-8770-48a0-9229-6c94cb1afee3 - 获取特定知识点内容: node_id='kb_024'
2026-07-17 14:54:41 | INFO     | app.services.external_kb:get_node_by_id:146 | trace_id=6f94d428-8770-48a0-9229-6c94cb1afee3 - 获取特定知识点内容: node_id='kb_025'
2026-07-17 14:55:02 | INFO     | app.services.exam_engine:initialize_exam:584 | trace_id=6f94d428-8770-48a0-9229-6c94cb1afee3 - PBL 项目制模式: 完整投诉处理流程, 任务数=3
2026-07-17 14:55:02 | INFO     | app.services.exam_engine:initialize_exam:642 | trace_id=6f94d428-8770-48a0-9229-6c94cb1afee3 - 考试初始化完成: 模式=project, 人格=普通型, 业务线=信用卡挂失, 初始烦躁值=20, 目标数=3
2026-07-17 14:55:02 | INFO     | app.services.retrieval_pipeline:search:272 | trace_id=051dae50-b638-443e-8a22-119f505f9425 - 高级检索管线启动: query='信用卡挂失'
2026-07-17 14:55:02 | INFO     | app.services.retrieval_pipeline:rewrite:41 | trace_id=051dae50-b638-443e-8a22-119f505f9425 - 查询改写开始: 信用卡挂失
2026-07-17 14:55:15 | INFO     | app.services.retrieval_pipeline:rewrite:53 | trace_id=051dae50-b638-443e-8a22-119f505f9425 - 查询改写结果: {'main_query': '信用卡挂失', 'sub_queries': ['信用卡遗失处理', '信用卡盗用申报', '紧急补卡流程', '信用卡挂失方法', '境外信用卡挂失'], 'intent_tags': ['业务流程', '风控规则'], 'expected_content_type': 'sop|rule'}
2026-07-17 14:55:15 | INFO     | app.services.external_kb:search_knowledge:116 | trace_id=051dae50-b638-443e-8a22-119f505f9425 - 正在执行向量检索: query='信用卡挂失', top_k=10
2026-07-17 14:55:15 | INFO     | app.services.external_kb:search_knowledge:116 | trace_id=051dae50-b638-443e-8a22-119f505f9425 - 正在执行向量检索: query='信用卡遗失处理', top_k=10
2026-07-17 14:55:15 | INFO     | app.services.retrieval_pipeline:search:107 | trace_id=051dae50-b638-443e-8a22-119f505f9425 - BM25 检索: query='信用卡挂失', top_k=10
2026-07-17 14:55:15 | INFO     | app.services.retrieval_pipeline:search:107 | trace_id=051dae50-b638-443e-8a22-119f505f9425 - BM25 检索: query='信用卡遗失处理', top_k=10
2026-07-17 14:55:15 | INFO     | app.services.retrieval_pipeline:_load_reranker:145 | trace_id=3119d091-7a6c-420a-8a28-e72a3840dc59 - BGE Reranker 未启用（设置环境变量 ENABLE_RERANKER=1 以启用），使用降级关键词覆盖率评分
2026-07-17 14:55:15 | INFO     | app.services.retrieval_pipeline:rerank:183 | trace_id=051dae50-b638-443e-8a22-119f505f9425 - 重排序开始，候选数: 12
2026-07-17 14:55:15 | INFO     | app.services.retrieval_pipeline:rerank:211 | trace_id=051dae50-b638-443e-8a22-119f505f9425 - 重排序完成，返回 Top-10
2026-07-17 14:55:15 | INFO     | app.services.retrieval_pipeline:search:319 | trace_id=051dae50-b638-443e-8a22-119f505f9425 - 检索管线完成: 向量20 + BM250 → 去重12 → 重排10 → 最终5
2026-07-17 14:55:15 | INFO     | app.agents.persona_agent:generate_reply:27 | trace_id=051dae50-b638-443e-8a22-119f505f9425 - PersonaAgent 正在生成客户回复
2026-07-17 14:55:22 | INFO     | app.services.retrieval_pipeline:search:272 | trace_id=6f94d428-8770-48a0-9229-6c94cb1afee3 - 高级检索管线启动: query='信用卡挂失'
2026-07-17 14:55:22 | INFO     | app.services.retrieval_pipeline:rewrite:41 | trace_id=6f94d428-8770-48a0-9229-6c94cb1afee3 - 查询改写开始: 信用卡挂失
2026-07-17 14:55:29 | INFO     | app.services.retrieval_pipeline:rewrite:53 | trace_id=6f94d428-8770-48a0-9229-6c94cb1afee3 - 查询改写结果: {'main_query': '信用卡挂失', 'sub_queries': ['挂失申请条件', '挂失操作渠道', '挂失后补卡流程'], 'intent_tags': ['业务流程', '风控规则'], 'expected_content_type': 'sop'}
2026-07-17 14:55:29 | INFO     | app.services.external_kb:search_knowledge:116 | trace_id=6f94d428-8770-48a0-9229-6c94cb1afee3 - 正在执行向量检索: query='信用卡挂失', top_k=10
2026-07-17 14:55:29 | INFO     | app.services.external_kb:search_knowledge:116 | trace_id=6f94d428-8770-48a0-9229-6c94cb1afee3 - 正在执行向量检索: query='挂失申请条件', top_k=10
2026-07-17 14:55:29 | INFO     | app.services.retrieval_pipeline:search:107 | trace_id=6f94d428-8770-48a0-9229-6c94cb1afee3 - BM25 检索: query='信用卡挂失', top_k=10
2026-07-17 14:55:29 | INFO     | app.services.retrieval_pipeline:search:107 | trace_id=6f94d428-8770-48a0-9229-6c94cb1afee3 - BM25 检索: query='挂失申请条件', top_k=10
2026-07-17 14:55:29 | INFO     | app.services.retrieval_pipeline:rerank:183 | trace_id=6f94d428-8770-48a0-9229-6c94cb1afee3 - 重排序开始，候选数: 18
2026-07-17 14:55:29 | INFO     | app.services.retrieval_pipeline:rerank:211 | trace_id=6f94d428-8770-48a0-9229-6c94cb1afee3 - 重排序完成，返回 Top-10
2026-07-17 14:55:29 | INFO     | app.services.retrieval_pipeline:search:319 | trace_id=6f94d428-8770-48a0-9229-6c94cb1afee3 - 检索管线完成: 向量20 + BM250 → 去重18 → 重排10 → 最终5
2026-07-17 14:55:29 | INFO     | app.agents.persona_agent:generate_reply:27 | trace_id=6f94d428-8770-48a0-9229-6c94cb1afee3 - PersonaAgent 正在生成客户回复
2026-07-17 14:56:10 | INFO     | app.services.exam_engine:initialize_exam:538 | trace_id=7942e19c-199c-49f0-95bb-7657fb47d172 - 初始化动态考试
2026-07-17 14:56:10 | INFO     | app.services.external_kb:get_node_by_id:146 | trace_id=7942e19c-199c-49f0-95bb-7657fb47d172 - 获取特定知识点内容: node_id='kb_011'
2026-07-17 14:56:10 | INFO     | app.services.external_kb:get_node_by_id:146 | trace_id=7942e19c-199c-49f0-95bb-7657fb47d172 - 获取特定知识点内容: node_id='kb_012'
2026-07-17 14:56:10 | INFO     | app.services.external_kb:get_node_by_id:146 | trace_id=7942e19c-199c-49f0-95bb-7657fb47d172 - 获取特定知识点内容: node_id='kb_013'
2026-07-17 14:56:10 | INFO     | app.services.external_kb:get_node_by_id:146 | trace_id=7942e19c-199c-49f0-95bb-7657fb47d172 - 获取特定知识点内容: node_id='kb_014'
2026-07-17 14:56:10 | INFO     | app.services.external_kb:get_node_by_id:146 | trace_id=7942e19c-199c-49f0-95bb-7657fb47d172 - 获取特定知识点内容: node_id='kb_015'
2026-07-17 14:56:32 | WARNING  | app.services.exam_engine:_load_project_scenario:525 | trace_id=7942e19c-199c-49f0-95bb-7657fb47d172 - 加载项目场景失败: (pymysql.err.ProgrammingError) (1146, "Table 'customer_service.project_scenarios' doesn't exist")
[SQL: SELECT project_scenarios.id, project_scenarios.name, project_scenarios.description, project_scenarios.business_line, project_scenarios.tasks, project_scenarios.difficulty, project_scenarios.enabled, project_scenarios.created_at 
FROM project_scenarios 
WHERE project_scenarios.enabled = true]
(Background on this error at: https://sqlalche.me/e/20/f405)
2026-07-17 14:56:32 | INFO     | app.services.exam_engine:_load_project_scenario:530 | trace_id=7942e19c-199c-49f0-95bb-7657fb47d172 - 使用默认 PBL 项目场景: 完整投诉处理流程
2026-07-17 14:56:32 | INFO     | app.services.external_kb:get_node_by_id:146 | trace_id=7942e19c-199c-49f0-95bb-7657fb47d172 - 获取特定知识点内容: node_id='kb_021'
2026-07-17 14:56:32 | INFO     | app.services.external_kb:get_node_by_id:146 | trace_id=7942e19c-199c-49f0-95bb-7657fb47d172 - 获取特定知识点内容: node_id='kb_022'
2026-07-17 14:56:32 | INFO     | app.services.external_kb:get_node_by_id:146 | trace_id=7942e19c-199c-49f0-95bb-7657fb47d172 - 获取特定知识点内容: node_id='kb_023'
2026-07-17 14:56:32 | INFO     | app.services.external_kb:get_node_by_id:146 | trace_id=7942e19c-199c-49f0-95bb-7657fb47d172 - 获取特定知识点内容: node_id='kb_024'
2026-07-17 14:56:32 | INFO     | app.services.external_kb:get_node_by_id:146 | trace_id=7942e19c-199c-49f0-95bb-7657fb47d172 - 获取特定知识点内容: node_id='kb_025'
2026-07-17 14:56:42 | INFO     | app.services.exam_engine:initialize_exam:584 | trace_id=7942e19c-199c-49f0-95bb-7657fb47d172 - PBL 项目制模式: 完整投诉处理流程, 任务数=3
2026-07-17 14:56:42 | INFO     | app.services.exam_engine:initialize_exam:642 | trace_id=7942e19c-199c-49f0-95bb-7657fb47d172 - 考试初始化完成: 模式=project, 人格=普通型, 业务线=信用卡挂失, 初始烦躁值=20, 目标数=3
2026-07-17 14:56:42 | INFO     | app.services.retrieval_pipeline:search:272 | trace_id=7942e19c-199c-49f0-95bb-7657fb47d172 - 高级检索管线启动: query='信用卡挂失'
2026-07-17 14:56:42 | INFO     | app.services.retrieval_pipeline:rewrite:41 | trace_id=7942e19c-199c-49f0-95bb-7657fb47d172 - 查询改写开始: 信用卡挂失
2026-07-17 14:56:54 | INFO     | app.services.retrieval_pipeline:rewrite:53 | trace_id=7942e19c-199c-49f0-95bb-7657fb47d172 - 查询改写结果: {'main_query': '信用卡挂失', 'sub_queries': ['挂失申请流程', '口头挂失操作', '正式挂失处理'], 'intent_tags': ['业务流程', '风控规则'], 'expected_content_type': 'sop'}
2026-07-17 14:56:54 | INFO     | app.services.external_kb:search_knowledge:116 | trace_id=7942e19c-199c-49f0-95bb-7657fb47d172 - 正在执行向量检索: query='信用卡挂失', top_k=10
2026-07-17 14:56:54 | INFO     | app.services.external_kb:search_knowledge:116 | trace_id=7942e19c-199c-49f0-95bb-7657fb47d172 - 正在执行向量检索: query='挂失申请流程', top_k=10
2026-07-17 14:56:54 | INFO     | app.services.retrieval_pipeline:search:107 | trace_id=7942e19c-199c-49f0-95bb-7657fb47d172 - BM25 检索: query='信用卡挂失', top_k=10
2026-07-17 14:56:54 | INFO     | app.services.retrieval_pipeline:search:107 | trace_id=7942e19c-199c-49f0-95bb-7657fb47d172 - BM25 检索: query='挂失申请流程', top_k=10
2026-07-17 14:56:54 | INFO     | app.services.retrieval_pipeline:rerank:183 | trace_id=7942e19c-199c-49f0-95bb-7657fb47d172 - 重排序开始，候选数: 17
2026-07-17 14:56:54 | INFO     | app.services.retrieval_pipeline:rerank:211 | trace_id=7942e19c-199c-49f0-95bb-7657fb47d172 - 重排序完成，返回 Top-10
2026-07-17 14:56:54 | INFO     | app.services.retrieval_pipeline:search:319 | trace_id=7942e19c-199c-49f0-95bb-7657fb47d172 - 检索管线完成: 向量20 + BM250 → 去重17 → 重排10 → 最终5
2026-07-17 14:56:54 | INFO     | app.agents.persona_agent:generate_reply:27 | trace_id=7942e19c-199c-49f0-95bb-7657fb47d172 - PersonaAgent 正在生成客户回复
2026-07-17 14:57:00 | INFO     | app.services.exam_engine:initialize_exam:538 | trace_id=5d3df526-5824-4040-9dfa-bea646afcb34 - 初始化动态考试
2026-07-17 14:57:00 | INFO     | app.services.external_kb:get_node_by_id:146 | trace_id=5d3df526-5824-4040-9dfa-bea646afcb34 - 获取特定知识点内容: node_id='kb_031'
2026-07-17 14:57:00 | INFO     | app.services.external_kb:get_node_by_id:146 | trace_id=5d3df526-5824-4040-9dfa-bea646afcb34 - 获取特定知识点内容: node_id='kb_032'
2026-07-17 14:57:00 | INFO     | app.services.external_kb:get_node_by_id:146 | trace_id=5d3df526-5824-4040-9dfa-bea646afcb34 - 获取特定知识点内容: node_id='kb_033'
2026-07-17 14:57:00 | INFO     | app.services.external_kb:get_node_by_id:146 | trace_id=5d3df526-5824-4040-9dfa-bea646afcb34 - 获取特定知识点内容: node_id='kb_034'
2026-07-17 14:57:00 | INFO     | app.services.external_kb:get_node_by_id:146 | trace_id=5d3df526-5824-4040-9dfa-bea646afcb34 - 获取特定知识点内容: node_id='kb_035'
2026-07-17 14:57:22 | WARNING  | app.services.exam_engine:_load_project_scenario:525 | trace_id=5d3df526-5824-4040-9dfa-bea646afcb34 - 加载项目场景失败: (pymysql.err.ProgrammingError) (1146, "Table 'customer_service.project_scenarios' doesn't exist")
[SQL: SELECT project_scenarios.id, project_scenarios.name, project_scenarios.description, project_scenarios.business_line, project_scenarios.tasks, project_scenarios.difficulty, project_scenarios.enabled, project_scenarios.created_at 
FROM project_scenarios 
WHERE project_scenarios.enabled = true]
(Background on this error at: https://sqlalche.me/e/20/f405)
2026-07-17 14:57:22 | INFO     | app.services.exam_engine:_load_project_scenario:530 | trace_id=5d3df526-5824-4040-9dfa-bea646afcb34 - 使用默认 PBL 项目场景: 完整投诉处理流程
2026-07-17 14:57:22 | INFO     | app.services.external_kb:get_node_by_id:146 | trace_id=5d3df526-5824-4040-9dfa-bea646afcb34 - 获取特定知识点内容: node_id='kb_021'
2026-07-17 14:57:22 | INFO     | app.services.external_kb:get_node_by_id:146 | trace_id=5d3df526-5824-4040-9dfa-bea646afcb34 - 获取特定知识点内容: node_id='kb_022'
2026-07-17 14:57:22 | INFO     | app.services.external_kb:get_node_by_id:146 | trace_id=5d3df526-5824-4040-9dfa-bea646afcb34 - 获取特定知识点内容: node_id='kb_023'
2026-07-17 14:57:22 | INFO     | app.services.external_kb:get_node_by_id:146 | trace_id=5d3df526-5824-4040-9dfa-bea646afcb34 - 获取特定知识点内容: node_id='kb_024'
2026-07-17 14:57:22 | INFO     | app.services.external_kb:get_node_by_id:146 | trace_id=5d3df526-5824-4040-9dfa-bea646afcb34 - 获取特定知识点内容: node_id='kb_025'
2026-07-17 14:57:41 | INFO     | app.services.exam_engine:initialize_exam:584 | trace_id=5d3df526-5824-4040-9dfa-bea646afcb34 - PBL 项目制模式: 完整投诉处理流程, 任务数=3
2026-07-17 14:57:41 | INFO     | app.services.exam_engine:initialize_exam:642 | trace_id=5d3df526-5824-4040-9dfa-bea646afcb34 - 考试初始化完成: 模式=project, 人格=疑虑型, 业务线=信用卡挂失, 初始烦躁值=40, 目标数=3
2026-07-17 14:57:41 | INFO     | app.services.retrieval_pipeline:search:272 | trace_id=5d3df526-5824-4040-9dfa-bea646afcb34 - 高级检索管线启动: query='信用卡挂失'
2026-07-17 14:57:41 | INFO     | app.services.retrieval_pipeline:rewrite:41 | trace_id=5d3df526-5824-4040-9dfa-bea646afcb34 - 查询改写开始: 信用卡挂失
2026-07-17 14:57:49 | INFO     | app.services.retrieval_pipeline:rewrite:53 | trace_id=5d3df526-5824-4040-9dfa-bea646afcb34 - 查询改写结果: {'main_query': '信用卡挂失', 'sub_queries': ['挂失流程', '补办渠道', '保护措施'], 'intent_tags': ['业务流程', '风控规则'], 'expected_content_type': 'sop|rule'}
2026-07-17 14:57:49 | INFO     | app.services.external_kb:search_knowledge:116 | trace_id=5d3df526-5824-4040-9dfa-bea646afcb34 - 正在执行向量检索: query='信用卡挂失', top_k=10
2026-07-17 14:57:49 | INFO     | app.services.external_kb:search_knowledge:116 | trace_id=5d3df526-5824-4040-9dfa-bea646afcb34 - 正在执行向量检索: query='挂失流程', top_k=10
2026-07-17 14:57:49 | INFO     | app.services.retrieval_pipeline:search:107 | trace_id=5d3df526-5824-4040-9dfa-bea646afcb34 - BM25 检索: query='信用卡挂失', top_k=10
2026-07-17 14:57:49 | INFO     | app.services.retrieval_pipeline:search:107 | trace_id=5d3df526-5824-4040-9dfa-bea646afcb34 - BM25 检索: query='挂失流程', top_k=10
2026-07-17 14:57:49 | INFO     | app.services.retrieval_pipeline:rerank:183 | trace_id=5d3df526-5824-4040-9dfa-bea646afcb34 - 重排序开始，候选数: 17
2026-07-17 14:57:49 | INFO     | app.services.retrieval_pipeline:rerank:211 | trace_id=5d3df526-5824-4040-9dfa-bea646afcb34 - 重排序完成，返回 Top-10
2026-07-17 14:57:49 | INFO     | app.services.retrieval_pipeline:search:319 | trace_id=5d3df526-5824-4040-9dfa-bea646afcb34 - 检索管线完成: 向量20 + BM250 → 去重17 → 重排10 → 最终5
2026-07-17 14:57:49 | INFO     | app.agents.persona_agent:generate_reply:27 | trace_id=5d3df526-5824-4040-9dfa-bea646afcb34 - PersonaAgent 正在生成客户回复
2026-07-17 14:57:56 | INFO     | app.services.exam_engine:initialize_exam:538 | trace_id=eeb09550-f4d1-4700-82f0-23b7656896bc - 初始化动态考试
2026-07-17 14:57:56 | INFO     | app.services.external_kb:get_node_by_id:146 | trace_id=eeb09550-f4d1-4700-82f0-23b7656896bc - 获取特定知识点内容: node_id='kb_021'
2026-07-17 14:57:56 | INFO     | app.services.external_kb:get_node_by_id:146 | trace_id=eeb09550-f4d1-4700-82f0-23b7656896bc - 获取特定知识点内容: node_id='kb_022'
2026-07-17 14:57:56 | INFO     | app.services.external_kb:get_node_by_id:146 | trace_id=eeb09550-f4d1-4700-82f0-23b7656896bc - 获取特定知识点内容: node_id='kb_023'
2026-07-17 14:57:56 | INFO     | app.services.external_kb:get_node_by_id:146 | trace_id=eeb09550-f4d1-4700-82f0-23b7656896bc - 获取特定知识点内容: node_id='kb_024'
2026-07-17 14:57:56 | INFO     | app.services.external_kb:get_node_by_id:146 | trace_id=eeb09550-f4d1-4700-82f0-23b7656896bc - 获取特定知识点内容: node_id='kb_025'
2026-07-17 14:58:51 | INFO     | app.services.exam_engine:initialize_exam:538 | trace_id=1e8a0214-6b06-4add-a987-7c07dddf62ef - 初始化动态考试
2026-07-17 14:58:51 | INFO     | app.services.external_kb:get_node_by_id:146 | trace_id=1e8a0214-6b06-4add-a987-7c07dddf62ef - 获取特定知识点内容: node_id='kb_031'
2026-07-17 14:58:51 | INFO     | app.services.external_kb:get_node_by_id:146 | trace_id=1e8a0214-6b06-4add-a987-7c07dddf62ef - 获取特定知识点内容: node_id='kb_032'
2026-07-17 14:58:51 | INFO     | app.services.external_kb:get_node_by_id:146 | trace_id=1e8a0214-6b06-4add-a987-7c07dddf62ef - 获取特定知识点内容: node_id='kb_033'
2026-07-17 14:58:51 | INFO     | app.services.external_kb:get_node_by_id:146 | trace_id=1e8a0214-6b06-4add-a987-7c07dddf62ef - 获取特定知识点内容: node_id='kb_034'
2026-07-17 14:58:51 | INFO     | app.services.external_kb:get_node_by_id:146 | trace_id=1e8a0214-6b06-4add-a987-7c07dddf62ef - 获取特定知识点内容: node_id='kb_035'
2026-07-17 14:59:18 | WARNING  | app.services.exam_engine:_load_project_scenario:525 | trace_id=eeb09550-f4d1-4700-82f0-23b7656896bc - 加载项目场景失败: (pymysql.err.ProgrammingError) (1146, "Table 'customer_service.project_scenarios' doesn't exist")
[SQL: SELECT project_scenarios.id, project_scenarios.name, project_scenarios.description, project_scenarios.business_line, project_scenarios.tasks, project_scenarios.difficulty, project_scenarios.enabled, project_scenarios.created_at 
FROM project_scenarios 
WHERE project_scenarios.enabled = true]
(Background on this error at: https://sqlalche.me/e/20/f405)
2026-07-17 14:59:18 | INFO     | app.services.intent_state_machine:build_intent_machine_for_business_line:470 | trace_id=2e466c31-2a8e-4e08-95e1-5cdafb97998b - 业务线 '信用卡挂失' 使用默认意图模板，共 3 个意图
2026-07-17 14:59:18 | INFO     | app.services.exam_engine:initialize_exam:593 | trace_id=eeb09550-f4d1-4700-82f0-23b7656896bc - 单业务线模式: 信用卡挂失, 意图数=3
2026-07-17 14:59:18 | INFO     | app.services.exam_engine:initialize_exam:642 | trace_id=eeb09550-f4d1-4700-82f0-23b7656896bc - 考试初始化完成: 模式=single, 人格=普通型, 业务线=信用卡挂失, 初始烦躁值=20, 目标数=3
2026-07-17 14:59:18 | WARNING  | app.services.exam_engine:_load_project_scenario:525 | trace_id=1e8a0214-6b06-4add-a987-7c07dddf62ef - 加载项目场景失败: (pymysql.err.ProgrammingError) (1146, "Table 'customer_service.project_scenarios' doesn't exist")
[SQL: SELECT project_scenarios.id, project_scenarios.name, project_scenarios.description, project_scenarios.business_line, project_scenarios.tasks, project_scenarios.difficulty, project_scenarios.enabled, project_scenarios.created_at 
FROM project_scenarios 
WHERE project_scenarios.enabled = true]
(Background on this error at: https://sqlalche.me/e/20/f405)
2026-07-17 14:59:18 | INFO     | app.services.exam_engine:_load_project_scenario:530 | trace_id=1e8a0214-6b06-4add-a987-7c07dddf62ef - 使用默认 PBL 项目场景: 完整投诉处理流程
2026-07-17 14:59:18 | INFO     | app.services.external_kb:get_node_by_id:146 | trace_id=1e8a0214-6b06-4add-a987-7c07dddf62ef - 获取特定知识点内容: node_id='kb_021'
2026-07-17 14:59:18 | INFO     | app.services.external_kb:get_node_by_id:146 | trace_id=1e8a0214-6b06-4add-a987-7c07dddf62ef - 获取特定知识点内容: node_id='kb_022'
2026-07-17 14:59:18 | INFO     | app.services.external_kb:get_node_by_id:146 | trace_id=1e8a0214-6b06-4add-a987-7c07dddf62ef - 获取特定知识点内容: node_id='kb_023'
2026-07-17 14:59:18 | INFO     | app.services.external_kb:get_node_by_id:146 | trace_id=1e8a0214-6b06-4add-a987-7c07dddf62ef - 获取特定知识点内容: node_id='kb_024'
2026-07-17 14:59:18 | INFO     | app.services.external_kb:get_node_by_id:146 | trace_id=1e8a0214-6b06-4add-a987-7c07dddf62ef - 获取特定知识点内容: node_id='kb_025'
2026-07-17 14:59:38 | INFO     | app.services.exam_engine:initialize_exam:584 | trace_id=1e8a0214-6b06-4add-a987-7c07dddf62ef - PBL 项目制模式: 完整投诉处理流程, 任务数=3
2026-07-17 14:59:38 | INFO     | app.services.exam_engine:initialize_exam:642 | trace_id=1e8a0214-6b06-4add-a987-7c07dddf62ef - 考试初始化完成: 模式=project, 人格=疑虑型, 业务线=信用卡挂失, 初始烦躁值=40, 目标数=3
2026-07-17 14:59:38 | INFO     | app.services.retrieval_pipeline:search:272 | trace_id=eeb09550-f4d1-4700-82f0-23b7656896bc - 高级检索管线启动: query='信用卡挂失'
2026-07-17 14:59:38 | INFO     | app.services.retrieval_pipeline:rewrite:41 | trace_id=eeb09550-f4d1-4700-82f0-23b7656896bc - 查询改写开始: 信用卡挂失
2026-07-17 14:59:48 | INFO     | app.services.retrieval_pipeline:rewrite:53 | trace_id=eeb09550-f4d1-4700-82f0-23b7656896bc - 查询改写结果: {'main_query': '信用卡挂失', 'sub_queries': ['挂失操作流程', '挂失后补办', '盗刷损失赔付'], 'intent_tags': ['业务流程', '风控规则'], 'expected_content_type': 'sop|rule'}
2026-07-17 14:59:48 | INFO     | app.services.external_kb:search_knowledge:116 | trace_id=eeb09550-f4d1-4700-82f0-23b7656896bc - 正在执行向量检索: query='信用卡挂失', top_k=10
2026-07-17 14:59:48 | INFO     | app.services.external_kb:search_knowledge:116 | trace_id=eeb09550-f4d1-4700-82f0-23b7656896bc - 正在执行向量检索: query='挂失操作流程', top_k=10
2026-07-17 14:59:48 | INFO     | app.services.retrieval_pipeline:search:107 | trace_id=eeb09550-f4d1-4700-82f0-23b7656896bc - BM25 检索: query='信用卡挂失', top_k=10
2026-07-17 14:59:48 | INFO     | app.services.retrieval_pipeline:search:107 | trace_id=eeb09550-f4d1-4700-82f0-23b7656896bc - BM25 检索: query='挂失操作流程', top_k=10
2026-07-17 14:59:48 | INFO     | app.services.retrieval_pipeline:search:272 | trace_id=1e8a0214-6b06-4add-a987-7c07dddf62ef - 高级检索管线启动: query='信用卡挂失'
2026-07-17 14:59:48 | INFO     | app.services.retrieval_pipeline:rewrite:41 | trace_id=1e8a0214-6b06-4add-a987-7c07dddf62ef - 查询改写开始: 信用卡挂失
2026-07-17 14:59:59 | INFO     | app.services.retrieval_pipeline:rewrite:53 | trace_id=1e8a0214-6b06-4add-a987-7c07dddf62ef - 查询改写结果: {'main_query': '信用卡挂失', 'sub_queries': ['挂失业务流程', '卡片止付冻结', '补换卡申请流程'], 'intent_tags': ['业务流程', '风控规则'], 'expected_content_type': 'sop|faq'}
2026-07-17 14:59:59 | INFO     | app.services.retrieval_pipeline:rerank:183 | trace_id=eeb09550-f4d1-4700-82f0-23b7656896bc - 重排序开始，候选数: 17
2026-07-17 14:59:59 | INFO     | app.services.retrieval_pipeline:rerank:211 | trace_id=eeb09550-f4d1-4700-82f0-23b7656896bc - 重排序完成，返回 Top-10
2026-07-17 14:59:59 | INFO     | app.services.retrieval_pipeline:search:319 | trace_id=eeb09550-f4d1-4700-82f0-23b7656896bc - 检索管线完成: 向量20 + BM250 → 去重17 → 重排10 → 最终5
2026-07-17 14:59:59 | INFO     | app.agents.persona_agent:generate_reply:27 | trace_id=eeb09550-f4d1-4700-82f0-23b7656896bc - PersonaAgent 正在生成客户回复
2026-07-17 15:00:04 | INFO     | app.services.external_kb:search_knowledge:116 | trace_id=1e8a0214-6b06-4add-a987-7c07dddf62ef - 正在执行向量检索: query='信用卡挂失', top_k=10
2026-07-17 15:00:04 | INFO     | app.services.external_kb:search_knowledge:116 | trace_id=1e8a0214-6b06-4add-a987-7c07dddf62ef - 正在执行向量检索: query='挂失业务流程', top_k=10
2026-07-17 15:00:04 | INFO     | app.services.retrieval_pipeline:search:107 | trace_id=1e8a0214-6b06-4add-a987-7c07dddf62ef - BM25 检索: query='信用卡挂失', top_k=10
2026-07-17 15:00:04 | INFO     | app.services.retrieval_pipeline:search:107 | trace_id=1e8a0214-6b06-4add-a987-7c07dddf62ef - BM25 检索: query='挂失业务流程', top_k=10
2026-07-17 15:00:04 | INFO     | app.services.retrieval_pipeline:rerank:183 | trace_id=1e8a0214-6b06-4add-a987-7c07dddf62ef - 重排序开始，候选数: 18
2026-07-17 15:00:04 | INFO     | app.services.retrieval_pipeline:rerank:211 | trace_id=1e8a0214-6b06-4add-a987-7c07dddf62ef - 重排序完成，返回 Top-10
2026-07-17 15:00:04 | INFO     | app.services.retrieval_pipeline:search:319 | trace_id=1e8a0214-6b06-4add-a987-7c07dddf62ef - 检索管线完成: 向量20 + BM250 → 去重18 → 重排10 → 最终5
2026-07-17 15:00:04 | INFO     | app.agents.persona_agent:generate_reply:27 | trace_id=1e8a0214-6b06-4add-a987-7c07dddf62ef - PersonaAgent 正在生成客户回复
2026-07-17 15:00:13 | INFO     | app.services.exam_engine:initialize_exam:538 | trace_id=f874d1a0-e704-49ae-92ba-daf59844daa0 - 初始化动态考试
2026-07-17 15:00:13 | INFO     | app.services.external_kb:get_node_by_id:146 | trace_id=f874d1a0-e704-49ae-92ba-daf59844daa0 - 获取特定知识点内容: node_id='kb_021'
2026-07-17 15:00:13 | INFO     | app.services.external_kb:get_node_by_id:146 | trace_id=f874d1a0-e704-49ae-92ba-daf59844daa0 - 获取特定知识点内容: node_id='kb_022'
2026-07-17 15:00:13 | INFO     | app.services.external_kb:get_node_by_id:146 | trace_id=f874d1a0-e704-49ae-92ba-daf59844daa0 - 获取特定知识点内容: node_id='kb_023'
2026-07-17 15:00:13 | INFO     | app.services.external_kb:get_node_by_id:146 | trace_id=f874d1a0-e704-49ae-92ba-daf59844daa0 - 获取特定知识点内容: node_id='kb_024'
2026-07-17 15:00:13 | INFO     | app.services.external_kb:get_node_by_id:146 | trace_id=f874d1a0-e704-49ae-92ba-daf59844daa0 - 获取特定知识点内容: node_id='kb_025'
2026-07-17 15:01:17 | WARNING  | app.services.exam_engine:_load_project_scenario:525 | trace_id=f874d1a0-e704-49ae-92ba-daf59844daa0 - 加载项目场景失败: (pymysql.err.ProgrammingError) (1146, "Table 'customer_service.project_scenarios' doesn't exist")
[SQL: SELECT project_scenarios.id, project_scenarios.name, project_scenarios.description, project_scenarios.business_line, project_scenarios.tasks, project_scenarios.difficulty, project_scenarios.enabled, project_scenarios.created_at 
FROM project_scenarios 
WHERE project_scenarios.enabled = true]
(Background on this error at: https://sqlalche.me/e/20/f405)
2026-07-17 15:01:17 | INFO     | app.services.exam_engine:_load_project_scenario:530 | trace_id=f874d1a0-e704-49ae-92ba-daf59844daa0 - 使用默认 PBL 项目场景: 完整投诉处理流程
2026-07-17 15:01:17 | INFO     | app.services.external_kb:get_node_by_id:146 | trace_id=f874d1a0-e704-49ae-92ba-daf59844daa0 - 获取特定知识点内容: node_id='kb_021'
2026-07-17 15:01:17 | INFO     | app.services.external_kb:get_node_by_id:146 | trace_id=f874d1a0-e704-49ae-92ba-daf59844daa0 - 获取特定知识点内容: node_id='kb_022'
2026-07-17 15:01:17 | INFO     | app.services.external_kb:get_node_by_id:146 | trace_id=f874d1a0-e704-49ae-92ba-daf59844daa0 - 获取特定知识点内容: node_id='kb_023'
2026-07-17 15:01:17 | INFO     | app.services.external_kb:get_node_by_id:146 | trace_id=f874d1a0-e704-49ae-92ba-daf59844daa0 - 获取特定知识点内容: node_id='kb_024'
2026-07-17 15:01:17 | INFO     | app.services.external_kb:get_node_by_id:146 | trace_id=f874d1a0-e704-49ae-92ba-daf59844daa0 - 获取特定知识点内容: node_id='kb_025'
2026-07-17 15:01:33 | INFO     | app.services.exam_engine:initialize_exam:584 | trace_id=f874d1a0-e704-49ae-92ba-daf59844daa0 - PBL 项目制模式: 完整投诉处理流程, 任务数=3
2026-07-17 15:01:33 | INFO     | app.services.exam_engine:initialize_exam:642 | trace_id=f874d1a0-e704-49ae-92ba-daf59844daa0 - 考试初始化完成: 模式=project, 人格=急躁型, 业务线=信用卡挂失, 初始烦躁值=60, 目标数=3
2026-07-17 15:01:34 | INFO     | app.services.retrieval_pipeline:search:272 | trace_id=f874d1a0-e704-49ae-92ba-daf59844daa0 - 高级检索管线启动: query='信用卡挂失'
2026-07-17 15:01:34 | INFO     | app.services.retrieval_pipeline:rewrite:41 | trace_id=f874d1a0-e704-49ae-92ba-daf59844daa0 - 查询改写开始: 信用卡挂失
2026-07-17 15:01:49 | INFO     | app.services.retrieval_pipeline:rewrite:53 | trace_id=f874d1a0-e704-49ae-92ba-daf59844daa0 - 查询改写结果: {'main_query': '信用卡挂失', 'sub_queries': ['信用卡丢失处理', '信用卡挂失流程', '挂失责任归属', '紧急挂失步骤', '盗刷挂失程序', '挂失费用说明', '卡片遗失处理'], 'intent_tags': ['业务流程', '风控规则'], 'expected_content_type': 'sop'}
2026-07-17 15:01:49 | INFO     | app.services.external_kb:search_knowledge:116 | trace_id=f874d1a0-e704-49ae-92ba-daf59844daa0 - 正在执行向量检索: query='信用卡挂失', top_k=10
2026-07-17 15:01:49 | INFO     | app.services.external_kb:search_knowledge:116 | trace_id=f874d1a0-e704-49ae-92ba-daf59844daa0 - 正在执行向量检索: query='信用卡丢失处理', top_k=10
2026-07-17 15:01:49 | INFO     | app.services.retrieval_pipeline:search:107 | trace_id=f874d1a0-e704-49ae-92ba-daf59844daa0 - BM25 检索: query='信用卡挂失', top_k=10
2026-07-17 15:01:49 | INFO     | app.services.retrieval_pipeline:search:107 | trace_id=f874d1a0-e704-49ae-92ba-daf59844daa0 - BM25 检索: query='信用卡丢失处理', top_k=10
2026-07-17 15:01:49 | INFO     | app.services.retrieval_pipeline:rerank:183 | trace_id=f874d1a0-e704-49ae-92ba-daf59844daa0 - 重排序开始，候选数: 10
2026-07-17 15:01:49 | INFO     | app.services.retrieval_pipeline:rerank:211 | trace_id=f874d1a0-e704-49ae-92ba-daf59844daa0 - 重排序完成，返回 Top-10
2026-07-17 15:01:49 | INFO     | app.services.retrieval_pipeline:search:319 | trace_id=f874d1a0-e704-49ae-92ba-daf59844daa0 - 检索管线完成: 向量20 + BM250 → 去重10 → 重排10 → 最终5
2026-07-17 15:01:49 | INFO     | app.agents.persona_agent:generate_reply:27 | trace_id=f874d1a0-e704-49ae-92ba-daf59844daa0 - PersonaAgent 正在生成客户回复
2026-07-17 15:01:53 | INFO     | app.services.exam_engine:initialize_exam:538 | trace_id=db7d05d8-460d-4954-92d0-be0f2b31b893 - 初始化动态考试
2026-07-17 15:01:53 | INFO     | app.services.external_kb:get_node_by_id:146 | trace_id=db7d05d8-460d-4954-92d0-be0f2b31b893 - 获取特定知识点内容: node_id='kb_011'
2026-07-17 15:01:53 | INFO     | app.services.external_kb:get_node_by_id:146 | trace_id=db7d05d8-460d-4954-92d0-be0f2b31b893 - 获取特定知识点内容: node_id='kb_012'
2026-07-17 15:01:53 | INFO     | app.services.external_kb:get_node_by_id:146 | trace_id=db7d05d8-460d-4954-92d0-be0f2b31b893 - 获取特定知识点内容: node_id='kb_013'
2026-07-17 15:01:53 | INFO     | app.services.external_kb:get_node_by_id:146 | trace_id=db7d05d8-460d-4954-92d0-be0f2b31b893 - 获取特定知识点内容: node_id='kb_014'
2026-07-17 15:01:53 | INFO     | app.services.external_kb:get_node_by_id:146 | trace_id=db7d05d8-460d-4954-92d0-be0f2b31b893 - 获取特定知识点内容: node_id='kb_015'
2026-07-17 15:02:56 | WARNING  | app.services.exam_engine:_load_project_scenario:525 | trace_id=db7d05d8-460d-4954-92d0-be0f2b31b893 - 加载项目场景失败: (pymysql.err.ProgrammingError) (1146, "Table 'customer_service.project_scenarios' doesn't exist")
[SQL: SELECT project_scenarios.id, project_scenarios.name, project_scenarios.description, project_scenarios.business_line, project_scenarios.tasks, project_scenarios.difficulty, project_scenarios.enabled, project_scenarios.created_at 
FROM project_scenarios 
WHERE project_scenarios.enabled = true]
(Background on this error at: https://sqlalche.me/e/20/f405)
2026-07-17 15:02:56 | INFO     | app.services.intent_state_machine:build_intent_machine_for_business_line:480 | trace_id=f6dc9069-784a-45b8-baad-48ecfd301905 - 业务线 '账户冻结解控' 基于踩分点生成 3 个意图
2026-07-17 15:02:56 | INFO     | app.services.exam_engine:initialize_exam:593 | trace_id=db7d05d8-460d-4954-92d0-be0f2b31b893 - 单业务线模式: 账户冻结解控, 意图数=3
2026-07-17 15:02:56 | INFO     | app.services.exam_engine:initialize_exam:642 | trace_id=db7d05d8-460d-4954-92d0-be0f2b31b893 - 考试初始化完成: 模式=single, 人格=疑虑型, 业务线=账户冻结解控, 初始烦躁值=40, 目标数=3
2026-07-17 15:02:56 | INFO     | app.services.retrieval_pipeline:search:272 | trace_id=db7d05d8-460d-4954-92d0-be0f2b31b893 - 高级检索管线启动: query='账户冻结解控'
2026-07-17 15:02:56 | INFO     | app.services.retrieval_pipeline:rewrite:41 | trace_id=db7d05d8-460d-4954-92d0-be0f2b31b893 - 查询改写开始: 账户冻结解控
2026-07-17 15:03:12 | INFO     | app.services.retrieval_pipeline:rewrite:53 | trace_id=db7d05d8-460d-4954-92d0-be0f2b31b893 - 查询改写结果: {'main_query': '账户解冻', 'sub_queries': ['账户冻结', '账户解冻流程', '账户控制措施解除', '解控操作指南'], 'intent_tags': ['业务流程', '风控规则'], 'expected_content_type': 'sop'}
2026-07-17 15:03:12 | INFO     | app.services.external_kb:search_knowledge:116 | trace_id=db7d05d8-460d-4954-92d0-be0f2b31b893 - 正在执行向量检索: query='账户解冻', top_k=10
2026-07-17 15:03:12 | INFO     | app.services.external_kb:search_knowledge:116 | trace_id=db7d05d8-460d-4954-92d0-be0f2b31b893 - 正在执行向量检索: query='账户冻结', top_k=10
2026-07-17 15:03:12 | INFO     | app.services.retrieval_pipeline:search:107 | trace_id=db7d05d8-460d-4954-92d0-be0f2b31b893 - BM25 检索: query='账户解冻', top_k=10
2026-07-17 15:03:12 | INFO     | app.services.retrieval_pipeline:search:107 | trace_id=db7d05d8-460d-4954-92d0-be0f2b31b893 - BM25 检索: query='账户冻结', top_k=10
2026-07-17 15:03:12 | INFO     | app.services.retrieval_pipeline:rerank:183 | trace_id=db7d05d8-460d-4954-92d0-be0f2b31b893 - 重排序开始，候选数: 12
2026-07-17 15:03:12 | INFO     | app.services.retrieval_pipeline:rerank:211 | trace_id=db7d05d8-460d-4954-92d0-be0f2b31b893 - 重排序完成，返回 Top-10
2026-07-17 15:03:12 | INFO     | app.services.retrieval_pipeline:search:319 | trace_id=db7d05d8-460d-4954-92d0-be0f2b31b893 - 检索管线完成: 向量20 + BM250 → 去重12 → 重排10 → 最终5
2026-07-17 15:03:12 | INFO     | app.agents.persona_agent:generate_reply:27 | trace_id=db7d05d8-460d-4954-92d0-be0f2b31b893 - PersonaAgent 正在生成客户回复
2026-07-17 15:15:10 | INFO     | app.services.exam_engine:initialize_exam:538 | trace_id=836b3903-e3da-4db1-bc17-1288bc5b83ee - 初始化动态考试
2026-07-17 15:15:10 | INFO     | app.services.external_kb:get_node_by_id:146 | trace_id=836b3903-e3da-4db1-bc17-1288bc5b83ee - 获取特定知识点内容: node_id='kb_001'
2026-07-17 15:15:10 | INFO     | app.services.external_kb:get_node_by_id:146 | trace_id=836b3903-e3da-4db1-bc17-1288bc5b83ee - 获取特定知识点内容: node_id='kb_002'
2026-07-17 15:15:10 | INFO     | app.services.external_kb:get_node_by_id:146 | trace_id=836b3903-e3da-4db1-bc17-1288bc5b83ee - 获取特定知识点内容: node_id='kb_007'
2026-07-17 15:15:10 | INFO     | app.services.external_kb:get_node_by_id:146 | trace_id=836b3903-e3da-4db1-bc17-1288bc5b83ee - 获取特定知识点内容: node_id='kb_009'
2026-07-17 15:15:10 | INFO     | app.services.external_kb:get_node_by_id:146 | trace_id=836b3903-e3da-4db1-bc17-1288bc5b83ee - 获取特定知识点内容: node_id='kb_010'
2026-07-17 15:15:29 | WARNING  | app.services.exam_engine:_load_project_scenario:525 | trace_id=836b3903-e3da-4db1-bc17-1288bc5b83ee - 加载项目场景失败: (pymysql.err.ProgrammingError) (1146, "Table 'customer_service.project_scenarios' doesn't exist")
[SQL: SELECT project_scenarios.id, project_scenarios.name, project_scenarios.description, project_scenarios.business_line, project_scenarios.tasks, project_scenarios.difficulty, project_scenarios.enabled, project_scenarios.created_at 
FROM project_scenarios 
WHERE project_scenarios.enabled = true]
(Background on this error at: https://sqlalche.me/e/20/f405)
2026-07-17 15:15:29 | INFO     | app.services.exam_engine:_load_project_scenario:530 | trace_id=836b3903-e3da-4db1-bc17-1288bc5b83ee - 使用默认 PBL 项目场景: 完整投诉处理流程
2026-07-17 15:15:29 | INFO     | app.services.external_kb:get_node_by_id:146 | trace_id=836b3903-e3da-4db1-bc17-1288bc5b83ee - 获取特定知识点内容: node_id='kb_021'
2026-07-17 15:15:29 | INFO     | app.services.external_kb:get_node_by_id:146 | trace_id=836b3903-e3da-4db1-bc17-1288bc5b83ee - 获取特定知识点内容: node_id='kb_022'
2026-07-17 15:15:29 | INFO     | app.services.external_kb:get_node_by_id:146 | trace_id=836b3903-e3da-4db1-bc17-1288bc5b83ee - 获取特定知识点内容: node_id='kb_023'
2026-07-17 15:15:29 | INFO     | app.services.external_kb:get_node_by_id:146 | trace_id=836b3903-e3da-4db1-bc17-1288bc5b83ee - 获取特定知识点内容: node_id='kb_024'
2026-07-17 15:15:29 | INFO     | app.services.external_kb:get_node_by_id:146 | trace_id=836b3903-e3da-4db1-bc17-1288bc5b83ee - 获取特定知识点内容: node_id='kb_025'
2026-07-17 15:15:50 | INFO     | app.services.exam_engine:initialize_exam:584 | trace_id=836b3903-e3da-4db1-bc17-1288bc5b83ee - PBL 项目制模式: 完整投诉处理流程, 任务数=3
2026-07-17 15:15:50 | INFO     | app.services.exam_engine:initialize_exam:642 | trace_id=836b3903-e3da-4db1-bc17-1288bc5b83ee - 考试初始化完成: 模式=project, 人格=疑虑型, 业务线=信用卡挂失, 初始烦躁值=40, 目标数=3
2026-07-17 15:15:50 | INFO     | app.services.retrieval_pipeline:search:272 | trace_id=836b3903-e3da-4db1-bc17-1288bc5b83ee - 高级检索管线启动: query='信用卡挂失'
2026-07-17 15:15:50 | INFO     | app.services.retrieval_pipeline:rewrite:41 | trace_id=836b3903-e3da-4db1-bc17-1288bc5b83ee - 查询改写开始: 信用卡挂失
2026-07-17 15:16:07 | INFO     | app.services.retrieval_pipeline:rewrite:53 | trace_id=836b3903-e3da-4db1-bc17-1288bc5b83ee - 查询改写结果: {'main_query': '信用卡 挂失', 'sub_queries': ['申请挂失', '补办新卡', '紧急挂失', '处理费用'], 'intent_tags': ['业务流程', '风控规则'], 'expected_content_type': 'sop'}
2026-07-17 15:16:07 | INFO     | app.services.external_kb:search_knowledge:116 | trace_id=836b3903-e3da-4db1-bc17-1288bc5b83ee - 正在执行向量检索: query='信用卡 挂失', top_k=10
2026-07-17 15:16:07 | INFO     | app.services.external_kb:search_knowledge:116 | trace_id=836b3903-e3da-4db1-bc17-1288bc5b83ee - 正在执行向量检索: query='申请挂失', top_k=10
2026-07-17 15:16:07 | INFO     | app.services.retrieval_pipeline:search:107 | trace_id=836b3903-e3da-4db1-bc17-1288bc5b83ee - BM25 检索: query='信用卡 挂失', top_k=10
2026-07-17 15:16:07 | INFO     | app.services.retrieval_pipeline:search:107 | trace_id=836b3903-e3da-4db1-bc17-1288bc5b83ee - BM25 检索: query='申请挂失', top_k=10
2026-07-17 15:16:07 | INFO     | app.services.retrieval_pipeline:rerank:183 | trace_id=836b3903-e3da-4db1-bc17-1288bc5b83ee - 重排序开始，候选数: 17
2026-07-17 15:16:07 | INFO     | app.services.retrieval_pipeline:rerank:211 | trace_id=836b3903-e3da-4db1-bc17-1288bc5b83ee - 重排序完成，返回 Top-10
2026-07-17 15:16:07 | INFO     | app.services.retrieval_pipeline:search:319 | trace_id=836b3903-e3da-4db1-bc17-1288bc5b83ee - 检索管线完成: 向量20 + BM250 → 去重17 → 重排10 → 最终5
2026-07-17 15:16:07 | INFO     | app.agents.persona_agent:generate_reply:27 | trace_id=836b3903-e3da-4db1-bc17-1288bc5b83ee - PersonaAgent 正在生成客户回复
2026-07-17 15:32:45 | INFO     | app.services.retrieval_pipeline:search:272 | trace_id=e9e75082-cbd1-4e8a-9209-947bcd3fa28a - 高级检索管线启动: query='信用卡挂失'
2026-07-17 15:32:45 | INFO     | app.services.retrieval_pipeline:rewrite:41 | trace_id=e9e75082-cbd1-4e8a-9209-947bcd3fa28a - 查询改写开始: 信用卡挂失
2026-07-17 15:32:56 | INFO     | app.services.retrieval_pipeline:rewrite:53 | trace_id=e9e75082-cbd1-4e8a-9209-947bcd3fa28a - 查询改写结果: {'main_query': '信用卡挂失', 'sub_queries': ['挂失流程', '挂失费用', '补换新卡'], 'intent_tags': ['业务流程', '风控规则'], 'expected_content_type': 'sop'}
2026-07-17 15:32:56 | INFO     | app.services.external_kb:search_knowledge:116 | trace_id=e9e75082-cbd1-4e8a-9209-947bcd3fa28a - 正在执行向量检索: query='信用卡挂失', top_k=10
2026-07-17 15:32:56 | INFO     | app.services.external_kb:search_knowledge:116 | trace_id=e9e75082-cbd1-4e8a-9209-947bcd3fa28a - 正在执行向量检索: query='挂失流程', top_k=10
2026-07-17 15:32:56 | INFO     | app.services.retrieval_pipeline:search:107 | trace_id=e9e75082-cbd1-4e8a-9209-947bcd3fa28a - BM25 检索: query='信用卡挂失', top_k=10
2026-07-17 15:32:56 | INFO     | app.services.retrieval_pipeline:search:107 | trace_id=e9e75082-cbd1-4e8a-9209-947bcd3fa28a - BM25 检索: query='挂失流程', top_k=10
2026-07-17 15:32:56 | INFO     | app.services.retrieval_pipeline:rerank:183 | trace_id=e9e75082-cbd1-4e8a-9209-947bcd3fa28a - 重排序开始，候选数: 17
2026-07-17 15:32:56 | INFO     | app.services.retrieval_pipeline:rerank:211 | trace_id=e9e75082-cbd1-4e8a-9209-947bcd3fa28a - 重排序完成，返回 Top-10
2026-07-17 15:32:56 | INFO     | app.services.retrieval_pipeline:search:319 | trace_id=e9e75082-cbd1-4e8a-9209-947bcd3fa28a - 检索管线完成: 向量20 + BM250 → 去重17 → 重排10 → 最终5
2026-07-17 15:32:56 | INFO     | app.agents.persona_agent:generate_reply:27 | trace_id=e9e75082-cbd1-4e8a-9209-947bcd3fa28a - PersonaAgent 正在生成客户回复
2026-07-17 15:34:25 | INFO     | app.services.retrieval_pipeline:search:272 | trace_id=a3490023-1bae-4886-824f-8f69c3853e74 - 高级检索管线启动: query='信用卡挂失'
2026-07-17 15:34:25 | INFO     | app.services.retrieval_pipeline:rewrite:41 | trace_id=a3490023-1bae-4886-824f-8f69c3853e74 - 查询改写开始: 信用卡挂失
2026-07-17 15:34:35 | INFO     | app.services.retrieval_pipeline:rewrite:53 | trace_id=a3490023-1bae-4886-824f-8f69c3853e74 - 查询改写结果: {'main_query': '信用卡挂失', 'sub_queries': ['如何挂失信用卡', '挂失信用卡费用', '挂失后紧急补卡'], 'intent_tags': ['业务流程', '风控规则'], 'expected_content_type': 'sop'}
2026-07-17 15:34:35 | INFO     | app.services.external_kb:search_knowledge:116 | trace_id=a3490023-1bae-4886-824f-8f69c3853e74 - 正在执行向量检索: query='信用卡挂失', top_k=10
2026-07-17 15:34:35 | INFO     | app.services.external_kb:search_knowledge:116 | trace_id=a3490023-1bae-4886-824f-8f69c3853e74 - 正在执行向量检索: query='如何挂失信用卡', top_k=10
2026-07-17 15:34:35 | INFO     | app.services.retrieval_pipeline:search:107 | trace_id=a3490023-1bae-4886-824f-8f69c3853e74 - BM25 检索: query='信用卡挂失', top_k=10
2026-07-17 15:34:35 | INFO     | app.services.retrieval_pipeline:search:107 | trace_id=a3490023-1bae-4886-824f-8f69c3853e74 - BM25 检索: query='如何挂失信用卡', top_k=10
2026-07-17 15:34:35 | INFO     | app.services.retrieval_pipeline:rerank:183 | trace_id=a3490023-1bae-4886-824f-8f69c3853e74 - 重排序开始，候选数: 11
2026-07-17 15:34:35 | INFO     | app.services.retrieval_pipeline:rerank:211 | trace_id=a3490023-1bae-4886-824f-8f69c3853e74 - 重排序完成，返回 Top-10
2026-07-17 15:34:35 | INFO     | app.services.retrieval_pipeline:search:319 | trace_id=a3490023-1bae-4886-824f-8f69c3853e74 - 检索管线完成: 向量20 + BM250 → 去重11 → 重排10 → 最终5
2026-07-17 15:34:35 | INFO     | app.agents.persona_agent:generate_reply:27 | trace_id=a3490023-1bae-4886-824f-8f69c3853e74 - PersonaAgent 正在生成客户回复
2026-07-17 15:35:14 | INFO     | app.services.retrieval_pipeline:search:272 | trace_id=a321eb7e-046f-47d7-be1e-dd65af6f8313 - 高级检索管线启动: query='信用卡挂失'
2026-07-17 15:35:14 | INFO     | app.services.retrieval_pipeline:rewrite:41 | trace_id=a321eb7e-046f-47d7-be1e-dd65af6f8313 - 查询改写开始: 信用卡挂失
2026-07-17 15:35:25 | INFO     | app.services.retrieval_pipeline:rewrite:53 | trace_id=a321eb7e-046f-47d7-be1e-dd65af6f8313 - 查询改写结果: {'main_query': '信用卡挂失', 'sub_queries': ['如何办理挂失', '挂失所需信息', '挂失后补卡流程'], 'intent_tags': ['业务流程', '风控规则'], 'expected_content_type': 'sop|rule'}
2026-07-17 15:35:25 | INFO     | app.services.external_kb:search_knowledge:116 | trace_id=a321eb7e-046f-47d7-be1e-dd65af6f8313 - 正在执行向量检索: query='信用卡挂失', top_k=10
2026-07-17 15:35:25 | INFO     | app.services.external_kb:search_knowledge:116 | trace_id=a321eb7e-046f-47d7-be1e-dd65af6f8313 - 正在执行向量检索: query='如何办理挂失', top_k=10
2026-07-17 15:35:25 | INFO     | app.services.retrieval_pipeline:search:107 | trace_id=a321eb7e-046f-47d7-be1e-dd65af6f8313 - BM25 检索: query='信用卡挂失', top_k=10
2026-07-17 15:35:25 | INFO     | app.services.retrieval_pipeline:search:107 | trace_id=a321eb7e-046f-47d7-be1e-dd65af6f8313 - BM25 检索: query='如何办理挂失', top_k=10
2026-07-17 15:35:25 | INFO     | app.services.retrieval_pipeline:rerank:183 | trace_id=a321eb7e-046f-47d7-be1e-dd65af6f8313 - 重排序开始，候选数: 15
2026-07-17 15:35:25 | INFO     | app.services.retrieval_pipeline:rerank:211 | trace_id=a321eb7e-046f-47d7-be1e-dd65af6f8313 - 重排序完成，返回 Top-10
2026-07-17 15:35:25 | INFO     | app.services.retrieval_pipeline:search:319 | trace_id=a321eb7e-046f-47d7-be1e-dd65af6f8313 - 检索管线完成: 向量20 + BM250 → 去重15 → 重排10 → 最终5
2026-07-17 15:35:25 | INFO     | app.agents.persona_agent:generate_reply:27 | trace_id=a321eb7e-046f-47d7-be1e-dd65af6f8313 - PersonaAgent 正在生成客户回复
2026-07-17 15:37:01 | INFO     | app.services.retrieval_pipeline:search:272 | trace_id=967aa9c8-b4bf-42d7-a6b3-4937b65888ef - 高级检索管线启动: query='信用卡挂失'
2026-07-17 15:37:01 | INFO     | app.services.retrieval_pipeline:rewrite:41 | trace_id=967aa9c8-b4bf-42d7-a6b3-4937b65888ef - 查询改写开始: 信用卡挂失
2026-07-17 15:37:13 | INFO     | app.services.retrieval_pipeline:rewrite:53 | trace_id=967aa9c8-b4bf-42d7-a6b3-4937b65888ef - 查询改写结果: {'main_query': '信用卡挂失', 'sub_queries': ['冻结条件', '补卡流程', '费用说明'], 'intent_tags': ['业务流程', '风控规则'], 'expected_content_type': 'sop|rule'}
2026-07-17 15:37:13 | INFO     | app.services.external_kb:search_knowledge:116 | trace_id=967aa9c8-b4bf-42d7-a6b3-4937b65888ef - 正在执行向量检索: query='信用卡挂失', top_k=10
2026-07-17 15:37:13 | INFO     | app.services.external_kb:search_knowledge:116 | trace_id=967aa9c8-b4bf-42d7-a6b3-4937b65888ef - 正在执行向量检索: query='冻结条件', top_k=10
2026-07-17 15:37:13 | INFO     | app.services.retrieval_pipeline:search:107 | trace_id=967aa9c8-b4bf-42d7-a6b3-4937b65888ef - BM25 检索: query='信用卡挂失', top_k=10
2026-07-17 15:37:13 | INFO     | app.services.retrieval_pipeline:search:107 | trace_id=967aa9c8-b4bf-42d7-a6b3-4937b65888ef - BM25 检索: query='冻结条件', top_k=10
2026-07-17 15:37:13 | INFO     | app.services.retrieval_pipeline:rerank:183 | trace_id=967aa9c8-b4bf-42d7-a6b3-4937b65888ef - 重排序开始，候选数: 20
2026-07-17 15:37:13 | INFO     | app.services.retrieval_pipeline:rerank:211 | trace_id=967aa9c8-b4bf-42d7-a6b3-4937b65888ef - 重排序完成，返回 Top-10
2026-07-17 15:37:13 | INFO     | app.services.retrieval_pipeline:search:319 | trace_id=967aa9c8-b4bf-42d7-a6b3-4937b65888ef - 检索管线完成: 向量20 + BM250 → 去重20 → 重排10 → 最终5
2026-07-17 15:37:13 | INFO     | app.agents.persona_agent:generate_reply:27 | trace_id=967aa9c8-b4bf-42d7-a6b3-4937b65888ef - PersonaAgent 正在生成客户回复
2026-07-17 15:38:47 | INFO     | app.services.retrieval_pipeline:search:272 | trace_id=77d12ab5-2609-4557-94d5-6f7964570161 - 高级检索管线启动: query='信用卡挂失'
2026-07-17 15:38:47 | INFO     | app.services.retrieval_pipeline:rewrite:41 | trace_id=77d12ab5-2609-4557-94d5-6f7964570161 - 查询改写开始: 信用卡挂失
2026-07-17 15:38:56 | INFO     | app.services.retrieval_pipeline:rewrite:53 | trace_id=77d12ab5-2609-4557-94d5-6f7964570161 - 查询改写结果: {'main_query': '信用卡挂失', 'sub_queries': ['信用卡紧急补卡', '挂失账户冻结', '信用账户状态管理'], 'intent_tags': ['业务流程', '风控规则'], 'expected_content_type': 'sop|rule'}
2026-07-17 15:38:56 | INFO     | app.services.external_kb:search_knowledge:116 | trace_id=77d12ab5-2609-4557-94d5-6f7964570161 - 正在执行向量检索: query='信用卡挂失', top_k=10
2026-07-17 15:38:56 | INFO     | app.services.external_kb:search_knowledge:116 | trace_id=77d12ab5-2609-4557-94d5-6f7964570161 - 正在执行向量检索: query='信用卡紧急补卡', top_k=10
2026-07-17 15:38:56 | INFO     | app.services.retrieval_pipeline:search:107 | trace_id=77d12ab5-2609-4557-94d5-6f7964570161 - BM25 检索: query='信用卡挂失', top_k=10
2026-07-17 15:38:56 | INFO     | app.services.retrieval_pipeline:search:107 | trace_id=77d12ab5-2609-4557-94d5-6f7964570161 - BM25 检索: query='信用卡紧急补卡', top_k=10
2026-07-17 15:38:56 | INFO     | app.services.retrieval_pipeline:rerank:183 | trace_id=77d12ab5-2609-4557-94d5-6f7964570161 - 重排序开始，候选数: 14
2026-07-17 15:38:56 | INFO     | app.services.retrieval_pipeline:rerank:211 | trace_id=77d12ab5-2609-4557-94d5-6f7964570161 - 重排序完成，返回 Top-10
2026-07-17 15:38:56 | INFO     | app.services.retrieval_pipeline:search:319 | trace_id=77d12ab5-2609-4557-94d5-6f7964570161 - 检索管线完成: 向量20 + BM250 → 去重14 → 重排10 → 最终5
2026-07-17 15:38:56 | INFO     | app.agents.persona_agent:generate_reply:27 | trace_id=77d12ab5-2609-4557-94d5-6f7964570161 - PersonaAgent 正在生成客户回复
2026-07-17 15:41:18 | INFO     | app.services.retrieval_pipeline:search:272 | trace_id=4cc05d3d-f989-41e4-b2b9-c53d55defb9d - 高级检索管线启动: query='信用卡挂失'
2026-07-17 15:41:18 | INFO     | app.services.retrieval_pipeline:rewrite:41 | trace_id=4cc05d3d-f989-41e4-b2b9-c53d55defb9d - 查询改写开始: 信用卡挂失
2026-07-17 15:41:29 | INFO     | app.services.retrieval_pipeline:rewrite:53 | trace_id=4cc05d3d-f989-41e4-b2b9-c53d55defb9d - 查询改写结果: {'main_query': '信用卡挂失流程', 'sub_queries': ['信用卡电话挂失', '信用卡线上挂失渠道', '挂失后补卡时效'], 'intent_tags': ['业务流程', '风控规则'], 'expected_content_type': 'sop|rule'}
2026-07-17 15:41:29 | INFO     | app.services.external_kb:search_knowledge:116 | trace_id=4cc05d3d-f989-41e4-b2b9-c53d55defb9d - 正在执行向量检索: query='信用卡挂失流程', top_k=10
2026-07-17 15:41:29 | INFO     | app.services.external_kb:search_knowledge:116 | trace_id=4cc05d3d-f989-41e4-b2b9-c53d55defb9d - 正在执行向量检索: query='信用卡电话挂失', top_k=10
2026-07-17 15:41:29 | INFO     | app.services.retrieval_pipeline:search:107 | trace_id=4cc05d3d-f989-41e4-b2b9-c53d55defb9d - BM25 检索: query='信用卡挂失流程', top_k=10
2026-07-17 15:41:29 | INFO     | app.services.retrieval_pipeline:search:107 | trace_id=4cc05d3d-f989-41e4-b2b9-c53d55defb9d - BM25 检索: query='信用卡电话挂失', top_k=10
2026-07-17 15:41:29 | INFO     | app.services.retrieval_pipeline:rerank:183 | trace_id=4cc05d3d-f989-41e4-b2b9-c53d55defb9d - 重排序开始，候选数: 15
2026-07-17 15:41:29 | INFO     | app.services.retrieval_pipeline:rerank:211 | trace_id=4cc05d3d-f989-41e4-b2b9-c53d55defb9d - 重排序完成，返回 Top-10
2026-07-17 15:41:29 | INFO     | app.services.retrieval_pipeline:search:319 | trace_id=4cc05d3d-f989-41e4-b2b9-c53d55defb9d - 检索管线完成: 向量20 + BM250 → 去重15 → 重排10 → 最终5
2026-07-17 15:41:29 | INFO     | app.agents.persona_agent:generate_reply:27 | trace_id=4cc05d3d-f989-41e4-b2b9-c53d55defb9d - PersonaAgent 正在生成客户回复
2026-07-17 15:41:47 | INFO     | app.services.external_kb:get_node_by_id:146 | trace_id=4cc05d3d-f989-41e4-b2b9-c53d55defb9d - 获取特定知识点内容: node_id='kb_031'
2026-07-17 15:41:47 | INFO     | app.services.external_kb:get_node_by_id:146 | trace_id=4cc05d3d-f989-41e4-b2b9-c53d55defb9d - 获取特定知识点内容: node_id='kb_032'
2026-07-17 15:41:47 | INFO     | app.services.external_kb:get_node_by_id:146 | trace_id=4cc05d3d-f989-41e4-b2b9-c53d55defb9d - 获取特定知识点内容: node_id='kb_033'
2026-07-17 15:41:47 | INFO     | app.services.external_kb:get_node_by_id:146 | trace_id=4cc05d3d-f989-41e4-b2b9-c53d55defb9d - 获取特定知识点内容: node_id='kb_034'
2026-07-17 15:41:47 | INFO     | app.services.external_kb:get_node_by_id:146 | trace_id=4cc05d3d-f989-41e4-b2b9-c53d55defb9d - 获取特定知识点内容: node_id='kb_035'
2026-07-17 15:43:29 | INFO     | app.agents.quiz_agent:generate_teaching_question:127 | trace_id=N/A - QuizAgent 正在为分类 申请流程 生成教学题型
2026-07-17 15:43:50 | INFO     | app.agents.scorer_agent:generate_capability_portrait:62 | trace_id=N/A - ScorerAgent 正在生成能力画像
2026-07-17 15:45:18 | INFO     | app.agents.quiz_agent:generate_reverse_training:83 | trace_id=N/A - QuizAgent 正在为弱点 ['身份信息维护 - 身份核验准确性'] 生成反向训练题
2026-07-17 15:45:18 | INFO     | app.services.retrieval_pipeline:search:272 | trace_id=N/A - 高级检索管线启动: query='动态考试 身份信息维护 - 身份核验准确性'
2026-07-17 15:45:18 | INFO     | app.services.retrieval_pipeline:rewrite:41 | trace_id=N/A - 查询改写开始: 动态考试 身份信息维护 - 身份核验准确性
2026-07-17 15:45:29 | INFO     | app.services.retrieval_pipeline:rewrite:53 | trace_id=N/A - 查询改写结果: {'main_query': '身份验真标准', 'sub_queries': ['动态化考试要求', '客户信息更新流程', '证件核对规范'], 'intent_tags': ['业务流程', '风控规则'], 'expected_content_type': 'sop'}
2026-07-17 15:45:29 | INFO     | app.services.external_kb:search_knowledge:116 | trace_id=N/A - 正在执行向量检索: query='身份验真标准', top_k=10
2026-07-17 15:45:29 | INFO     | app.services.external_kb:search_knowledge:116 | trace_id=N/A - 正在执行向量检索: query='动态化考试要求', top_k=10
2026-07-17 15:45:29 | INFO     | app.services.retrieval_pipeline:search:107 | trace_id=N/A - BM25 检索: query='身份验真标准', top_k=10
2026-07-17 15:45:29 | INFO     | app.services.retrieval_pipeline:search:107 | trace_id=N/A - BM25 检索: query='动态化考试要求', top_k=10
2026-07-17 15:45:29 | INFO     | app.services.retrieval_pipeline:rerank:183 | trace_id=N/A - 重排序开始，候选数: 15
2026-07-17 15:45:29 | INFO     | app.services.retrieval_pipeline:rerank:211 | trace_id=N/A - 重排序完成，返回 Top-10
2026-07-17 15:45:29 | INFO     | app.services.retrieval_pipeline:search:319 | trace_id=N/A - 检索管线完成: 向量20 + BM250 → 去重15 → 重排10 → 最终5
2026-07-17 15:46:16 | INFO     | app.agents.quiz_agent:generate_reverse_training:83 | trace_id=N/A - QuizAgent 正在为弱点 ['身份信息维护 - 身份核验准确性'] 生成反向训练题
2026-07-17 15:46:16 | INFO     | app.services.retrieval_pipeline:search:272 | trace_id=N/A - 高级检索管线启动: query='动态考试 身份信息维护 - 身份核验准确性'
2026-07-17 15:46:16 | INFO     | app.services.retrieval_pipeline:rewrite:41 | trace_id=N/A - 查询改写开始: 动态考试 身份信息维护 - 身份核验准确性
2026-07-17 15:46:29 | INFO     | app.services.retrieval_pipeline:rewrite:53 | trace_id=N/A - 查询改写结果: {'main_query': '身份核验准确性', 'sub_queries': ['动态考试身份核验', '信息维护流程风控', '考试场景证件核查'], 'intent_tags': ['业务流程', '风控规则'], 'expected_content_type': 'rule|sop'}
2026-07-17 15:46:29 | INFO     | app.services.external_kb:search_knowledge:116 | trace_id=N/A - 正在执行向量检索: query='身份核验准确性', top_k=10
2026-07-17 15:46:30 | INFO     | app.services.external_kb:search_knowledge:116 | trace_id=N/A - 正在执行向量检索: query='动态考试身份核验', top_k=10
2026-07-17 15:46:30 | INFO     | app.services.retrieval_pipeline:search:107 | trace_id=N/A - BM25 检索: query='身份核验准确性', top_k=10
2026-07-17 15:46:30 | INFO     | app.services.retrieval_pipeline:search:107 | trace_id=N/A - BM25 检索: query='动态考试身份核验', top_k=10
2026-07-17 15:46:30 | INFO     | app.services.retrieval_pipeline:rerank:183 | trace_id=N/A - 重排序开始，候选数: 11
2026-07-17 15:46:30 | INFO     | app.services.retrieval_pipeline:rerank:211 | trace_id=N/A - 重排序完成，返回 Top-10
2026-07-17 15:46:30 | INFO     | app.services.retrieval_pipeline:search:319 | trace_id=N/A - 检索管线完成: 向量20 + BM250 → 去重11 → 重排10 → 最终5
2026-07-17 15:50:03 | INFO     | app.services.external_kb:_init_knowledge_base:42 | trace_id=system - 向量知识库已存在，共 105 条记录，跳过初始化。
2026-07-17 15:50:05 | INFO     | app.services.external_kb:get_all_nodes:162 | trace_id=prewarm - 获取知识库全部节点
2026-07-17 15:50:05 | INFO     | app.services.external_kb:get_all_nodes:173 | trace_id=prewarm - 知识库共 105 条节点
2026-07-17 15:50:32 | INFO     | app.services.exam_engine:get_business_config:72 | trace_id=prewarm - 从知识库提取业务线完成: 5 条业务线, 5 个关联关系
2026-07-17 15:50:32 | INFO     | app.main:_prewarm:62 | trace_id=system - [预热] 业务线分类已完成
2026-07-17 15:57:13 | INFO     | app.services.external_kb:_init_knowledge_base:42 | trace_id=system - 向量知识库已存在，共 105 条记录，跳过初始化。
2026-07-17 15:57:15 | INFO     | app.services.external_kb:get_all_nodes:162 | trace_id=prewarm - 获取知识库全部节点
2026-07-17 15:57:15 | INFO     | app.services.external_kb:get_all_nodes:173 | trace_id=prewarm - 知识库共 105 条节点
2026-07-17 16:00:17 | ERROR    | app.services.llm_adapter:chat_completion:77 | trace_id=prewarm - LLM 调用失败: Request timed out.
2026-07-17 16:00:17 | ERROR    | app.services.exam_engine:_extract_business_lines_from_kb:147 | trace_id=prewarm - LLM 提取业务线失败: Request timed out.
2026-07-17 16:00:17 | INFO     | app.services.exam_engine:get_business_config:72 | trace_id=prewarm - 从知识库提取业务线完成: 5 条业务线, 5 个关联关系
2026-07-17 16:00:17 | INFO     | app.main:_prewarm:62 | trace_id=system - [预热] 业务线分类已完成
2026-07-17 16:00:32 | INFO     | app.services.external_kb:_init_knowledge_base:42 | trace_id=system - 向量知识库已存在，共 105 条记录，跳过初始化。
2026-07-17 16:00:46 | INFO     | app.services.external_kb:_init_knowledge_base:42 | trace_id=system - 向量知识库已存在，共 105 条记录，跳过初始化。
2026-07-17 16:00:48 | INFO     | app.services.external_kb:get_all_nodes:162 | trace_id=prewarm - 获取知识库全部节点
2026-07-17 16:00:48 | INFO     | app.services.external_kb:get_all_nodes:173 | trace_id=prewarm - 知识库共 105 条节点
2026-07-17 16:03:50 | ERROR    | app.services.llm_adapter:chat_completion:77 | trace_id=prewarm - LLM 调用失败: Request timed out.
2026-07-17 16:03:50 | ERROR    | app.services.exam_engine:_extract_business_lines_from_kb:147 | trace_id=prewarm - LLM 提取业务线失败: Request timed out.
2026-07-17 16:03:50 | INFO     | app.services.exam_engine:get_business_config:72 | trace_id=prewarm - 从知识库提取业务线完成: 5 条业务线, 5 个关联关系
2026-07-17 16:03:50 | INFO     | app.main:_prewarm:62 | trace_id=system - [预热] 业务线分类已完成
2026-07-17 16:04:08 | INFO     | app.services.external_kb:_init_knowledge_base:42 | trace_id=system - 向量知识库已存在，共 105 条记录，跳过初始化。
2026-07-17 16:04:25 | INFO     | app.services.external_kb:_init_knowledge_base:42 | trace_id=system - 向量知识库已存在，共 105 条记录，跳过初始化。
2026-07-17 16:06:29 | INFO     | app.services.external_kb:_init_knowledge_base:42 | trace_id=system - 向量知识库已存在，共 105 条记录，跳过初始化。
2026-07-17 16:06:31 | INFO     | app.services.external_kb:get_all_nodes:162 | trace_id=prewarm - 获取知识库全部节点
2026-07-17 16:06:31 | INFO     | app.services.external_kb:get_all_nodes:173 | trace_id=prewarm - 知识库共 105 条节点
2026-07-17 16:07:03 | INFO     | app.services.external_kb:_init_knowledge_base:42 | trace_id=system - 向量知识库已存在，共 105 条记录，跳过初始化。
2026-07-17 16:07:05 | INFO     | app.services.external_kb:get_all_nodes:162 | trace_id=prewarm - 获取知识库全部节点
2026-07-17 16:07:05 | INFO     | app.services.external_kb:get_all_nodes:173 | trace_id=prewarm - 知识库共 105 条节点
2026-07-17 16:07:31 | INFO     | app.services.external_kb:_init_knowledge_base:42 | trace_id=system - 向量知识库已存在，共 105 条记录，跳过初始化。
2026-07-17 16:07:47 | INFO     | app.services.external_kb:_init_knowledge_base:42 | trace_id=system - 向量知识库已存在，共 105 条记录，跳过初始化。
2026-07-17 16:07:49 | INFO     | app.services.external_kb:get_all_nodes:162 | trace_id=prewarm - 获取知识库全部节点
2026-07-17 16:07:49 | INFO     | app.services.external_kb:get_all_nodes:173 | trace_id=prewarm - 知识库共 105 条节点
2026-07-17 16:08:08 | INFO     | app.services.external_kb:_init_knowledge_base:42 | trace_id=system - 向量知识库已存在，共 105 条记录，跳过初始化。
2026-07-17 16:08:24 | INFO     | app.services.external_kb:_init_knowledge_base:42 | trace_id=system - 向量知识库已存在，共 105 条记录，跳过初始化。
2026-07-17 16:08:26 | INFO     | app.services.external_kb:get_all_nodes:162 | trace_id=prewarm - 获取知识库全部节点
2026-07-17 16:08:26 | INFO     | app.services.external_kb:get_all_nodes:173 | trace_id=prewarm - 知识库共 105 条节点
2026-07-17 16:08:43 | INFO     | app.services.external_kb:_init_knowledge_base:42 | trace_id=system - 向量知识库已存在，共 105 条记录，跳过初始化。
2026-07-17 16:08:46 | INFO     | app.services.external_kb:get_all_nodes:162 | trace_id=prewarm - 获取知识库全部节点
2026-07-17 16:08:46 | INFO     | app.services.external_kb:get_all_nodes:173 | trace_id=prewarm - 知识库共 105 条节点
2026-07-17 16:09:20 | INFO     | app.services.external_kb:_init_knowledge_base:42 | trace_id=system - 向量知识库已存在，共 105 条记录，跳过初始化。
2026-07-17 16:09:23 | INFO     | app.services.external_kb:get_all_nodes:162 | trace_id=prewarm - 获取知识库全部节点
2026-07-17 16:09:23 | INFO     | app.services.external_kb:get_all_nodes:173 | trace_id=prewarm - 知识库共 105 条节点
2026-07-17 16:12:17 | INFO     | app.services.external_kb:_init_knowledge_base:42 | trace_id=system - 向量知识库已存在，共 105 条记录，跳过初始化。
2026-07-17 16:12:34 | INFO     | app.services.external_kb:_init_knowledge_base:42 | trace_id=system - 向量知识库已存在，共 105 条记录，跳过初始化。
2026-07-17 16:12:36 | INFO     | app.services.external_kb:get_all_nodes:162 | trace_id=prewarm - 获取知识库全部节点
2026-07-17 16:12:36 | INFO     | app.services.external_kb:get_all_nodes:173 | trace_id=prewarm - 知识库共 105 条节点
2026-07-17 16:13:10 | INFO     | app.services.exam_engine:get_business_config:72 | trace_id=prewarm - 从知识库提取业务线完成: 5 条业务线, 5 个关联关系
2026-07-17 16:13:10 | INFO     | app.main:_prewarm:62 | trace_id=system - [预热] 业务线分类已完成
2026-07-17 16:15:48 | INFO     | app.services.external_kb:_init_knowledge_base:42 | trace_id=system - 向量知识库已存在，共 105 条记录，跳过初始化。
2026-07-17 16:15:51 | INFO     | app.services.external_kb:get_all_nodes:162 | trace_id=prewarm - 获取知识库全部节点
2026-07-17 16:15:51 | INFO     | app.services.external_kb:get_all_nodes:173 | trace_id=prewarm - 知识库共 105 条节点
2026-07-17 16:16:08 | INFO     | app.services.external_kb:_init_knowledge_base:42 | trace_id=system - 向量知识库已存在，共 105 条记录，跳过初始化。
2026-07-17 16:16:27 | INFO     | app.services.external_kb:_init_knowledge_base:42 | trace_id=system - 向量知识库已存在，共 105 条记录，跳过初始化。
2026-07-17 16:16:42 | INFO     | app.services.external_kb:_init_knowledge_base:42 | trace_id=system - 向量知识库已存在，共 105 条记录，跳过初始化。
2026-07-17 16:16:58 | INFO     | app.services.external_kb:_init_knowledge_base:42 | trace_id=system - 向量知识库已存在，共 105 条记录，跳过初始化。
2026-07-17 16:17:00 | INFO     | app.services.external_kb:get_all_nodes:162 | trace_id=prewarm - 获取知识库全部节点
2026-07-17 16:17:00 | INFO     | app.services.external_kb:get_all_nodes:173 | trace_id=prewarm - 知识库共 105 条节点
2026-07-17 16:17:08 | INFO     | app.agents.quiz_agent:generate_reverse_training:83 | trace_id=N/A - QuizAgent 正在为弱点 ['身份核验准确性', '安抚情绪'] 生成反向训练题
2026-07-17 16:17:08 | INFO     | app.services.retrieval_pipeline:search:272 | trace_id=N/A - 高级检索管线启动: query='信用卡挂失 身份核验准确性 安抚情绪'
2026-07-17 16:17:08 | INFO     | app.services.retrieval_pipeline:rewrite:41 | trace_id=N/A - 查询改写开始: 信用卡挂失 身份核验准确性 安抚情绪
2026-07-17 16:17:47 | INFO     | app.services.retrieval_pipeline:rewrite:53 | trace_id=N/A - 查询改写结果: {'main_query': '信用卡挂失', 'sub_queries': ['身份核验准确性', '客户情绪安抚', '挂失流程处理'], 'intent_tags': ['业务流程', '风控规则'], 'expected_content_type': 'sop'}
2026-07-17 16:17:47 | INFO     | app.services.external_kb:search_knowledge:116 | trace_id=N/A - 正在执行向量检索: query='信用卡挂失', top_k=10
2026-07-17 16:17:47 | INFO     | app.services.external_kb:search_knowledge:116 | trace_id=N/A - 正在执行向量检索: query='身份核验准确性', top_k=10
2026-07-17 16:17:47 | INFO     | app.services.retrieval_pipeline:search:107 | trace_id=N/A - BM25 检索: query='信用卡挂失', top_k=10
2026-07-17 16:17:47 | INFO     | app.services.retrieval_pipeline:search:107 | trace_id=N/A - BM25 检索: query='身份核验准确性', top_k=10
2026-07-17 16:17:47 | INFO     | app.services.retrieval_pipeline:_load_reranker:145 | trace_id=ee948122-be00-4e76-9614-71f58504d6f0 - BGE Reranker 未启用（设置环境变量 ENABLE_RERANKER=1 以启用），使用降级关键词覆盖率评分
2026-07-17 16:17:47 | INFO     | app.services.retrieval_pipeline:rerank:183 | trace_id=N/A - 重排序开始，候选数: 20
2026-07-17 16:17:47 | INFO     | app.services.retrieval_pipeline:rerank:211 | trace_id=N/A - 重排序完成，返回 Top-10
2026-07-17 16:17:47 | INFO     | app.services.retrieval_pipeline:search:319 | trace_id=N/A - 检索管线完成: 向量20 + BM250 → 去重20 → 重排10 → 最终5
2026-07-17 16:18:17 | INFO     | app.services.exam_engine:initialize_exam:538 | trace_id=39245fb1-be47-4c9c-aa86-848f334f8388 - 初始化动态考试
2026-07-17 16:18:17 | INFO     | app.services.external_kb:get_all_nodes:162 | trace_id=39245fb1-be47-4c9c-aa86-848f334f8388 - 获取知识库全部节点
2026-07-17 16:18:17 | INFO     | app.services.external_kb:get_all_nodes:173 | trace_id=39245fb1-be47-4c9c-aa86-848f334f8388 - 知识库共 105 条节点
2026-07-17 16:20:02 | ERROR    | app.services.llm_adapter:async_chat_completion:105 | trace_id=prewarm - LLM 异步调用失败: Request timed out.
2026-07-17 16:20:02 | ERROR    | app.services.exam_engine:_extract_business_lines_from_kb:147 | trace_id=prewarm - LLM 提取业务线失败: Request timed out.
2026-07-17 16:20:02 | INFO     | app.services.exam_engine:get_business_config:72 | trace_id=prewarm - 从知识库提取业务线完成: 5 条业务线, 5 个关联关系
2026-07-17 16:20:02 | INFO     | app.main:_prewarm:62 | trace_id=system - [预热] 业务线分类已完成
2026-07-17 16:21:18 | ERROR    | app.services.llm_adapter:async_chat_completion:105 | trace_id=39245fb1-be47-4c9c-aa86-848f334f8388 - LLM 异步调用失败: Request timed out.
2026-07-17 16:21:18 | ERROR    | app.services.exam_engine:_extract_business_lines_from_kb:147 | trace_id=39245fb1-be47-4c9c-aa86-848f334f8388 - LLM 提取业务线失败: Request timed out.
2026-07-17 16:21:18 | INFO     | app.services.exam_engine:get_business_config:72 | trace_id=39245fb1-be47-4c9c-aa86-848f334f8388 - 从知识库提取业务线完成: 5 条业务线, 5 个关联关系
2026-07-17 16:21:19 | WARNING  | app.services.exam_engine:_load_persona_configs:487 | trace_id=c2e5ff92-e449-4fa7-94fe-f566de77d4fa - 从数据库加载人格配置失败: (pymysql.err.OperationalError) (1054, "Unknown column 'personas.initial_anxiety' in 'field list'")
[SQL: SELECT personas.id, personas.name, personas.system_prompt, personas.description, personas.initial_anxiety, personas.threshold, personas.created_at 
FROM personas]
(Background on this error at: https://sqlalche.me/e/20/e3q8)
2026-07-17 16:21:19 | INFO     | app.services.exam_engine:_load_persona_configs:489 | trace_id=c2e5ff92-e449-4fa7-94fe-f566de77d4fa - 使用代码硬编码的人格配置作为降级方案
2026-07-17 16:21:34 | WARNING  | app.services.exam_engine:_load_project_scenario:525 | trace_id=39245fb1-be47-4c9c-aa86-848f334f8388 - 加载项目场景失败: (pymysql.err.ProgrammingError) (1146, "Table 'customer_service.project_scenarios' doesn't exist")
[SQL: SELECT project_scenarios.id, project_scenarios.name, project_scenarios.description, project_scenarios.business_line, project_scenarios.tasks, project_scenarios.difficulty, project_scenarios.enabled, project_scenarios.created_at 
FROM project_scenarios 
WHERE project_scenarios.enabled = true]
(Background on this error at: https://sqlalche.me/e/20/f405)
2026-07-17 16:21:34 | INFO     | app.services.exam_engine:_load_project_scenario:530 | trace_id=39245fb1-be47-4c9c-aa86-848f334f8388 - 使用默认 PBL 项目场景: 完整投诉处理流程
2026-07-17 16:21:47 | INFO     | app.services.exam_engine:initialize_exam:584 | trace_id=39245fb1-be47-4c9c-aa86-848f334f8388 - PBL 项目制模式: 完整投诉处理流程, 任务数=3
2026-07-17 16:21:47 | INFO     | app.services.exam_engine:initialize_exam:642 | trace_id=39245fb1-be47-4c9c-aa86-848f334f8388 - 考试初始化完成: 模式=project, 人格=愤怒型, 业务线=信用卡挂失, 初始烦躁值=70, 目标数=3
2026-07-17 16:21:47 | INFO     | app.services.retrieval_pipeline:search:272 | trace_id=39245fb1-be47-4c9c-aa86-848f334f8388 - 高级检索管线启动: query='信用卡挂失'
2026-07-17 16:21:47 | INFO     | app.services.retrieval_pipeline:rewrite:41 | trace_id=39245fb1-be47-4c9c-aa86-848f334f8388 - 查询改写开始: 信用卡挂失
2026-07-17 16:21:58 | INFO     | app.services.retrieval_pipeline:rewrite:53 | trace_id=39245fb1-be47-4c9c-aa86-848f334f8388 - 查询改写结果: {'main_query': '信用卡挂失', 'sub_queries': ['口头挂失程序', '正式挂失申请表', '挂失费标准', '换发新卡'], 'intent_tags': ['业务流程', '风控规则'], 'expected_content_type': 'sop'}
2026-07-17 16:21:58 | INFO     | app.services.external_kb:search_knowledge:116 | trace_id=39245fb1-be47-4c9c-aa86-848f334f8388 - 正在执行向量检索: query='信用卡挂失', top_k=10
2026-07-17 16:21:58 | INFO     | app.services.external_kb:search_knowledge:116 | trace_id=39245fb1-be47-4c9c-aa86-848f334f8388 - 正在执行向量检索: query='口头挂失程序', top_k=10
2026-07-17 16:21:58 | INFO     | app.services.retrieval_pipeline:search:107 | trace_id=39245fb1-be47-4c9c-aa86-848f334f8388 - BM25 检索: query='信用卡挂失', top_k=10
2026-07-17 16:21:58 | INFO     | app.services.retrieval_pipeline:search:107 | trace_id=39245fb1-be47-4c9c-aa86-848f334f8388 - BM25 检索: query='口头挂失程序', top_k=10
2026-07-17 16:21:58 | INFO     | app.services.retrieval_pipeline:rerank:183 | trace_id=39245fb1-be47-4c9c-aa86-848f334f8388 - 重排序开始，候选数: 17
2026-07-17 16:21:58 | INFO     | app.services.retrieval_pipeline:rerank:211 | trace_id=39245fb1-be47-4c9c-aa86-848f334f8388 - 重排序完成，返回 Top-10
2026-07-17 16:21:58 | INFO     | app.services.retrieval_pipeline:search:319 | trace_id=39245fb1-be47-4c9c-aa86-848f334f8388 - 检索管线完成: 向量20 + BM250 → 去重17 → 重排10 → 最终5
2026-07-17 16:21:58 | INFO     | app.agents.persona_agent:generate_reply:27 | trace_id=39245fb1-be47-4c9c-aa86-848f334f8388 - PersonaAgent 正在生成客户回复
2026-07-17 16:22:40 | INFO     | app.services.external_kb:_init_knowledge_base:42 | trace_id=system - 向量知识库已存在，共 105 条记录，跳过初始化。
2026-07-17 16:22:57 | INFO     | app.services.external_kb:_init_knowledge_base:42 | trace_id=system - 向量知识库已存在，共 105 条记录，跳过初始化。
2026-07-17 16:22:59 | INFO     | app.services.external_kb:get_all_nodes:162 | trace_id=prewarm - 获取知识库全部节点
2026-07-17 16:22:59 | INFO     | app.services.external_kb:get_all_nodes:173 | trace_id=prewarm - 知识库共 105 条节点
2026-07-17 16:23:23 | INFO     | app.services.external_kb:_init_knowledge_base:42 | trace_id=system - 向量知识库已存在，共 105 条记录，跳过初始化。
2026-07-17 16:23:38 | INFO     | app.services.external_kb:_init_knowledge_base:42 | trace_id=system - 向量知识库已存在，共 105 条记录，跳过初始化。
2026-07-17 16:23:41 | INFO     | app.services.external_kb:get_all_nodes:162 | trace_id=prewarm - 获取知识库全部节点
2026-07-17 16:23:41 | INFO     | app.services.external_kb:get_all_nodes:173 | trace_id=prewarm - 知识库共 105 条节点
2026-07-17 16:26:43 | ERROR    | app.services.llm_adapter:async_chat_completion:105 | trace_id=prewarm - LLM 异步调用失败: Request timed out.
2026-07-17 16:26:43 | ERROR    | app.services.exam_engine:_extract_business_lines_from_kb:148 | trace_id=prewarm - LLM 提取业务线失败: Request timed out.
2026-07-17 16:26:43 | INFO     | app.services.exam_engine:get_business_config:73 | trace_id=prewarm - 从知识库提取业务线完成: 5 条业务线, 5 个关联关系
2026-07-17 16:26:43 | INFO     | app.main:_prewarm:62 | trace_id=system - [预热] 业务线分类已完成
2026-07-17 16:32:31 | INFO     | app.services.external_kb:_init_knowledge_base:42 | trace_id=system - 向量知识库已存在，共 105 条记录，跳过初始化。
2026-07-17 16:32:47 | INFO     | app.services.external_kb:_init_knowledge_base:42 | trace_id=system - 向量知识库已存在，共 105 条记录，跳过初始化。
2026-07-17 16:32:49 | INFO     | app.services.external_kb:get_all_nodes:162 | trace_id=prewarm - 获取知识库全部节点
2026-07-17 16:32:49 | INFO     | app.services.external_kb:get_all_nodes:173 | trace_id=prewarm - 知识库共 105 条节点
2026-07-17 16:34:45 | INFO     | app.services.exam_engine:get_business_config:73 | trace_id=prewarm - 从知识库提取业务线完成: 5 条业务线, 5 个关联关系
2026-07-17 16:34:45 | INFO     | app.main:_prewarm:62 | trace_id=system - [预热] 业务线分类已完成
2026-07-17 16:35:16 | INFO     | app.agents.quiz_agent:generate_reverse_training:83 | trace_id=N/A - QuizAgent 正在为弱点 ['未使用生活化比喻解释流程', '未覆盖审批阶段与结果通知环节'] 生成反向训练题
2026-07-17 16:35:16 | INFO     | app.services.retrieval_pipeline:search:272 | trace_id=N/A - 高级检索管线启动: query='申请流程 未使用生活化比喻解释流程 未覆盖审批阶段与结果通知环节'
2026-07-17 16:35:16 | INFO     | app.services.retrieval_pipeline:rewrite:41 | trace_id=N/A - 查询改写开始: 申请流程 未使用生活化比喻解释流程 未覆盖审批阶段与结果通知环节
2026-07-17 16:35:28 | INFO     | app.services.retrieval_pipeline:rewrite:53 | trace_id=N/A - 查询改写结果: {'main_query': '贷款申请流程', 'sub_queries': ['通俗化解释', '审批阶段', '通知环节'], 'intent_tags': ['业务流程'], 'expected_content_type': 'sop'}
2026-07-17 16:35:28 | INFO     | app.services.external_kb:search_knowledge:116 | trace_id=N/A - 正在执行向量检索: query='贷款申请流程', top_k=10
2026-07-17 16:35:28 | INFO     | app.services.external_kb:search_knowledge:116 | trace_id=N/A - 正在执行向量检索: query='通俗化解释', top_k=10
2026-07-17 16:35:28 | INFO     | app.services.retrieval_pipeline:search:107 | trace_id=N/A - BM25 检索: query='贷款申请流程', top_k=10
2026-07-17 16:35:28 | INFO     | app.services.retrieval_pipeline:search:107 | trace_id=N/A - BM25 检索: query='通俗化解释', top_k=10
2026-07-17 16:35:28 | INFO     | app.services.retrieval_pipeline:_load_reranker:145 | trace_id=59e5a175-5bdb-4709-9314-39d4a9699f41 - BGE Reranker 未启用（设置环境变量 ENABLE_RERANKER=1 以启用），使用降级关键词覆盖率评分
2026-07-17 16:35:28 | INFO     | app.services.retrieval_pipeline:rerank:183 | trace_id=N/A - 重排序开始，候选数: 18
2026-07-17 16:35:28 | INFO     | app.services.retrieval_pipeline:rerank:211 | trace_id=N/A - 重排序完成，返回 Top-10
2026-07-17 16:35:28 | INFO     | app.services.retrieval_pipeline:search:319 | trace_id=N/A - 检索管线完成: 向量20 + BM250 → 去重18 → 重排10 → 最终5
2026-07-17 16:37:48 | INFO     | app.agents.quiz_agent:generate_reverse_training:83 | trace_id=N/A - QuizAgent 正在为弱点 ['未使用生活化比喻解释流程', '未覆盖审批阶段与结果通知环节'] 生成反向训练题
2026-07-17 16:37:48 | INFO     | app.services.retrieval_pipeline:search:272 | trace_id=N/A - 高级检索管线启动: query='申请流程 未使用生活化比喻解释流程 未覆盖审批阶段与结果通知环节'
2026-07-17 16:37:48 | INFO     | app.services.retrieval_pipeline:rewrite:41 | trace_id=N/A - 查询改写开始: 申请流程 未使用生活化比喻解释流程 未覆盖审批阶段与结果通知环节
2026-07-17 16:38:26 | INFO     | app.services.retrieval_pipeline:rewrite:53 | trace_id=N/A - 查询改写结果: {'main_query': '银行申请流程完整覆盖', 'sub_queries': ['申请流程正式解释', '审批阶段', '结果通知环节'], 'intent_tags': ['业务流程'], 'expected_content_type': 'sop'}
2026-07-17 16:38:26 | INFO     | app.services.external_kb:search_knowledge:116 | trace_id=N/A - 正在执行向量检索: query='银行申请流程完整覆盖', top_k=10
2026-07-17 16:38:26 | INFO     | app.services.external_kb:search_knowledge:116 | trace_id=N/A - 正在执行向量检索: query='申请流程正式解释', top_k=10
2026-07-17 16:38:26 | INFO     | app.services.retrieval_pipeline:search:107 | trace_id=N/A - BM25 检索: query='银行申请流程完整覆盖', top_k=10
2026-07-17 16:38:26 | INFO     | app.services.retrieval_pipeline:search:107 | trace_id=N/A - BM25 检索: query='申请流程正式解释', top_k=10
2026-07-17 16:38:26 | INFO     | app.services.retrieval_pipeline:rerank:183 | trace_id=N/A - 重排序开始，候选数: 16
2026-07-17 16:38:26 | INFO     | app.services.retrieval_pipeline:rerank:211 | trace_id=N/A - 重排序完成，返回 Top-10
2026-07-17 16:38:26 | INFO     | app.services.retrieval_pipeline:search:319 | trace_id=N/A - 检索管线完成: 向量20 + BM250 → 去重16 → 重排10 → 最终5
2026-07-17 16:51:35 | INFO     | app.agents.doc_agent:answer_query_stream:44 | trace_id=N/A - DocAgent 收到查询 (Stream, mode=normal): 客户问密码重置应该怎么半
2026-07-17 16:51:35 | INFO     | app.services.retrieval_pipeline:search:272 | trace_id=N/A - 高级检索管线启动: query='客户问密码重置应该怎么半'
2026-07-17 16:51:35 | INFO     | app.services.retrieval_pipeline:rewrite:41 | trace_id=N/A - 查询改写开始: 客户问密码重置应该怎么半
2026-07-17 16:51:47 | INFO     | app.services.retrieval_pipeline:rewrite:53 | trace_id=N/A - 查询改写结果: {'main_query': '密码重置', 'sub_queries': ['密码找回', '重置流程', '交易密码重置', '登录密码重置'], 'intent_tags': ['业务流程', '风险控制', '账户管理'], 'expected_content_type': 'sop|rule|faq'}
2026-07-17 16:51:47 | INFO     | app.services.external_kb:search_knowledge:116 | trace_id=N/A - 正在执行向量检索: query='密码重置', top_k=10
2026-07-17 16:51:47 | INFO     | app.services.external_kb:search_knowledge:116 | trace_id=N/A - 正在执行向量检索: query='密码找回', top_k=10
2026-07-17 16:51:47 | INFO     | app.services.retrieval_pipeline:search:107 | trace_id=N/A - BM25 检索: query='密码重置', top_k=10
2026-07-17 16:51:47 | INFO     | app.services.retrieval_pipeline:search:107 | trace_id=N/A - BM25 检索: query='密码找回', top_k=10
2026-07-17 16:51:47 | INFO     | app.services.retrieval_pipeline:rerank:183 | trace_id=N/A - 重排序开始，候选数: 13
2026-07-17 16:51:47 | INFO     | app.services.retrieval_pipeline:rerank:211 | trace_id=N/A - 重排序完成，返回 Top-10
2026-07-17 16:51:47 | INFO     | app.services.retrieval_pipeline:search:319 | trace_id=N/A - 检索管线完成: 向量20 + BM250 → 去重13 → 重排10 → 最终5
2026-07-20 10:00:23 | INFO     | app.services.external_kb:_init_knowledge_base:42 | trace_id=system - 向量知识库已存在，共 105 条记录，跳过初始化。
2026-07-20 10:00:25 | INFO     | app.services.external_kb:get_all_nodes:162 | trace_id=prewarm - 获取知识库全部节点
2026-07-20 10:00:25 | INFO     | app.services.external_kb:get_all_nodes:173 | trace_id=prewarm - 知识库共 105 条节点
2026-07-20 10:01:00 | INFO     | app.services.exam_engine:get_business_config:73 | trace_id=prewarm - 从知识库提取业务线完成: 6 条业务线, 6 个关联关系
2026-07-20 10:01:00 | INFO     | app.main:_prewarm:62 | trace_id=system - [预热] 业务线分类已完成
2026-07-20 10:04:59 | INFO     | app.services.exam_engine:initialize_exam:540 | trace_id=353960a2-f382-43b5-843d-bdcba0e8ba57 - 初始化动态考试
2026-07-20 10:04:59 | INFO     | app.services.exam_engine:initialize_exam:547 | trace_id=353960a2-f382-43b5-843d-bdcba0e8ba57 - 使用预热缓存的业务线配置
2026-07-20 10:04:59 | INFO     | app.services.exam_engine:_load_persona_configs:486 | trace_id=af1f9360-ab39-462f-97c2-1ddc6477fc76 - 成功从数据库加载 3 个人格配置
2026-07-20 10:04:59 | INFO     | app.services.external_kb:get_node_by_id:146 | trace_id=353960a2-f382-43b5-843d-bdcba0e8ba57 - 获取特定知识点内容: node_id='kb_031'
2026-07-20 10:04:59 | INFO     | app.services.external_kb:get_node_by_id:146 | trace_id=353960a2-f382-43b5-843d-bdcba0e8ba57 - 获取特定知识点内容: node_id='kb_032'
2026-07-20 10:04:59 | INFO     | app.services.external_kb:get_node_by_id:146 | trace_id=353960a2-f382-43b5-843d-bdcba0e8ba57 - 获取特定知识点内容: node_id='kb_033'
2026-07-20 10:04:59 | INFO     | app.services.external_kb:get_node_by_id:146 | trace_id=353960a2-f382-43b5-843d-bdcba0e8ba57 - 获取特定知识点内容: node_id='kb_034'
2026-07-20 10:04:59 | INFO     | app.services.external_kb:get_node_by_id:146 | trace_id=353960a2-f382-43b5-843d-bdcba0e8ba57 - 获取特定知识点内容: node_id='kb_035'
2026-07-20 10:05:19 | INFO     | app.services.exam_engine:_load_project_scenario:532 | trace_id=353960a2-f382-43b5-843d-bdcba0e8ba57 - 使用默认 PBL 项目场景: 完整投诉处理流程
2026-07-20 10:05:36 | INFO     | app.services.exam_engine:initialize_exam:607 | trace_id=353960a2-f382-43b5-843d-bdcba0e8ba57 - PBL 项目制模式: 完整投诉处理流程, 任务数=3
2026-07-20 10:05:36 | INFO     | app.services.exam_engine:initialize_exam:665 | trace_id=353960a2-f382-43b5-843d-bdcba0e8ba57 - 考试初始化完成: 模式=project, 人格=[Test] 极其急躁型客户, 业务线=信用卡挂失, 初始烦躁值=20, 目标数=3
2026-07-20 10:05:36 | INFO     | app.services.retrieval_pipeline:search:272 | trace_id=353960a2-f382-43b5-843d-bdcba0e8ba57 - 高级检索管线启动: query='信用卡挂失'
2026-07-20 10:05:36 | INFO     | app.services.retrieval_pipeline:rewrite:41 | trace_id=353960a2-f382-43b5-843d-bdcba0e8ba57 - 查询改写开始: 信用卡挂失
2026-07-20 10:05:43 | INFO     | app.services.retrieval_pipeline:rewrite:53 | trace_id=353960a2-f382-43b5-843d-bdcba0e8ba57 - 查询改写结果: {'main_query': '信用卡挂失', 'sub_queries': ['遗失信用卡处理流程', '卡片丢失应急措施', '口头挂失操作规范'], 'intent_tags': ['业务流程', '风控规则'], 'expected_content_type': ['sop', 'rule', 'faq']}
2026-07-20 10:05:43 | INFO     | app.services.external_kb:search_knowledge:116 | trace_id=353960a2-f382-43b5-843d-bdcba0e8ba57 - 正在执行向量检索: query='信用卡挂失', top_k=10
2026-07-20 10:05:43 | INFO     | app.services.external_kb:search_knowledge:116 | trace_id=353960a2-f382-43b5-843d-bdcba0e8ba57 - 正在执行向量检索: query='遗失信用卡处理流程', top_k=10
2026-07-20 10:05:43 | INFO     | app.services.retrieval_pipeline:search:107 | trace_id=353960a2-f382-43b5-843d-bdcba0e8ba57 - BM25 检索: query='信用卡挂失', top_k=10
2026-07-20 10:05:43 | INFO     | app.services.retrieval_pipeline:search:107 | trace_id=353960a2-f382-43b5-843d-bdcba0e8ba57 - BM25 检索: query='遗失信用卡处理流程', top_k=10
2026-07-20 10:05:43 | INFO     | app.services.retrieval_pipeline:_load_reranker:145 | trace_id=af1f9360-ab39-462f-97c2-1ddc6477fc76 - BGE Reranker 未启用（设置环境变量 ENABLE_RERANKER=1 以启用），使用降级关键词覆盖率评分
2026-07-20 10:05:43 | INFO     | app.services.retrieval_pipeline:rerank:183 | trace_id=353960a2-f382-43b5-843d-bdcba0e8ba57 - 重排序开始，候选数: 12
2026-07-20 10:05:43 | INFO     | app.services.retrieval_pipeline:rerank:211 | trace_id=353960a2-f382-43b5-843d-bdcba0e8ba57 - 重排序完成，返回 Top-10
2026-07-20 10:05:43 | INFO     | app.services.retrieval_pipeline:search:319 | trace_id=353960a2-f382-43b5-843d-bdcba0e8ba57 - 检索管线完成: 向量20 + BM250 → 去重12 → 重排10 → 最终5
2026-07-20 10:05:43 | INFO     | app.agents.persona_agent:generate_reply:27 | trace_id=353960a2-f382-43b5-843d-bdcba0e8ba57 - PersonaAgent 正在生成客户回复
2026-07-20 10:10:35 | INFO     | app.services.retrieval_pipeline:search:272 | trace_id=80cb5e8a-476c-4511-98fb-f36a034e62ad - 高级检索管线启动: query='信用卡挂失'
2026-07-20 10:10:35 | INFO     | app.services.retrieval_pipeline:rewrite:41 | trace_id=80cb5e8a-476c-4511-98fb-f36a034e62ad - 查询改写开始: 信用卡挂失
2026-07-20 10:10:46 | INFO     | app.services.retrieval_pipeline:rewrite:53 | trace_id=80cb5e8a-476c-4511-98fb-f36a034e62ad - 查询改写结果: {'main_query': '信用卡挂失', 'sub_queries': ['挂失操作流程', '紧急挂失渠道', '补卡政策'], 'intent_tags': ['业务流程', '风控规则'], 'expected_content_type': 'sop|rule|faq'}
2026-07-20 10:10:46 | INFO     | app.services.external_kb:search_knowledge:116 | trace_id=80cb5e8a-476c-4511-98fb-f36a034e62ad - 正在执行向量检索: query='信用卡挂失', top_k=10
2026-07-20 10:10:47 | INFO     | app.services.external_kb:search_knowledge:116 | trace_id=80cb5e8a-476c-4511-98fb-f36a034e62ad - 正在执行向量检索: query='挂失操作流程', top_k=10
2026-07-20 10:10:47 | INFO     | app.services.retrieval_pipeline:search:107 | trace_id=80cb5e8a-476c-4511-98fb-f36a034e62ad - BM25 检索: query='信用卡挂失', top_k=10
2026-07-20 10:10:47 | INFO     | app.services.retrieval_pipeline:search:107 | trace_id=80cb5e8a-476c-4511-98fb-f36a034e62ad - BM25 检索: query='挂失操作流程', top_k=10
2026-07-20 10:10:47 | INFO     | app.services.retrieval_pipeline:rerank:183 | trace_id=80cb5e8a-476c-4511-98fb-f36a034e62ad - 重排序开始，候选数: 17
2026-07-20 10:10:47 | INFO     | app.services.retrieval_pipeline:rerank:211 | trace_id=80cb5e8a-476c-4511-98fb-f36a034e62ad - 重排序完成，返回 Top-10
2026-07-20 10:10:47 | INFO     | app.services.retrieval_pipeline:search:319 | trace_id=80cb5e8a-476c-4511-98fb-f36a034e62ad - 检索管线完成: 向量20 + BM250 → 去重17 → 重排10 → 最终5
2026-07-20 10:10:47 | INFO     | app.agents.persona_agent:generate_reply:27 | trace_id=80cb5e8a-476c-4511-98fb-f36a034e62ad - PersonaAgent 正在生成客户回复
2026-07-20 10:12:22 | INFO     | app.services.retrieval_pipeline:search:272 | trace_id=6c491b0a-8263-4671-abe8-c190ae6c5a4e - 高级检索管线启动: query='信用卡挂失'
2026-07-20 10:12:22 | INFO     | app.services.retrieval_pipeline:rewrite:41 | trace_id=6c491b0a-8263-4671-abe8-c190ae6c5a4e - 查询改写开始: 信用卡挂失
2026-07-20 10:12:33 | INFO     | app.services.retrieval_pipeline:rewrite:53 | trace_id=6c491b0a-8263-4671-abe8-c190ae6c5a4e - 查询改写结果: {'main_query': '信用卡挂失', 'sub_queries': ['信用卡挂失流程', '信用卡挂失电话', '信用卡补办手续', '信用卡盗刷责任'], 'intent_tags': ['业务流程', '风控规则'], 'expected_content_type': 'faq'}
2026-07-20 10:12:33 | INFO     | app.services.external_kb:search_knowledge:116 | trace_id=6c491b0a-8263-4671-abe8-c190ae6c5a4e - 正在执行向量检索: query='信用卡挂失', top_k=10
2026-07-20 10:12:33 | INFO     | app.services.external_kb:search_knowledge:116 | trace_id=6c491b0a-8263-4671-abe8-c190ae6c5a4e - 正在执行向量检索: query='信用卡挂失流程', top_k=10
2026-07-20 10:12:33 | INFO     | app.services.retrieval_pipeline:search:107 | trace_id=6c491b0a-8263-4671-abe8-c190ae6c5a4e - BM25 检索: query='信用卡挂失', top_k=10
2026-07-20 10:12:33 | INFO     | app.services.retrieval_pipeline:search:107 | trace_id=6c491b0a-8263-4671-abe8-c190ae6c5a4e - BM25 检索: query='信用卡挂失流程', top_k=10
2026-07-20 10:12:33 | INFO     | app.services.retrieval_pipeline:rerank:183 | trace_id=6c491b0a-8263-4671-abe8-c190ae6c5a4e - 重排序开始，候选数: 12
2026-07-20 10:12:33 | INFO     | app.services.retrieval_pipeline:rerank:211 | trace_id=6c491b0a-8263-4671-abe8-c190ae6c5a4e - 重排序完成，返回 Top-10
2026-07-20 10:12:33 | INFO     | app.services.retrieval_pipeline:search:319 | trace_id=6c491b0a-8263-4671-abe8-c190ae6c5a4e - 检索管线完成: 向量20 + BM250 → 去重12 → 重排10 → 最终5
2026-07-20 10:12:33 | INFO     | app.agents.persona_agent:generate_reply:27 | trace_id=6c491b0a-8263-4671-abe8-c190ae6c5a4e - PersonaAgent 正在生成客户回复
2026-07-20 10:12:58 | WARNING  | app.services.exam_engine:_llm_judge_anxiety:412 | trace_id=6c491b0a-8263-4671-abe8-c190ae6c5a4e - LLM 烦躁值评判失败，降级跳过: Expecting value: line 1 column 12 (char 11)
2026-07-20 10:13:49 | INFO     | app.services.retrieval_pipeline:search:272 | trace_id=2f0e08c5-a05e-4f76-89bc-7af314e3dc93 - 高级检索管线启动: query='信用卡挂失'
2026-07-20 10:13:49 | INFO     | app.services.retrieval_pipeline:rewrite:41 | trace_id=2f0e08c5-a05e-4f76-89bc-7af314e3dc93 - 查询改写开始: 信用卡挂失
2026-07-20 10:14:02 | INFO     | app.services.retrieval_pipeline:rewrite:53 | trace_id=2f0e08c5-a05e-4f76-89bc-7af314e3dc93 - 查询改写结果: {'main_query': '信用卡挂失', 'sub_queries': ['申请挂失流程', '电话挂失操作', '挂失状态查询', '冻结信用卡', '新卡补办'], 'intent_tags': ['业务流程', '风控规则'], 'expected_content_type': 'sop'}
2026-07-20 10:14:02 | INFO     | app.services.external_kb:search_knowledge:116 | trace_id=2f0e08c5-a05e-4f76-89bc-7af314e3dc93 - 正在执行向量检索: query='信用卡挂失', top_k=10
2026-07-20 10:14:03 | INFO     | app.services.external_kb:search_knowledge:116 | trace_id=2f0e08c5-a05e-4f76-89bc-7af314e3dc93 - 正在执行向量检索: query='申请挂失流程', top_k=10
2026-07-20 10:14:03 | INFO     | app.services.retrieval_pipeline:search:107 | trace_id=2f0e08c5-a05e-4f76-89bc-7af314e3dc93 - BM25 检索: query='信用卡挂失', top_k=10
2026-07-20 10:14:03 | INFO     | app.services.retrieval_pipeline:search:107 | trace_id=2f0e08c5-a05e-4f76-89bc-7af314e3dc93 - BM25 检索: query='申请挂失流程', top_k=10
2026-07-20 10:14:03 | INFO     | app.services.retrieval_pipeline:rerank:183 | trace_id=2f0e08c5-a05e-4f76-89bc-7af314e3dc93 - 重排序开始，候选数: 18
2026-07-20 10:14:03 | INFO     | app.services.retrieval_pipeline:rerank:211 | trace_id=2f0e08c5-a05e-4f76-89bc-7af314e3dc93 - 重排序完成，返回 Top-10
2026-07-20 10:14:03 | INFO     | app.services.retrieval_pipeline:search:319 | trace_id=2f0e08c5-a05e-4f76-89bc-7af314e3dc93 - 检索管线完成: 向量20 + BM250 → 去重18 → 重排10 → 最终5
2026-07-20 10:14:03 | INFO     | app.agents.persona_agent:generate_reply:27 | trace_id=2f0e08c5-a05e-4f76-89bc-7af314e3dc93 - PersonaAgent 正在生成客户回复
2026-07-20 10:16:56 | INFO     | app.services.retrieval_pipeline:search:272 | trace_id=5e3a54b3-4003-4569-925e-04c0f16dffc9 - 高级检索管线启动: query='信用卡挂失'
2026-07-20 10:16:56 | INFO     | app.services.retrieval_pipeline:rewrite:41 | trace_id=5e3a54b3-4003-4569-925e-04c0f16dffc9 - 查询改写开始: 信用卡挂失
2026-07-20 10:17:08 | INFO     | app.services.retrieval_pipeline:rewrite:53 | trace_id=5e3a54b3-4003-4569-925e-04c0f16dffc9 - 查询改写结果: {'main_query': '信用卡挂失', 'sub_queries': ['挂失流程', '补卡操作', '挂失费', '风险控制', '卡片冻结'], 'intent_tags': ['业务流程', '风控规则'], 'expected_content_type': 'sop'}
2026-07-20 10:17:08 | INFO     | app.services.external_kb:search_knowledge:116 | trace_id=5e3a54b3-4003-4569-925e-04c0f16dffc9 - 正在执行向量检索: query='信用卡挂失', top_k=10
2026-07-20 10:17:08 | INFO     | app.services.external_kb:search_knowledge:116 | trace_id=5e3a54b3-4003-4569-925e-04c0f16dffc9 - 正在执行向量检索: query='挂失流程', top_k=10
2026-07-20 10:17:08 | INFO     | app.services.retrieval_pipeline:search:107 | trace_id=5e3a54b3-4003-4569-925e-04c0f16dffc9 - BM25 检索: query='信用卡挂失', top_k=10
2026-07-20 10:17:08 | INFO     | app.services.retrieval_pipeline:search:107 | trace_id=5e3a54b3-4003-4569-925e-04c0f16dffc9 - BM25 检索: query='挂失流程', top_k=10
2026-07-20 10:17:08 | INFO     | app.services.retrieval_pipeline:rerank:183 | trace_id=5e3a54b3-4003-4569-925e-04c0f16dffc9 - 重排序开始，候选数: 17
2026-07-20 10:17:08 | INFO     | app.services.retrieval_pipeline:rerank:211 | trace_id=5e3a54b3-4003-4569-925e-04c0f16dffc9 - 重排序完成，返回 Top-10
2026-07-20 10:17:08 | INFO     | app.services.retrieval_pipeline:search:319 | trace_id=5e3a54b3-4003-4569-925e-04c0f16dffc9 - 检索管线完成: 向量20 + BM250 → 去重17 → 重排10 → 最终5
2026-07-20 10:17:08 | INFO     | app.agents.persona_agent:generate_reply:27 | trace_id=5e3a54b3-4003-4569-925e-04c0f16dffc9 - PersonaAgent 正在生成客户回复
2026-07-20 10:19:10 | INFO     | app.services.retrieval_pipeline:search:272 | trace_id=b834dc73-3467-4ff2-8d92-474aa997dd4e - 高级检索管线启动: query='信用卡挂失'
2026-07-20 10:19:10 | INFO     | app.services.retrieval_pipeline:rewrite:41 | trace_id=b834dc73-3467-4ff2-8d92-474aa997dd4e - 查询改写开始: 信用卡挂失
2026-07-20 10:19:31 | INFO     | app.services.retrieval_pipeline:rewrite:53 | trace_id=b834dc73-3467-4ff2-8d92-474aa997dd4e - 查询改写结果: {'main_query': '信用卡挂失', 'sub_queries': ['信用卡丢失处理', '卡片冻结流程', '挂失后补办', '信用卡应急服务'], 'intent_tags': ['业务流程', '风控规则', '应急流程'], 'expected_content_type': ['sop', 'rule', 'case', 'faq']}
2026-07-20 10:19:31 | INFO     | app.services.external_kb:search_knowledge:116 | trace_id=b834dc73-3467-4ff2-8d92-474aa997dd4e - 正在执行向量检索: query='信用卡挂失', top_k=10
2026-07-20 10:19:31 | INFO     | app.services.external_kb:search_knowledge:116 | trace_id=b834dc73-3467-4ff2-8d92-474aa997dd4e - 正在执行向量检索: query='信用卡丢失处理', top_k=10
2026-07-20 10:19:31 | INFO     | app.services.retrieval_pipeline:search:107 | trace_id=b834dc73-3467-4ff2-8d92-474aa997dd4e - BM25 检索: query='信用卡挂失', top_k=10
2026-07-20 10:19:31 | INFO     | app.services.retrieval_pipeline:search:107 | trace_id=b834dc73-3467-4ff2-8d92-474aa997dd4e - BM25 检索: query='信用卡丢失处理', top_k=10
2026-07-20 10:19:31 | INFO     | app.services.retrieval_pipeline:rerank:183 | trace_id=b834dc73-3467-4ff2-8d92-474aa997dd4e - 重排序开始，候选数: 10
2026-07-20 10:19:31 | INFO     | app.services.retrieval_pipeline:rerank:211 | trace_id=b834dc73-3467-4ff2-8d92-474aa997dd4e - 重排序完成，返回 Top-10
2026-07-20 10:19:31 | INFO     | app.services.retrieval_pipeline:search:319 | trace_id=b834dc73-3467-4ff2-8d92-474aa997dd4e - 检索管线完成: 向量20 + BM250 → 去重10 → 重排10 → 最终5
2026-07-20 10:19:31 | INFO     | app.agents.persona_agent:generate_reply:27 | trace_id=b834dc73-3467-4ff2-8d92-474aa997dd4e - PersonaAgent 正在生成客户回复
2026-07-20 10:20:43 | INFO     | app.services.retrieval_pipeline:search:272 | trace_id=06e84cbf-87ea-4726-b4d0-e3f2974c8577 - 高级检索管线启动: query='信用卡挂失'
2026-07-20 10:20:43 | INFO     | app.services.retrieval_pipeline:rewrite:41 | trace_id=06e84cbf-87ea-4726-b4d0-e3f2974c8577 - 查询改写开始: 信用卡挂失
2026-07-20 10:20:53 | INFO     | app.services.retrieval_pipeline:rewrite:53 | trace_id=06e84cbf-87ea-4726-b4d0-e3f2974c8577 - 查询改写结果: {'main_query': '信用卡挂失', 'sub_queries': ['挂失冻结流程', '补办新卡操作', '被盗刷应急处理'], 'intent_tags': ['业务流程', '风控规则'], 'expected_content_type': 'sop|rule|faq'}
2026-07-20 10:20:53 | INFO     | app.services.external_kb:search_knowledge:116 | trace_id=06e84cbf-87ea-4726-b4d0-e3f2974c8577 - 正在执行向量检索: query='信用卡挂失', top_k=10
2026-07-20 10:20:53 | INFO     | app.services.external_kb:search_knowledge:116 | trace_id=06e84cbf-87ea-4726-b4d0-e3f2974c8577 - 正在执行向量检索: query='挂失冻结流程', top_k=10
2026-07-20 10:20:53 | INFO     | app.services.retrieval_pipeline:search:107 | trace_id=06e84cbf-87ea-4726-b4d0-e3f2974c8577 - BM25 检索: query='信用卡挂失', top_k=10
2026-07-20 10:20:53 | INFO     | app.services.retrieval_pipeline:search:107 | trace_id=06e84cbf-87ea-4726-b4d0-e3f2974c8577 - BM25 检索: query='挂失冻结流程', top_k=10
2026-07-20 10:20:53 | INFO     | app.services.retrieval_pipeline:rerank:183 | trace_id=06e84cbf-87ea-4726-b4d0-e3f2974c8577 - 重排序开始，候选数: 19
2026-07-20 10:20:53 | INFO     | app.services.retrieval_pipeline:rerank:211 | trace_id=06e84cbf-87ea-4726-b4d0-e3f2974c8577 - 重排序完成，返回 Top-10
2026-07-20 10:20:53 | INFO     | app.services.retrieval_pipeline:search:319 | trace_id=06e84cbf-87ea-4726-b4d0-e3f2974c8577 - 检索管线完成: 向量20 + BM250 → 去重19 → 重排10 → 最终5
2026-07-20 10:20:53 | INFO     | app.agents.persona_agent:generate_reply:27 | trace_id=06e84cbf-87ea-4726-b4d0-e3f2974c8577 - PersonaAgent 正在生成客户回复
2026-07-20 10:21:07 | INFO     | app.services.external_kb:get_node_by_id:146 | trace_id=06e84cbf-87ea-4726-b4d0-e3f2974c8577 - 获取特定知识点内容: node_id='kb_031'
2026-07-20 10:21:07 | INFO     | app.services.external_kb:get_node_by_id:146 | trace_id=06e84cbf-87ea-4726-b4d0-e3f2974c8577 - 获取特定知识点内容: node_id='kb_032'
2026-07-20 10:21:07 | INFO     | app.services.external_kb:get_node_by_id:146 | trace_id=06e84cbf-87ea-4726-b4d0-e3f2974c8577 - 获取特定知识点内容: node_id='kb_033'
2026-07-20 10:21:07 | INFO     | app.services.external_kb:get_node_by_id:146 | trace_id=06e84cbf-87ea-4726-b4d0-e3f2974c8577 - 获取特定知识点内容: node_id='kb_034'
2026-07-20 10:21:07 | INFO     | app.services.external_kb:get_node_by_id:146 | trace_id=06e84cbf-87ea-4726-b4d0-e3f2974c8577 - 获取特定知识点内容: node_id='kb_035'
2026-07-20 10:23:29 | INFO     | app.services.external_kb:_init_knowledge_base:42 | trace_id=system - 向量知识库已存在，共 105 条记录，跳过初始化。
2026-07-20 10:23:31 | INFO     | app.services.external_kb:get_all_nodes:162 | trace_id=prewarm - 获取知识库全部节点
2026-07-20 10:23:31 | INFO     | app.services.external_kb:get_all_nodes:173 | trace_id=prewarm - 知识库共 105 条节点
2026-07-20 10:23:47 | INFO     | app.services.external_kb:_init_knowledge_base:42 | trace_id=system - 向量知识库已存在，共 105 条记录，跳过初始化。
2026-07-20 10:23:50 | INFO     | app.services.external_kb:get_all_nodes:162 | trace_id=prewarm - 获取知识库全部节点
2026-07-20 10:23:50 | INFO     | app.services.external_kb:get_all_nodes:173 | trace_id=prewarm - 知识库共 105 条节点
2026-07-20 10:24:01 | INFO     | app.services.external_kb:_init_knowledge_base:42 | trace_id=system - 向量知识库已存在，共 105 条记录，跳过初始化。
2026-07-20 10:24:03 | INFO     | app.services.external_kb:get_all_nodes:162 | trace_id=prewarm - 获取知识库全部节点
2026-07-20 10:24:03 | INFO     | app.services.external_kb:get_all_nodes:173 | trace_id=prewarm - 知识库共 105 条节点
2026-07-20 10:25:07 | INFO     | app.agents.doc_agent:answer_query_stream:44 | trace_id=N/A - DocAgent 收到查询 (Stream, mode=normal): 信用卡挂失手续费是多少
2026-07-20 10:25:07 | INFO     | app.services.retrieval_pipeline:search:272 | trace_id=N/A - 高级检索管线启动: query='信用卡挂失手续费是多少'
2026-07-20 10:25:07 | INFO     | app.services.retrieval_pipeline:rewrite:41 | trace_id=N/A - 查询改写开始: 信用卡挂失手续费是多少
2026-07-20 10:25:35 | INFO     | app.services.retrieval_pipeline:rewrite:53 | trace_id=N/A - 查询改写结果: {'main_query': '信用卡挂失手续费', 'sub_queries': ['手续费金额', '信用卡挂失费用标准', '挂失手续费政策'], 'intent_tags': ['业务流程', '风控规则'], 'expected_content_type': 'rule|faq'}
2026-07-20 10:25:35 | INFO     | app.services.external_kb:search_knowledge:116 | trace_id=N/A - 正在执行向量检索: query='信用卡挂失手续费', top_k=10
2026-07-20 10:25:36 | INFO     | app.services.external_kb:search_knowledge:116 | trace_id=N/A - 正在执行向量检索: query='手续费金额', top_k=10
2026-07-20 10:25:36 | INFO     | app.services.retrieval_pipeline:search:107 | trace_id=N/A - BM25 检索: query='信用卡挂失手续费', top_k=10
2026-07-20 10:25:36 | INFO     | app.services.retrieval_pipeline:search:107 | trace_id=N/A - BM25 检索: query='手续费金额', top_k=10
2026-07-20 10:25:36 | INFO     | app.services.retrieval_pipeline:_load_reranker:145 | trace_id=29bdb327-283a-40a7-b40f-d3d6aff1e032 - BGE Reranker 未启用（设置环境变量 ENABLE_RERANKER=1 以启用），使用降级关键词覆盖率评分
2026-07-20 10:25:36 | INFO     | app.services.retrieval_pipeline:rerank:183 | trace_id=N/A - 重排序开始，候选数: 15
2026-07-20 10:25:36 | INFO     | app.services.retrieval_pipeline:rerank:211 | trace_id=N/A - 重排序完成，返回 Top-10
2026-07-20 10:25:36 | INFO     | app.services.retrieval_pipeline:search:319 | trace_id=N/A - 检索管线完成: 向量20 + BM250 → 去重15 → 重排10 → 最终5
2026-07-20 10:25:49 | INFO     | app.services.exam_engine:get_business_config:73 | trace_id=prewarm - 从知识库提取业务线完成: 5 条业务线, 5 个关联关系
2026-07-20 10:25:49 | INFO     | app.main:_prewarm:62 | trace_id=system - [预热] 业务线分类已完成
2026-07-20 10:25:49 | INFO     | app.agents.doc_agent:answer_query_stream:44 | trace_id=N/A - DocAgent 收到查询 (Stream, mode=normal): 信用卡挂失手续费是多少
2026-07-20 10:25:49 | INFO     | app.services.retrieval_pipeline:search:272 | trace_id=N/A - 高级检索管线启动: query='信用卡挂失手续费是多少'
2026-07-20 10:25:49 | INFO     | app.services.retrieval_pipeline:rewrite:41 | trace_id=N/A - 查询改写开始: 信用卡挂失手续费是多少
2026-07-20 10:25:58 | INFO     | app.services.retrieval_pipeline:rewrite:53 | trace_id=N/A - 查询改写结果: {'main_query': '信用卡挂失手续费', 'sub_queries': ['手续费', '挂失', '收费'], 'intent_tags': ['业务流程', '风控规则'], 'expected_content_type': 'sop|rule'}
2026-07-20 10:25:58 | INFO     | app.services.external_kb:search_knowledge:116 | trace_id=N/A - 正在执行向量检索: query='信用卡挂失手续费', top_k=10
2026-07-20 10:25:58 | INFO     | app.services.external_kb:search_knowledge:116 | trace_id=N/A - 正在执行向量检索: query='手续费', top_k=10
2026-07-20 10:25:58 | INFO     | app.services.retrieval_pipeline:search:107 | trace_id=N/A - BM25 检索: query='信用卡挂失手续费', top_k=10
2026-07-20 10:25:58 | INFO     | app.services.retrieval_pipeline:search:107 | trace_id=N/A - BM25 检索: query='手续费', top_k=10
2026-07-20 10:25:58 | INFO     | app.services.retrieval_pipeline:rerank:183 | trace_id=N/A - 重排序开始，候选数: 15
2026-07-20 10:25:58 | INFO     | app.services.retrieval_pipeline:rerank:211 | trace_id=N/A - 重排序完成，返回 Top-10
2026-07-20 10:25:58 | INFO     | app.services.retrieval_pipeline:search:319 | trace_id=N/A - 检索管线完成: 向量20 + BM250 → 去重15 → 重排10 → 最终5
2026-07-20 10:26:32 | INFO     | app.agents.doc_agent:answer_query_stream:44 | trace_id=N/A - DocAgent 收到查询 (Stream, mode=normal): 信用卡挂失手续费是多少
2026-07-20 10:26:32 | INFO     | app.services.retrieval_pipeline:search:272 | trace_id=N/A - 高级检索管线启动: query='信用卡挂失手续费是多少'
2026-07-20 10:26:32 | INFO     | app.services.retrieval_pipeline:rewrite:41 | trace_id=N/A - 查询改写开始: 信用卡挂失手续费是多少
2026-07-20 10:26:44 | INFO     | app.services.retrieval_pipeline:rewrite:53 | trace_id=N/A - 查询改写结果: {'main_query': '信用卡 挂失 手续费', 'sub_queries': ['挂失 费用 金额', '挂失 收费 规定', '卡片 丢失 赔偿', '信用卡 补办 收费'], 'intent_tags': ['业务流程', '风控规则'], 'expected_content_type': 'sop|rule'}
2026-07-20 10:26:44 | INFO     | app.services.external_kb:search_knowledge:116 | trace_id=N/A - 正在执行向量检索: query='信用卡 挂失 手续费', top_k=10
2026-07-20 10:26:44 | INFO     | app.services.external_kb:search_knowledge:116 | trace_id=N/A - 正在执行向量检索: query='挂失 费用 金额', top_k=10
2026-07-20 10:26:44 | INFO     | app.services.retrieval_pipeline:search:107 | trace_id=N/A - BM25 检索: query='信用卡 挂失 手续费', top_k=10
2026-07-20 10:26:44 | INFO     | app.services.retrieval_pipeline:search:107 | trace_id=N/A - BM25 检索: query='挂失 费用 金额', top_k=10
2026-07-20 10:26:44 | INFO     | app.services.retrieval_pipeline:rerank:183 | trace_id=N/A - 重排序开始，候选数: 13
2026-07-20 10:26:44 | INFO     | app.services.retrieval_pipeline:rerank:211 | trace_id=N/A - 重排序完成，返回 Top-10
2026-07-20 10:26:44 | INFO     | app.services.retrieval_pipeline:search:319 | trace_id=N/A - 检索管线完成: 向量20 + BM250 → 去重13 → 重排10 → 最终5
2026-07-20 10:27:11 | INFO     | app.agents.doc_agent:answer_query_stream:44 | trace_id=N/A - DocAgent 收到查询 (Stream, mode=normal): 信用卡挂失流程
2026-07-20 10:27:11 | INFO     | app.services.retrieval_pipeline:search:272 | trace_id=N/A - 高级检索管线启动: query='信用卡挂失流程'
2026-07-20 10:27:11 | INFO     | app.services.retrieval_pipeline:rewrite:41 | trace_id=N/A - 查询改写开始: 信用卡挂失流程
2026-07-20 10:27:23 | INFO     | app.services.retrieval_pipeline:rewrite:53 | trace_id=N/A - 查询改写结果: {'main_query': '信用卡挂失流程', 'sub_queries': ['信用卡挂失', '挂失办理', '临时冻结手续'], 'intent_tags': ['业务流程', '风控规则'], 'expected_content_type': 'sop'}
2026-07-20 10:27:23 | INFO     | app.services.external_kb:search_knowledge:116 | trace_id=N/A - 正在执行向量检索: query='信用卡挂失流程', top_k=10
2026-07-20 10:27:23 | INFO     | app.services.external_kb:search_knowledge:116 | trace_id=N/A - 正在执行向量检索: query='信用卡挂失', top_k=10
2026-07-20 10:27:23 | INFO     | app.services.retrieval_pipeline:search:107 | trace_id=N/A - BM25 检索: query='信用卡挂失流程', top_k=10
2026-07-20 10:27:23 | INFO     | app.services.retrieval_pipeline:search:107 | trace_id=N/A - BM25 检索: query='信用卡挂失', top_k=10
2026-07-20 10:27:23 | INFO     | app.services.retrieval_pipeline:rerank:183 | trace_id=N/A - 重排序开始，候选数: 12
2026-07-20 10:27:23 | INFO     | app.services.retrieval_pipeline:rerank:211 | trace_id=N/A - 重排序完成，返回 Top-10
2026-07-20 10:27:23 | INFO     | app.services.retrieval_pipeline:search:319 | trace_id=N/A - 检索管线完成: 向量20 + BM250 → 去重12 → 重排10 → 最终5
2026-07-20 10:28:18 | INFO     | app.services.external_kb:_init_knowledge_base:42 | trace_id=system - 向量知识库已存在，共 105 条记录，跳过初始化。
2026-07-20 10:28:20 | INFO     | app.services.external_kb:get_all_nodes:162 | trace_id=prewarm - 获取知识库全部节点
2026-07-20 10:28:20 | INFO     | app.services.external_kb:get_all_nodes:173 | trace_id=prewarm - 知识库共 105 条节点
2026-07-20 10:28:26 | INFO     | app.agents.doc_agent:answer_query_stream:44 | trace_id=N/A - DocAgent 收到查询 (Stream, mode=normal): 信用卡挂失流程
2026-07-20 10:28:26 | INFO     | app.services.retrieval_pipeline:search:272 | trace_id=N/A - 高级检索管线启动: query='信用卡挂失流程'
2026-07-20 10:28:26 | INFO     | app.services.retrieval_pipeline:rewrite:41 | trace_id=N/A - 查询改写开始: 信用卡挂失流程
2026-07-20 10:28:41 | INFO     | app.services.retrieval_pipeline:rewrite:53 | trace_id=N/A - 查询改写结果: {'main_query': '信用卡挂失手续', 'sub_queries': ['挂失办理方式', '紧急冻结渠道', '挂失后续处理'], 'intent_tags': ['业务流程', '风控规则'], 'expected_content_type': 'sop'}
2026-07-20 10:28:41 | INFO     | app.services.external_kb:search_knowledge:116 | trace_id=N/A - 正在执行向量检索: query='信用卡挂失手续', top_k=10
2026-07-20 10:28:41 | INFO     | app.services.external_kb:search_knowledge:116 | trace_id=N/A - 正在执行向量检索: query='挂失办理方式', top_k=10
2026-07-20 10:28:41 | INFO     | app.services.retrieval_pipeline:search:107 | trace_id=N/A - BM25 检索: query='信用卡挂失手续', top_k=10
2026-07-20 10:28:41 | INFO     | app.services.retrieval_pipeline:search:107 | trace_id=N/A - BM25 检索: query='挂失办理方式', top_k=10
2026-07-20 10:28:41 | INFO     | app.services.retrieval_pipeline:_load_reranker:145 | trace_id=005b13a7-256a-430b-b577-23281781bfe0 - BGE Reranker 未启用（设置环境变量 ENABLE_RERANKER=1 以启用），使用降级关键词覆盖率评分
2026-07-20 10:28:41 | INFO     | app.services.retrieval_pipeline:rerank:183 | trace_id=N/A - 重排序开始，候选数: 15
2026-07-20 10:28:41 | INFO     | app.services.retrieval_pipeline:rerank:211 | trace_id=N/A - 重排序完成，返回 Top-10
2026-07-20 10:28:41 | INFO     | app.services.retrieval_pipeline:search:319 | trace_id=N/A - 检索管线完成: 向量20 + BM250 → 去重15 → 重排10 → 最终5
2026-07-20 10:28:45 | INFO     | app.services.exam_engine:get_business_config:73 | trace_id=prewarm - 从知识库提取业务线完成: 7 条业务线, 7 个关联关系
2026-07-20 10:28:45 | INFO     | app.main:_prewarm:62 | trace_id=system - [预热] 业务线分类已完成
2026-07-20 10:29:34 | INFO     | app.agents.doc_agent:answer_query_stream:44 | trace_id=N/A - DocAgent 收到查询 (Stream, mode=normal): 信用卡挂失流程
2026-07-20 10:29:34 | INFO     | app.services.retrieval_pipeline:search:272 | trace_id=N/A - 高级检索管线启动: query='信用卡挂失流程'
2026-07-20 10:29:34 | INFO     | app.services.retrieval_pipeline:rewrite:41 | trace_id=N/A - 查询改写开始: 信用卡挂失流程
2026-07-20 10:29:46 | INFO     | app.services.retrieval_pipeline:rewrite:53 | trace_id=N/A - 查询改写结果: {'main_query': '信用卡挂失操作流程', 'sub_queries': ['信用卡挂失手续', '办理信用卡挂失方法', '信用卡挂失后补卡流程'], 'intent_tags': ['业务流程', '风控规则'], 'expected_content_type': 'sop|rule'}
2026-07-20 10:29:46 | INFO     | app.services.external_kb:search_knowledge:116 | trace_id=N/A - 正在执行向量检索: query='信用卡挂失操作流程', top_k=10
2026-07-20 10:29:47 | INFO     | app.services.external_kb:search_knowledge:116 | trace_id=N/A - 正在执行向量检索: query='信用卡挂失手续', top_k=10
2026-07-20 10:29:47 | INFO     | app.services.retrieval_pipeline:search:107 | trace_id=N/A - BM25 检索: query='信用卡挂失操作流程', top_k=10
2026-07-20 10:29:47 | INFO     | app.services.retrieval_pipeline:search:107 | trace_id=N/A - BM25 检索: query='信用卡挂失手续', top_k=10
2026-07-20 10:29:47 | INFO     | app.services.retrieval_pipeline:rerank:183 | trace_id=N/A - 重排序开始，候选数: 10
2026-07-20 10:29:47 | INFO     | app.services.retrieval_pipeline:rerank:211 | trace_id=N/A - 重排序完成，返回 Top-10
2026-07-20 10:29:47 | INFO     | app.services.retrieval_pipeline:search:319 | trace_id=N/A - 检索管线完成: 向量20 + BM250 → 去重10 → 重排10 → 最终5
2026-07-20 10:31:10 | INFO     | app.services.external_kb:_init_knowledge_base:42 | trace_id=system - 向量知识库已存在，共 105 条记录，跳过初始化。
2026-07-20 10:31:12 | INFO     | app.services.external_kb:get_all_nodes:162 | trace_id=prewarm - 获取知识库全部节点
2026-07-20 10:31:12 | INFO     | app.services.external_kb:get_all_nodes:173 | trace_id=prewarm - 知识库共 105 条节点
2026-07-20 10:31:41 | INFO     | app.agents.doc_agent:answer_query_stream:44 | trace_id=N/A - DocAgent 收到查询 (Stream, mode=normal): 信用卡挂失应该怎么半
2026-07-20 10:31:41 | INFO     | app.services.retrieval_pipeline:search:272 | trace_id=N/A - 高级检索管线启动: query='信用卡挂失应该怎么半'
2026-07-20 10:31:41 | INFO     | app.services.retrieval_pipeline:rewrite:41 | trace_id=N/A - 查询改写开始: 信用卡挂失应该怎么半
2026-07-20 10:31:52 | INFO     | app.services.retrieval_pipeline:rewrite:53 | trace_id=N/A - 查询改写结果: {'main_query': '信用卡 挂失', 'sub_queries': ['信用卡挂失办理', '信用卡挂失操作流程', '信用卡丢失处理方式'], 'intent_tags': ['业务流程', '风控规则'], 'expected_content_type': 'sop|rule|case|faq'}
2026-07-20 10:31:52 | INFO     | app.services.external_kb:search_knowledge:116 | trace_id=N/A - 正在执行向量检索: query='信用卡 挂失', top_k=10
2026-07-20 10:31:52 | INFO     | app.services.external_kb:search_knowledge:116 | trace_id=N/A - 正在执行向量检索: query='信用卡挂失办理', top_k=10
2026-07-20 10:31:52 | INFO     | app.services.retrieval_pipeline:search:107 | trace_id=N/A - BM25 检索: query='信用卡 挂失', top_k=10
2026-07-20 10:31:52 | INFO     | app.services.retrieval_pipeline:search:107 | trace_id=N/A - BM25 检索: query='信用卡挂失办理', top_k=10
2026-07-20 10:31:52 | INFO     | app.services.retrieval_pipeline:_load_reranker:145 | trace_id=215df92a-78be-449d-85b0-7403017a3725 - BGE Reranker 未启用（设置环境变量 ENABLE_RERANKER=1 以启用），使用降级关键词覆盖率评分
2026-07-20 10:31:52 | INFO     | app.services.retrieval_pipeline:rerank:183 | trace_id=N/A - 重排序开始，候选数: 12
2026-07-20 10:31:52 | INFO     | app.services.retrieval_pipeline:rerank:211 | trace_id=N/A - 重排序完成，返回 Top-10
2026-07-20 10:31:52 | INFO     | app.services.retrieval_pipeline:search:319 | trace_id=N/A - 检索管线完成: 向量20 + BM250 → 去重12 → 重排10 → 最终5
2026-07-20 10:32:51 | INFO     | app.services.exam_engine:get_business_config:73 | trace_id=prewarm - 从知识库提取业务线完成: 5 条业务线, 5 个关联关系
2026-07-20 10:32:51 | INFO     | app.main:_prewarm:62 | trace_id=system - [预热] 业务线分类已完成
2026-07-20 10:51:44 | INFO     | app.agents.quiz_agent:generate_reverse_training:83 | trace_id=N/A - QuizAgent 正在为弱点 ['业务知识薄弱'] 生成反向训练题
2026-07-20 10:51:44 | INFO     | app.services.retrieval_pipeline:search:272 | trace_id=N/A - 高级检索管线启动: query='动态考试 业务知识薄弱'
2026-07-20 10:51:44 | INFO     | app.services.retrieval_pipeline:rewrite:41 | trace_id=N/A - 查询改写开始: 动态考试 业务知识薄弱
2026-07-20 10:51:56 | INFO     | app.services.retrieval_pipeline:rewrite:53 | trace_id=N/A - 查询改写结果: {'main_query': '银行业务知识动态考试', 'sub_queries': ['业务流程考试准备', '风控规则考题', '产品制度考点'], 'intent_tags': ['业务流程', '风控规则'], 'expected_content_type': 'sop'}
2026-07-20 10:51:56 | INFO     | app.services.external_kb:search_knowledge:116 | trace_id=N/A - 正在执行向量检索: query='银行业务知识动态考试', top_k=10
2026-07-20 10:51:57 | INFO     | app.services.external_kb:search_knowledge:116 | trace_id=N/A - 正在执行向量检索: query='业务流程考试准备', top_k=10
2026-07-20 10:51:57 | INFO     | app.services.retrieval_pipeline:search:107 | trace_id=N/A - BM25 检索: query='银行业务知识动态考试', top_k=10
2026-07-20 10:51:57 | INFO     | app.services.retrieval_pipeline:search:107 | trace_id=N/A - BM25 检索: query='业务流程考试准备', top_k=10
2026-07-20 10:51:57 | INFO     | app.services.retrieval_pipeline:rerank:183 | trace_id=N/A - 重排序开始，候选数: 15
2026-07-20 10:51:57 | INFO     | app.services.retrieval_pipeline:rerank:211 | trace_id=N/A - 重排序完成，返回 Top-10
2026-07-20 10:51:57 | INFO     | app.services.retrieval_pipeline:search:319 | trace_id=N/A - 检索管线完成: 向量20 + BM250 → 去重15 → 重排10 → 最终5
2026-07-20 10:52:57 | ERROR    | app.services.llm_adapter:async_chat_completion:116 | trace_id=N/A - LLM 异步调用失败: Request timed out.
2026-07-20 10:53:04 | INFO     | app.services.external_kb:_init_knowledge_base:42 | trace_id=system - 向量知识库已存在，共 105 条记录，跳过初始化。
2026-07-20 10:53:09 | INFO     | app.services.external_kb:_init_knowledge_base:42 | trace_id=system - 向量知识库已存在，共 105 条记录，跳过初始化。
2026-07-20 10:53:11 | INFO     | app.services.external_kb:get_all_nodes:162 | trace_id=prewarm - 获取知识库全部节点
2026-07-20 10:53:11 | INFO     | app.services.external_kb:get_all_nodes:173 | trace_id=prewarm - 知识库共 105 条节点
2026-07-20 10:53:29 | INFO     | app.services.exam_engine:initialize_exam:540 | trace_id=3e445500-1ec2-4b2d-9bbe-4048a9615830 - 初始化动态考试
2026-07-20 10:53:29 | INFO     | app.services.exam_engine:initialize_exam:549 | trace_id=3e445500-1ec2-4b2d-9bbe-4048a9615830 - 业务线预热中，等待完成（最多30秒）...
2026-07-20 10:53:41 | INFO     | app.services.exam_engine:get_business_config:73 | trace_id=prewarm - 从知识库提取业务线完成: 6 条业务线, 6 个关联关系
2026-07-20 10:53:41 | INFO     | app.main:_prewarm:62 | trace_id=system - [预热] 业务线分类已完成
2026-07-20 10:53:42 | INFO     | app.services.exam_engine:initialize_exam:556 | trace_id=3e445500-1ec2-4b2d-9bbe-4048a9615830 - 预热完成，使用缓存的业务线配置
2026-07-20 10:53:42 | INFO     | app.services.exam_engine:_load_persona_configs:486 | trace_id=fbf85a96-7568-4bc4-b5ef-a74cbcc6667d - 成功从数据库加载 3 个人格配置
2026-07-20 10:53:42 | INFO     | app.services.external_kb:get_node_by_id:146 | trace_id=3e445500-1ec2-4b2d-9bbe-4048a9615830 - 获取特定知识点内容: node_id='kb_006'
2026-07-20 10:53:42 | INFO     | app.services.external_kb:get_node_by_id:146 | trace_id=3e445500-1ec2-4b2d-9bbe-4048a9615830 - 获取特定知识点内容: node_id='kb_008'
2026-07-20 10:53:42 | INFO     | app.services.external_kb:get_node_by_id:146 | trace_id=3e445500-1ec2-4b2d-9bbe-4048a9615830 - 获取特定知识点内容: node_id='kb_059'
2026-07-20 10:53:59 | INFO     | app.services.intent_state_machine:build_intent_machine_for_business_line:480 | trace_id=fbf85a96-7568-4bc4-b5ef-a74cbcc6667d - 业务线 '特殊业务' 基于踩分点生成 3 个意图
2026-07-20 10:53:59 | INFO     | app.services.exam_engine:initialize_exam:616 | trace_id=3e445500-1ec2-4b2d-9bbe-4048a9615830 - 单业务线模式: 特殊业务, 意图数=3
2026-07-20 10:53:59 | INFO     | app.services.exam_engine:initialize_exam:665 | trace_id=3e445500-1ec2-4b2d-9bbe-4048a9615830 - 考试初始化完成: 模式=single, 人格=默认急躁客户, 业务线=特殊业务, 初始烦躁值=20, 目标数=3
2026-07-20 10:53:59 | INFO     | app.services.retrieval_pipeline:search:272 | trace_id=3e445500-1ec2-4b2d-9bbe-4048a9615830 - 高级检索管线启动: query='特殊业务'
2026-07-20 10:53:59 | INFO     | app.services.retrieval_pipeline:rewrite:41 | trace_id=3e445500-1ec2-4b2d-9bbe-4048a9615830 - 查询改写开始: 特殊业务
2026-07-20 10:54:10 | INFO     | app.services.retrieval_pipeline:rewrite:53 | trace_id=3e445500-1ec2-4b2d-9bbe-4048a9615830 - 查询改写结果: {'main_query': '特殊业务', 'sub_queries': ['账户冻结', '司法查询', '大额交易'], 'intent_tags': ['业务流程', '风控规则'], 'expected_content_type': 'sop'}
2026-07-20 10:54:10 | INFO     | app.services.external_kb:search_knowledge:116 | trace_id=3e445500-1ec2-4b2d-9bbe-4048a9615830 - 正在执行向量检索: query='特殊业务', top_k=10
2026-07-20 10:54:11 | INFO     | app.services.external_kb:search_knowledge:116 | trace_id=3e445500-1ec2-4b2d-9bbe-4048a9615830 - 正在执行向量检索: query='账户冻结', top_k=10
2026-07-20 10:54:11 | INFO     | app.services.retrieval_pipeline:search:107 | trace_id=3e445500-1ec2-4b2d-9bbe-4048a9615830 - BM25 检索: query='特殊业务', top_k=10
2026-07-20 10:54:11 | INFO     | app.services.retrieval_pipeline:search:107 | trace_id=3e445500-1ec2-4b2d-9bbe-4048a9615830 - BM25 检索: query='账户冻结', top_k=10
2026-07-20 10:54:11 | INFO     | app.services.retrieval_pipeline:_load_reranker:145 | trace_id=fbf85a96-7568-4bc4-b5ef-a74cbcc6667d - BGE Reranker 未启用（设置环境变量 ENABLE_RERANKER=1 以启用），使用降级关键词覆盖率评分
2026-07-20 10:54:11 | INFO     | app.services.retrieval_pipeline:rerank:183 | trace_id=3e445500-1ec2-4b2d-9bbe-4048a9615830 - 重排序开始，候选数: 19
2026-07-20 10:54:11 | INFO     | app.services.retrieval_pipeline:rerank:211 | trace_id=3e445500-1ec2-4b2d-9bbe-4048a9615830 - 重排序完成，返回 Top-10
2026-07-20 10:54:11 | INFO     | app.services.retrieval_pipeline:search:319 | trace_id=3e445500-1ec2-4b2d-9bbe-4048a9615830 - 检索管线完成: 向量20 + BM250 → 去重19 → 重排10 → 最终5
2026-07-20 10:54:11 | INFO     | app.agents.persona_agent:generate_reply:27 | trace_id=3e445500-1ec2-4b2d-9bbe-4048a9615830 - PersonaAgent 正在生成客户回复
2026-07-20 10:56:50 | INFO     | app.services.retrieval_pipeline:search:272 | trace_id=c8533166-5e8e-475c-a3f6-d3477a18452b - 高级检索管线启动: query='特殊业务'
2026-07-20 10:56:50 | INFO     | app.services.retrieval_pipeline:rewrite:41 | trace_id=c8533166-5e8e-475c-a3f6-d3477a18452b - 查询改写开始: 特殊业务
2026-07-20 10:57:01 | INFO     | app.services.retrieval_pipeline:rewrite:53 | trace_id=c8533166-5e8e-475c-a3f6-d3477a18452b - 查询改写结果: {'main_query': '特殊业务', 'sub_queries': ['大额交易处理', '账户异常操作', '紧急业务办理'], 'intent_tags': ['业务流程', '风控规则'], 'expected_content_type': 'sop'}
2026-07-20 10:57:01 | INFO     | app.services.external_kb:search_knowledge:116 | trace_id=c8533166-5e8e-475c-a3f6-d3477a18452b - 正在执行向量检索: query='特殊业务', top_k=10
2026-07-20 10:57:01 | INFO     | app.services.external_kb:search_knowledge:116 | trace_id=c8533166-5e8e-475c-a3f6-d3477a18452b - 正在执行向量检索: query='大额交易处理', top_k=10
2026-07-20 10:57:01 | INFO     | app.services.retrieval_pipeline:search:107 | trace_id=c8533166-5e8e-475c-a3f6-d3477a18452b - BM25 检索: query='特殊业务', top_k=10
2026-07-20 10:57:01 | INFO     | app.services.retrieval_pipeline:search:107 | trace_id=c8533166-5e8e-475c-a3f6-d3477a18452b - BM25 检索: query='大额交易处理', top_k=10
2026-07-20 10:57:01 | INFO     | app.services.retrieval_pipeline:rerank:183 | trace_id=c8533166-5e8e-475c-a3f6-d3477a18452b - 重排序开始，候选数: 16
2026-07-20 10:57:01 | INFO     | app.services.retrieval_pipeline:rerank:211 | trace_id=c8533166-5e8e-475c-a3f6-d3477a18452b - 重排序完成，返回 Top-10
2026-07-20 10:57:01 | INFO     | app.services.retrieval_pipeline:search:319 | trace_id=c8533166-5e8e-475c-a3f6-d3477a18452b - 检索管线完成: 向量20 + BM250 → 去重16 → 重排10 → 最终5
2026-07-20 10:57:01 | INFO     | app.agents.persona_agent:generate_reply:27 | trace_id=c8533166-5e8e-475c-a3f6-d3477a18452b - PersonaAgent 正在生成客户回复
2026-07-20 10:59:53 | INFO     | app.services.external_kb:_init_knowledge_base:42 | trace_id=system - 向量知识库已存在，共 105 条记录，跳过初始化。
2026-07-20 10:59:56 | INFO     | app.services.external_kb:get_all_nodes:162 | trace_id=prewarm - 获取知识库全部节点
2026-07-20 10:59:56 | INFO     | app.services.external_kb:get_all_nodes:173 | trace_id=prewarm - 知识库共 105 条节点
2026-07-20 11:02:56 | ERROR    | app.services.llm_adapter:async_chat_completion:116 | trace_id=prewarm - LLM 异步调用失败: Request timed out.
2026-07-20 11:02:56 | ERROR    | app.services.exam_engine:_extract_business_lines_from_kb:149 | trace_id=prewarm - LLM 提取业务线失败: Request timed out.
2026-07-20 11:02:56 | INFO     | app.services.exam_engine:get_business_config:73 | trace_id=prewarm - 从知识库提取业务线完成: 5 条业务线, 5 个关联关系
2026-07-20 11:02:56 | INFO     | app.main:_prewarm:62 | trace_id=system - [预热] 业务线分类已完成
2026-07-20 11:05:34 | INFO     | app.agents.quiz_agent:generate_reverse_training:83 | trace_id=N/A - QuizAgent 正在为弱点 ['客户建议'] 生成反向训练题
2026-07-20 11:05:34 | INFO     | app.services.retrieval_pipeline:search:272 | trace_id=N/A - 高级检索管线启动: query='申请流程 客户建议'
2026-07-20 11:05:34 | INFO     | app.services.retrieval_pipeline:rewrite:41 | trace_id=N/A - 查询改写开始: 申请流程 客户建议
2026-07-20 11:05:48 | INFO     | app.services.retrieval_pipeline:rewrite:53 | trace_id=N/A - 查询改写结果: {'main_query': '申请流程', 'sub_queries': ['申请流程反馈', '申请建议', '流程客户反馈'], 'intent_tags': ['业务流程', '客户反馈'], 'expected_content_type': 'sop|rule'}
2026-07-20 11:05:48 | INFO     | app.services.external_kb:search_knowledge:116 | trace_id=N/A - 正在执行向量检索: query='申请流程', top_k=10
2026-07-20 11:05:48 | INFO     | app.services.external_kb:search_knowledge:116 | trace_id=N/A - 正在执行向量检索: query='申请流程反馈', top_k=10
2026-07-20 11:05:48 | INFO     | app.services.retrieval_pipeline:search:107 | trace_id=N/A - BM25 检索: query='申请流程', top_k=10
2026-07-20 11:05:48 | INFO     | app.services.retrieval_pipeline:search:107 | trace_id=N/A - BM25 检索: query='申请流程反馈', top_k=10
2026-07-20 11:05:48 | INFO     | app.services.retrieval_pipeline:_load_reranker:145 | trace_id=fffd9ca5-46a7-4d91-8d0c-8b78522b4049 - BGE Reranker 未启用（设置环境变量 ENABLE_RERANKER=1 以启用），使用降级关键词覆盖率评分
2026-07-20 11:05:48 | INFO     | app.services.retrieval_pipeline:rerank:183 | trace_id=N/A - 重排序开始，候选数: 12
2026-07-20 11:05:48 | INFO     | app.services.retrieval_pipeline:rerank:211 | trace_id=N/A - 重排序完成，返回 Top-10
2026-07-20 11:05:48 | INFO     | app.services.retrieval_pipeline:search:319 | trace_id=N/A - 检索管线完成: 向量20 + BM250 → 去重12 → 重排10 → 最终5
2026-07-20 11:08:58 | INFO     | app.services.exam_engine:initialize_exam:540 | trace_id=240ec477-68cb-497b-9caa-b5ad1a1b2693 - 初始化动态考试
2026-07-20 11:08:58 | INFO     | app.services.exam_engine:initialize_exam:547 | trace_id=240ec477-68cb-497b-9caa-b5ad1a1b2693 - 使用预热缓存的业务线配置
2026-07-20 11:08:58 | INFO     | app.services.exam_engine:_load_persona_configs:486 | trace_id=18e764aa-2f61-4a73-80e4-60d1530b97a4 - 成功从数据库加载 3 个人格配置
2026-07-20 11:09:18 | INFO     | app.services.exam_engine:_load_project_scenario:532 | trace_id=240ec477-68cb-497b-9caa-b5ad1a1b2693 - 使用默认 PBL 项目场景: 完整投诉处理流程
2026-07-20 11:09:37 | INFO     | app.services.exam_engine:initialize_exam:607 | trace_id=240ec477-68cb-497b-9caa-b5ad1a1b2693 - PBL 项目制模式: 完整投诉处理流程, 任务数=3
2026-07-20 11:09:37 | INFO     | app.services.exam_engine:initialize_exam:665 | trace_id=240ec477-68cb-497b-9caa-b5ad1a1b2693 - 考试初始化完成: 模式=project, 人格=[Test] 极其急躁型客户, 业务线=信用卡挂失, 初始烦躁值=20, 目标数=3
2026-07-20 11:09:37 | INFO     | app.services.retrieval_pipeline:search:272 | trace_id=240ec477-68cb-497b-9caa-b5ad1a1b2693 - 高级检索管线启动: query='信用卡挂失'
2026-07-20 11:09:37 | INFO     | app.services.retrieval_pipeline:rewrite:41 | trace_id=240ec477-68cb-497b-9caa-b5ad1a1b2693 - 查询改写开始: 信用卡挂失
2026-07-20 11:09:49 | INFO     | app.services.retrieval_pipeline:rewrite:53 | trace_id=240ec477-68cb-497b-9caa-b5ad1a1b2693 - 查询改写结果: {'main_query': '信用卡挂失', 'sub_queries': ['信用卡补办', '卡片遗失处理', '账户冻结流程'], 'intent_tags': ['业务流程', '风控规则'], 'expected_content_type': 'sop|case'}
2026-07-20 11:09:49 | INFO     | app.services.external_kb:search_knowledge:116 | trace_id=240ec477-68cb-497b-9caa-b5ad1a1b2693 - 正在执行向量检索: query='信用卡挂失', top_k=10
2026-07-20 11:09:49 | INFO     | app.services.external_kb:search_knowledge:116 | trace_id=240ec477-68cb-497b-9caa-b5ad1a1b2693 - 正在执行向量检索: query='信用卡补办', top_k=10
2026-07-20 11:09:49 | INFO     | app.services.retrieval_pipeline:search:107 | trace_id=240ec477-68cb-497b-9caa-b5ad1a1b2693 - BM25 检索: query='信用卡挂失', top_k=10
2026-07-20 11:09:49 | INFO     | app.services.retrieval_pipeline:search:107 | trace_id=240ec477-68cb-497b-9caa-b5ad1a1b2693 - BM25 检索: query='信用卡补办', top_k=10
2026-07-20 11:09:49 | INFO     | app.services.retrieval_pipeline:rerank:183 | trace_id=240ec477-68cb-497b-9caa-b5ad1a1b2693 - 重排序开始，候选数: 13
2026-07-20 11:09:49 | INFO     | app.services.retrieval_pipeline:rerank:211 | trace_id=240ec477-68cb-497b-9caa-b5ad1a1b2693 - 重排序完成，返回 Top-10
2026-07-20 11:09:49 | INFO     | app.services.retrieval_pipeline:search:319 | trace_id=240ec477-68cb-497b-9caa-b5ad1a1b2693 - 检索管线完成: 向量20 + BM250 → 去重13 → 重排10 → 最终5
2026-07-20 11:09:49 | INFO     | app.agents.persona_agent:generate_reply:27 | trace_id=240ec477-68cb-497b-9caa-b5ad1a1b2693 - PersonaAgent 正在生成客户回复
2026-07-20 11:09:50 | INFO     | app.agents.doc_agent:answer_query_stream:44 | trace_id=N/A - DocAgent 收到查询 (Stream, mode=normal): 信用卡挂失流程
2026-07-20 11:09:50 | INFO     | app.services.retrieval_pipeline:search:272 | trace_id=N/A - 高级检索管线启动: query='信用卡挂失流程'
2026-07-20 11:09:50 | INFO     | app.services.retrieval_pipeline:rewrite:41 | trace_id=N/A - 查询改写开始: 信用卡挂失流程
2026-07-20 11:10:15 | INFO     | app.services.retrieval_pipeline:rewrite:53 | trace_id=N/A - 查询改写结果: {'main_query': '信用卡挂失', 'sub_queries': ['挂失步骤', '紧急挂失', '挂失后处理'], 'intent_tags': ['业务流程', '风控规则'], 'expected_content_type': 'sop'}
2026-07-20 11:10:15 | INFO     | app.services.external_kb:search_knowledge:116 | trace_id=N/A - 正在执行向量检索: query='信用卡挂失', top_k=10
2026-07-20 11:10:15 | INFO     | app.services.external_kb:search_knowledge:116 | trace_id=N/A - 正在执行向量检索: query='挂失步骤', top_k=10
2026-07-20 11:10:15 | INFO     | app.services.retrieval_pipeline:search:107 | trace_id=N/A - BM25 检索: query='信用卡挂失', top_k=10
2026-07-20 11:10:15 | INFO     | app.services.retrieval_pipeline:search:107 | trace_id=N/A - BM25 检索: query='挂失步骤', top_k=10
2026-07-20 11:10:15 | INFO     | app.services.retrieval_pipeline:rerank:183 | trace_id=N/A - 重排序开始，候选数: 16
2026-07-20 11:10:15 | INFO     | app.services.retrieval_pipeline:rerank:211 | trace_id=N/A - 重排序完成，返回 Top-10
2026-07-20 11:10:15 | INFO     | app.services.retrieval_pipeline:search:319 | trace_id=N/A - 检索管线完成: 向量20 + BM250 → 去重16 → 重排10 → 最终5
2026-07-20 12:06:51 | INFO     | app.services.external_kb:_init_knowledge_base:42 | trace_id=system - 向量知识库已存在，共 105 条记录，跳过初始化。
2026-07-20 12:06:53 | INFO     | app.services.external_kb:get_all_nodes:162 | trace_id=prewarm - 获取知识库全部节点
2026-07-20 12:06:53 | INFO     | app.services.external_kb:get_all_nodes:173 | trace_id=prewarm - 知识库共 105 条节点
2026-07-20 12:07:20 | INFO     | app.services.external_kb:_init_knowledge_base:42 | trace_id=system - 向量知识库已存在，共 105 条记录，跳过初始化。
2026-07-20 12:07:26 | INFO     | app.services.external_kb:_init_knowledge_base:42 | trace_id=system - 向量知识库已存在，共 105 条记录，跳过初始化。
2026-07-20 12:07:28 | INFO     | app.services.external_kb:get_all_nodes:162 | trace_id=prewarm - 获取知识库全部节点
2026-07-20 12:07:28 | INFO     | app.services.external_kb:get_all_nodes:173 | trace_id=prewarm - 知识库共 105 条节点
2026-07-20 12:07:35 | INFO     | app.services.external_kb:_init_knowledge_base:42 | trace_id=system - 向量知识库已存在，共 105 条记录，跳过初始化。
2026-07-20 12:07:38 | INFO     | app.services.external_kb:get_all_nodes:162 | trace_id=prewarm - 获取知识库全部节点
2026-07-20 12:07:38 | INFO     | app.services.external_kb:get_all_nodes:173 | trace_id=prewarm - 知识库共 105 条节点
2026-07-20 12:07:56 | INFO     | app.services.external_kb:_init_knowledge_base:42 | trace_id=system - 向量知识库已存在，共 105 条记录，跳过初始化。
2026-07-20 12:07:58 | INFO     | app.services.external_kb:get_all_nodes:162 | trace_id=prewarm - 获取知识库全部节点
2026-07-20 12:07:58 | INFO     | app.services.external_kb:get_all_nodes:173 | trace_id=prewarm - 知识库共 105 条节点
2026-07-20 12:08:09 | INFO     | app.services.external_kb:_init_knowledge_base:42 | trace_id=system - 向量知识库已存在，共 105 条记录，跳过初始化。
2026-07-20 12:08:11 | INFO     | app.services.external_kb:get_all_nodes:162 | trace_id=prewarm - 获取知识库全部节点
2026-07-20 12:08:11 | INFO     | app.services.external_kb:get_all_nodes:173 | trace_id=prewarm - 知识库共 105 条节点
2026-07-20 12:10:17 | INFO     | app.services.external_kb:_init_knowledge_base:42 | trace_id=system - 向量知识库已存在，共 105 条记录，跳过初始化。
2026-07-20 12:10:59 | INFO     | app.services.exam_engine:get_business_config:73 | trace_id=prewarm - 从知识库提取业务线完成: 5 条业务线, 5 个关联关系
2026-07-20 12:10:59 | INFO     | app.main:_prewarm:62 | trace_id=system - [预热] 业务线分类已完成
2026-07-20 12:13:08 | INFO     | app.services.external_kb:_init_knowledge_base:42 | trace_id=system - 向量知识库已存在，共 105 条记录，跳过初始化。
2026-07-20 12:13:32 | INFO     | app.services.external_kb:_init_knowledge_base:42 | trace_id=system - 向量知识库已存在，共 105 条记录，跳过初始化。
2026-07-20 12:14:09 | INFO     | app.services.external_kb:_init_knowledge_base:42 | trace_id=system - 向量知识库已存在，共 105 条记录，跳过初始化。
2026-07-20 12:15:08 | INFO     | app.services.external_kb:_init_knowledge_base:42 | trace_id=system - 向量知识库已存在，共 105 条记录，跳过初始化。
2026-07-20 12:15:09 | INFO     | app.services.external_kb:get_all_nodes:162 | trace_id=migrate_kb_business_line - 获取知识库全部节点
2026-07-20 12:15:09 | INFO     | app.services.external_kb:get_all_nodes:173 | trace_id=migrate_kb_business_line - 知识库共 105 条节点
2026-07-20 12:16:05 | INFO     | app.services.exam_engine:get_business_config:73 | trace_id=migrate_kb_business_line - 从知识库提取业务线完成: 5 条业务线, 5 个关联关系
2026-07-20 12:16:05 | INFO     | app.services.external_kb:update_nodes_business_line:184 | trace_id=migrate_kb_business_line - 开始更新 54 个节点的业务线标签
2026-07-20 12:16:06 | INFO     | app.services.external_kb:update_nodes_business_line:192 | trace_id=migrate_kb_business_line - 节点业务线标签更新完成
2026-07-20 12:16:48 | INFO     | app.services.external_kb:_init_knowledge_base:42 | trace_id=system - 向量知识库已存在，共 105 条记录，跳过初始化。
2026-07-20 12:16:48 | INFO     | app.services.external_kb:get_all_nodes:162 | trace_id=migrate_kb_business_line - 获取知识库全部节点
2026-07-20 12:16:48 | INFO     | app.services.external_kb:get_all_nodes:173 | trace_id=migrate_kb_business_line - 知识库共 105 条节点
2026-07-20 12:18:39 | INFO     | app.services.exam_engine:get_business_config:73 | trace_id=migrate_kb_business_line - 从知识库提取业务线完成: 5 条业务线, 5 个关联关系
2026-07-20 12:18:39 | INFO     | app.services.external_kb:update_nodes_business_line:184 | trace_id=migrate_kb_business_line - 开始更新 58 个节点的业务线标签
2026-07-20 12:18:40 | INFO     | app.services.external_kb:update_nodes_business_line:192 | trace_id=migrate_kb_business_line - 节点业务线标签更新完成
2026-07-20 12:18:40 | INFO     | app.services.external_kb:search_knowledge:116 | trace_id=migrate_kb_business_line - 正在执行向量检索: query='客户询问：我的手机银行密码连续输错了三次，现在被锁定了，怎么办啊？里面还有急用钱。', top_k=1
2026-07-20 12:18:40 | INFO     | app.services.external_kb:search_knowledge:116 | trace_id=migrate_kb_business_line - 正在执行向量检索: query='客户打来电话：我刚收到你们的信用卡账单，怎么里面有一笔 300 块钱的年费？我之前办卡的时候你们不是说免年费的吗！', top_k=1
2026-07-20 12:18:40 | INFO     | app.services.external_kb:search_knowledge:116 | trace_id=migrate_kb_business_line - 正在执行向量检索: query='客户询问：我的信用卡额度太低了，只有一万，我想申请提额到三万，该怎么操作？', top_k=1
2026-07-20 12:18:40 | INFO     | app.services.external_kb:search_knowledge:116 | trace_id=migrate_kb_business_line - 正在执行向量检索: query='客户非常着急：我刚才在超市买东西，突然收到短信说我的借记卡在境外被刷了 2000 块钱！这绝对不是我操作的，我的卡还在身上呢！', top_k=1
2026-07-20 12:18:40 | INFO     | app.services.external_kb:search_knowledge:116 | trace_id=migrate_kb_business_line - 正在执行向量检索: query='你们银行的客服每天都打，我都说没空了，怎么还来呀？', top_k=1
2026-07-20 12:18:40 | INFO     | app.services.external_kb:search_knowledge:116 | trace_id=migrate_kb_business_line - 正在执行向量检索: query='喂，你是谁啊？怎么知道我电话的？突然打过来真烦人！', top_k=1
2026-07-20 12:18:40 | INFO     | app.services.external_kb:search_knowledge:116 | trace_id=migrate_kb_business_line - 正在执行向量检索: query='办卡收年费吗？万一我忘了还钱，会影响贷款吗？好担心这些小细节！', top_k=1
2026-07-20 12:18:40 | INFO     | app.services.external_kb:search_knowledge:116 | trace_id=migrate_kb_business_line - 正在执行向量检索: query='这信用卡到底有啥好处？我得看看值不值办啊。', top_k=1
2026-07-20 12:18:40 | INFO     | app.services.external_kb:search_knowledge:116 | trace_id=migrate_kb_business_line - 正在执行向量检索: query='我得带什么材料去跑银行办这个卡啊？额度能给我批多少？', top_k=1
2026-07-20 12:18:40 | INFO     | app.services.external_kb:search_knowledge:116 | trace_id=migrate_kb_business_line - 正在执行向量检索: query='哎呀，我有时候会忘还信用卡，真被上报了征信咋办？这卡风险大不大？', top_k=1
2026-07-20 12:18:40 | INFO     | app.services.external_kb:search_knowledge:116 | trace_id=migrate_kb_business_line - 正在执行向量检索: query='哎呀，我现在开会呢，没时间听，你这电话打得太不是时候了！', top_k=1
2026-07-20 12:18:40 | INFO     | app.services.external_kb:search_knowledge:116 | trace_id=migrate_kb_business_line - 正在执行向量检索: query='我没储蓄卡能办不？需要啥？额度咋定的？', top_k=1
2026-07-20 12:18:40 | INFO     | app.services.external_kb:search_knowledge:116 | trace_id=migrate_kb_business_line - 正在执行向量检索: query='短信没收到好几次了，没啥用呀？', top_k=1
2026-07-20 12:18:40 | INFO     | app.services.external_kb:search_knowledge:116 | trace_id=migrate_kb_business_line - 正在执行向量检索: query='万一还款晚了几天会影响贷款吗？', top_k=1
2026-07-20 12:18:40 | INFO     | app.services.external_kb:search_knowledge:116 | trace_id=migrate_kb_business_line - 正在执行向量检索: query='你们信用卡有什么用，特别是吃饭能便宜？', top_k=1
2026-07-20 12:18:40 | INFO     | app.services.external_kb:search_knowledge:116 | trace_id=migrate_kb_business_line - 正在执行向量检索: query='线上申请百分百通过吗？', top_k=1
2026-07-20 12:18:40 | INFO     | app.services.external_kb:search_knowledge:116 | trace_id=migrate_kb_business_line - 正在执行向量检索: query='年费太贵了，咋省？能不能办完早取消？', top_k=1
2026-07-20 12:18:40 | INFO     | app.services.external_kb:search_knowledge:116 | trace_id=migrate_kb_business_line - 正在执行向量检索: query='我说没空挂了电话，后来想了解了又不记得你哪家银行的，该怎么办？', top_k=1
2026-07-20 12:18:40 | INFO     | app.services.external_kb:search_knowledge:116 | trace_id=migrate_kb_business_line - 正在执行向量检索: query='免息50天？那具体怎么算？', top_k=1
2026-07-20 12:18:40 | INFO     | app.services.external_kb:search_knowledge:116 | trace_id=migrate_kb_business_line - 正在执行向量检索: query='你开头话术太长，我刚忙完直接打断行吗？', top_k=1
2026-07-20 12:18:40 | INFO     | app.services.external_kb:search_knowledge:116 | trace_id=migrate_kb_business_line - 正在执行向量检索: query='突然接到电话，说是银行客服，开头就录音，这会不会是诈骗？', top_k=1
2026-07-20 12:18:40 | INFO     | app.services.external_kb:search_knowledge:116 | trace_id=migrate_kb_business_line - 正在执行向量检索: query='一位曾因信用卡审批进度不透明而投诉的客户，再次来电申请贷款。客户表示：「我上次完全不知道审批到哪一步了，这次你们能怎么让我随时掌握进度？另外，我对流程改进有点想法…」', top_k=1
2026-07-20 12:18:40 | INFO     | app.services.external_kb:search_knowledge:116 | trace_id=migrate_kb_business_line - 正在执行向量检索: query='赵先生通过本行线上渠道支付信用卡账单时连续两次失败，系统提示'处理中请稍候'但未显示具体原因。他致电投诉支付体验差并要求明确失败原因。', top_k=1
2026-07-20 12:18:40 | INFO     | app.services.external_kb:search_knowledge:116 | trace_id=migrate_kb_business_line - 正在执行向量检索: query='某机构客户致电查询其贷款申请被拒的具体原因，并强烈要求『必须提高审批规则的透明度，让申请者事先了解审批人员构成和合规红线』。作为客服，你如何处理其双重诉求？', top_k=1
2026-07-20 12:18:40 | INFO     | app.services.external_kb:search_knowledge:116 | trace_id=migrate_kb_business_line - 正在执行向量检索: query='新手客服小王刚入职，他问你：'师傅，申请办信用卡的具体流程能细说下吗？我老怕客户问到时讲漏步骤...'', top_k=1
2026-07-20 12:18:41 | INFO     | app.services.external_kb:search_knowledge:116 | trace_id=migrate_kb_business_line - 正在执行向量检索: query='新手客服小王刚入职，他问你：'师傅，申请流程的具体流程是什么？我有点搞不清楚...'', top_k=1
2026-07-20 12:18:41 | INFO     | app.services.external_kb:search_knowledge:116 | trace_id=migrate_kb_business_line - 正在执行向量检索: query='客户致电银行客服，表示在APP上尝试办理信用卡身份确认时，人脸识别多次提示‘信息不匹配，无法认证’，无法继续申请。客户焦急询问原因和解决方案，担心隐私泄露。', top_k=1
2026-07-20 12:18:41 | INFO     | app.services.external_kb:search_knowledge:116 | trace_id=migrate_kb_business_line - 正在执行向量检索: query='客户来电表示自己在尝试通过手机银行APP重置登录密码时，点击'忘记密码'后，人脸识别环节多次提示'与公安系统照片不符'，无法继续完成重置。请求客服帮助解决。', top_k=1
2026-07-20 12:18:41 | INFO     | app.services.external_kb:search_knowledge:116 | trace_id=migrate_kb_business_line - 正在执行向量检索: query='一位年轻客户急促来电，称半小时前在咖啡店结账后信用卡可能忘在收银台，现在打不通商家电话，担心被人捡走盗刷。他语气非常恐慌，通话中不断重复'完了完了肯定被刷爆了'。', top_k=1
2026-07-20 12:18:41 | INFO     | app.services.external_kb:search_knowledge:116 | trace_id=migrate_kb_business_line - 正在执行向量检索: query='客户刚提交了储蓄卡在线申请后，打电话询问：'我申请都快两天了，一点消息都没有。你们审批到底需要几步？什么时候能知道结果并拿到卡？'', top_k=1
2026-07-20 12:18:41 | INFO     | app.services.external_kb:search_knowledge:116 | trace_id=migrate_kb_business_line - 正在执行向量检索: query='客户打电话询问信用卡申请进度：'我上周填了你们APP上的信用卡申请，现在还没收到任何消息。需要多久才能办下来啊？中间要经过哪些步骤？怎么才算办完了？'', top_k=1
2026-07-20 12:18:41 | INFO     | app.services.external_kb:search_knowledge:116 | trace_id=migrate_kb_business_line - 正在执行向量检索: query='一位客户在社交媒体看到银行推广“首次注册享好礼”活动，致电客服咨询：“我以前短暂注册过你们银行的APP，但没有绑定卡片也没有使用就卸载了，现在重新注册算是新用户吗？能参加这个活动吗？”', top_k=1
2026-07-20 12:20:46 | INFO     | app.services.external_kb:_init_knowledge_base:42 | trace_id=system - 向量知识库已存在，共 105 条记录，跳过初始化。
2026-07-20 12:20:49 | INFO     | app.services.external_kb:get_all_nodes:162 | trace_id=prewarm - 获取知识库全部节点
2026-07-20 12:20:49 | INFO     | app.services.external_kb:get_all_nodes:173 | trace_id=prewarm - 知识库共 105 条节点
2026-07-20 12:22:01 | INFO     | app.services.exam_engine:get_business_config:73 | trace_id=prewarm - 从知识库提取业务线完成: 5 条业务线, 5 个关联关系
2026-07-20 12:22:01 | INFO     | app.main:_prewarm:62 | trace_id=system - [预热] 业务线分类已完成
2026-07-20 12:22:29 | INFO     | app.services.external_kb:search_knowledge:116 | trace_id=N/A - 正在执行向量检索: query='test', top_k=10
2026-07-20 12:22:45 | INFO     | app.services.external_kb:get_all_nodes:162 | trace_id=N/A - 获取知识库全部节点
2026-07-20 12:22:45 | INFO     | app.services.external_kb:get_all_nodes:173 | trace_id=N/A - 知识库共 105 条节点
2026-07-20 13:48:30 | INFO     | app.services.external_kb:_init_knowledge_base:42 | trace_id=system - 向量知识库已存在，共 105 条记录，跳过初始化。
2026-07-20 13:48:33 | INFO     | app.services.external_kb:get_all_nodes:162 | trace_id=prewarm - 获取知识库全部节点
2026-07-20 13:48:33 | INFO     | app.services.external_kb:get_all_nodes:173 | trace_id=prewarm - 知识库共 105 条节点
2026-07-20 13:48:49 | INFO     | app.services.external_kb:_init_knowledge_base:42 | trace_id=system - 向量知识库已存在，共 105 条记录，跳过初始化。
2026-07-20 13:48:51 | INFO     | app.services.external_kb:get_all_nodes:162 | trace_id=prewarm - 获取知识库全部节点
2026-07-20 13:48:51 | INFO     | app.services.external_kb:get_all_nodes:173 | trace_id=prewarm - 知识库共 105 条节点
2026-07-20 13:49:10 | INFO     | app.services.external_kb:_init_knowledge_base:42 | trace_id=system - 向量知识库已存在，共 105 条记录，跳过初始化。
2026-07-20 13:49:12 | INFO     | app.services.external_kb:get_all_nodes:162 | trace_id=prewarm - 获取知识库全部节点
2026-07-20 13:49:12 | INFO     | app.services.external_kb:get_all_nodes:173 | trace_id=prewarm - 知识库共 105 条节点
2026-07-20 13:49:28 | INFO     | app.services.external_kb:_init_knowledge_base:42 | trace_id=system - 向量知识库已存在，共 105 条记录，跳过初始化。
2026-07-20 13:49:46 | INFO     | app.services.exam_engine:get_business_config:73 | trace_id=prewarm - 从知识库提取业务线完成: 5 条业务线, 5 个关联关系
2026-07-20 13:49:46 | INFO     | app.main:_prewarm:62 | trace_id=system - [预热] 业务线分类已完成
2026-07-20 13:52:57 | INFO     | app.services.external_kb:get_all_nodes_with_business_line:229 | trace_id=N/A - 获取知识库全部节点（含业务线）
2026-07-20 13:52:57 | INFO     | app.services.external_kb:get_all_nodes_with_business_line:241 | trace_id=N/A - 知识库共 105 条节点
2026-07-20 13:53:21 | INFO     | app.services.external_kb:set_node_business_line:223 | trace_id=N/A - 节点 kb_001 业务线设置为: 密码管理
2026-07-20 13:55:25 | INFO     | app.services.external_kb:get_all_nodes_with_business_line:229 | trace_id=N/A - 获取知识库全部节点（含业务线）
2026-07-20 13:55:25 | INFO     | app.services.external_kb:get_all_nodes_with_business_line:241 | trace_id=N/A - 知识库共 105 条节点
2026-07-20 13:56:16 | INFO     | app.services.external_kb:get_all_nodes_with_business_line:229 | trace_id=N/A - 获取知识库全部节点（含业务线）
2026-07-20 13:56:16 | INFO     | app.services.external_kb:get_all_nodes_with_business_line:241 | trace_id=N/A - 知识库共 105 条节点
2026-07-20 14:02:39 | INFO     | app.services.external_kb:_init_knowledge_base:42 | trace_id=system - 向量知识库已存在，共 105 条记录，跳过初始化。
2026-07-20 14:02:47 | INFO     | app.services.external_kb:_init_knowledge_base:42 | trace_id=system - 向量知识库已存在，共 105 条记录，跳过初始化。
2026-07-20 14:02:49 | INFO     | app.services.external_kb:get_all_nodes:162 | trace_id=prewarm - 获取知识库全部节点
2026-07-20 14:02:49 | INFO     | app.services.external_kb:get_all_nodes:173 | trace_id=prewarm - 知识库共 105 条节点
2026-07-20 14:03:03 | INFO     | app.services.external_kb:_init_knowledge_base:42 | trace_id=system - 向量知识库已存在，共 105 条记录，跳过初始化。
2026-07-20 14:03:10 | INFO     | app.services.external_kb:_init_knowledge_base:42 | trace_id=system - 向量知识库已存在，共 105 条记录，跳过初始化。
2026-07-20 14:03:19 | INFO     | app.services.external_kb:_init_knowledge_base:42 | trace_id=system - 向量知识库已存在，共 105 条记录，跳过初始化。
2026-07-20 14:03:21 | INFO     | app.services.external_kb:get_all_nodes:162 | trace_id=prewarm - 获取知识库全部节点
2026-07-20 14:03:21 | INFO     | app.services.external_kb:get_all_nodes:173 | trace_id=prewarm - 知识库共 105 条节点
2026-07-20 14:03:40 | INFO     | app.services.external_kb:_init_knowledge_base:42 | trace_id=system - 向量知识库已存在，共 105 条记录，跳过初始化。
2026-07-20 14:06:22 | ERROR    | app.services.llm_adapter:async_chat_completion:116 | trace_id=prewarm - LLM 异步调用失败: Request timed out.
2026-07-20 14:06:22 | ERROR    | app.services.exam_engine:_extract_business_lines_from_kb:149 | trace_id=prewarm - LLM 提取业务线失败: Request timed out.
2026-07-20 14:06:22 | INFO     | app.services.exam_engine:get_business_config:73 | trace_id=prewarm - 从知识库提取业务线完成: 5 条业务线, 5 个关联关系
2026-07-20 14:06:22 | INFO     | app.main:_prewarm:62 | trace_id=system - [预热] 业务线分类已完成
2026-07-20 14:08:24 | ERROR    | app.services.llm_adapter:async_chat_completion:116 | trace_id=N/A - LLM 异步调用失败: Error code: 404 - {'error': {'message': 'The model `deepseek-v4-flash-flash` does not exist or you do not have access to it.', 'type': 'invalid_request_error', 'param': None, 'code': 'model_not_found'}, 'request_id': '66b469b8-474e-91aa-97c7-47e99831439e'}
2026-07-20 14:08:54 | INFO     | app.services.external_kb:_init_knowledge_base:42 | trace_id=system - 向量知识库已存在，共 105 条记录，跳过初始化。
2026-07-20 14:08:57 | INFO     | app.services.external_kb:get_all_nodes:162 | trace_id=prewarm - 获取知识库全部节点
2026-07-20 14:08:57 | INFO     | app.services.external_kb:get_all_nodes:173 | trace_id=prewarm - 知识库共 105 条节点
2026-07-20 14:09:56 | INFO     | app.services.external_kb:_init_knowledge_base:42 | trace_id=system - 向量知识库已存在，共 105 条记录，跳过初始化。
2026-07-20 14:09:59 | INFO     | app.services.external_kb:get_all_nodes:162 | trace_id=prewarm - 获取知识库全部节点
2026-07-20 14:09:59 | INFO     | app.services.external_kb:get_all_nodes:173 | trace_id=prewarm - 知识库共 105 条节点
2026-07-20 14:10:27 | INFO     | app.services.exam_engine:get_business_config:73 | trace_id=prewarm - 从知识库提取业务线完成: 5 条业务线, 5 个关联关系
2026-07-20 14:10:27 | INFO     | app.main:_prewarm:62 | trace_id=system - [预热] 业务线分类已完成
2026-07-20 14:10:38 | INFO     | app.services.external_kb:_init_knowledge_base:42 | trace_id=system - 向量知识库已存在，共 105 条记录，跳过初始化。
2026-07-20 14:10:41 | INFO     | app.services.external_kb:get_all_nodes:162 | trace_id=prewarm - 获取知识库全部节点
2026-07-20 14:10:41 | INFO     | app.services.external_kb:get_all_nodes:173 | trace_id=prewarm - 知识库共 105 条节点
2026-07-20 14:11:09 | INFO     | app.services.external_kb:_init_knowledge_base:42 | trace_id=system - 向量知识库已存在，共 105 条记录，跳过初始化。
2026-07-20 14:11:12 | INFO     | app.services.external_kb:get_all_nodes:162 | trace_id=prewarm - 获取知识库全部节点
2026-07-20 14:11:12 | INFO     | app.services.external_kb:get_all_nodes:173 | trace_id=prewarm - 知识库共 105 条节点
2026-07-20 14:11:21 | INFO     | app.services.external_kb:get_all_nodes_with_business_line:229 | trace_id=N/A - 获取知识库全部节点（含业务线）
2026-07-20 14:11:21 | INFO     | app.services.external_kb:get_all_nodes_with_business_line:241 | trace_id=N/A - 知识库共 105 条节点
2026-07-20 14:12:31 | INFO     | app.services.exam_engine:get_business_config:73 | trace_id=prewarm - 从知识库提取业务线完成: 5 条业务线, 5 个关联关系
2026-07-20 14:12:31 | INFO     | app.main:_prewarm:62 | trace_id=system - [预热] 业务线分类已完成
2026-07-20 14:13:34 | INFO     | app.services.external_kb:get_all_nodes_with_business_line:229 | trace_id=N/A - 获取知识库全部节点（含业务线）
2026-07-20 14:13:34 | INFO     | app.services.external_kb:get_all_nodes_with_business_line:241 | trace_id=N/A - 知识库共 105 条节点
2026-07-20 14:13:52 | INFO     | app.services.external_kb:_init_knowledge_base:42 | trace_id=system - 向量知识库已存在，共 105 条记录，跳过初始化。
2026-07-20 14:13:54 | INFO     | app.services.external_kb:get_all_nodes_with_business_line:229 | trace_id=prewarm - 获取知识库全部节点（含业务线）
2026-07-20 14:13:54 | INFO     | app.services.external_kb:get_all_nodes_with_business_line:241 | trace_id=prewarm - 知识库共 105 条节点
2026-07-20 14:13:54 | ERROR    | app.services.exam_engine:get_business_config:106 | trace_id=prewarm - 从知识库提取业务线失败: 'BusinessLineManager' object has no attribute '_build_config_from_tags'
2026-07-20 14:13:54 | INFO     | app.main:_prewarm:62 | trace_id=system - [预热] 业务线分类已完成
2026-07-20 14:14:01 | INFO     | app.services.external_kb:_init_knowledge_base:42 | trace_id=system - 向量知识库已存在，共 105 条记录，跳过初始化。
2026-07-20 14:14:04 | INFO     | app.services.external_kb:get_all_nodes_with_business_line:229 | trace_id=prewarm - 获取知识库全部节点（含业务线）
2026-07-20 14:14:04 | INFO     | app.services.external_kb:get_all_nodes_with_business_line:241 | trace_id=prewarm - 知识库共 105 条节点
2026-07-20 14:14:04 | INFO     | app.services.exam_engine:get_business_config:82 | trace_id=prewarm - 从节点标签直接构建业务线配置: 5 条业务线, 5 个关联关系（零LLM调用）
2026-07-20 14:14:04 | INFO     | app.main:_prewarm:62 | trace_id=system - [预热] 业务线分类已完成
2026-07-20 14:14:15 | INFO     | app.services.exam_engine:initialize_exam:588 | trace_id=3e94ab3b-633b-49a2-bed3-a777d6079386 - 初始化动态考试
2026-07-20 14:14:15 | INFO     | app.services.exam_engine:initialize_exam:595 | trace_id=3e94ab3b-633b-49a2-bed3-a777d6079386 - 使用预热缓存的业务线配置
2026-07-20 14:14:15 | INFO     | app.services.exam_engine:_load_persona_configs:534 | trace_id=83521b45-d3cc-4df2-a325-6091c65bd7d2 - 成功从数据库加载 3 个人格配置（过滤空配置后）
2026-07-20 14:14:15 | INFO     | app.services.external_kb:get_node_by_id:146 | trace_id=3e94ab3b-633b-49a2-bed3-a777d6079386 - 获取特定知识点内容: node_id='kb_015'
2026-07-20 14:14:15 | INFO     | app.services.external_kb:get_node_by_id:146 | trace_id=3e94ab3b-633b-49a2-bed3-a777d6079386 - 获取特定知识点内容: node_id='kb_031'
2026-07-20 14:14:15 | INFO     | app.services.external_kb:get_node_by_id:146 | trace_id=3e94ab3b-633b-49a2-bed3-a777d6079386 - 获取特定知识点内容: node_id='kb_032'
2026-07-20 14:14:15 | INFO     | app.services.external_kb:get_node_by_id:146 | trace_id=3e94ab3b-633b-49a2-bed3-a777d6079386 - 获取特定知识点内容: node_id='kb_033'
2026-07-20 14:14:15 | INFO     | app.services.external_kb:get_node_by_id:146 | trace_id=3e94ab3b-633b-49a2-bed3-a777d6079386 - 获取特定知识点内容: node_id='kb_034'
2026-07-20 14:14:49 | INFO     | app.services.exam_engine:_load_project_scenario:580 | trace_id=3e94ab3b-633b-49a2-bed3-a777d6079386 - 使用默认 PBL 项目场景: 完整投诉处理流程
2026-07-20 14:15:03 | INFO     | app.services.exam_engine:initialize_exam:655 | trace_id=3e94ab3b-633b-49a2-bed3-a777d6079386 - PBL 项目制模式: 完整投诉处理流程, 任务数=3
2026-07-20 14:15:03 | INFO     | app.services.exam_engine:initialize_exam:713 | trace_id=3e94ab3b-633b-49a2-bed3-a777d6079386 - 考试初始化完成: 模式=project, 人格=默认急躁客户, 业务线=信用卡挂失, 初始烦躁值=20, 目标数=3
2026-07-20 14:15:03 | INFO     | app.services.retrieval_pipeline:search:272 | trace_id=3e94ab3b-633b-49a2-bed3-a777d6079386 - 高级检索管线启动: query='信用卡挂失'
2026-07-20 14:15:03 | INFO     | app.services.retrieval_pipeline:rewrite:41 | trace_id=3e94ab3b-633b-49a2-bed3-a777d6079386 - 查询改写开始: 信用卡挂失
2026-07-20 14:15:16 | INFO     | app.services.retrieval_pipeline:rewrite:53 | trace_id=3e94ab3b-633b-49a2-bed3-a777d6079386 - 查询改写结果: {'main_query': '信用卡挂失', 'sub_queries': ['挂失申请', '紧急补卡', '换卡流程', '遗失处理'], 'intent_tags': ['业务流程', '风控规则'], 'expected_content_type': ['sop', 'rule', 'case', 'faq']}
2026-07-20 14:15:16 | INFO     | app.services.external_kb:search_knowledge:116 | trace_id=3e94ab3b-633b-49a2-bed3-a777d6079386 - 正在执行向量检索: query='信用卡挂失', top_k=10
2026-07-20 14:15:17 | INFO     | app.services.external_kb:search_knowledge:116 | trace_id=3e94ab3b-633b-49a2-bed3-a777d6079386 - 正在执行向量检索: query='挂失申请', top_k=10
2026-07-20 14:15:17 | INFO     | app.services.retrieval_pipeline:search:107 | trace_id=3e94ab3b-633b-49a2-bed3-a777d6079386 - BM25 检索: query='信用卡挂失', top_k=10
2026-07-20 14:15:17 | INFO     | app.services.retrieval_pipeline:search:107 | trace_id=3e94ab3b-633b-49a2-bed3-a777d6079386 - BM25 检索: query='挂失申请', top_k=10
2026-07-20 14:15:17 | INFO     | app.services.retrieval_pipeline:_load_reranker:145 | trace_id=83521b45-d3cc-4df2-a325-6091c65bd7d2 - BGE Reranker 未启用（设置环境变量 ENABLE_RERANKER=1 以启用），使用降级关键词覆盖率评分
2026-07-20 14:15:17 | INFO     | app.services.retrieval_pipeline:rerank:183 | trace_id=3e94ab3b-633b-49a2-bed3-a777d6079386 - 重排序开始，候选数: 17
2026-07-20 14:15:17 | INFO     | app.services.retrieval_pipeline:rerank:211 | trace_id=3e94ab3b-633b-49a2-bed3-a777d6079386 - 重排序完成，返回 Top-10
2026-07-20 14:15:17 | INFO     | app.services.retrieval_pipeline:search:319 | trace_id=3e94ab3b-633b-49a2-bed3-a777d6079386 - 检索管线完成: 向量20 + BM250 → 去重17 → 重排10 → 最终5
2026-07-20 14:15:17 | INFO     | app.agents.persona_agent:generate_reply:27 | trace_id=3e94ab3b-633b-49a2-bed3-a777d6079386 - PersonaAgent 正在生成客户回复
2026-07-20 14:18:08 | INFO     | app.services.external_kb:_init_knowledge_base:42 | trace_id=system - 向量知识库已存在，共 105 条记录，跳过初始化。
2026-07-20 14:18:11 | INFO     | app.services.external_kb:get_all_nodes_with_business_line:229 | trace_id=prewarm - 获取知识库全部节点（含业务线）
2026-07-20 14:18:11 | INFO     | app.services.external_kb:get_all_nodes_with_business_line:241 | trace_id=prewarm - 知识库共 105 条节点
2026-07-20 14:18:11 | INFO     | app.services.exam_engine:get_business_config:82 | trace_id=prewarm - 从节点标签直接构建业务线配置: 5 条业务线, 5 个关联关系（零LLM调用）
2026-07-20 14:18:11 | INFO     | app.main:_prewarm:62 | trace_id=system - [预热] 业务线分类已完成
2026-07-20 14:19:29 | INFO     | app.services.external_kb:get_all_nodes_with_business_line:229 | trace_id=N/A - 获取知识库全部节点（含业务线）
2026-07-20 14:19:29 | INFO     | app.services.external_kb:get_all_nodes_with_business_line:241 | trace_id=N/A - 知识库共 105 条节点
2026-07-20 14:20:18 | INFO     | app.services.external_kb:_init_knowledge_base:42 | trace_id=system - 向量知识库已存在，共 105 条记录，跳过初始化。
2026-07-20 14:20:21 | INFO     | app.services.external_kb:get_all_nodes_with_business_line:229 | trace_id=prewarm - 获取知识库全部节点（含业务线）
2026-07-20 14:20:21 | INFO     | app.services.external_kb:get_all_nodes_with_business_line:241 | trace_id=prewarm - 知识库共 105 条节点
2026-07-20 14:20:21 | INFO     | app.services.exam_engine:get_business_config:82 | trace_id=prewarm - 从节点标签直接构建业务线配置: 5 条业务线, 5 个关联关系（零LLM调用）
2026-07-20 14:20:21 | INFO     | app.main:_prewarm:62 | trace_id=system - [预热] 业务线分类已完成
2026-07-20 14:20:22 | INFO     | app.services.external_kb:get_all_nodes_with_business_line:229 | trace_id=N/A - 获取知识库全部节点（含业务线）
2026-07-20 14:20:22 | INFO     | app.services.external_kb:get_all_nodes_with_business_line:241 | trace_id=N/A - 知识库共 105 条节点
2026-07-20 14:21:06 | INFO     | app.services.external_kb:_init_knowledge_base:42 | trace_id=system - 向量知识库已存在，共 105 条记录，跳过初始化。
2026-07-20 14:21:08 | INFO     | app.services.external_kb:get_all_nodes_with_business_line:229 | trace_id=prewarm - 获取知识库全部节点（含业务线）
2026-07-20 14:21:08 | INFO     | app.services.external_kb:get_all_nodes_with_business_line:241 | trace_id=prewarm - 知识库共 105 条节点
2026-07-20 14:21:08 | INFO     | app.services.exam_engine:get_business_config:82 | trace_id=prewarm - 从节点标签直接构建业务线配置: 5 条业务线, 5 个关联关系（零LLM调用）
2026-07-20 14:21:08 | INFO     | app.main:_prewarm:62 | trace_id=system - [预热] 业务线分类已完成
2026-07-20 14:21:13 | INFO     | app.services.external_kb:get_all_nodes_with_business_line:229 | trace_id=N/A - 获取知识库全部节点（含业务线）
2026-07-20 14:21:13 | INFO     | app.services.external_kb:get_all_nodes_with_business_line:241 | trace_id=N/A - 知识库共 105 条节点
2026-07-20 14:21:49 | INFO     | app.services.external_kb:_init_knowledge_base:42 | trace_id=system - 向量知识库已存在，共 105 条记录，跳过初始化。
2026-07-20 14:21:52 | INFO     | app.services.external_kb:get_all_nodes_with_business_line:229 | trace_id=prewarm - 获取知识库全部节点（含业务线）
2026-07-20 14:21:52 | INFO     | app.services.external_kb:get_all_nodes_with_business_line:241 | trace_id=prewarm - 知识库共 105 条节点
2026-07-20 14:21:52 | INFO     | app.services.exam_engine:get_business_config:82 | trace_id=prewarm - 从节点标签直接构建业务线配置: 5 条业务线, 5 个关联关系（零LLM调用）
2026-07-20 14:21:52 | INFO     | app.main:_prewarm:62 | trace_id=system - [预热] 业务线分类已完成
2026-07-20 14:21:56 | INFO     | app.services.external_kb:get_all_nodes_with_business_line:229 | trace_id=N/A - 获取知识库全部节点（含业务线）
2026-07-20 14:21:56 | INFO     | app.services.external_kb:get_all_nodes_with_business_line:241 | trace_id=N/A - 知识库共 105 条节点
2026-07-20 14:22:02 | ERROR    | app.api.admin:auto_build_knowledge_graph:519 | trace_id=ee490908-f85a-4c45-8dae-56bd600eb29f - 业务线[密码管理]知识图谱构建失败: name 'json' is not defined, LLM返回: [
    {"source": "kb_001", "target": "kb_004", "relation_type": "related", "weight": 0.8},
    {"source": "kb_002", "target": "kb_003", "relation_type": "related", "weight": большинство 0.9},
    {"so
2026-07-20 14:22:04 | ERROR    | app.api.admin:auto_build_knowledge_graph:519 | trace_id=ee490908-f85a-4c45-8dae-56bd600eb29f - 业务线[账户冻结]知识图谱构建失败: name 'json' is not defined, LLM返回: [
    {"source": "kb_012", "target": "kb_017", "relation_type": "extends", "weight": 0.8},
    {"source": "kb_011", "target": "kb_014", "relation_type": "related", "weight": 0.7},
    {"source": "kb_0
2026-07-20 14:22:07 | ERROR    | app.api.admin:auto_build_knowledge_graph:519 | trace_id=ee490908-f85a-4c45-8dae-56bd600eb29f - 业务线[信息更新]知识图谱构建失败: name 'json' is not defined, LLM返回: [
    {"source": "kb_031", "target": "kb_032", "relation_type": "extends", "weight": 0.8},
    {"source": "kb_031", "target": "kb_039", "relation_type": "related", "weight": 0.7},
    {"source": "kb_0
2026-07-20 14:22:12 | ERROR    | app.api.admin:auto_build_knowledge_graph:519 | trace_id=ee490908-f85a-4c45-8dae-56bd600eb29f - 业务线[卡片挂失]知识图谱构建失败: name 'json' is not defined, LLM返回: [{"source": "kb_021", "target": "kb_028", "relation_type": "related", "weight": 0.8}, {"source": "kb_022", "target": "kb_028", "relation_type": "contradicts", "weight":-SORRY_EXPR-1}, {"source": "kb_0
2026-07-20 14:22:15 | ERROR    | app.api.admin:auto_build_knowledge_graph:519 | trace_id=ee490908-f85a-4c45-8dae-56bd600eb29f - 业务线[营销活动]知识图谱构建失败: name 'json' is not defined, LLM返回: [
    {"source": "kb_041", "target": "kb_044", "relation_type": "prerequisite", "weight": 0.7},
    {"source": "kb_043", "target": "kb_048", "relation_type": "extends", "weight": sp.8},
    {"source":
2026-07-20 14:22:40 | INFO     | app.services.external_kb:_init_knowledge_base:42 | trace_id=system - 向量知识库已存在，共 105 条记录，跳过初始化。
2026-07-20 14:22:43 | INFO     | app.services.external_kb:get_all_nodes_with_business_line:229 | trace_id=prewarm - 获取知识库全部节点（含业务线）
2026-07-20 14:22:43 | INFO     | app.services.external_kb:get_all_nodes_with_business_line:241 | trace_id=prewarm - 知识库共 105 条节点
2026-07-20 14:22:43 | INFO     | app.services.exam_engine:get_business_config:82 | trace_id=prewarm - 从节点标签直接构建业务线配置: 5 条业务线, 5 个关联关系（零LLM调用）
2026-07-20 14:22:43 | INFO     | app.main:_prewarm:62 | trace_id=system - [预热] 业务线分类已完成
2026-07-20 14:22:52 | INFO     | app.services.external_kb:_init_knowledge_base:42 | trace_id=system - 向量知识库已存在，共 105 条记录，跳过初始化。
2026-07-20 14:22:55 | INFO     | app.services.external_kb:get_all_nodes_with_business_line:229 | trace_id=prewarm - 获取知识库全部节点（含业务线）
2026-07-20 14:22:55 | INFO     | app.services.external_kb:get_all_nodes_with_business_line:241 | trace_id=prewarm - 知识库共 105 条节点
2026-07-20 14:22:55 | INFO     | app.services.exam_engine:get_business_config:82 | trace_id=prewarm - 从节点标签直接构建业务线配置: 5 条业务线, 5 个关联关系（零LLM调用）
2026-07-20 14:22:55 | INFO     | app.main:_prewarm:62 | trace_id=system - [预热] 业务线分类已完成
2026-07-20 14:23:02 | INFO     | app.services.external_kb:get_all_nodes_with_business_line:229 | trace_id=N/A - 获取知识库全部节点（含业务线）
2026-07-20 14:23:02 | INFO     | app.services.external_kb:get_all_nodes_with_business_line:241 | trace_id=N/A - 知识库共 105 条节点
2026-07-20 14:23:07 | ERROR    | app.api.admin:auto_build_knowledge_graph:526 | trace_id=67119a15-4840-463a-970b-15e91d15250c - 业务线[密码管理]知识图谱构建失败: Expecting value: line 3 column 83 (char 173), LLM返回: [
    {"source": "kb_001", "target": "kb_058", "relation_type": "extends", "weight": 0.7},
    {"source": "kb_002", "target": "kb_053", "relation_type": "extends", "weight":更多审核中
["kb_060", "kb_002", 
2026-07-20 14:23:13 | ERROR    | app.api.admin:auto_build_knowledge_graph:526 | trace_id=67119a15-4840-463a-970b-15e91d15250c - 业务线[账户冻结]知识图谱构建失败: Expecting value: line 3 column 83 (char 173), LLM返回: [
    {"source": "kb_011", "target": "kb_012", "relation_type": "related", "weight": 0.6},
    {"source": "kb_012", "target": "kb_017", "relation_type": "extends", "weight":我们这个示例的内容似乎被截断了。让我们重新生成一个完整
2026-07-20 14:23:17 | ERROR    | app.api.admin:auto_build_knowledge_graph:526 | trace_id=67119a15-4840-463a-970b-15e91d15250c - 业务线[信息更新]知识图谱构建失败: Expecting value: line 3 column 84 (char 179), LLM返回: [
    {"source": "kb_015", "target": "kb_032", "relation_type": "prerequisite", "weight": 0.9},
    {"source": "kb_031", "target": "kb_015", "relation_type": "extends", "weight": восемь},
    {"source
2026-07-20 14:23:22 | ERROR    | app.api.admin:auto_build_knowledge_graph:526 | trace_id=67119a15-4840-463a-970b-15e91d15250c - 业务线[卡片挂失]知识图谱构建失败: Expecting ',' delimiter: line 3 column 89 (char 179), LLM返回: [
    {"source": "kb_021", "target": "kb_022", "relation_type": "extends", "weight": 0.8},
    {"source": "kb_021", "target": "kb_028", "relation_type": "related", "weight":126   0.7},
    {"source": 
2026-07-20 14:26:30 | INFO     | app.services.external_kb:get_all_nodes_with_business_line:229 | trace_id=N/A - 获取知识库全部节点（含业务线）
2026-07-20 14:26:30 | INFO     | app.services.external_kb:get_all_nodes_with_business_line:241 | trace_id=N/A - 知识库共 105 条节点
2026-07-20 14:26:39 | INFO     | app.services.external_kb:get_all_nodes_with_business_line:229 | trace_id=N/A - 获取知识库全部节点（含业务线）
2026-07-20 14:26:39 | INFO     | app.services.external_kb:get_all_nodes_with_business_line:241 | trace_id=N/A - 知识库共 105 条节点
2026-07-20 14:26:44 | ERROR    | app.api.admin:auto_build_knowledge_graph:526 | trace_id=7345137f-2760-4d70-949e-9c84689b67b4 - 业务线[密码管理]知识图谱构建失败: Expecting value: line 3 column 84 (char 174), LLM返回: [
    {"source": "kb_001", "target": "kb_004", "relation_type": "related", "weight": 0.7},
    {"source": "kb_002", "target": "kb_003", "relation_type": "related", "weight": Mass PropertiesHelper},
  
2026-07-20 14:26:49 | ERROR    | app.api.admin:auto_build_knowledge_graph:526 | trace_id=7345137f-2760-4d70-949e-9c84689b67b4 - 业务线[账户冻结]知识图谱构建失败: Expecting value: line 4 column 84 (char 263), LLM返回: [
    {"source": "kb_011", "target": "kb_012", "relation_type": "related", "weight": 0.7},
    {"source": "kb_012", "target": "kb_017", "relation_type": "extends", "weight": 0.8},
    {"source": "kb_0
2026-07-20 14:26:52 | ERROR    | app.api.admin:auto_build_knowledge_graph:526 | trace_id=7345137f-2760-4d70-949e-9c84689b67b4 - 业务线[信息更新]知识图谱构建失败: Expecting value: line 3 column 84 (char 174), LLM返回: [
    {"source": "kb_015", "target": "kb_032", "relation_type": "related", "weight": 0.8},
    {"source": "kb_031", "target": "kb_015", "relation_type": "extends", "weight": Eighty percent"},
    {"so
2026-07-20 14:26:56 | ERROR    | app.api.admin:auto_build_knowledge_graph:526 | trace_id=7345137f-2760-4d70-949e-9c84689b67b4 - 业务线[卡片挂失]知识图谱构建失败: Expecting value: line 3 column 83 (char 173), LLM返回: [
    {"source": "kb_021", "target": "kb_022", "relation_type": "extends", "weight": 0.8},
    {"source": "kb_021", "target": "kb_028", "relation_type": "related", "weight":}},
    {"source": "kb_022"
2026-07-20 14:26:59 | ERROR    | app.api.admin:auto_build_knowledge_graph:526 | trace_id=7345137f-2760-4d70-949e-9c84689b67b4 - 业务线[营销活动]知识图谱构建失败: Expecting value: line 4 column 84 (char 263), LLM返回: [
    {"source": "kb_041", "target": "kb_042", "relation_type": "extends", "weight": 0.9},
    {"source": "kb_041", "target": "kb_043", "relation_type": "related", "weight": 0.7},
    {"source": "kb_0
2026-07-20 14:27:18 | INFO     | app.services.external_kb:get_all_nodes_with_business_line:229 | trace_id=N/A - 获取知识库全部节点（含业务线）
2026-07-20 14:27:18 | INFO     | app.services.external_kb:get_all_nodes_with_business_line:241 | trace_id=N/A - 知识库共 105 条节点
2026-07-20 14:27:37 | INFO     | app.services.external_kb:_init_knowledge_base:42 | trace_id=system - 向量知识库已存在，共 105 条记录，跳过初始化。
2026-07-20 14:27:39 | INFO     | app.services.external_kb:get_all_nodes_with_business_line:229 | trace_id=prewarm - 获取知识库全部节点（含业务线）
2026-07-20 14:27:39 | INFO     | app.services.external_kb:get_all_nodes_with_business_line:241 | trace_id=prewarm - 知识库共 105 条节点
2026-07-20 14:27:39 | INFO     | app.services.exam_engine:get_business_config:82 | trace_id=prewarm - 从节点标签直接构建业务线配置: 5 条业务线, 5 个关联关系（零LLM调用）
2026-07-20 14:27:39 | INFO     | app.main:_prewarm:62 | trace_id=system - [预热] 业务线分类已完成
2026-07-20 14:27:51 | INFO     | app.services.external_kb:get_all_nodes_with_business_line:229 | trace_id=N/A - 获取知识库全部节点（含业务线）
2026-07-20 14:27:51 | INFO     | app.services.external_kb:get_all_nodes_with_business_line:241 | trace_id=N/A - 知识库共 105 条节点
2026-07-20 14:28:44 | INFO     | app.services.external_kb:_init_knowledge_base:42 | trace_id=system - 向量知识库已存在，共 105 条记录，跳过初始化。
2026-07-20 14:28:51 | INFO     | app.services.external_kb:_init_knowledge_base:42 | trace_id=system - 向量知识库已存在，共 105 条记录，跳过初始化。
2026-07-20 14:28:53 | INFO     | app.services.external_kb:get_all_nodes_with_business_line:229 | trace_id=prewarm - 获取知识库全部节点（含业务线）
2026-07-20 14:28:53 | INFO     | app.services.external_kb:get_all_nodes_with_business_line:241 | trace_id=prewarm - 知识库共 105 条节点
2026-07-20 14:28:53 | INFO     | app.services.exam_engine:get_business_config:82 | trace_id=prewarm - 从节点标签直接构建业务线配置: 5 条业务线, 5 个关联关系（零LLM调用）
2026-07-20 14:28:53 | INFO     | app.main:_prewarm:62 | trace_id=system - [预热] 业务线分类已完成
2026-07-20 14:28:58 | INFO     | app.services.external_kb:get_all_nodes_with_business_line:229 | trace_id=N/A - 获取知识库全部节点（含业务线）
2026-07-20 14:28:58 | INFO     | app.services.external_kb:get_all_nodes_with_business_line:241 | trace_id=N/A - 知识库共 105 条节点
2026-07-20 14:32:25 | INFO     | app.services.exam_engine:initialize_exam:588 | trace_id=90e8e94b-f3e1-452c-99d2-afd0edef372e - 初始化动态考试
2026-07-20 14:32:25 | INFO     | app.services.exam_engine:initialize_exam:595 | trace_id=90e8e94b-f3e1-452c-99d2-afd0edef372e - 使用预热缓存的业务线配置
2026-07-20 14:32:25 | INFO     | app.services.exam_engine:_load_persona_configs:534 | trace_id=3741a66c-b384-4fbb-bc9a-30675db44850 - 成功从数据库加载 3 个人格配置（过滤空配置后）
2026-07-20 14:32:25 | INFO     | app.services.external_kb:get_node_by_id:146 | trace_id=90e8e94b-f3e1-452c-99d2-afd0edef372e - 获取特定知识点内容: node_id='kb_041'
2026-07-20 14:32:25 | INFO     | app.services.external_kb:get_node_by_id:146 | trace_id=90e8e94b-f3e1-452c-99d2-afd0edef372e - 获取特定知识点内容: node_id='kb_042'
2026-07-20 14:32:25 | INFO     | app.services.external_kb:get_node_by_id:146 | trace_id=90e8e94b-f3e1-452c-99d2-afd0edef372e - 获取特定知识点内容: node_id='kb_043'
2026-07-20 14:32:25 | INFO     | app.services.external_kb:get_node_by_id:146 | trace_id=90e8e94b-f3e1-452c-99d2-afd0edef372e - 获取特定知识点内容: node_id='kb_044'
2026-07-20 14:32:25 | INFO     | app.services.external_kb:get_node_by_id:146 | trace_id=90e8e94b-f3e1-452c-99d2-afd0edef372e - 获取特定知识点内容: node_id='kb_045'
2026-07-20 14:33:09 | INFO     | app.services.exam_engine:_load_project_scenario:580 | trace_id=90e8e94b-f3e1-452c-99d2-afd0edef372e - 使用默认 PBL 项目场景: 完整投诉处理流程
2026-07-20 14:33:26 | INFO     | app.services.exam_engine:initialize_exam:655 | trace_id=90e8e94b-f3e1-452c-99d2-afd0edef372e - PBL 项目制模式: 完整投诉处理流程, 任务数=3
2026-07-20 14:33:26 | INFO     | app.services.exam_engine:initialize_exam:713 | trace_id=90e8e94b-f3e1-452c-99d2-afd0edef372e - 考试初始化完成: 模式=project, 人格=默认急躁客户, 业务线=信用卡挂失, 初始烦躁值=20, 目标数=3
2026-07-20 14:33:26 | INFO     | app.services.retrieval_pipeline:search:272 | trace_id=90e8e94b-f3e1-452c-99d2-afd0edef372e - 高级检索管线启动: query='信用卡挂失'
2026-07-20 14:33:26 | INFO     | app.services.retrieval_pipeline:rewrite:41 | trace_id=90e8e94b-f3e1-452c-99d2-afd0edef372e - 查询改写开始: 信用卡挂失
2026-07-20 14:33:56 | INFO     | app.services.retrieval_pipeline:rewrite:53 | trace_id=90e8e94b-f3e1-452c-99d2-afd0edef372e - 查询改写结果: {'main_query': '信用卡挂失', 'sub_queries': ['紧急挂失流程', '挂失声明手续', '风险控制措施'], 'intent_tags': ['业务流程', '风控规则'], 'expected_content_type': 'sop'}
2026-07-20 14:33:56 | INFO     | app.services.external_kb:search_knowledge:116 | trace_id=90e8e94b-f3e1-452c-99d2-afd0edef372e - 正在执行向量检索: query='信用卡挂失', top_k=10
2026-07-20 14:33:56 | INFO     | app.services.external_kb:search_knowledge:116 | trace_id=90e8e94b-f3e1-452c-99d2-afd0edef372e - 正在执行向量检索: query='紧急挂失流程', top_k=10
2026-07-20 14:33:56 | INFO     | app.services.retrieval_pipeline:search:107 | trace_id=90e8e94b-f3e1-452c-99d2-afd0edef372e - BM25 检索: query='信用卡挂失', top_k=10
2026-07-20 14:33:56 | INFO     | app.services.retrieval_pipeline:search:107 | trace_id=90e8e94b-f3e1-452c-99d2-afd0edef372e - BM25 检索: query='紧急挂失流程', top_k=10
2026-07-20 14:33:56 | INFO     | app.services.retrieval_pipeline:_load_reranker:145 | trace_id=3741a66c-b384-4fbb-bc9a-30675db44850 - BGE Reranker 未启用（设置环境变量 ENABLE_RERANKER=1 以启用），使用降级关键词覆盖率评分
2026-07-20 14:33:56 | INFO     | app.services.retrieval_pipeline:rerank:183 | trace_id=90e8e94b-f3e1-452c-99d2-afd0edef372e - 重排序开始，候选数: 18
2026-07-20 14:33:56 | INFO     | app.services.retrieval_pipeline:rerank:211 | trace_id=90e8e94b-f3e1-452c-99d2-afd0edef372e - 重排序完成，返回 Top-10
2026-07-20 14:33:56 | INFO     | app.services.retrieval_pipeline:search:319 | trace_id=90e8e94b-f3e1-452c-99d2-afd0edef372e - 检索管线完成: 向量20 + BM250 → 去重18 → 重排10 → 最终5
2026-07-20 14:33:56 | INFO     | app.agents.persona_agent:generate_reply:27 | trace_id=90e8e94b-f3e1-452c-99d2-afd0edef372e - PersonaAgent 正在生成客户回复
2026-07-20 14:34:26 | INFO     | app.services.retrieval_pipeline:search:272 | trace_id=5c1139f3-5524-413a-b4a5-7f0033d3179f - 高级检索管线启动: query='信用卡挂失'
2026-07-20 14:34:26 | INFO     | app.services.retrieval_pipeline:rewrite:41 | trace_id=5c1139f3-5524-413a-b4a5-7f0033d3179f - 查询改写开始: 信用卡挂失
2026-07-20 14:34:38 | INFO     | app.services.retrieval_pipeline:rewrite:53 | trace_id=5c1139f3-5524-413a-b4a5-7f0033d3179f - 查询改写结果: {'main_query': '信用卡挂失', 'sub_queries': ['信用卡遗失处理流程', '信用卡丢失申报', '信用卡被盗刷处理'], 'intent_tags': ['业务流程', '风控规则'], 'expected_content_type': 'sop'}
2026-07-20 14:34:38 | INFO     | app.services.external_kb:search_knowledge:116 | trace_id=5c1139f3-5524-413a-b4a5-7f0033d3179f - 正在执行向量检索: query='信用卡挂失', top_k=10
2026-07-20 14:34:38 | INFO     | app.services.external_kb:search_knowledge:116 | trace_id=5c1139f3-5524-413a-b4a5-7f0033d3179f - 正在执行向量检索: query='信用卡遗失处理流程', top_k=10
2026-07-20 14:34:38 | INFO     | app.services.retrieval_pipeline:search:107 | trace_id=5c1139f3-5524-413a-b4a5-7f0033d3179f - BM25 检索: query='信用卡挂失', top_k=10
2026-07-20 14:34:38 | INFO     | app.services.retrieval_pipeline:search:107 | trace_id=5c1139f3-5524-413a-b4a5-7f0033d3179f - BM25 检索: query='信用卡遗失处理流程', top_k=10
2026-07-20 14:34:38 | INFO     | app.services.retrieval_pipeline:rerank:183 | trace_id=5c1139f3-5524-413a-b4a5-7f0033d3179f - 重排序开始，候选数: 12
2026-07-20 14:34:38 | INFO     | app.services.retrieval_pipeline:rerank:211 | trace_id=5c1139f3-5524-413a-b4a5-7f0033d3179f - 重排序完成，返回 Top-10
2026-07-20 14:34:38 | INFO     | app.services.retrieval_pipeline:search:319 | trace_id=5c1139f3-5524-413a-b4a5-7f0033d3179f - 检索管线完成: 向量20 + BM250 → 去重12 → 重排10 → 最终5
2026-07-20 14:34:38 | INFO     | app.agents.persona_agent:generate_reply:27 | trace_id=5c1139f3-5524-413a-b4a5-7f0033d3179f - PersonaAgent 正在生成客户回复
2026-07-20 14:35:04 | INFO     | app.services.retrieval_pipeline:search:272 | trace_id=a2ceb803-49a2-4d22-8bc3-e517483e87b9 - 高级检索管线启动: query='信用卡挂失'
2026-07-20 14:35:04 | INFO     | app.services.retrieval_pipeline:rewrite:41 | trace_id=a2ceb803-49a2-4d22-8bc3-e517483e87b9 - 查询改写开始: 信用卡挂失
2026-07-20 14:35:19 | INFO     | app.services.retrieval_pipeline:rewrite:53 | trace_id=a2ceb803-49a2-4d22-8bc3-e517483e87b9 - 查询改写结果: {'main_query': '信用卡挂失申请', 'sub_queries': ['挂失流程', '卡片冻结', '补卡注销'], 'intent_tags': ['业务流程', '风控规则'], 'expected_content_type': 'sop|rule'}
2026-07-20 14:35:19 | INFO     | app.services.external_kb:search_knowledge:116 | trace_id=a2ceb803-49a2-4d22-8bc3-e517483e87b9 - 正在执行向量检索: query='信用卡挂失申请', top_k=10
2026-07-20 14:35:19 | INFO     | app.services.external_kb:search_knowledge:116 | trace_id=a2ceb803-49a2-4d22-8bc3-e517483e87b9 - 正在执行向量检索: query='挂失流程', top_k=10
2026-07-20 14:35:19 | INFO     | app.services.retrieval_pipeline:search:107 | trace_id=a2ceb803-49a2-4d22-8bc3-e517483e87b9 - BM25 检索: query='信用卡挂失申请', top_k=10
2026-07-20 14:35:19 | INFO     | app.services.retrieval_pipeline:search:107 | trace_id=a2ceb803-49a2-4d22-8bc3-e517483e87b9 - BM25 检索: query='挂失流程', top_k=10
2026-07-20 14:35:19 | INFO     | app.services.retrieval_pipeline:rerank:183 | trace_id=a2ceb803-49a2-4d22-8bc3-e517483e87b9 - 重排序开始，候选数: 16
2026-07-20 14:35:19 | INFO     | app.services.retrieval_pipeline:rerank:211 | trace_id=a2ceb803-49a2-4d22-8bc3-e517483e87b9 - 重排序完成，返回 Top-10
2026-07-20 14:35:19 | INFO     | app.services.retrieval_pipeline:search:319 | trace_id=a2ceb803-49a2-4d22-8bc3-e517483e87b9 - 检索管线完成: 向量20 + BM250 → 去重16 → 重排10 → 最终5
2026-07-20 14:35:19 | INFO     | app.agents.persona_agent:generate_reply:27 | trace_id=a2ceb803-49a2-4d22-8bc3-e517483e87b9 - PersonaAgent 正在生成客户回复
2026-07-20 14:36:37 | INFO     | app.services.retrieval_pipeline:search:272 | trace_id=e1a9d085-bdbd-4f6f-97fe-8299a6a6b0ef - 高级检索管线启动: query='信用卡挂失'
2026-07-20 14:36:37 | INFO     | app.services.retrieval_pipeline:rewrite:41 | trace_id=e1a9d085-bdbd-4f6f-97fe-8299a6a6b0ef - 查询改写开始: 信用卡挂失
2026-07-20 14:36:51 | INFO     | app.services.retrieval_pipeline:rewrite:53 | trace_id=e1a9d085-bdbd-4f6f-97fe-8299a6a6b0ef - 查询改写结果: {'main_query': '信用卡挂失', 'sub_queries': ['挂失流程', '补办新卡', '安全验证'], 'intent_tags': ['业务流程', '风控规则'], 'expected_content_type': 'sop|rule'}
2026-07-20 14:36:51 | INFO     | app.services.external_kb:search_knowledge:116 | trace_id=e1a9d085-bdbd-4f6f-97fe-8299a6a6b0ef - 正在执行向量检索: query='信用卡挂失', top_k=10
2026-07-20 14:36:51 | INFO     | app.services.external_kb:search_knowledge:116 | trace_id=e1a9d085-bdbd-4f6f-97fe-8299a6a6b0ef - 正在执行向量检索: query='挂失流程', top_k=10
2026-07-20 14:36:51 | INFO     | app.services.retrieval_pipeline:search:107 | trace_id=e1a9d085-bdbd-4f6f-97fe-8299a6a6b0ef - BM25 检索: query='信用卡挂失', top_k=10
2026-07-20 14:36:51 | INFO     | app.services.retrieval_pipeline:search:107 | trace_id=e1a9d085-bdbd-4f6f-97fe-8299a6a6b0ef - BM25 检索: query='挂失流程', top_k=10
2026-07-20 14:36:51 | INFO     | app.services.retrieval_pipeline:rerank:183 | trace_id=e1a9d085-bdbd-4f6f-97fe-8299a6a6b0ef - 重排序开始，候选数: 17
2026-07-20 14:36:51 | INFO     | app.services.retrieval_pipeline:rerank:211 | trace_id=e1a9d085-bdbd-4f6f-97fe-8299a6a6b0ef - 重排序完成，返回 Top-10
2026-07-20 14:36:51 | INFO     | app.services.retrieval_pipeline:search:319 | trace_id=e1a9d085-bdbd-4f6f-97fe-8299a6a6b0ef - 检索管线完成: 向量20 + BM250 → 去重17 → 重排10 → 最终5
2026-07-20 14:36:51 | INFO     | app.agents.persona_agent:generate_reply:27 | trace_id=e1a9d085-bdbd-4f6f-97fe-8299a6a6b0ef - PersonaAgent 正在生成客户回复
2026-07-20 14:39:47 | INFO     | app.services.retrieval_pipeline:search:272 | trace_id=6d92c686-7e5d-4cb6-bf77-365a96bbc6f3 - 高级检索管线启动: query='信用卡挂失'
2026-07-20 14:39:47 | INFO     | app.services.retrieval_pipeline:rewrite:41 | trace_id=6d92c686-7e5d-4cb6-bf77-365a96bbc6f3 - 查询改写开始: 信用卡挂失
2026-07-20 14:39:58 | INFO     | app.services.retrieval_pipeline:rewrite:53 | trace_id=6d92c686-7e5d-4cb6-bf77-365a96bbc6f3 - 查询改写结果: {'main_query': '信用卡挂失', 'sub_queries': ['如何办理信用卡挂失', '信用卡挂失时效', '挂失责任与风险', '补卡流程'], 'intent_tags': ['业务流程', '风控规则'], 'expected_content_type': 'sop'}
2026-07-20 14:39:58 | INFO     | app.services.external_kb:search_knowledge:116 | trace_id=6d92c686-7e5d-4cb6-bf77-365a96bbc6f3 - 正在执行向量检索: query='信用卡挂失', top_k=10
2026-07-20 14:39:58 | INFO     | app.services.external_kb:search_knowledge:116 | trace_id=6d92c686-7e5d-4cb6-bf77-365a96bbc6f3 - 正在执行向量检索: query='如何办理信用卡挂失', top_k=10
2026-07-20 14:39:58 | INFO     | app.services.retrieval_pipeline:search:107 | trace_id=6d92c686-7e5d-4cb6-bf77-365a96bbc6f3 - BM25 检索: query='信用卡挂失', top_k=10
2026-07-20 14:39:58 | INFO     | app.services.retrieval_pipeline:search:107 | trace_id=6d92c686-7e5d-4cb6-bf77-365a96bbc6f3 - BM25 检索: query='如何办理信用卡挂失', top_k=10
2026-07-20 14:39:58 | INFO     | app.services.retrieval_pipeline:rerank:183 | trace_id=6d92c686-7e5d-4cb6-bf77-365a96bbc6f3 - 重排序开始，候选数: 13
2026-07-20 14:39:58 | INFO     | app.services.retrieval_pipeline:rerank:211 | trace_id=6d92c686-7e5d-4cb6-bf77-365a96bbc6f3 - 重排序完成，返回 Top-10
2026-07-20 14:39:58 | INFO     | app.services.retrieval_pipeline:search:319 | trace_id=6d92c686-7e5d-4cb6-bf77-365a96bbc6f3 - 检索管线完成: 向量20 + BM250 → 去重13 → 重排10 → 最终5
2026-07-20 14:39:58 | INFO     | app.agents.persona_agent:generate_reply:27 | trace_id=6d92c686-7e5d-4cb6-bf77-365a96bbc6f3 - PersonaAgent 正在生成客户回复
2026-07-20 14:40:50 | INFO     | app.services.retrieval_pipeline:search:272 | trace_id=9a6fb650-4a0e-4bcf-8bac-5f6fd59fe7ee - 高级检索管线启动: query='信用卡挂失'
2026-07-20 14:40:50 | INFO     | app.services.retrieval_pipeline:rewrite:41 | trace_id=9a6fb650-4a0e-4bcf-8bac-5f6fd59fe7ee - 查询改写开始: 信用卡挂失
2026-07-20 14:41:09 | INFO     | app.services.retrieval_pipeline:rewrite:53 | trace_id=9a6fb650-4a0e-4bcf-8bac-5f6fd59fe7ee - 查询改写结果: {'main_query': '信用卡挂失', 'sub_queries': ['挂失流程', '挂遗失处理', '信用卡盗刷风险', '冻结信用卡', '补办新卡流程'], 'intent_tags': ['业务流程', '风控规则'], 'expected_content_type': ['sop', 'rule', 'case', 'faq']}
2026-07-20 14:41:09 | INFO     | app.services.external_kb:search_knowledge:116 | trace_id=9a6fb650-4a0e-4bcf-8bac-5f6fd59fe7ee - 正在执行向量检索: query='信用卡挂失', top_k=10
2026-07-20 14:41:09 | INFO     | app.services.external_kb:search_knowledge:116 | trace_id=9a6fb650-4a0e-4bcf-8bac-5f6fd59fe7ee - 正在执行向量检索: query='挂失流程', top_k=10
2026-07-20 14:41:09 | INFO     | app.services.retrieval_pipeline:search:107 | trace_id=9a6fb650-4a0e-4bcf-8bac-5f6fd59fe7ee - BM25 检索: query='信用卡挂失', top_k=10
2026-07-20 14:41:09 | INFO     | app.services.retrieval_pipeline:search:107 | trace_id=9a6fb650-4a0e-4bcf-8bac-5f6fd59fe7ee - BM25 检索: query='挂失流程', top_k=10
2026-07-20 14:41:09 | INFO     | app.services.retrieval_pipeline:rerank:183 | trace_id=9a6fb650-4a0e-4bcf-8bac-5f6fd59fe7ee - 重排序开始，候选数: 17
2026-07-20 14:41:09 | INFO     | app.services.retrieval_pipeline:rerank:211 | trace_id=9a6fb650-4a0e-4bcf-8bac-5f6fd59fe7ee - 重排序完成，返回 Top-10
2026-07-20 14:41:09 | INFO     | app.services.retrieval_pipeline:search:319 | trace_id=9a6fb650-4a0e-4bcf-8bac-5f6fd59fe7ee - 检索管线完成: 向量20 + BM250 → 去重17 → 重排10 → 最终5
2026-07-20 14:41:09 | INFO     | app.agents.persona_agent:generate_reply:27 | trace_id=9a6fb650-4a0e-4bcf-8bac-5f6fd59fe7ee - PersonaAgent 正在生成客户回复
2026-07-20 14:42:38 | INFO     | app.services.retrieval_pipeline:search:272 | trace_id=1afaad43-2564-42ef-ae03-144df14a6bbc - 高级检索管线启动: query='信用卡挂失'
2026-07-20 14:42:38 | INFO     | app.services.retrieval_pipeline:rewrite:41 | trace_id=1afaad43-2564-42ef-ae03-144df14a6bbc - 查询改写开始: 信用卡挂失
2026-07-20 14:42:49 | INFO     | app.services.retrieval_pipeline:rewrite:53 | trace_id=1afaad43-2564-42ef-ae03-144df14a6bbc - 查询改写结果: {'main_query': '信用卡挂失流程', 'sub_queries': ['电话即时挂失操作', '挂失补卡申请流程', '挂失前盗刷处理'], 'intent_tags': ['业务流程', '风控规则'], 'expected_content_type': 'sop'}
2026-07-20 14:42:49 | INFO     | app.services.external_kb:search_knowledge:116 | trace_id=1afaad43-2564-42ef-ae03-144df14a6bbc - 正在执行向量检索: query='信用卡挂失流程', top_k=10
2026-07-20 14:42:50 | INFO     | app.services.external_kb:search_knowledge:116 | trace_id=1afaad43-2564-42ef-ae03-144df14a6bbc - 正在执行向量检索: query='电话即时挂失操作', top_k=10
2026-07-20 14:42:50 | INFO     | app.services.retrieval_pipeline:search:107 | trace_id=1afaad43-2564-42ef-ae03-144df14a6bbc - BM25 检索: query='信用卡挂失流程', top_k=10
2026-07-20 14:42:50 | INFO     | app.services.retrieval_pipeline:search:107 | trace_id=1afaad43-2564-42ef-ae03-144df14a6bbc - BM25 检索: query='电话即时挂失操作', top_k=10
2026-07-20 14:42:50 | INFO     | app.services.retrieval_pipeline:rerank:183 | trace_id=1afaad43-2564-42ef-ae03-144df14a6bbc - 重排序开始，候选数: 17
2026-07-20 14:42:50 | INFO     | app.services.retrieval_pipeline:rerank:211 | trace_id=1afaad43-2564-42ef-ae03-144df14a6bbc - 重排序完成，返回 Top-10
2026-07-20 14:42:50 | INFO     | app.services.retrieval_pipeline:search:319 | trace_id=1afaad43-2564-42ef-ae03-144df14a6bbc - 检索管线完成: 向量20 + BM250 → 去重17 → 重排10 → 最终5
2026-07-20 14:42:50 | INFO     | app.agents.persona_agent:generate_reply:27 | trace_id=1afaad43-2564-42ef-ae03-144df14a6bbc - PersonaAgent 正在生成客户回复
2026-07-20 14:44:36 | INFO     | app.services.retrieval_pipeline:search:272 | trace_id=9b2fadf3-0593-4531-9e13-0aacd8acb8c6 - 高级检索管线启动: query='信用卡挂失'
2026-07-20 14:44:36 | INFO     | app.services.retrieval_pipeline:rewrite:41 | trace_id=9b2fadf3-0593-4531-9e13-0aacd8acb8c6 - 查询改写开始: 信用卡挂失
2026-07-20 14:44:50 | INFO     | app.services.retrieval_pipeline:rewrite:53 | trace_id=9b2fadf3-0593-4531-9e13-0aacd8acb8c6 - 查询改写结果: {'main_query': '信用卡挂失', 'sub_queries': ['信用卡丢失处理流程', '信用卡盗刷风险防控', '挂失后补卡操作规范'], 'intent_tags': ['业务流程', '风控规则'], 'expected_content_type': 'sop|rule'}
2026-07-20 14:44:50 | INFO     | app.services.external_kb:search_knowledge:116 | trace_id=9b2fadf3-0593-4531-9e13-0aacd8acb8c6 - 正在执行向量检索: query='信用卡挂失', top_k=10
2026-07-20 14:44:50 | INFO     | app.services.external_kb:search_knowledge:116 | trace_id=9b2fadf3-0593-4531-9e13-0aacd8acb8c6 - 正在执行向量检索: query='信用卡丢失处理流程', top_k=10
2026-07-20 14:44:50 | INFO     | app.services.retrieval_pipeline:search:107 | trace_id=9b2fadf3-0593-4531-9e13-0aacd8acb8c6 - BM25 检索: query='信用卡挂失', top_k=10
2026-07-20 14:44:50 | INFO     | app.services.retrieval_pipeline:search:107 | trace_id=9b2fadf3-0593-4531-9e13-0aacd8acb8c6 - BM25 检索: query='信用卡丢失处理流程', top_k=10
2026-07-20 14:44:50 | INFO     | app.services.retrieval_pipeline:rerank:183 | trace_id=9b2fadf3-0593-4531-9e13-0aacd8acb8c6 - 重排序开始，候选数: 11
2026-07-20 14:44:50 | INFO     | app.services.retrieval_pipeline:rerank:211 | trace_id=9b2fadf3-0593-4531-9e13-0aacd8acb8c6 - 重排序完成，返回 Top-10
2026-07-20 14:44:50 | INFO     | app.services.retrieval_pipeline:search:319 | trace_id=9b2fadf3-0593-4531-9e13-0aacd8acb8c6 - 检索管线完成: 向量20 + BM250 → 去重11 → 重排10 → 最终5
2026-07-20 14:44:50 | INFO     | app.agents.persona_agent:generate_reply:27 | trace_id=9b2fadf3-0593-4531-9e13-0aacd8acb8c6 - PersonaAgent 正在生成客户回复
2026-07-20 14:45:59 | INFO     | app.services.retrieval_pipeline:search:272 | trace_id=f9e64be3-4d56-482f-9524-496ddc9794f1 - 高级检索管线启动: query='信用卡挂失'
2026-07-20 14:45:59 | INFO     | app.services.retrieval_pipeline:rewrite:41 | trace_id=f9e64be3-4d56-482f-9524-496ddc9794f1 - 查询改写开始: 信用卡挂失
2026-07-20 14:46:18 | INFO     | app.services.retrieval_pipeline:rewrite:53 | trace_id=f9e64be3-4d56-482f-9524-496ddc9794f1 - 查询改写结果: {'main_query': '信用卡挂失', 'sub_queries': ['信用卡挂失流程', '信用卡补卡手续', '紧急冻结信用卡'], 'intent_tags': ['业务流程', '风控规则'], 'expected_content_type': ['sop', 'rule']}
2026-07-20 14:46:18 | INFO     | app.services.external_kb:search_knowledge:116 | trace_id=f9e64be3-4d56-482f-9524-496ddc9794f1 - 正在执行向量检索: query='信用卡挂失', top_k=10
2026-07-20 14:46:18 | INFO     | app.services.external_kb:search_knowledge:116 | trace_id=f9e64be3-4d56-482f-9524-496ddc9794f1 - 正在执行向量检索: query='信用卡挂失流程', top_k=10
2026-07-20 14:46:18 | INFO     | app.services.retrieval_pipeline:search:107 | trace_id=f9e64be3-4d56-482f-9524-496ddc9794f1 - BM25 检索: query='信用卡挂失', top_k=10
2026-07-20 14:46:18 | INFO     | app.services.retrieval_pipeline:search:107 | trace_id=f9e64be3-4d56-482f-9524-496ddc9794f1 - BM25 检索: query='信用卡挂失流程', top_k=10
2026-07-20 14:46:18 | INFO     | app.services.retrieval_pipeline:rerank:183 | trace_id=f9e64be3-4d56-482f-9524-496ddc9794f1 - 重排序开始，候选数: 12
2026-07-20 14:46:18 | INFO     | app.services.retrieval_pipeline:rerank:211 | trace_id=f9e64be3-4d56-482f-9524-496ddc9794f1 - 重排序完成，返回 Top-10
2026-07-20 14:46:18 | INFO     | app.services.retrieval_pipeline:search:319 | trace_id=f9e64be3-4d56-482f-9524-496ddc9794f1 - 检索管线完成: 向量20 + BM250 → 去重12 → 重排10 → 最终5
2026-07-20 14:46:18 | INFO     | app.agents.persona_agent:generate_reply:27 | trace_id=f9e64be3-4d56-482f-9524-496ddc9794f1 - PersonaAgent 正在生成客户回复
2026-07-20 14:47:11 | INFO     | app.services.retrieval_pipeline:search:272 | trace_id=23ac8881-6ed4-4fe6-91e0-17e8f178102d - 高级检索管线启动: query='信用卡挂失'
2026-07-20 14:47:11 | INFO     | app.services.retrieval_pipeline:rewrite:41 | trace_id=23ac8881-6ed4-4fe6-91e0-17e8f178102d - 查询改写开始: 信用卡挂失
2026-07-20 14:47:20 | INFO     | app.services.retrieval_pipeline:rewrite:53 | trace_id=23ac8881-6ed4-4fe6-91e0-17e8f178102d - 查询改写结果: {'main_query': '信用卡挂失', 'sub_queries': ['信用卡停用', '信用卡报失', '信用卡冻结'], 'intent_tags': ['业务流程', '风控规则'], 'expected_content_type': 'sop'}
2026-07-20 14:47:20 | INFO     | app.services.external_kb:search_knowledge:116 | trace_id=23ac8881-6ed4-4fe6-91e0-17e8f178102d - 正在执行向量检索: query='信用卡挂失', top_k=10
2026-07-20 14:47:20 | INFO     | app.services.external_kb:search_knowledge:116 | trace_id=23ac8881-6ed4-4fe6-91e0-17e8f178102d - 正在执行向量检索: query='信用卡停用', top_k=10
2026-07-20 14:47:20 | INFO     | app.services.retrieval_pipeline:search:107 | trace_id=23ac8881-6ed4-4fe6-91e0-17e8f178102d - BM25 检索: query='信用卡挂失', top_k=10
2026-07-20 14:47:20 | INFO     | app.services.retrieval_pipeline:search:107 | trace_id=23ac8881-6ed4-4fe6-91e0-17e8f178102d - BM25 检索: query='信用卡停用', top_k=10
2026-07-20 14:47:20 | INFO     | app.services.retrieval_pipeline:rerank:183 | trace_id=23ac8881-6ed4-4fe6-91e0-17e8f178102d - 重排序开始，候选数: 12
2026-07-20 14:47:20 | INFO     | app.services.retrieval_pipeline:rerank:211 | trace_id=23ac8881-6ed4-4fe6-91e0-17e8f178102d - 重排序完成，返回 Top-10
2026-07-20 14:47:20 | INFO     | app.services.retrieval_pipeline:search:319 | trace_id=23ac8881-6ed4-4fe6-91e0-17e8f178102d - 检索管线完成: 向量20 + BM250 → 去重12 → 重排10 → 最终5
2026-07-20 14:47:20 | INFO     | app.agents.persona_agent:generate_reply:27 | trace_id=23ac8881-6ed4-4fe6-91e0-17e8f178102d - PersonaAgent 正在生成客户回复
2026-07-20 14:47:32 | INFO     | app.services.external_kb:get_node_by_id:146 | trace_id=23ac8881-6ed4-4fe6-91e0-17e8f178102d - 获取特定知识点内容: node_id='kb_041'
2026-07-20 14:47:32 | INFO     | app.services.external_kb:get_node_by_id:146 | trace_id=23ac8881-6ed4-4fe6-91e0-17e8f178102d - 获取特定知识点内容: node_id='kb_042'
2026-07-20 14:47:32 | INFO     | app.services.external_kb:get_node_by_id:146 | trace_id=23ac8881-6ed4-4fe6-91e0-17e8f178102d - 获取特定知识点内容: node_id='kb_043'
2026-07-20 14:47:32 | INFO     | app.services.external_kb:get_node_by_id:146 | trace_id=23ac8881-6ed4-4fe6-91e0-17e8f178102d - 获取特定知识点内容: node_id='kb_044'
2026-07-20 14:47:32 | INFO     | app.services.external_kb:get_node_by_id:146 | trace_id=23ac8881-6ed4-4fe6-91e0-17e8f178102d - 获取特定知识点内容: node_id='kb_045'
2026-07-20 14:55:12 | INFO     | app.services.external_kb:_init_knowledge_base:42 | trace_id=system - 向量知识库已存在，共 105 条记录，跳过初始化。
2026-07-20 14:55:22 | INFO     | app.services.external_kb:_init_knowledge_base:42 | trace_id=system - 向量知识库已存在，共 105 条记录，跳过初始化。
2026-07-20 14:55:24 | INFO     | app.services.external_kb:get_all_nodes_with_business_line:229 | trace_id=prewarm - 获取知识库全部节点（含业务线）
2026-07-20 14:55:24 | INFO     | app.services.external_kb:get_all_nodes_with_business_line:241 | trace_id=prewarm - 知识库共 105 条节点
2026-07-20 14:55:24 | INFO     | app.services.exam_engine:get_business_config:82 | trace_id=prewarm - 从节点标签直接构建业务线配置: 5 条业务线, 5 个关联关系（零LLM调用）
2026-07-20 14:55:24 | INFO     | app.main:_prewarm:62 | trace_id=system - [预热] 业务线分类已完成
2026-07-20 14:55:40 | INFO     | app.services.external_kb:_init_knowledge_base:42 | trace_id=system - 向量知识库已存在，共 105 条记录，跳过初始化。
2026-07-20 14:55:42 | INFO     | app.services.external_kb:get_all_nodes_with_business_line:229 | trace_id=prewarm - 获取知识库全部节点（含业务线）
2026-07-20 14:55:42 | INFO     | app.services.external_kb:get_all_nodes_with_business_line:241 | trace_id=prewarm - 知识库共 105 条节点
2026-07-20 14:55:42 | INFO     | app.services.exam_engine:get_business_config:82 | trace_id=prewarm - 从节点标签直接构建业务线配置: 5 条业务线, 5 个关联关系（零LLM调用）
2026-07-20 14:55:42 | INFO     | app.main:_prewarm:62 | trace_id=system - [预热] 业务线分类已完成
2026-07-20 15:05:20 | INFO     | app.services.external_kb:_init_knowledge_base:42 | trace_id=system - 向量知识库已存在，共 105 条记录，跳过初始化。
2026-07-20 15:05:22 | INFO     | app.services.external_kb:get_all_nodes_with_business_line:229 | trace_id=prewarm - 获取知识库全部节点（含业务线）
2026-07-20 15:05:22 | INFO     | app.services.external_kb:get_all_nodes_with_business_line:241 | trace_id=prewarm - 知识库共 105 条节点
2026-07-20 15:05:22 | INFO     | app.services.exam_engine:get_business_config:82 | trace_id=prewarm - 从节点标签直接构建业务线配置: 5 条业务线, 5 个关联关系（零LLM调用）
2026-07-20 15:05:22 | INFO     | app.main:_prewarm:62 | trace_id=system - [预热] 业务线分类已完成
2026-07-20 15:06:13 | INFO     | app.services.external_kb:_init_knowledge_base:42 | trace_id=system - 向量知识库已存在，共 105 条记录，跳过初始化。
2026-07-20 15:06:16 | INFO     | app.services.external_kb:get_all_nodes_with_business_line:229 | trace_id=prewarm - 获取知识库全部节点（含业务线）
2026-07-20 15:06:16 | INFO     | app.services.external_kb:get_all_nodes_with_business_line:241 | trace_id=prewarm - 知识库共 105 条节点
2026-07-20 15:06:16 | INFO     | app.services.exam_engine:get_business_config:82 | trace_id=prewarm - 从节点标签直接构建业务线配置: 5 条业务线, 5 个关联关系（零LLM调用）
2026-07-20 15:06:16 | INFO     | app.main:_prewarm:62 | trace_id=system - [预热] 业务线分类已完成
2026-07-20 15:07:59 | INFO     | app.services.external_kb:_init_knowledge_base:42 | trace_id=system - 向量知识库已存在，共 105 条记录，跳过初始化。
2026-07-20 15:08:01 | INFO     | app.services.external_kb:get_all_nodes_with_business_line:229 | trace_id=prewarm - 获取知识库全部节点（含业务线）
2026-07-20 15:08:01 | INFO     | app.services.external_kb:get_all_nodes_with_business_line:241 | trace_id=prewarm - 知识库共 105 条节点
2026-07-20 15:08:01 | INFO     | app.services.exam_engine:get_business_config:82 | trace_id=prewarm - 从节点标签直接构建业务线配置: 5 条业务线, 5 个关联关系（零LLM调用）
2026-07-20 15:08:01 | INFO     | app.main:_prewarm:62 | trace_id=system - [预热] 业务线分类已完成
2026-07-20 15:08:38 | INFO     | app.services.external_kb:_init_knowledge_base:42 | trace_id=system - 向量知识库已存在，共 105 条记录，跳过初始化。
2026-07-20 15:09:42 | INFO     | app.services.external_kb:_init_knowledge_base:42 | trace_id=system - 向量知识库已存在，共 105 条记录，跳过初始化。
2026-07-20 15:09:49 | INFO     | app.services.external_kb:_init_knowledge_base:42 | trace_id=system - 向量知识库已存在，共 105 条记录，跳过初始化。
2026-07-20 15:09:52 | INFO     | app.services.external_kb:get_all_nodes_with_business_line:229 | trace_id=prewarm - 获取知识库全部节点（含业务线）
2026-07-20 15:09:52 | INFO     | app.services.external_kb:get_all_nodes_with_business_line:241 | trace_id=prewarm - 知识库共 105 条节点
2026-07-20 15:09:52 | INFO     | app.services.exam_engine:get_business_config:82 | trace_id=prewarm - 从节点标签直接构建业务线配置: 5 条业务线, 5 个关联关系（零LLM调用）
2026-07-20 15:09:52 | INFO     | app.main:_prewarm:62 | trace_id=system - [预热] 业务线分类已完成
2026-07-20 15:10:01 | INFO     | app.services.external_kb:_init_knowledge_base:42 | trace_id=system - 向量知识库已存在，共 105 条记录，跳过初始化。
2026-07-20 15:10:52 | INFO     | app.services.external_kb:_init_knowledge_base:42 | trace_id=system - 向量知识库已存在，共 105 条记录，跳过初始化。
2026-07-20 15:10:54 | INFO     | app.services.external_kb:get_all_nodes_with_business_line:229 | trace_id=prewarm - 获取知识库全部节点（含业务线）
2026-07-20 15:10:54 | INFO     | app.services.external_kb:get_all_nodes_with_business_line:241 | trace_id=prewarm - 知识库共 105 条节点
2026-07-20 15:10:54 | INFO     | app.services.exam_engine:get_business_config:82 | trace_id=prewarm - 从节点标签直接构建业务线配置: 5 条业务线, 5 个关联关系（零LLM调用）
2026-07-20 15:10:54 | INFO     | app.main:_prewarm:62 | trace_id=system - [预热] 业务线分类已完成
2026-07-20 15:16:28 | INFO     | app.services.external_kb:get_all_nodes_with_business_line:229 | trace_id=N/A - 获取知识库全部节点（含业务线）
2026-07-20 15:16:28 | INFO     | app.services.external_kb:get_all_nodes_with_business_line:241 | trace_id=N/A - 知识库共 105 条节点
2026-07-20 15:16:53 | INFO     | app.services.external_kb:get_all_nodes_with_business_line:229 | trace_id=N/A - 获取知识库全部节点（含业务线）
2026-07-20 15:16:53 | INFO     | app.services.external_kb:get_all_nodes_with_business_line:241 | trace_id=N/A - 知识库共 105 条节点
2026-07-20 15:22:53 | INFO     | app.services.external_kb:get_all_nodes_with_business_line:229 | trace_id=N/A - 获取知识库全部节点（含业务线）
2026-07-20 15:22:53 | INFO     | app.services.external_kb:get_all_nodes_with_business_line:241 | trace_id=N/A - 知识库共 105 条节点
2026-07-20 15:23:20 | INFO     | app.services.external_kb:get_all_nodes_with_business_line:229 | trace_id=N/A - 获取知识库全部节点（含业务线）
2026-07-20 15:23:20 | INFO     | app.services.external_kb:get_all_nodes_with_business_line:241 | trace_id=N/A - 知识库共 105 条节点
2026-07-20 15:23:26 | INFO     | app.services.external_kb:get_all_nodes_with_business_line:229 | trace_id=N/A - 获取知识库全部节点（含业务线）
2026-07-20 15:23:26 | INFO     | app.services.external_kb:get_all_nodes_with_business_line:241 | trace_id=N/A - 知识库共 105 条节点
2026-07-20 15:24:28 | INFO     | app.agents.scorer_agent:generate_capability_portrait:62 | trace_id=N/A - ScorerAgent 正在生成能力画像
2026-07-20 15:26:57 | INFO     | app.services.external_kb:get_all_nodes_with_business_line:229 | trace_id=N/A - 获取知识库全部节点（含业务线）
2026-07-20 15:26:57 | INFO     | app.services.external_kb:get_all_nodes_with_business_line:241 | trace_id=N/A - 知识库共 105 条节点
2026-07-20 15:26:58 | INFO     | app.services.external_kb:get_all_nodes_with_business_line:229 | trace_id=N/A - 获取知识库全部节点（含业务线）
2026-07-20 15:26:58 | INFO     | app.services.external_kb:get_all_nodes_with_business_line:241 | trace_id=N/A - 知识库共 105 条节点
2026-07-20 15:27:01 | INFO     | app.services.external_kb:get_all_nodes_with_business_line:229 | trace_id=N/A - 获取知识库全部节点（含业务线）
2026-07-20 15:27:01 | INFO     | app.services.external_kb:get_all_nodes_with_business_line:241 | trace_id=N/A - 知识库共 105 条节点
2026-07-20 15:27:57 | INFO     | app.agents.quiz_agent:generate_teaching_question:127 | trace_id=N/A - QuizAgent 正在为分类 营销活动 生成教学题型
2026-07-20 15:29:03 | INFO     | app.services.external_kb:_init_knowledge_base:42 | trace_id=system - 向量知识库已存在，共 105 条记录，跳过初始化。
2026-07-20 15:29:05 | INFO     | app.services.external_kb:get_all_nodes_with_business_line:229 | trace_id=prewarm - 获取知识库全部节点（含业务线）
2026-07-20 15:29:05 | INFO     | app.services.external_kb:get_all_nodes_with_business_line:241 | trace_id=prewarm - 知识库共 105 条节点
2026-07-20 15:29:05 | INFO     | app.services.exam_engine:get_business_config:82 | trace_id=prewarm - 从节点标签直接构建业务线配置: 5 条业务线, 5 个关联关系（零LLM调用）
2026-07-20 15:29:05 | INFO     | app.main:_prewarm:62 | trace_id=system - [预热] 业务线分类已完成
2026-07-20 15:29:31 | INFO     | app.services.external_kb:_init_knowledge_base:42 | trace_id=system - 向量知识库已存在，共 105 条记录，跳过初始化。
2026-07-20 15:29:34 | INFO     | app.services.external_kb:get_all_nodes_with_business_line:229 | trace_id=prewarm - 获取知识库全部节点（含业务线）
2026-07-20 15:29:34 | INFO     | app.services.external_kb:get_all_nodes_with_business_line:241 | trace_id=prewarm - 知识库共 105 条节点
2026-07-20 15:29:34 | INFO     | app.services.exam_engine:get_business_config:82 | trace_id=prewarm - 从节点标签直接构建业务线配置: 5 条业务线, 5 个关联关系（零LLM调用）
2026-07-20 15:29:34 | INFO     | app.main:_prewarm:62 | trace_id=system - [预热] 业务线分类已完成
2026-07-20 15:29:41 | INFO     | app.services.external_kb:_init_knowledge_base:42 | trace_id=system - 向量知识库已存在，共 105 条记录，跳过初始化。
2026-07-20 15:29:43 | INFO     | app.services.external_kb:get_all_nodes_with_business_line:229 | trace_id=prewarm - 获取知识库全部节点（含业务线）
2026-07-20 15:29:43 | INFO     | app.services.external_kb:get_all_nodes_with_business_line:241 | trace_id=prewarm - 知识库共 105 条节点
2026-07-20 15:29:43 | INFO     | app.services.exam_engine:get_business_config:82 | trace_id=prewarm - 从节点标签直接构建业务线配置: 5 条业务线, 5 个关联关系（零LLM调用）
2026-07-20 15:29:43 | INFO     | app.main:_prewarm:62 | trace_id=system - [预热] 业务线分类已完成
2026-07-20 15:29:54 | INFO     | app.services.external_kb:_init_knowledge_base:42 | trace_id=system - 向量知识库已存在，共 105 条记录，跳过初始化。
2026-07-20 15:29:56 | INFO     | app.services.external_kb:get_all_nodes_with_business_line:229 | trace_id=prewarm - 获取知识库全部节点（含业务线）
2026-07-20 15:29:56 | INFO     | app.services.external_kb:get_all_nodes_with_business_line:241 | trace_id=prewarm - 知识库共 105 条节点
2026-07-20 15:29:56 | INFO     | app.services.exam_engine:get_business_config:82 | trace_id=prewarm - 从节点标签直接构建业务线配置: 5 条业务线, 5 个关联关系（零LLM调用）
2026-07-20 15:29:56 | INFO     | app.main:_prewarm:62 | trace_id=system - [预热] 业务线分类已完成
2026-07-20 15:36:15 | INFO     | app.services.external_kb:get_all_nodes_with_business_line:229 | trace_id=N/A - 获取知识库全部节点（含业务线）
2026-07-20 15:36:15 | INFO     | app.services.external_kb:get_all_nodes_with_business_line:241 | trace_id=N/A - 知识库共 105 条节点
2026-07-20 15:39:07 | INFO     | app.services.exam_engine:initialize_exam:588 | trace_id=3c41c50e-e11e-4be3-b62e-f9e373ce6b62 - 初始化动态考试
2026-07-20 15:39:07 | INFO     | app.services.exam_engine:initialize_exam:595 | trace_id=3c41c50e-e11e-4be3-b62e-f9e373ce6b62 - 使用预热缓存的业务线配置
2026-07-20 15:39:07 | INFO     | app.services.exam_engine:_load_persona_configs:534 | trace_id=7ce8755d-574e-490a-a003-16e3e43d0cfa - 成功从数据库加载 3 个人格配置（过滤空配置后）
2026-07-20 15:39:07 | INFO     | app.services.external_kb:get_node_by_id:146 | trace_id=3c41c50e-e11e-4be3-b62e-f9e373ce6b62 - 获取特定知识点内容: node_id='kb_021'
2026-07-20 15:39:07 | INFO     | app.services.external_kb:get_node_by_id:146 | trace_id=3c41c50e-e11e-4be3-b62e-f9e373ce6b62 - 获取特定知识点内容: node_id='kb_022'
2026-07-20 15:39:07 | INFO     | app.services.external_kb:get_node_by_id:146 | trace_id=3c41c50e-e11e-4be3-b62e-f9e373ce6b62 - 获取特定知识点内容: node_id='kb_023'
2026-07-20 15:39:07 | INFO     | app.services.external_kb:get_node_by_id:146 | trace_id=3c41c50e-e11e-4be3-b62e-f9e373ce6b62 - 获取特定知识点内容: node_id='kb_024'
2026-07-20 15:39:07 | INFO     | app.services.external_kb:get_node_by_id:146 | trace_id=3c41c50e-e11e-4be3-b62e-f9e373ce6b62 - 获取特定知识点内容: node_id='kb_025'
2026-07-20 15:39:35 | INFO     | app.services.intent_state_machine:build_intent_machine_for_business_line:624 | trace_id=7ce8755d-574e-490a-a003-16e3e43d0cfa - 业务线 '卡片挂失' 基于踩分点生成 3 个意图
2026-07-20 15:39:35 | INFO     | app.services.exam_engine:initialize_exam:664 | trace_id=3c41c50e-e11e-4be3-b62e-f9e373ce6b62 - 单业务线模式: 卡片挂失, 意图数=3
2026-07-20 15:39:35 | INFO     | app.services.exam_engine:initialize_exam:713 | trace_id=3c41c50e-e11e-4be3-b62e-f9e373ce6b62 - 考试初始化完成: 模式=single, 人格=[Test] 啰嗦且迷糊型客户, 业务线=卡片挂失, 初始烦躁值=20, 目标数=3
2026-07-20 15:39:35 | INFO     | app.services.retrieval_pipeline:search:272 | trace_id=3c41c50e-e11e-4be3-b62e-f9e373ce6b62 - 高级检索管线启动: query='卡片挂失'
2026-07-20 15:39:35 | INFO     | app.services.retrieval_pipeline:rewrite:41 | trace_id=3c41c50e-e11e-4be3-b62e-f9e373ce6b62 - 查询改写开始: 卡片挂失
2026-07-20 15:39:49 | INFO     | app.services.retrieval_pipeline:rewrite:53 | trace_id=3c41c50e-e11e-4be3-b62e-f9e373ce6b62 - 查询改写结果: {'main_query': '卡片挂失', 'sub_queries': ['挂失流程', '卡片冻结操作', '补办新卡申请'], 'intent_tags': ['业务流程', '风控规则'], 'expected_content_type': 'sop|case'}
2026-07-20 15:39:49 | INFO     | app.services.external_kb:search_knowledge:116 | trace_id=3c41c50e-e11e-4be3-b62e-f9e373ce6b62 - 正在执行向量检索: query='卡片挂失', top_k=10
2026-07-20 15:39:50 | INFO     | app.services.external_kb:search_knowledge:116 | trace_id=3c41c50e-e11e-4be3-b62e-f9e373ce6b62 - 正在执行向量检索: query='挂失流程', top_k=10
2026-07-20 15:39:50 | INFO     | app.services.retrieval_pipeline:search:107 | trace_id=3c41c50e-e11e-4be3-b62e-f9e373ce6b62 - BM25 检索: query='卡片挂失', top_k=10
2026-07-20 15:39:50 | INFO     | app.services.retrieval_pipeline:search:107 | trace_id=3c41c50e-e11e-4be3-b62e-f9e373ce6b62 - BM25 检索: query='挂失流程', top_k=10
2026-07-20 15:39:50 | INFO     | app.services.retrieval_pipeline:_load_reranker:145 | trace_id=7ce8755d-574e-490a-a003-16e3e43d0cfa - BGE Reranker 未启用（设置环境变量 ENABLE_RERANKER=1 以启用），使用降级关键词覆盖率评分
2026-07-20 15:39:50 | INFO     | app.services.retrieval_pipeline:rerank:183 | trace_id=3c41c50e-e11e-4be3-b62e-f9e373ce6b62 - 重排序开始，候选数: 17
2026-07-20 15:39:50 | INFO     | app.services.retrieval_pipeline:rerank:211 | trace_id=3c41c50e-e11e-4be3-b62e-f9e373ce6b62 - 重排序完成，返回 Top-10
2026-07-20 15:39:50 | INFO     | app.services.retrieval_pipeline:search:319 | trace_id=3c41c50e-e11e-4be3-b62e-f9e373ce6b62 - 检索管线完成: 向量20 + BM250 → 去重17 → 重排10 → 最终5
2026-07-20 15:39:50 | INFO     | app.agents.persona_agent:generate_reply:27 | trace_id=3c41c50e-e11e-4be3-b62e-f9e373ce6b62 - PersonaAgent 正在生成客户回复
2026-07-20 15:44:07 | INFO     | app.services.retrieval_pipeline:search:272 | trace_id=9970730b-75ad-485e-b058-52a30d7f4240 - 高级检索管线启动: query='卡片挂失'
2026-07-20 15:44:07 | INFO     | app.services.retrieval_pipeline:rewrite:41 | trace_id=9970730b-75ad-485e-b058-52a30d7f4240 - 查询改写开始: 卡片挂失
2026-07-20 15:44:24 | INFO     | app.services.retrieval_pipeline:rewrite:53 | trace_id=9970730b-75ad-485e-b058-52a30d7f4240 - 查询改写结果: {'main_query': '挂失流程', 'sub_queries': ['银行卡挂失', '卡片丢失处理', '紧急挂失', '补办新卡'], 'intent_tags': ['业务流程', '风控规则'], 'expected_content_type': 'sop|rule'}
2026-07-20 15:44:24 | INFO     | app.services.external_kb:search_knowledge:116 | trace_id=9970730b-75ad-485e-b058-52a30d7f4240 - 正在执行向量检索: query='挂失流程', top_k=10
2026-07-20 15:44:24 | INFO     | app.services.external_kb:search_knowledge:116 | trace_id=9970730b-75ad-485e-b058-52a30d7f4240 - 正在执行向量检索: query='银行卡挂失', top_k=10
2026-07-20 15:44:24 | INFO     | app.services.retrieval_pipeline:search:107 | trace_id=9970730b-75ad-485e-b058-52a30d7f4240 - BM25 检索: query='挂失流程', top_k=10
2026-07-20 15:44:24 | INFO     | app.services.retrieval_pipeline:search:107 | trace_id=9970730b-75ad-485e-b058-52a30d7f4240 - BM25 检索: query='银行卡挂失', top_k=10
2026-07-20 15:44:24 | INFO     | app.services.retrieval_pipeline:rerank:183 | trace_id=9970730b-75ad-485e-b058-52a30d7f4240 - 重排序开始，候选数: 17
2026-07-20 15:44:24 | INFO     | app.services.retrieval_pipeline:rerank:211 | trace_id=9970730b-75ad-485e-b058-52a30d7f4240 - 重排序完成，返回 Top-10
2026-07-20 15:44:24 | INFO     | app.services.retrieval_pipeline:search:319 | trace_id=9970730b-75ad-485e-b058-52a30d7f4240 - 检索管线完成: 向量20 + BM250 → 去重17 → 重排10 → 最终5
2026-07-20 15:44:24 | INFO     | app.agents.persona_agent:generate_reply:27 | trace_id=9970730b-75ad-485e-b058-52a30d7f4240 - PersonaAgent 正在生成客户回复
2026-07-20 15:44:34 | INFO     | app.services.retrieval_pipeline:search:272 | trace_id=a825a6d7-7aea-4a9c-913a-0f9b3c515dd6 - 高级检索管线启动: query='卡片挂失'
2026-07-20 15:44:34 | INFO     | app.services.retrieval_pipeline:rewrite:41 | trace_id=a825a6d7-7aea-4a9c-913a-0f9b3c515dd6 - 查询改写开始: 卡片挂失
2026-07-20 15:44:49 | INFO     | app.services.retrieval_pipeline:rewrite:53 | trace_id=a825a6d7-7aea-4a9c-913a-0f9b3c515dd6 - 查询改写结果: {'main_query': '银行卡挂失', 'sub_queries': ['挂失流程', '银行卡补办', '风险控制规则'], 'intent_tags': ['业务流程', '风控规则'], 'expected_content_type': 'sop|rule'}
2026-07-20 15:44:49 | INFO     | app.services.external_kb:search_knowledge:116 | trace_id=a825a6d7-7aea-4a9c-913a-0f9b3c515dd6 - 正在执行向量检索: query='银行卡挂失', top_k=10
2026-07-20 15:44:49 | INFO     | app.services.external_kb:search_knowledge:116 | trace_id=a825a6d7-7aea-4a9c-913a-0f9b3c515dd6 - 正在执行向量检索: query='挂失流程', top_k=10
2026-07-20 15:44:49 | INFO     | app.services.retrieval_pipeline:search:107 | trace_id=a825a6d7-7aea-4a9c-913a-0f9b3c515dd6 - BM25 检索: query='银行卡挂失', top_k=10
2026-07-20 15:44:49 | INFO     | app.services.retrieval_pipeline:search:107 | trace_id=a825a6d7-7aea-4a9c-913a-0f9b3c515dd6 - BM25 检索: query='挂失流程', top_k=10
2026-07-20 15:44:49 | INFO     | app.services.retrieval_pipeline:rerank:183 | trace_id=a825a6d7-7aea-4a9c-913a-0f9b3c515dd6 - 重排序开始，候选数: 17
2026-07-20 15:44:49 | INFO     | app.services.retrieval_pipeline:rerank:211 | trace_id=a825a6d7-7aea-4a9c-913a-0f9b3c515dd6 - 重排序完成，返回 Top-10
2026-07-20 15:44:49 | INFO     | app.services.retrieval_pipeline:search:319 | trace_id=a825a6d7-7aea-4a9c-913a-0f9b3c515dd6 - 检索管线完成: 向量20 + BM250 → 去重17 → 重排10 → 最终5
2026-07-20 15:44:49 | INFO     | app.agents.persona_agent:generate_reply:27 | trace_id=a825a6d7-7aea-4a9c-913a-0f9b3c515dd6 - PersonaAgent 正在生成客户回复
2026-07-20 15:46:58 | INFO     | app.services.external_kb:_init_knowledge_base:42 | trace_id=system - 向量知识库已存在，共 105 条记录，跳过初始化。
2026-07-20 15:47:01 | INFO     | app.services.external_kb:get_all_nodes_with_business_line:229 | trace_id=prewarm - 获取知识库全部节点（含业务线）
2026-07-20 15:47:01 | INFO     | app.services.external_kb:get_all_nodes_with_business_line:241 | trace_id=prewarm - 知识库共 105 条节点
2026-07-20 15:47:01 | ERROR    | app.services.exam_engine:get_business_config:106 | trace_id=prewarm - 从知识库提取业务线失败: 'coroutine' object is not subscriptable
2026-07-20 15:47:01 | INFO     | app.main:_prewarm:62 | trace_id=system - [预热] 业务线分类已完成
2026-07-20 15:47:24 | INFO     | app.services.external_kb:_init_knowledge_base:42 | trace_id=system - 向量知识库已存在，共 105 条记录，跳过初始化。
2026-07-20 15:47:30 | INFO     | app.services.external_kb:_init_knowledge_base:42 | trace_id=system - 向量知识库已存在，共 105 条记录，跳过初始化。
2026-07-20 15:47:32 | INFO     | app.services.external_kb:get_all_nodes_with_business_line:229 | trace_id=prewarm - 获取知识库全部节点（含业务线）
2026-07-20 15:47:32 | INFO     | app.services.external_kb:get_all_nodes_with_business_line:241 | trace_id=prewarm - 知识库共 105 条节点
2026-07-20 15:47:32 | INFO     | app.services.exam_engine:get_business_config:84 | trace_id=prewarm - 从节点标签+知识图谱构建业务线配置: 5 条业务线, 0 条有图谱关联（零LLM调用）
2026-07-20 15:47:32 | INFO     | app.main:_prewarm:62 | trace_id=system - [预热] 业务线分类已完成
2026-07-20 15:47:41 | INFO     | app.services.external_kb:_init_knowledge_base:42 | trace_id=system - 向量知识库已存在，共 105 条记录，跳过初始化。
2026-07-20 15:47:43 | INFO     | app.services.external_kb:get_all_nodes_with_business_line:229 | trace_id=prewarm - 获取知识库全部节点（含业务线）
2026-07-20 15:47:43 | INFO     | app.services.external_kb:get_all_nodes_with_business_line:241 | trace_id=prewarm - 知识库共 105 条节点
2026-07-20 15:47:43 | INFO     | app.services.exam_engine:get_business_config:84 | trace_id=prewarm - 从节点标签+知识图谱构建业务线配置: 5 条业务线, 0 条有图谱关联（零LLM调用）
2026-07-20 15:47:43 | INFO     | app.main:_prewarm:62 | trace_id=system - [预热] 业务线分类已完成
2026-07-20 15:48:04 | INFO     | app.services.external_kb:_init_knowledge_base:42 | trace_id=system - 向量知识库已存在，共 105 条记录，跳过初始化。
2026-07-20 15:48:04 | INFO     | app.services.external_kb:get_all_nodes_with_business_line:229 | trace_id=N/A - 获取知识库全部节点（含业务线）
2026-07-20 15:48:04 | INFO     | app.services.external_kb:get_all_nodes_with_business_line:241 | trace_id=N/A - 知识库共 105 条节点
2026-07-20 15:48:04 | INFO     | app.services.exam_engine:get_business_config:84 | trace_id=N/A - 从节点标签+知识图谱构建业务线配置: 5 条业务线, 0 条有图谱关联（零LLM调用）
2026-07-20 15:48:43 | INFO     | app.services.external_kb:get_all_nodes_with_business_line:229 | trace_id=N/A - 获取知识库全部节点（含业务线）
2026-07-20 15:48:43 | INFO     | app.services.external_kb:get_all_nodes_with_business_line:241 | trace_id=N/A - 知识库共 105 条节点
2026-07-20 15:48:51 | INFO     | app.services.external_kb:get_all_nodes_with_business_line:229 | trace_id=N/A - 获取知识库全部节点（含业务线）
2026-07-20 15:48:51 | INFO     | app.services.external_kb:get_all_nodes_with_business_line:241 | trace_id=N/A - 知识库共 105 条节点
2026-07-20 15:49:27 | INFO     | app.services.external_kb:_init_knowledge_base:42 | trace_id=system - 向量知识库已存在，共 105 条记录，跳过初始化。
2026-07-20 15:49:29 | INFO     | app.services.external_kb:get_all_nodes_with_business_line:229 | trace_id=prewarm - 获取知识库全部节点（含业务线）
2026-07-20 15:49:29 | INFO     | app.services.external_kb:get_all_nodes_with_business_line:241 | trace_id=prewarm - 知识库共 105 条节点
2026-07-20 15:49:29 | INFO     | app.services.exam_engine:get_business_config:84 | trace_id=prewarm - 从节点标签+知识图谱构建业务线配置: 5 条业务线, 0 条有图谱关联（零LLM调用）
2026-07-20 15:49:29 | INFO     | app.main:_prewarm:62 | trace_id=system - [预热] 业务线分类已完成
2026-07-20 15:49:35 | INFO     | app.services.external_kb:get_all_nodes_with_business_line:229 | trace_id=N/A - 获取知识库全部节点（含业务线）
2026-07-20 15:49:35 | INFO     | app.services.external_kb:get_all_nodes_with_business_line:241 | trace_id=N/A - 知识库共 105 条节点
2026-07-20 15:50:12 | INFO     | app.services.external_kb:get_all_nodes_with_business_line:229 | trace_id=N/A - 获取知识库全部节点（含业务线）
2026-07-20 15:50:12 | INFO     | app.services.external_kb:get_all_nodes_with_business_line:241 | trace_id=N/A - 知识库共 105 条节点
2026-07-20 15:50:48 | INFO     | app.services.external_kb:_init_knowledge_base:42 | trace_id=system - 向量知识库已存在，共 105 条记录，跳过初始化。
2026-07-20 15:50:50 | INFO     | app.services.external_kb:get_all_nodes_with_business_line:229 | trace_id=prewarm - 获取知识库全部节点（含业务线）
2026-07-20 15:50:50 | INFO     | app.services.external_kb:get_all_nodes_with_business_line:241 | trace_id=prewarm - 知识库共 105 条节点
2026-07-20 15:50:50 | INFO     | app.services.exam_engine:get_business_config:84 | trace_id=prewarm - 从节点标签+知识图谱构建业务线配置: 5 条业务线, 0 条有图谱关联（零LLM调用）
2026-07-20 15:50:50 | INFO     | app.main:_prewarm:62 | trace_id=system - [预热] 业务线分类已完成
2026-07-20 15:51:05 | INFO     | app.services.external_kb:get_all_nodes_with_business_line:229 | trace_id=N/A - 获取知识库全部节点（含业务线）
2026-07-20 15:51:05 | INFO     | app.services.external_kb:get_all_nodes_with_business_line:241 | trace_id=N/A - 知识库共 105 条节点
2026-07-20 15:51:57 | INFO     | app.api.admin:auto_build_knowledge_graph:566 | trace_id=4ae12394-6d4d-4ef7-8634-3a2a70d65c00 - 跨业务线LLM返回前200字: [
    {"source": "kb_011", "target": "kb_015", "relation_type": "related", "weight": 0.6},
    {"source": "kb_012", "target": "kb_015", "relation_type": "related", "weight": 0.5},
    {"source": "kb_0
2026-07-20 15:52:57 | INFO     | app.services.external_kb:_init_knowledge_base:42 | trace_id=system - 向量知识库已存在，共 105 条记录，跳过初始化。
2026-07-20 15:53:00 | INFO     | app.services.external_kb:get_all_nodes_with_business_line:229 | trace_id=prewarm - 获取知识库全部节点（含业务线）
2026-07-20 15:53:00 | INFO     | app.services.external_kb:get_all_nodes_with_business_line:241 | trace_id=prewarm - 知识库共 105 条节点
2026-07-20 15:53:00 | INFO     | app.services.exam_engine:get_business_config:84 | trace_id=prewarm - 从节点标签+知识图谱构建业务线配置: 5 条业务线, 5 条有图谱关联（零LLM调用）
2026-07-20 15:53:00 | INFO     | app.main:_prewarm:62 | trace_id=system - [预热] 业务线分类已完成
2026-07-20 15:53:10 | INFO     | app.services.external_kb:get_all_nodes_with_business_line:229 | trace_id=N/A - 获取知识库全部节点（含业务线）
2026-07-20 15:53:10 | INFO     | app.services.external_kb:get_all_nodes_with_business_line:241 | trace_id=N/A - 知识库共 105 条节点
2026-07-20 15:53:34 | INFO     | app.api.admin:auto_build_knowledge_graph:566 | trace_id=9a3355e0-2727-47a3-bcba-11d44e56a31a - 跨业务线LLM返回前200字: [
    {"source": "kb_021", "target": "kb_002", "relation_type": "possible_sequence", "weight": 0.7},
    {"source": "kb_022", "target": "kb_002", "relation_type": "possible_sequence", "weight": 0.8},

2026-07-20 15:53:34 | INFO     | app.api.admin:auto_build_knowledge_graph:594 | trace_id=9a3355e0-2727-47a3-bcba-11d44e56a31a - 跨业务线关系提取: 匹配到2条（共2条候选）
2026-07-20 15:54:46 | INFO     | app.services.external_kb:get_all_nodes_with_business_line:229 | trace_id=N/A - 获取知识库全部节点（含业务线）
2026-07-20 15:54:46 | INFO     | app.services.external_kb:get_all_nodes_with_business_line:241 | trace_id=N/A - 知识库共 105 条节点
2026-07-20 15:54:57 | INFO     | app.agents.builder_agent:extract_knowledge_nodes:48 | trace_id=N/A - BuilderAgent 开始请求大模型提取知识原子...
2026-07-20 15:55:26 | INFO     | app.services.exam_engine:initialize_exam:615 | trace_id=fe20c2dd-df2e-463a-9f33-ecf30ed4c871 - 初始化动态考试
2026-07-20 15:55:26 | INFO     | app.services.exam_engine:initialize_exam:622 | trace_id=fe20c2dd-df2e-463a-9f33-ecf30ed4c871 - 使用预热缓存的业务线配置
2026-07-20 15:55:26 | INFO     | app.services.exam_engine:_load_persona_configs:561 | trace_id=38174bb8-471a-4ab4-975d-b4de2c28c60d - 成功从数据库加载 3 个人格配置（过滤空配置后）
2026-07-20 15:55:26 | INFO     | app.services.external_kb:get_node_by_id:146 | trace_id=fe20c2dd-df2e-463a-9f33-ecf30ed4c871 - 获取特定知识点内容: node_id='kb_011'
2026-07-20 15:55:26 | INFO     | app.services.external_kb:get_node_by_id:146 | trace_id=fe20c2dd-df2e-463a-9f33-ecf30ed4c871 - 获取特定知识点内容: node_id='kb_012'
2026-07-20 15:55:26 | INFO     | app.services.external_kb:get_node_by_id:146 | trace_id=fe20c2dd-df2e-463a-9f33-ecf30ed4c871 - 获取特定知识点内容: node_id='kb_013'
2026-07-20 15:55:26 | INFO     | app.services.external_kb:get_node_by_id:146 | trace_id=fe20c2dd-df2e-463a-9f33-ecf30ed4c871 - 获取特定知识点内容: node_id='kb_014'
2026-07-20 15:55:26 | INFO     | app.services.external_kb:get_node_by_id:146 | trace_id=fe20c2dd-df2e-463a-9f33-ecf30ed4c871 - 获取特定知识点内容: node_id='kb_016'
2026-07-20 15:55:48 | INFO     | app.services.exam_engine:_load_project_scenario:607 | trace_id=fe20c2dd-df2e-463a-9f33-ecf30ed4c871 - 使用默认 PBL 项目场景: 完整投诉处理流程
2026-07-20 15:55:57 | ERROR    | app.services.llm_adapter:async_chat_completion:116 | trace_id=N/A - LLM 异步调用失败: Request timed out.
2026-07-20 15:55:57 | ERROR    | app.agents.builder_agent:extract_knowledge_nodes:69 | trace_id=N/A - Builder Agent 解析失败: Request timed out.
2026-07-20 15:56:07 | INFO     | app.services.exam_engine:initialize_exam:682 | trace_id=fe20c2dd-df2e-463a-9f33-ecf30ed4c871 - PBL 项目制模式: 完整投诉处理流程, 任务数=3
2026-07-20 15:56:07 | INFO     | app.services.exam_engine:initialize_exam:740 | trace_id=fe20c2dd-df2e-463a-9f33-ecf30ed4c871 - 考试初始化完成: 模式=project, 人格=默认急躁客户, 业务线=信用卡挂失, 初始烦躁值=20, 目标数=3
2026-07-20 15:56:07 | INFO     | app.services.retrieval_pipeline:search:272 | trace_id=fe20c2dd-df2e-463a-9f33-ecf30ed4c871 - 高级检索管线启动: query='信用卡挂失'
2026-07-20 15:56:07 | INFO     | app.services.retrieval_pipeline:rewrite:41 | trace_id=fe20c2dd-df2e-463a-9f33-ecf30ed4c871 - 查询改写开始: 信用卡挂失
2026-07-20 15:56:15 | INFO     | app.services.external_kb:get_all_nodes_with_business_line:229 | trace_id=N/A - 获取知识库全部节点（含业务线）
2026-07-20 15:56:15 | INFO     | app.services.external_kb:get_all_nodes_with_business_line:241 | trace_id=N/A - 知识库共 105 条节点
2026-07-20 15:56:20 | INFO     | app.services.retrieval_pipeline:rewrite:53 | trace_id=fe20c2dd-df2e-463a-9f33-ecf30ed4c871 - 查询改写结果: {'main_query': '信用卡挂失', 'sub_queries': ['口头挂失', '正式挂失申请', '账户冻结', '补卡流程', '风险责任', '英语服务'], 'intent_tags': ['业务流程', '风控规则'], 'expected_content_type': 'sop|rule'}
2026-07-20 15:56:20 | INFO     | app.services.external_kb:search_knowledge:116 | trace_id=fe20c2dd-df2e-463a-9f33-ecf30ed4c871 - 正在执行向量检索: query='信用卡挂失', top_k=10
2026-07-20 15:56:20 | INFO     | app.services.external_kb:search_knowledge:116 | trace_id=fe20c2dd-df2e-463a-9f33-ecf30ed4c871 - 正在执行向量检索: query='口头挂失', top_k=10
2026-07-20 15:56:20 | INFO     | app.services.retrieval_pipeline:search:107 | trace_id=fe20c2dd-df2e-463a-9f33-ecf30ed4c871 - BM25 检索: query='信用卡挂失', top_k=10
2026-07-20 15:56:20 | INFO     | app.services.retrieval_pipeline:search:107 | trace_id=fe20c2dd-df2e-463a-9f33-ecf30ed4c871 - BM25 检索: query='口头挂失', top_k=10
2026-07-20 15:56:20 | INFO     | app.services.retrieval_pipeline:_load_reranker:145 | trace_id=38174bb8-471a-4ab4-975d-b4de2c28c60d - BGE Reranker 未启用（设置环境变量 ENABLE_RERANKER=1 以启用），使用降级关键词覆盖率评分
2026-07-20 15:56:20 | INFO     | app.services.retrieval_pipeline:rerank:183 | trace_id=fe20c2dd-df2e-463a-9f33-ecf30ed4c871 - 重排序开始，候选数: 17
2026-07-20 15:56:20 | INFO     | app.services.retrieval_pipeline:rerank:211 | trace_id=fe20c2dd-df2e-463a-9f33-ecf30ed4c871 - 重排序完成，返回 Top-10
2026-07-20 15:56:20 | INFO     | app.services.retrieval_pipeline:search:319 | trace_id=fe20c2dd-df2e-463a-9f33-ecf30ed4c871 - 检索管线完成: 向量20 + BM250 → 去重17 → 重排10 → 最终5
2026-07-20 15:56:20 | INFO     | app.agents.persona_agent:generate_reply:27 | trace_id=fe20c2dd-df2e-463a-9f33-ecf30ed4c871 - PersonaAgent 正在生成客户回复
2026-07-20 15:58:26 | INFO     | app.services.external_kb:_init_knowledge_base:42 | trace_id=system - 向量知识库已存在，共 105 条记录，跳过初始化。
2026-07-20 15:58:28 | INFO     | app.services.external_kb:get_all_nodes_with_business_line:229 | trace_id=prewarm - 获取知识库全部节点（含业务线）
2026-07-20 15:58:28 | INFO     | app.services.external_kb:get_all_nodes_with_business_line:241 | trace_id=prewarm - 知识库共 105 条节点
2026-07-20 15:58:28 | INFO     | app.services.exam_engine:get_business_config:84 | trace_id=prewarm - 从节点标签+知识图谱构建业务线配置: 5 条业务线, 3 条有图谱关联（零LLM调用）
2026-07-20 15:58:28 | INFO     | app.main:_prewarm:62 | trace_id=system - [预热] 业务线分类已完成
2026-07-20 15:58:47 | INFO     | app.agents.doc_agent:answer_query_stream:44 | trace_id=N/A - DocAgent 收到查询 (Stream, mode=normal): 银行卡挂失怎么办
2026-07-20 15:58:47 | INFO     | app.services.retrieval_pipeline:search:272 | trace_id=N/A - 高级检索管线启动: query='银行卡挂失怎么办'
2026-07-20 15:58:47 | INFO     | app.services.retrieval_pipeline:rewrite:41 | trace_id=N/A - 查询改写开始: 银行卡挂失怎么办
2026-07-20 15:59:01 | INFO     | app.services.retrieval_pipeline:rewrite:53 | trace_id=N/A - 查询改写结果: {'main_query': '银行卡挂失', 'sub_queries': ['银行卡挂失流程', '银行卡挂失费用', '银行卡补办手续', '银行卡挂失争议处理'], 'intent_tags': ['业务流程', '风控规则'], 'expected_content_type': 'sop|rule|case|faq'}
2026-07-20 15:59:01 | INFO     | app.services.external_kb:search_knowledge:116 | trace_id=N/A - 正在执行向量检索: query='银行卡挂失', top_k=10
2026-07-20 15:59:01 | INFO     | app.services.external_kb:search_knowledge:116 | trace_id=N/A - 正在执行向量检索: query='银行卡挂失流程', top_k=10
2026-07-20 15:59:01 | INFO     | app.services.retrieval_pipeline:search:107 | trace_id=N/A - BM25 检索: query='银行卡挂失', top_k=10
2026-07-20 15:59:01 | INFO     | app.services.retrieval_pipeline:search:107 | trace_id=N/A - BM25 检索: query='银行卡挂失流程', top_k=10
2026-07-20 15:59:01 | INFO     | app.services.retrieval_pipeline:_load_reranker:145 | trace_id=f3ab89f4-8dd4-4adb-b30f-3145058a156a - BGE Reranker 未启用（设置环境变量 ENABLE_RERANKER=1 以启用），使用降级关键词覆盖率评分
2026-07-20 15:59:01 | INFO     | app.services.retrieval_pipeline:rerank:183 | trace_id=N/A - 重排序开始，候选数: 13
2026-07-20 15:59:01 | INFO     | app.services.retrieval_pipeline:rerank:211 | trace_id=N/A - 重排序完成，返回 Top-10
2026-07-20 15:59:01 | INFO     | app.services.retrieval_pipeline:search:319 | trace_id=N/A - 检索管线完成: 向量20 + BM250 → 去重13 → 重排10 → 最终5
2026-07-20 16:00:38 | INFO     | app.agents.quiz_agent:generate_reverse_training:83 | trace_id=N/A - QuizAgent 正在为弱点 ['卡片挂失 - 挂失类型判断'] 生成反向训练题
2026-07-20 16:00:38 | INFO     | app.services.retrieval_pipeline:search:272 | trace_id=N/A - 高级检索管线启动: query='动态考试 卡片挂失 - 挂失类型判断'
2026-07-20 16:00:38 | INFO     | app.services.retrieval_pipeline:rewrite:41 | trace_id=N/A - 查询改写开始: 动态考试 卡片挂失 - 挂失类型判断
2026-07-20 16:00:49 | INFO     | app.services.external_kb:_init_knowledge_base:42 | trace_id=system - 向量知识库已存在，共 105 条记录，跳过初始化。
2026-07-20 16:00:49 | INFO     | app.services.external_kb:get_all_nodes_with_business_line:229 | trace_id=N/A - 获取知识库全部节点（含业务线）
2026-07-20 16:00:49 | INFO     | app.services.external_kb:get_all_nodes_with_business_line:241 | trace_id=N/A - 知识库共 105 条节点
2026-07-20 16:01:08 | INFO     | app.services.retrieval_pipeline:rewrite:53 | trace_id=N/A - 查询改写结果: {'main_query': '卡片挂失类型判断考试', 'sub_queries': ['动态考试系统', '卡片挂失流程', '挂失类型分类', '考试题目解析'], 'intent_tags': ['业务流程', '风控规则'], 'expected_content_type': 'sop|rule'}
2026-07-20 16:01:08 | INFO     | app.services.external_kb:search_knowledge:116 | trace_id=N/A - 正在执行向量检索: query='卡片挂失类型判断考试', top_k=10
2026-07-20 16:01:08 | INFO     | app.services.external_kb:search_knowledge:116 | trace_id=N/A - 正在执行向量检索: query='动态考试系统', top_k=10
2026-07-20 16:01:08 | INFO     | app.services.retrieval_pipeline:search:107 | trace_id=N/A - BM25 检索: query='卡片挂失类型判断考试', top_k=10
2026-07-20 16:01:08 | INFO     | app.services.retrieval_pipeline:search:107 | trace_id=N/A - BM25 检索: query='动态考试系统', top_k=10
2026-07-20 16:01:08 | INFO     | app.services.retrieval_pipeline:rerank:183 | trace_id=N/A - 重排序开始，候选数: 19
2026-07-20 16:01:08 | INFO     | app.services.retrieval_pipeline:rerank:211 | trace_id=N/A - 重排序完成，返回 Top-10
2026-07-20 16:01:08 | INFO     | app.services.retrieval_pipeline:search:319 | trace_id=N/A - 检索管线完成: 向量20 + BM250 → 去重19 → 重排10 → 最终5
2026-07-20 16:01:10 | INFO     | app.services.external_kb:_init_knowledge_base:42 | trace_id=system - 向量知识库已存在，共 105 条记录，跳过初始化。
2026-07-20 16:01:10 | INFO     | app.services.external_kb:get_all_nodes_with_business_line:229 | trace_id=N/A - 获取知识库全部节点（含业务线）
2026-07-20 16:01:10 | INFO     | app.services.external_kb:get_all_nodes_with_business_line:241 | trace_id=N/A - 知识库共 105 条节点
2026-07-20 16:01:29 | INFO     | app.services.external_kb:_init_knowledge_base:42 | trace_id=system - 向量知识库已存在，共 105 条记录，跳过初始化。
2026-07-20 16:01:29 | INFO     | app.services.external_kb:get_all_nodes_with_business_line:229 | trace_id=N/A - 获取知识库全部节点（含业务线）
2026-07-20 16:01:29 | INFO     | app.services.external_kb:get_all_nodes_with_business_line:241 | trace_id=N/A - 知识库共 105 条节点
2026-07-20 16:01:30 | INFO     | app.services.external_kb:get_all_nodes_with_business_line:229 | trace_id=verify - 获取知识库全部节点（含业务线）
2026-07-20 16:01:30 | INFO     | app.services.external_kb:get_all_nodes_with_business_line:241 | trace_id=verify - 知识库共 105 条节点
2026-07-20 16:01:30 | INFO     | app.services.exam_engine:get_business_config:84 | trace_id=verify - 从节点标签+知识图谱构建业务线配置: 5 条业务线, 3 条有图谱关联（零LLM调用）
2026-07-20 16:02:00 | INFO     | app.services.external_kb:get_all_nodes_with_business_line:229 | trace_id=N/A - 获取知识库全部节点（含业务线）
2026-07-20 16:02:00 | INFO     | app.services.external_kb:get_all_nodes_with_business_line:241 | trace_id=N/A - 知识库共 105 条节点
2026-07-20 16:02:21 | INFO     | app.api.admin:auto_build_knowledge_graph:566 | trace_id=b3cc62a0-c2d4-4298-b22a-027e2f85d9b5 - 跨业务线LLM返回前200字: [
    {"source": "kb_015", "target": "kb_011", "relation_type": "因果关系", "weight": 0.6},
    {"source": "kb_031", "target": "kb_011", "relation_type": "因果关系", "weight": 0.7},
    {"source": "kb_021", "
2026-07-20 16:02:21 | INFO     | app.api.admin:auto_build_knowledge_graph:609 | trace_id=b3cc62a0-c2d4-4298-b22a-027e2f85d9b5 - 跨业务线关系提取: 匹配到6条
2026-07-20 16:02:45 | INFO     | app.services.external_kb:_init_knowledge_base:42 | trace_id=system - 向量知识库已存在，共 105 条记录，跳过初始化。
2026-07-20 16:02:45 | INFO     | app.services.external_kb:get_all_nodes_with_business_line:229 | trace_id=N/A - 获取知识库全部节点（含业务线）
2026-07-20 16:02:45 | INFO     | app.services.external_kb:get_all_nodes_with_business_line:241 | trace_id=N/A - 知识库共 105 条节点
2026-07-20 16:02:46 | INFO     | app.services.external_kb:get_all_nodes_with_business_line:229 | trace_id=verify - 获取知识库全部节点（含业务线）
2026-07-20 16:02:46 | INFO     | app.services.external_kb:get_all_nodes_with_business_line:241 | trace_id=verify - 知识库共 105 条节点
2026-07-20 16:02:46 | INFO     | app.services.exam_engine:get_business_config:84 | trace_id=verify - 从节点标签+知识图谱构建业务线配置: 5 条业务线, 5 条有图谱关联（零LLM调用）
2026-07-20 16:04:51 | INFO     | app.services.exam_engine:initialize_exam:615 | trace_id=0f829419-2111-4e2b-ac77-4a22a4745cd5 - 初始化动态考试
2026-07-20 16:04:51 | INFO     | app.services.exam_engine:initialize_exam:622 | trace_id=0f829419-2111-4e2b-ac77-4a22a4745cd5 - 使用预热缓存的业务线配置
2026-07-20 16:04:51 | INFO     | app.services.exam_engine:_load_persona_configs:561 | trace_id=bf31d8d0-54d1-46e5-87b0-f702ee044707 - 成功从数据库加载 4 个人格配置（过滤空配置后）
2026-07-20 16:04:51 | INFO     | app.services.external_kb:get_node_by_id:146 | trace_id=0f829419-2111-4e2b-ac77-4a22a4745cd5 - 获取特定知识点内容: node_id='kb_011'
2026-07-20 16:04:51 | INFO     | app.services.external_kb:get_node_by_id:146 | trace_id=0f829419-2111-4e2b-ac77-4a22a4745cd5 - 获取特定知识点内容: node_id='kb_012'
2026-07-20 16:04:51 | INFO     | app.services.external_kb:get_node_by_id:146 | trace_id=0f829419-2111-4e2b-ac77-4a22a4745cd5 - 获取特定知识点内容: node_id='kb_013'
2026-07-20 16:04:51 | INFO     | app.services.external_kb:get_node_by_id:146 | trace_id=0f829419-2111-4e2b-ac77-4a22a4745cd5 - 获取特定知识点内容: node_id='kb_014'
2026-07-20 16:04:51 | INFO     | app.services.external_kb:get_node_by_id:146 | trace_id=0f829419-2111-4e2b-ac77-4a22a4745cd5 - 获取特定知识点内容: node_id='kb_016'
2026-07-20 16:05:51 | INFO     | app.services.intent_state_machine:build_intent_machine_for_business_line:614 | trace_id=bf31d8d0-54d1-46e5-87b0-f702ee044707 - 业务线 '账户冻结' 使用默认意图模板，共 3 个意图
2026-07-20 16:05:51 | INFO     | app.services.exam_engine:initialize_exam:691 | trace_id=0f829419-2111-4e2b-ac77-4a22a4745cd5 - 单业务线模式: 账户冻结, 意图数=3
2026-07-20 16:05:51 | INFO     | app.services.exam_engine:initialize_exam:740 | trace_id=0f829419-2111-4e2b-ac77-4a22a4745cd5 - 考试初始化完成: 模式=single, 人格=[Test] 啰嗦且迷糊型客户, 业务线=账户冻结, 初始烦躁值=20, 目标数=3
2026-07-20 16:05:51 | INFO     | app.services.retrieval_pipeline:search:272 | trace_id=0f829419-2111-4e2b-ac77-4a22a4745cd5 - 高级检索管线启动: query='账户冻结'
2026-07-20 16:05:51 | INFO     | app.services.retrieval_pipeline:rewrite:41 | trace_id=0f829419-2111-4e2b-ac77-4a22a4745cd5 - 查询改写开始: 账户冻结
2026-07-20 16:06:05 | INFO     | app.services.retrieval_pipeline:rewrite:53 | trace_id=0f829419-2111-4e2b-ac77-4a22a4745cd5 - 查询改写结果: {'main_query': '账户冻结', 'sub_queries': ['账户封停', '解冻流程', '冻结原因'], 'intent_tags': ['账户管理', '风控规则'], 'expected_content_type': ['sop', 'rule', 'case', 'faq']}
2026-07-20 16:06:05 | INFO     | app.services.external_kb:search_knowledge:116 | trace_id=0f829419-2111-4e2b-ac77-4a22a4745cd5 - 正在执行向量检索: query='账户冻结', top_k=10
2026-07-20 16:06:06 | INFO     | app.services.external_kb:search_knowledge:116 | trace_id=0f829419-2111-4e2b-ac77-4a22a4745cd5 - 正在执行向量检索: query='账户封停', top_k=10
2026-07-20 16:06:06 | INFO     | app.services.retrieval_pipeline:search:107 | trace_id=0f829419-2111-4e2b-ac77-4a22a4745cd5 - BM25 检索: query='账户冻结', top_k=10
2026-07-20 16:06:06 | INFO     | app.services.retrieval_pipeline:search:107 | trace_id=0f829419-2111-4e2b-ac77-4a22a4745cd5 - BM25 检索: query='账户封停', top_k=10
2026-07-20 16:06:06 | INFO     | app.services.retrieval_pipeline:rerank:183 | trace_id=0f829419-2111-4e2b-ac77-4a22a4745cd5 - 重排序开始，候选数: 15
2026-07-20 16:06:06 | INFO     | app.services.retrieval_pipeline:rerank:211 | trace_id=0f829419-2111-4e2b-ac77-4a22a4745cd5 - 重排序完成，返回 Top-10
2026-07-20 16:06:06 | INFO     | app.services.retrieval_pipeline:search:319 | trace_id=0f829419-2111-4e2b-ac77-4a22a4745cd5 - 检索管线完成: 向量20 + BM250 → 去重15 → 重排10 → 最终5
2026-07-20 16:06:06 | INFO     | app.agents.persona_agent:generate_reply:27 | trace_id=0f829419-2111-4e2b-ac77-4a22a4745cd5 - PersonaAgent 正在生成客户回复
2026-07-20 16:06:16 | INFO     | app.services.retrieval_pipeline:search:272 | trace_id=b0c02ab3-10cc-4061-99bb-e97e6c27c483 - 高级检索管线启动: query='账户冻结'
2026-07-20 16:06:16 | INFO     | app.services.retrieval_pipeline:rewrite:41 | trace_id=b0c02ab3-10cc-4061-99bb-e97e6c27c483 - 查询改写开始: 账户冻结
2026-07-20 16:06:30 | INFO     | app.services.retrieval_pipeline:rewrite:53 | trace_id=b0c02ab3-10cc-4061-99bb-e97e6c27c483 - 查询改写结果: {'main_query': '账户冻结', 'sub_queries': ['账户冻结原因', '冻结账户解冻流程', '司法冻结处理', '风控自动冻结规则', '冻结业务操作手册'], 'intent_tags': ['业务流程', '风控规则'], 'expected_content_type': 'sop|rule'}
2026-07-20 16:06:30 | INFO     | app.services.external_kb:search_knowledge:116 | trace_id=b0c02ab3-10cc-4061-99bb-e97e6c27c483 - 正在执行向量检索: query='账户冻结', top_k=10
2026-07-20 16:06:30 | INFO     | app.services.external_kb:search_knowledge:116 | trace_id=b0c02ab3-10cc-4061-99bb-e97e6c27c483 - 正在执行向量检索: query='账户冻结原因', top_k=10
2026-07-20 16:06:30 | INFO     | app.services.retrieval_pipeline:search:107 | trace_id=b0c02ab3-10cc-4061-99bb-e97e6c27c483 - BM25 检索: query='账户冻结', top_k=10
2026-07-20 16:06:30 | INFO     | app.services.retrieval_pipeline:search:107 | trace_id=b0c02ab3-10cc-4061-99bb-e97e6c27c483 - BM25 检索: query='账户冻结原因', top_k=10
2026-07-20 16:06:30 | INFO     | app.services.retrieval_pipeline:rerank:183 | trace_id=b0c02ab3-10cc-4061-99bb-e97e6c27c483 - 重排序开始，候选数: 11
2026-07-20 16:06:30 | INFO     | app.services.retrieval_pipeline:rerank:211 | trace_id=b0c02ab3-10cc-4061-99bb-e97e6c27c483 - 重排序完成，返回 Top-10
2026-07-20 16:06:30 | INFO     | app.services.retrieval_pipeline:search:319 | trace_id=b0c02ab3-10cc-4061-99bb-e97e6c27c483 - 检索管线完成: 向量20 + BM250 → 去重11 → 重排10 → 最终5
2026-07-20 16:06:30 | INFO     | app.agents.persona_agent:generate_reply:27 | trace_id=b0c02ab3-10cc-4061-99bb-e97e6c27c483 - PersonaAgent 正在生成客户回复
2026-07-20 16:10:57 | INFO     | app.services.external_kb:get_all_nodes_with_business_line:229 | trace_id=N/A - 获取知识库全部节点（含业务线）
2026-07-20 16:10:57 | INFO     | app.services.external_kb:get_all_nodes_with_business_line:241 | trace_id=N/A - 知识库共 105 条节点
2026-07-20 16:11:16 | INFO     | app.services.external_kb:get_all_nodes_with_business_line:229 | trace_id=N/A - 获取知识库全部节点（含业务线）
2026-07-20 16:11:16 | INFO     | app.services.external_kb:get_all_nodes_with_business_line:241 | trace_id=N/A - 知识库共 105 条节点
2026-07-20 16:11:19 | INFO     | app.services.external_kb:get_all_nodes_with_business_line:229 | trace_id=N/A - 获取知识库全部节点（含业务线）
2026-07-20 16:11:19 | INFO     | app.services.external_kb:get_all_nodes_with_business_line:241 | trace_id=N/A - 知识库共 105 条节点
2026-07-20 16:11:19 | INFO     | app.services.external_kb:get_all_nodes_with_business_line:229 | trace_id=N/A - 获取知识库全部节点（含业务线）
2026-07-20 16:11:19 | INFO     | app.services.external_kb:get_all_nodes_with_business_line:241 | trace_id=N/A - 知识库共 105 条节点
2026-07-20 16:11:19 | INFO     | app.services.exam_engine:get_business_config:84 | trace_id=N/A - 从节点标签+知识图谱构建业务线配置: 5 条业务线, 5 条有图谱关联（零LLM调用）
2026-07-20 16:11:19 | INFO     | app.services.external_kb:get_all_nodes_with_business_line:229 | trace_id=N/A - 获取知识库全部节点（含业务线）
2026-07-20 16:11:19 | INFO     | app.services.external_kb:get_all_nodes_with_business_line:241 | trace_id=N/A - 知识库共 105 条节点
2026-07-20 16:11:46 | INFO     | app.agents.doc_agent:answer_query_stream:44 | trace_id=N/A - DocAgent 收到查询 (Stream, mode=normal): 信用卡开卡怎么搞的
2026-07-20 16:11:46 | INFO     | app.services.retrieval_pipeline:search:272 | trace_id=N/A - 高级检索管线启动: query='信用卡开卡怎么搞的'
2026-07-20 16:11:46 | INFO     | app.services.retrieval_pipeline:rewrite:41 | trace_id=N/A - 查询改写开始: 信用卡开卡怎么搞的
2026-07-20 16:11:55 | INFO     | app.services.retrieval_pipeline:rewrite:53 | trace_id=N/A - 查询改写结果: {'main_query': '信用卡开卡', 'sub_queries': ['信用卡申请流程', '信用卡办理条件', '信用卡开通步骤'], 'intent_tags': ['业务流程', '风控规则'], 'expected_content_type': 'sop|faq'}
2026-07-20 16:11:55 | INFO     | app.services.external_kb:search_knowledge:116 | trace_id=N/A - 正在执行向量检索: query='信用卡开卡', top_k=10
2026-07-20 16:11:55 | INFO     | app.services.external_kb:search_knowledge:116 | trace_id=N/A - 正在执行向量检索: query='信用卡申请流程', top_k=10
2026-07-20 16:11:55 | INFO     | app.services.retrieval_pipeline:search:107 | trace_id=N/A - BM25 检索: query='信用卡开卡', top_k=10
2026-07-20 16:11:55 | INFO     | app.services.retrieval_pipeline:search:107 | trace_id=N/A - BM25 检索: query='信用卡申请流程', top_k=10
2026-07-20 16:11:55 | INFO     | app.services.retrieval_pipeline:rerank:183 | trace_id=N/A - 重排序开始，候选数: 14
2026-07-20 16:11:55 | INFO     | app.services.retrieval_pipeline:rerank:211 | trace_id=N/A - 重排序完成，返回 Top-10
2026-07-20 16:11:55 | INFO     | app.services.retrieval_pipeline:search:319 | trace_id=N/A - 检索管线完成: 向量20 + BM250 → 去重14 → 重排10 → 最终5
2026-07-20 16:14:20 | INFO     | app.services.external_kb:get_all_nodes_with_business_line:229 | trace_id=N/A - 获取知识库全部节点（含业务线）
2026-07-20 16:14:20 | INFO     | app.services.external_kb:get_all_nodes_with_business_line:241 | trace_id=N/A - 知识库共 105 条节点
2026-07-20 16:15:48 | INFO     | app.services.external_kb:get_all_nodes_with_business_line:229 | trace_id=N/A - 获取知识库全部节点（含业务线）
2026-07-20 16:15:48 | INFO     | app.services.external_kb:get_all_nodes_with_business_line:241 | trace_id=N/A - 知识库共 105 条节点
2026-07-20 16:24:50 | INFO     | app.services.external_kb:get_all_nodes_with_business_line:229 | trace_id=N/A - 获取知识库全部节点（含业务线）
2026-07-20 16:24:50 | INFO     | app.services.external_kb:get_all_nodes_with_business_line:241 | trace_id=N/A - 知识库共 105 条节点
2026-07-20 16:27:26 | INFO     | app.services.exam_engine:initialize_exam:615 | trace_id=2cf1826f-7f01-4452-91f0-3e4ca85d625d - 初始化动态考试
2026-07-20 16:27:26 | INFO     | app.services.exam_engine:initialize_exam:622 | trace_id=2cf1826f-7f01-4452-91f0-3e4ca85d625d - 使用预热缓存的业务线配置
2026-07-20 16:27:26 | INFO     | app.services.external_kb:get_node_by_id:146 | trace_id=2cf1826f-7f01-4452-91f0-3e4ca85d625d - 获取特定知识点内容: node_id='kb_001'
2026-07-20 16:27:26 | INFO     | app.services.external_kb:get_node_by_id:146 | trace_id=2cf1826f-7f01-4452-91f0-3e4ca85d625d - 获取特定知识点内容: node_id='kb_002'
2026-07-20 16:27:26 | INFO     | app.services.external_kb:get_node_by_id:146 | trace_id=2cf1826f-7f01-4452-91f0-3e4ca85d625d - 获取特定知识点内容: node_id='kb_003'
2026-07-20 16:27:26 | INFO     | app.services.external_kb:get_node_by_id:146 | trace_id=2cf1826f-7f01-4452-91f0-3e4ca85d625d - 获取特定知识点内容: node_id='kb_004'
2026-07-20 16:27:26 | INFO     | app.services.external_kb:get_node_by_id:146 | trace_id=2cf1826f-7f01-4452-91f0-3e4ca85d625d - 获取特定知识点内容: node_id='kb_007'
2026-07-20 16:27:44 | INFO     | app.services.intent_state_machine:build_intent_machine_for_business_line:624 | trace_id=1c209efb-1af1-4100-996e-32fed9196813 - 业务线 '密码管理' 基于踩分点生成 3 个意图
2026-07-20 16:27:44 | INFO     | app.services.exam_engine:initialize_exam:691 | trace_id=2cf1826f-7f01-4452-91f0-3e4ca85d625d - 单业务线模式: 密码管理, 意图数=3
2026-07-20 16:27:44 | INFO     | app.services.exam_engine:initialize_exam:740 | trace_id=2cf1826f-7f01-4452-91f0-3e4ca85d625d - 考试初始化完成: 模式=single, 人格=默认急躁客户, 业务线=密码管理, 初始烦躁值=20, 目标数=3
2026-07-20 16:27:44 | INFO     | app.services.retrieval_pipeline:search:272 | trace_id=2cf1826f-7f01-4452-91f0-3e4ca85d625d - 高级检索管线启动: query='密码管理'
2026-07-20 16:27:44 | INFO     | app.services.retrieval_pipeline:rewrite:41 | trace_id=2cf1826f-7f01-4452-91f0-3e4ca85d625d - 查询改写开始: 密码管理
2026-07-20 16:27:54 | INFO     | app.services.retrieval_pipeline:rewrite:53 | trace_id=2cf1826f-7f01-4452-91f0-3e4ca85d625d - 查询改写结果: {'main_query': '密码管理', 'sub_queries': ['密码重置流程', '网银/手机银行密码变更', '登录凭证安全策略'], 'intent_tags': ['业务流程', '风控规则'], 'expected_content_type': 'sop|faq|rule'}
2026-07-20 16:27:54 | INFO     | app.services.external_kb:search_knowledge:116 | trace_id=2cf1826f-7f01-4452-91f0-3e4ca85d625d - 正在执行向量检索: query='密码管理', top_k=10
2026-07-20 16:27:55 | INFO     | app.services.external_kb:search_knowledge:116 | trace_id=2cf1826f-7f01-4452-91f0-3e4ca85d625d - 正在执行向量检索: query='密码重置流程', top_k=10
2026-07-20 16:27:55 | INFO     | app.services.retrieval_pipeline:search:107 | trace_id=2cf1826f-7f01-4452-91f0-3e4ca85d625d - BM25 检索: query='密码管理', top_k=10
2026-07-20 16:27:55 | INFO     | app.services.retrieval_pipeline:search:107 | trace_id=2cf1826f-7f01-4452-91f0-3e4ca85d625d - BM25 检索: query='密码重置流程', top_k=10
2026-07-20 16:27:55 | INFO     | app.services.retrieval_pipeline:rerank:183 | trace_id=2cf1826f-7f01-4452-91f0-3e4ca85d625d - 重排序开始，候选数: 14
2026-07-20 16:27:55 | INFO     | app.services.retrieval_pipeline:rerank:211 | trace_id=2cf1826f-7f01-4452-91f0-3e4ca85d625d - 重排序完成，返回 Top-10
2026-07-20 16:27:55 | INFO     | app.services.retrieval_pipeline:search:319 | trace_id=2cf1826f-7f01-4452-91f0-3e4ca85d625d - 检索管线完成: 向量20 + BM250 → 去重14 → 重排10 → 最终5
2026-07-20 16:27:55 | INFO     | app.agents.persona_agent:generate_reply:27 | trace_id=2cf1826f-7f01-4452-91f0-3e4ca85d625d - PersonaAgent 正在生成客户回复
2026-07-20 16:30:17 | INFO     | app.agents.scorer_agent:generate_capability_portrait:62 | trace_id=N/A - ScorerAgent 正在生成能力画像
2026-07-20 16:31:35 | INFO     | app.agents.quiz_agent:generate_reverse_training:83 | trace_id=N/A - QuizAgent 正在为弱点 ['密码管理 - 问题分类判断'] 生成反向训练题
2026-07-20 16:31:35 | INFO     | app.services.retrieval_pipeline:search:272 | trace_id=N/A - 高级检索管线启动: query='动态考试 密码管理 - 问题分类判断'
2026-07-20 16:31:35 | INFO     | app.services.retrieval_pipeline:rewrite:41 | trace_id=N/A - 查询改写开始: 动态考试 密码管理 - 问题分类判断
2026-07-20 16:31:49 | INFO     | app.services.retrieval_pipeline:rewrite:53 | trace_id=N/A - 查询改写结果: {'main_query': '在线考试系统密码管理问题分类判断规则', 'sub_queries': ['考试系统密码重置操作指南', '动态考试密码错误解决方案', '密码找回申请分类标准'], 'intent_tags': ['业务流程', '风控规则'], 'expected_content_type': 'rule|sop'}
2026-07-20 16:31:49 | INFO     | app.services.external_kb:search_knowledge:116 | trace_id=N/A - 正在执行向量检索: query='在线考试系统密码管理问题分类判断规则', top_k=10
2026-07-20 16:31:49 | INFO     | app.services.external_kb:search_knowledge:116 | trace_id=N/A - 正在执行向量检索: query='考试系统密码重置操作指南', top_k=10
2026-07-20 16:31:49 | INFO     | app.services.retrieval_pipeline:search:107 | trace_id=N/A - BM25 检索: query='在线考试系统密码管理问题分类判断规则', top_k=10
2026-07-20 16:31:49 | INFO     | app.services.retrieval_pipeline:search:107 | trace_id=N/A - BM25 检索: query='考试系统密码重置操作指南', top_k=10
2026-07-20 16:31:49 | INFO     | app.services.retrieval_pipeline:rerank:183 | trace_id=N/A - 重排序开始，候选数: 15
2026-07-20 16:31:49 | INFO     | app.services.retrieval_pipeline:rerank:211 | trace_id=N/A - 重排序完成，返回 Top-10
2026-07-20 16:31:49 | INFO     | app.services.retrieval_pipeline:search:319 | trace_id=N/A - 检索管线完成: 向量20 + BM250 → 去重15 → 重排10 → 最终5
2026-07-20 16:31:56 | ERROR    | app.agents.quiz_agent:generate_reverse_training:120 | trace_id=N/A - QuizAgent 反向训练题生成失败: Expecting value: line 3 column 25 (char 135), 原文: {
    "scenario": "客户张先生来电咨询：“你好，我收到你们银行发来的短信，说我有一笔信用卡消费有问题，需要我马上点链接进去核对账单并重新验证身份。可我自己最近没刷卡啊，这个链接我应该点进去看看吗？”",
    "reference_answer": “张先生，请您务必不要点击短信中的任何链接！我行在发现账户异常时，通常会通过官方APP内消息推送、官方客服热线，或在官方网站公布的方式通知您，不会通过短信链接让您直接验证身份或密码。短信内容很可能是诈骗信息。为了您账户的绝对安全，请您直接登录我行手机银行APP查看账单，或拨打我行信用卡背面的官方客服热线进行核实。”,
    "key_points": ["警惕钓鱼短信/链接，识别银行官方通知渠道", "强调应通过官方APP或热线处理问题，而非点击可疑链接"],
    "difficulty": "medium",
    "category": "动态考试",
    "reverse_note": "这道题针对学员在“密码管理 - 问题分类判断”中“警惕钓鱼短信”这一薄弱点，将“中奖链接”场景变换为“账单异常与身份验证”这一更具迷惑性和紧迫性的诈骗场景，重点考察学员能否不被内容变化干扰，始终抓住“不点击可疑链接”和“引导至官方渠道”的核心应对原则。"
}
2026-07-20 16:43:37 | INFO     | app.services.external_kb:_init_knowledge_base:42 | trace_id=system - 向量知识库已存在，共 105 条记录，跳过初始化。
2026-07-20 16:43:39 | INFO     | app.services.external_kb:get_all_nodes_with_business_line:229 | trace_id=prewarm - 获取知识库全部节点（含业务线）
2026-07-20 16:43:39 | INFO     | app.services.external_kb:get_all_nodes_with_business_line:241 | trace_id=prewarm - 知识库共 105 条节点
2026-07-20 16:43:39 | INFO     | app.services.exam_engine:get_business_config:84 | trace_id=prewarm - 从节点标签+知识图谱构建业务线配置: 5 条业务线, 5 条有图谱关联（零LLM调用）
2026-07-20 16:43:39 | INFO     | app.main:_prewarm:62 | trace_id=system - [预热] 业务线分类已完成
2026-07-20 16:44:51 | INFO     | app.services.external_kb:_init_knowledge_base:42 | trace_id=system - 向量知识库已存在，共 105 条记录，跳过初始化。
2026-07-20 16:45:06 | INFO     | app.services.external_kb:_init_knowledge_base:42 | trace_id=system - 向量知识库已存在，共 105 条记录，跳过初始化。
2026-07-20 16:45:53 | INFO     | app.services.external_kb:_init_knowledge_base:42 | trace_id=system - 向量知识库已存在，共 105 条记录，跳过初始化。
2026-07-20 16:46:57 | INFO     | app.services.external_kb:_init_knowledge_base:42 | trace_id=system - 向量知识库已存在，共 105 条记录，跳过初始化。
2026-07-20 16:47:09 | INFO     | app.services.external_kb:_init_knowledge_base:42 | trace_id=system - 向量知识库已存在，共 105 条记录，跳过初始化。
2026-07-20 16:47:11 | INFO     | app.services.external_kb:get_all_nodes_with_business_line:229 | trace_id=prewarm - 获取知识库全部节点（含业务线）
2026-07-20 16:47:11 | INFO     | app.services.external_kb:get_all_nodes_with_business_line:241 | trace_id=prewarm - 知识库共 105 条节点
2026-07-20 16:47:11 | INFO     | app.services.exam_engine:get_business_config:84 | trace_id=prewarm - 从节点标签+知识图谱构建业务线配置: 5 条业务线, 5 条有图谱关联（零LLM调用）
2026-07-20 16:47:11 | INFO     | app.main:_prewarm:62 | trace_id=system - [预热] 业务线分类已完成
2026-07-20 16:48:07 | INFO     | app.services.external_kb:_init_knowledge_base:42 | trace_id=system - 向量知识库已存在，共 105 条记录，跳过初始化。
2026-07-20 16:48:30 | INFO     | app.services.external_kb:_init_knowledge_base:42 | trace_id=system - 向量知识库已存在，共 105 条记录，跳过初始化。
2026-07-20 16:48:32 | INFO     | app.services.external_kb:get_all_nodes_with_business_line:229 | trace_id=prewarm - 获取知识库全部节点（含业务线）
2026-07-20 16:48:32 | INFO     | app.services.external_kb:get_all_nodes_with_business_line:241 | trace_id=prewarm - 知识库共 105 条节点
2026-07-20 16:48:32 | INFO     | app.services.exam_engine:get_business_config:84 | trace_id=prewarm - 从节点标签+知识图谱构建业务线配置: 5 条业务线, 5 条有图谱关联（零LLM调用）
2026-07-20 16:48:32 | INFO     | app.main:_prewarm:62 | trace_id=system - [预热] 业务线分类已完成
2026-07-20 16:48:41 | INFO     | app.services.external_kb:_init_knowledge_base:42 | trace_id=system - 向量知识库已存在，共 105 条记录，跳过初始化。
2026-07-20 16:48:44 | INFO     | app.services.external_kb:get_all_nodes_with_business_line:229 | trace_id=prewarm - 获取知识库全部节点（含业务线）
2026-07-20 16:48:44 | INFO     | app.services.external_kb:get_all_nodes_with_business_line:241 | trace_id=prewarm - 知识库共 105 条节点
2026-07-20 16:48:44 | INFO     | app.services.exam_engine:get_business_config:84 | trace_id=prewarm - 从节点标签+知识图谱构建业务线配置: 5 条业务线, 5 条有图谱关联（零LLM调用）
2026-07-20 16:48:44 | INFO     | app.main:_prewarm:62 | trace_id=system - [预热] 业务线分类已完成
2026-07-20 16:49:07 | INFO     | app.services.external_kb:_init_knowledge_base:42 | trace_id=system - 向量知识库已存在，共 105 条记录，跳过初始化。
2026-07-20 16:49:09 | INFO     | app.services.external_kb:get_all_nodes_with_business_line:229 | trace_id=prewarm - 获取知识库全部节点（含业务线）
2026-07-20 16:49:09 | INFO     | app.services.external_kb:get_all_nodes_with_business_line:241 | trace_id=prewarm - 知识库共 105 条节点
2026-07-20 16:49:09 | INFO     | app.services.exam_engine:get_business_config:84 | trace_id=prewarm - 从节点标签+知识图谱构建业务线配置: 5 条业务线, 5 条有图谱关联（零LLM调用）
2026-07-20 16:49:09 | INFO     | app.main:_prewarm:62 | trace_id=system - [预热] 业务线分类已完成
2026-07-20 16:49:50 | INFO     | app.services.external_kb:_init_knowledge_base:42 | trace_id=system - 向量知识库已存在，共 105 条记录，跳过初始化。
2026-07-20 16:49:53 | INFO     | app.services.external_kb:get_all_nodes_with_business_line:229 | trace_id=prewarm - 获取知识库全部节点（含业务线）
2026-07-20 16:49:53 | INFO     | app.services.external_kb:get_all_nodes_with_business_line:241 | trace_id=prewarm - 知识库共 105 条节点
2026-07-20 16:49:53 | INFO     | app.services.exam_engine:get_business_config:84 | trace_id=prewarm - 从节点标签+知识图谱构建业务线配置: 5 条业务线, 5 条有图谱关联（零LLM调用）
2026-07-20 16:49:53 | INFO     | app.main:_prewarm:62 | trace_id=system - [预热] 业务线分类已完成
2026-07-20 16:50:20 | INFO     | app.services.external_kb:_init_knowledge_base:42 | trace_id=system - 向量知识库已存在，共 105 条记录，跳过初始化。
2026-07-20 16:50:28 | INFO     | app.services.external_kb:_init_knowledge_base:42 | trace_id=system - 向量知识库已存在，共 105 条记录，跳过初始化。
2026-07-20 16:50:31 | INFO     | app.services.external_kb:get_all_nodes_with_business_line:229 | trace_id=prewarm - 获取知识库全部节点（含业务线）
2026-07-20 16:50:31 | INFO     | app.services.external_kb:get_all_nodes_with_business_line:241 | trace_id=prewarm - 知识库共 105 条节点
2026-07-20 16:50:31 | INFO     | app.services.exam_engine:get_business_config:84 | trace_id=prewarm - 从节点标签+知识图谱构建业务线配置: 5 条业务线, 5 条有图谱关联（零LLM调用）
2026-07-20 16:50:31 | INFO     | app.main:_prewarm:62 | trace_id=system - [预热] 业务线分类已完成
2026-07-20 17:00:35 | INFO     | app.agents.quiz_agent:generate_reverse_training:141 | trace_id=N/A - QuizAgent 正在为弱点 ['密码管理 - 问题分类判断'] 生成反向训练题
2026-07-20 17:00:35 | INFO     | app.services.retrieval_pipeline:search:272 | trace_id=N/A - 高级检索管线启动: query='动态考试 密码管理 - 问题分类判断'
2026-07-20 17:00:35 | INFO     | app.services.retrieval_pipeline:rewrite:41 | trace_id=N/A - 查询改写开始: 动态考试 密码管理 - 问题分类判断
2026-07-20 17:00:47 | INFO     | app.services.retrieval_pipeline:rewrite:53 | trace_id=N/A - 查询改写结果: {'main_query': '动态考试管理', 'sub_queries': ['考试密码设置', '密码重置流程', '问题类型定义'], 'intent_tags': ['业务流程', '风控规则'], 'expected_content_type': 'rule'}
2026-07-20 17:00:47 | INFO     | app.services.external_kb:search_knowledge:116 | trace_id=N/A - 正在执行向量检索: query='动态考试管理', top_k=10
2026-07-20 17:00:47 | INFO     | app.services.external_kb:search_knowledge:116 | trace_id=N/A - 正在执行向量检索: query='考试密码设置', top_k=10
2026-07-20 17:00:47 | INFO     | app.services.retrieval_pipeline:search:107 | trace_id=N/A - BM25 检索: query='动态考试管理', top_k=10
2026-07-20 17:00:47 | INFO     | app.services.retrieval_pipeline:search:107 | trace_id=N/A - BM25 检索: query='考试密码设置', top_k=10
2026-07-20 17:00:47 | INFO     | app.services.retrieval_pipeline:_load_reranker:145 | trace_id=dc3f98b4-301b-449a-a06b-2b635381e3f9 - BGE Reranker 未启用（设置环境变量 ENABLE_RERANKER=1 以启用），使用降级关键词覆盖率评分
2026-07-20 17:00:47 | INFO     | app.services.retrieval_pipeline:rerank:183 | trace_id=N/A - 重排序开始，候选数: 20
2026-07-20 17:00:47 | INFO     | app.services.retrieval_pipeline:rerank:211 | trace_id=N/A - 重排序完成，返回 Top-10
2026-07-20 17:00:47 | INFO     | app.services.retrieval_pipeline:search:319 | trace_id=N/A - 检索管线完成: 向量20 + BM250 → 去重20 → 重排10 → 最终5
2026-07-20 18:25:58 | INFO     | app.services.external_kb:_init_knowledge_base:42 | trace_id=system - 向量知识库已存在，共 105 条记录，跳过初始化。
2026-07-20 18:26:00 | INFO     | app.services.external_kb:get_all_nodes_with_business_line:229 | trace_id=prewarm - 获取知识库全部节点（含业务线）
2026-07-20 18:26:00 | INFO     | app.services.external_kb:get_all_nodes_with_business_line:241 | trace_id=prewarm - 知识库共 105 条节点
2026-07-20 18:26:00 | INFO     | app.services.exam_engine:get_business_config:84 | trace_id=prewarm - 从节点标签+知识图谱构建业务线配置: 5 条业务线, 5 条有图谱关联（零LLM调用）
2026-07-20 18:26:00 | INFO     | app.main:_prewarm:62 | trace_id=system - [预热] 业务线分类已完成
2026-07-20 20:18:07 | INFO     | app.services.external_kb:_init_knowledge_base:42 | trace_id=system - 向量知识库已存在，共 105 条记录，跳过初始化。
2026-07-20 20:18:09 | INFO     | app.services.external_kb:get_all_nodes_with_business_line:229 | trace_id=prewarm - 获取知识库全部节点（含业务线）
2026-07-20 20:18:09 | INFO     | app.services.external_kb:get_all_nodes_with_business_line:241 | trace_id=prewarm - 知识库共 105 条节点
2026-07-20 20:18:09 | INFO     | app.services.exam_engine:get_business_config:84 | trace_id=prewarm - 从节点标签+知识图谱构建业务线配置: 5 条业务线, 5 条有图谱关联（零LLM调用）
2026-07-20 20:18:09 | INFO     | app.main:_prewarm:62 | trace_id=system - [预热] 业务线分类已完成
2026-07-20 20:18:36 | INFO     | app.agents.doc_agent:answer_query_stream:44 | trace_id=N/A - DocAgent 收到查询 (Stream, mode=normal): 密码重置怎么操作
2026-07-20 20:18:36 | INFO     | app.services.retrieval_pipeline:search:272 | trace_id=N/A - 高级检索管线启动: query='密码重置怎么操作'
2026-07-20 20:18:36 | INFO     | app.services.retrieval_pipeline:rewrite:41 | trace_id=N/A - 查询改写开始: 密码重置怎么操作
2026-07-20 20:18:47 | INFO     | app.services.retrieval_pipeline:rewrite:53 | trace_id=N/A - 查询改写结果: {'main_query': '密码重置', 'sub_queries': ['在线密码重置', '密码重置身份验证', '柜台密码重置'], 'intent_tags': ['业务流程', '风控规则'], 'expected_content_type': 'sop'}
2026-07-20 20:18:47 | INFO     | app.services.external_kb:search_knowledge:116 | trace_id=N/A - 正在执行向量检索: query='密码重置', top_k=10
2026-07-20 20:18:47 | INFO     | app.services.external_kb:search_knowledge:116 | trace_id=N/A - 正在执行向量检索: query='在线密码重置', top_k=10
2026-07-20 20:18:47 | INFO     | app.services.retrieval_pipeline:search:107 | trace_id=N/A - BM25 检索: query='密码重置', top_k=10
2026-07-20 20:18:47 | INFO     | app.services.retrieval_pipeline:search:107 | trace_id=N/A - BM25 检索: query='在线密码重置', top_k=10
2026-07-20 20:18:47 | INFO     | app.services.retrieval_pipeline:_load_reranker:145 | trace_id=1f83569c-572b-4375-bd6e-32321e2d8638 - BGE Reranker 未启用（设置环境变量 ENABLE_RERANKER=1 以启用），使用降级关键词覆盖率评分
2026-07-20 20:18:47 | INFO     | app.services.retrieval_pipeline:rerank:183 | trace_id=N/A - 重排序开始，候选数: 13
2026-07-20 20:18:47 | INFO     | app.services.retrieval_pipeline:rerank:211 | trace_id=N/A - 重排序完成，返回 Top-10
2026-07-20 20:18:47 | INFO     | app.services.retrieval_pipeline:search:319 | trace_id=N/A - 检索管线完成: 向量20 + BM250 → 去重13 → 重排10 → 最终5
2026-07-20 20:18:59 | INFO     | app.agents.quiz_agent:generate_reverse_training:141 | trace_id=N/A - QuizAgent 正在为弱点 ['密码管理 - 问题分类判断'] 生成反向训练题
2026-07-20 20:18:59 | INFO     | app.services.retrieval_pipeline:search:272 | trace_id=N/A - 高级检索管线启动: query='动态考试 密码管理 - 问题分类判断'
2026-07-20 20:18:59 | INFO     | app.services.retrieval_pipeline:rewrite:41 | trace_id=N/A - 查询改写开始: 动态考试 密码管理 - 问题分类判断
2026-07-20 20:19:12 | INFO     | app.services.retrieval_pipeline:rewrite:53 | trace_id=N/A - 查询改写结果: {'main_query': '培训考试 密码管理 问题分类', 'sub_queries': ['动态考试题目分类标准', '密码管理操作流程', '业务风险问题归类'], 'intent_tags': ['业务流程', '风控规则'], 'expected_content_type': ['sop', 'rule', 'faq']}
2026-07-20 20:19:12 | INFO     | app.services.external_kb:search_knowledge:116 | trace_id=N/A - 正在执行向量检索: query='培训考试 密码管理 问题分类', top_k=10
2026-07-20 20:19:12 | INFO     | app.services.external_kb:search_knowledge:116 | trace_id=N/A - 正在执行向量检索: query='动态考试题目分类标准', top_k=10
2026-07-20 20:19:12 | INFO     | app.services.retrieval_pipeline:search:107 | trace_id=N/A - BM25 检索: query='培训考试 密码管理 问题分类', top_k=10
2026-07-20 20:19:12 | INFO     | app.services.retrieval_pipeline:search:107 | trace_id=N/A - BM25 检索: query='动态考试题目分类标准', top_k=10
2026-07-20 20:19:12 | INFO     | app.services.retrieval_pipeline:rerank:183 | trace_id=N/A - 重排序开始，候选数: 18
2026-07-20 20:19:12 | INFO     | app.services.retrieval_pipeline:rerank:211 | trace_id=N/A - 重排序完成，返回 Top-10
2026-07-20 20:19:12 | INFO     | app.services.retrieval_pipeline:search:319 | trace_id=N/A - 检索管线完成: 向量20 + BM250 → 去重18 → 重排10 → 最终5
2026-07-20 20:19:28 | INFO     | app.services.exam_engine:initialize_exam:615 | trace_id=13c778d1-c2fc-4b8b-832b-764ace00b7c4 - 初始化动态考试
2026-07-20 20:19:28 | INFO     | app.services.exam_engine:initialize_exam:622 | trace_id=13c778d1-c2fc-4b8b-832b-764ace00b7c4 - 使用预热缓存的业务线配置
2026-07-20 20:19:28 | INFO     | app.services.exam_engine:_load_persona_configs:561 | trace_id=08e52418-b20c-4bd1-b471-8105435d5448 - 成功从数据库加载 5 个人格配置（过滤空配置后）
2026-07-20 20:19:28 | INFO     | app.services.external_kb:get_node_by_id:146 | trace_id=13c778d1-c2fc-4b8b-832b-764ace00b7c4 - 获取特定知识点内容: node_id='kb_011'
2026-07-20 20:19:28 | INFO     | app.services.external_kb:get_node_by_id:146 | trace_id=13c778d1-c2fc-4b8b-832b-764ace00b7c4 - 获取特定知识点内容: node_id='kb_012'
2026-07-20 20:19:28 | INFO     | app.services.external_kb:get_node_by_id:146 | trace_id=13c778d1-c2fc-4b8b-832b-764ace00b7c4 - 获取特定知识点内容: node_id='kb_013'
2026-07-20 20:19:28 | INFO     | app.services.external_kb:get_node_by_id:146 | trace_id=13c778d1-c2fc-4b8b-832b-764ace00b7c4 - 获取特定知识点内容: node_id='kb_014'
2026-07-20 20:19:28 | INFO     | app.services.external_kb:get_node_by_id:146 | trace_id=13c778d1-c2fc-4b8b-832b-764ace00b7c4 - 获取特定知识点内容: node_id='kb_016'
2026-07-20 20:19:45 | INFO     | app.services.intent_state_machine:build_intent_machine_for_business_line:614 | trace_id=08e52418-b20c-4bd1-b471-8105435d5448 - 业务线 '账户冻结' 使用默认意图模板，共 3 个意图
2026-07-20 20:19:45 | INFO     | app.services.exam_engine:initialize_exam:691 | trace_id=13c778d1-c2fc-4b8b-832b-764ace00b7c4 - 单业务线模式: 账户冻结, 意图数=3
2026-07-20 20:19:45 | INFO     | app.services.exam_engine:initialize_exam:740 | trace_id=13c778d1-c2fc-4b8b-832b-764ace00b7c4 - 考试初始化完成: 模式=single, 人格=懵懂新生客户, 业务线=账户冻结, 初始烦躁值=20, 目标数=3
2026-07-20 20:19:45 | INFO     | app.services.retrieval_pipeline:search:272 | trace_id=13c778d1-c2fc-4b8b-832b-764ace00b7c4 - 高级检索管线启动: query='账户冻结'
2026-07-20 20:19:45 | INFO     | app.services.retrieval_pipeline:rewrite:41 | trace_id=13c778d1-c2fc-4b8b-832b-764ace00b7c4 - 查询改写开始: 账户冻结
2026-07-20 20:19:57 | INFO     | app.services.retrieval_pipeline:rewrite:53 | trace_id=13c778d1-c2fc-4b8b-832b-764ace00b7c4 - 查询改写结果: {'main_query': '账户冻结', 'sub_queries': ['挂失冻结', '风控冻结', '司法冻结', '解冻流程', '冻结原因说明'], 'intent_tags': ['业务流程', '风控规则'], 'expected_content_type': 'sop|rule'}
2026-07-20 20:19:57 | INFO     | app.services.external_kb:search_knowledge:116 | trace_id=13c778d1-c2fc-4b8b-832b-764ace00b7c4 - 正在执行向量检索: query='账户冻结', top_k=10
2026-07-20 20:19:57 | INFO     | app.services.external_kb:search_knowledge:116 | trace_id=13c778d1-c2fc-4b8b-832b-764ace00b7c4 - 正在执行向量检索: query='挂失冻结', top_k=10
2026-07-20 20:19:57 | INFO     | app.services.retrieval_pipeline:search:107 | trace_id=13c778d1-c2fc-4b8b-832b-764ace00b7c4 - BM25 检索: query='账户冻结', top_k=10
2026-07-20 20:19:57 | INFO     | app.services.retrieval_pipeline:search:107 | trace_id=13c778d1-c2fc-4b8b-832b-764ace00b7c4 - BM25 检索: query='挂失冻结', top_k=10
2026-07-20 20:19:57 | INFO     | app.services.retrieval_pipeline:rerank:183 | trace_id=13c778d1-c2fc-4b8b-832b-764ace00b7c4 - 重排序开始，候选数: 17
2026-07-20 20:19:57 | INFO     | app.services.retrieval_pipeline:rerank:211 | trace_id=13c778d1-c2fc-4b8b-832b-764ace00b7c4 - 重排序完成，返回 Top-10
2026-07-20 20:19:57 | INFO     | app.services.retrieval_pipeline:search:319 | trace_id=13c778d1-c2fc-4b8b-832b-764ace00b7c4 - 检索管线完成: 向量20 + BM250 → 去重17 → 重排10 → 最终5
2026-07-20 20:19:57 | INFO     | app.agents.persona_agent:generate_reply:27 | trace_id=13c778d1-c2fc-4b8b-832b-764ace00b7c4 - PersonaAgent 正在生成客户回复
2026-07-20 20:20:19 | INFO     | app.services.retrieval_pipeline:search:272 | trace_id=11fc1729-b512-41fe-9910-318de53418bf - 高级检索管线启动: query='账户冻结'
2026-07-20 20:20:19 | INFO     | app.services.retrieval_pipeline:rewrite:41 | trace_id=11fc1729-b512-41fe-9910-318de53418bf - 查询改写开始: 账户冻结
2026-07-20 20:20:31 | INFO     | app.services.retrieval_pipeline:rewrite:53 | trace_id=11fc1729-b512-41fe-9910-318de53418bf - 查询改写结果: {'main_query': '账户冻结', 'sub_queries': ['账户冻结原因', '账户冻结流程', '账户解冻流程', '可疑交易冻结', '司法程序冻结'], 'intent_tags': ['业务流程', '风控规则'], 'expected_content_type': 'sop|rule|faq'}
2026-07-20 20:20:31 | INFO     | app.services.external_kb:search_knowledge:116 | trace_id=11fc1729-b512-41fe-9910-318de53418bf - 正在执行向量检索: query='账户冻结', top_k=10
2026-07-20 20:20:31 | INFO     | app.services.external_kb:search_knowledge:116 | trace_id=11fc1729-b512-41fe-9910-318de53418bf - 正在执行向量检索: query='账户冻结原因', top_k=10
2026-07-20 20:20:31 | INFO     | app.services.retrieval_pipeline:search:107 | trace_id=11fc1729-b512-41fe-9910-318de53418bf - BM25 检索: query='账户冻结', top_k=10
2026-07-20 20:20:31 | INFO     | app.services.retrieval_pipeline:search:107 | trace_id=11fc1729-b512-41fe-9910-318de53418bf - BM25 检索: query='账户冻结原因', top_k=10
2026-07-20 20:20:31 | INFO     | app.services.retrieval_pipeline:rerank:183 | trace_id=11fc1729-b512-41fe-9910-318de53418bf - 重排序开始，候选数: 11
2026-07-20 20:20:31 | INFO     | app.services.retrieval_pipeline:rerank:211 | trace_id=11fc1729-b512-41fe-9910-318de53418bf - 重排序完成，返回 Top-10
2026-07-20 20:20:31 | INFO     | app.services.retrieval_pipeline:search:319 | trace_id=11fc1729-b512-41fe-9910-318de53418bf - 检索管线完成: 向量20 + BM250 → 去重11 → 重排10 → 最终5
2026-07-20 20:20:31 | INFO     | app.agents.persona_agent:generate_reply:27 | trace_id=11fc1729-b512-41fe-9910-318de53418bf - PersonaAgent 正在生成客户回复
2026-07-20 20:21:12 | INFO     | app.services.retrieval_pipeline:search:272 | trace_id=ecb8b8ff-c9ad-446e-a3ba-1c70d0eaa942 - 高级检索管线启动: query='账户冻结'
2026-07-20 20:21:12 | INFO     | app.services.retrieval_pipeline:rewrite:41 | trace_id=ecb8b8ff-c9ad-446e-a3ba-1c70d0eaa942 - 查询改写开始: 账户冻结
2026-07-20 20:21:24 | INFO     | app.services.retrieval_pipeline:rewrite:53 | trace_id=ecb8b8ff-c9ad-446e-a3ba-1c70d0eaa942 - 查询改写结果: {'main_query': '银行账户冻结', 'sub_queries': ['账号冻结处理流程', '账户冻结业务规则', '银行卡解冻方法'], 'intent_tags': ['业务流程', '风控规则'], 'expected_content_type': 'sop|rule|case|faq'}
2026-07-20 20:21:24 | INFO     | app.services.external_kb:search_knowledge:116 | trace_id=ecb8b8ff-c9ad-446e-a3ba-1c70d0eaa942 - 正在执行向量检索: query='银行账户冻结', top_k=10
2026-07-20 20:21:24 | INFO     | app.services.external_kb:search_knowledge:116 | trace_id=ecb8b8ff-c9ad-446e-a3ba-1c70d0eaa942 - 正在执行向量检索: query='账号冻结处理流程', top_k=10
2026-07-20 20:21:24 | INFO     | app.services.retrieval_pipeline:search:107 | trace_id=ecb8b8ff-c9ad-446e-a3ba-1c70d0eaa942 - BM25 检索: query='银行账户冻结', top_k=10
2026-07-20 20:21:24 | INFO     | app.services.retrieval_pipeline:search:107 | trace_id=ecb8b8ff-c9ad-446e-a3ba-1c70d0eaa942 - BM25 检索: query='账号冻结处理流程', top_k=10
2026-07-20 20:21:24 | INFO     | app.services.retrieval_pipeline:rerank:183 | trace_id=ecb8b8ff-c9ad-446e-a3ba-1c70d0eaa942 - 重排序开始，候选数: 13
2026-07-20 20:21:24 | INFO     | app.services.retrieval_pipeline:rerank:211 | trace_id=ecb8b8ff-c9ad-446e-a3ba-1c70d0eaa942 - 重排序完成，返回 Top-10
2026-07-20 20:21:24 | INFO     | app.services.retrieval_pipeline:search:319 | trace_id=ecb8b8ff-c9ad-446e-a3ba-1c70d0eaa942 - 检索管线完成: 向量20 + BM250 → 去重13 → 重排10 → 最终5
2026-07-20 20:21:24 | INFO     | app.agents.persona_agent:generate_reply:27 | trace_id=ecb8b8ff-c9ad-446e-a3ba-1c70d0eaa942 - PersonaAgent 正在生成客户回复
2026-07-20 20:21:36 | INFO     | app.services.retrieval_pipeline:search:272 | trace_id=edc18126-9962-4413-a1a3-8177413c2491 - 高级检索管线启动: query='账户冻结'
2026-07-20 20:21:36 | INFO     | app.services.retrieval_pipeline:rewrite:41 | trace_id=edc18126-9962-4413-a1a3-8177413c2491 - 查询改写开始: 账户冻结
2026-07-20 20:21:46 | INFO     | app.services.retrieval_pipeline:rewrite:53 | trace_id=edc18126-9962-4413-a1a3-8177413c2491 - 查询改写结果: {'main_query': '账户冻结', 'sub_queries': ['资金冻结', '冻结解除', '账户状态异常'], 'intent_tags': ['业务流程', '风控规则'], 'expected_content_type': 'sop|rule'}
2026-07-20 20:21:46 | INFO     | app.services.external_kb:search_knowledge:116 | trace_id=edc18126-9962-4413-a1a3-8177413c2491 - 正在执行向量检索: query='账户冻结', top_k=10
2026-07-20 20:21:46 | INFO     | app.services.external_kb:search_knowledge:116 | trace_id=edc18126-9962-4413-a1a3-8177413c2491 - 正在执行向量检索: query='资金冻结', top_k=10
2026-07-20 20:21:46 | INFO     | app.services.retrieval_pipeline:search:107 | trace_id=edc18126-9962-4413-a1a3-8177413c2491 - BM25 检索: query='账户冻结', top_k=10
2026-07-20 20:21:46 | INFO     | app.services.retrieval_pipeline:search:107 | trace_id=edc18126-9962-4413-a1a3-8177413c2491 - BM25 检索: query='资金冻结', top_k=10
2026-07-20 20:21:46 | INFO     | app.services.retrieval_pipeline:rerank:183 | trace_id=edc18126-9962-4413-a1a3-8177413c2491 - 重排序开始，候选数: 14
2026-07-20 20:21:46 | INFO     | app.services.retrieval_pipeline:rerank:211 | trace_id=edc18126-9962-4413-a1a3-8177413c2491 - 重排序完成，返回 Top-10
2026-07-20 20:21:46 | INFO     | app.services.retrieval_pipeline:search:319 | trace_id=edc18126-9962-4413-a1a3-8177413c2491 - 检索管线完成: 向量20 + BM250 → 去重14 → 重排10 → 最终5
2026-07-20 20:21:46 | INFO     | app.agents.persona_agent:generate_reply:27 | trace_id=edc18126-9962-4413-a1a3-8177413c2491 - PersonaAgent 正在生成客户回复
2026-07-20 20:22:39 | INFO     | app.services.retrieval_pipeline:search:272 | trace_id=2d1bc13b-6fa9-4106-9ba1-5608153bd4b8 - 高级检索管线启动: query='账户冻结'
2026-07-20 20:22:39 | INFO     | app.services.retrieval_pipeline:rewrite:41 | trace_id=2d1bc13b-6fa9-4106-9ba1-5608153bd4b8 - 查询改写开始: 账户冻结
2026-07-20 20:22:51 | INFO     | app.services.retrieval_pipeline:rewrite:53 | trace_id=2d1bc13b-6fa9-4106-9ba1-5608153bd4b8 - 查询改写结果: {'main_query': '冻结', 'sub_queries': ['冻结原因', '账户冻结解除', '账户冻结预防措施'], 'intent_tags': ['业务流程', '风控规则'], 'expected_content_type': 'sop|rule'}
2026-07-20 20:22:51 | INFO     | app.services.external_kb:search_knowledge:116 | trace_id=2d1bc13b-6fa9-4106-9ba1-5608153bd4b8 - 正在执行向量检索: query='冻结', top_k=10
2026-07-20 20:22:51 | INFO     | app.services.external_kb:search_knowledge:116 | trace_id=2d1bc13b-6fa9-4106-9ba1-5608153bd4b8 - 正在执行向量检索: query='冻结原因', top_k=10
2026-07-20 20:22:51 | INFO     | app.services.retrieval_pipeline:search:107 | trace_id=2d1bc13b-6fa9-4106-9ba1-5608153bd4b8 - BM25 检索: query='冻结', top_k=10
2026-07-20 20:22:51 | INFO     | app.services.retrieval_pipeline:search:107 | trace_id=2d1bc13b-6fa9-4106-9ba1-5608153bd4b8 - BM25 检索: query='冻结原因', top_k=10
2026-07-20 20:22:51 | INFO     | app.services.retrieval_pipeline:rerank:183 | trace_id=2d1bc13b-6fa9-4106-9ba1-5608153bd4b8 - 重排序开始，候选数: 11
2026-07-20 20:22:51 | INFO     | app.services.retrieval_pipeline:rerank:211 | trace_id=2d1bc13b-6fa9-4106-9ba1-5608153bd4b8 - 重排序完成，返回 Top-10
2026-07-20 20:22:51 | INFO     | app.services.retrieval_pipeline:search:319 | trace_id=2d1bc13b-6fa9-4106-9ba1-5608153bd4b8 - 检索管线完成: 向量20 + BM250 → 去重11 → 重排10 → 最终5
2026-07-20 20:22:51 | INFO     | app.agents.persona_agent:generate_reply:27 | trace_id=2d1bc13b-6fa9-4106-9ba1-5608153bd4b8 - PersonaAgent 正在生成客户回复
2026-07-20 20:24:14 | INFO     | app.services.external_kb:get_all_nodes_with_business_line:229 | trace_id=N/A - 获取知识库全部节点（含业务线）
2026-07-20 20:24:14 | INFO     | app.services.external_kb:get_all_nodes_with_business_line:241 | trace_id=N/A - 知识库共 105 条节点
2026-07-20 20:43:36 | INFO     | app.services.external_kb:get_all_nodes_with_business_line:229 | trace_id=N/A - 获取知识库全部节点（含业务线）
2026-07-20 20:43:36 | INFO     | app.services.external_kb:get_all_nodes_with_business_line:241 | trace_id=N/A - 知识库共 105 条节点
2026-07-20 20:43:57 | INFO     | app.services.exam_engine:initialize_exam:615 | trace_id=c5c8f26c-17d5-4fd6-8bbc-e3be181dc22c - 初始化动态考试
2026-07-20 20:43:57 | INFO     | app.services.exam_engine:initialize_exam:622 | trace_id=c5c8f26c-17d5-4fd6-8bbc-e3be181dc22c - 使用预热缓存的业务线配置
2026-07-20 20:43:57 | INFO     | app.services.external_kb:get_node_by_id:146 | trace_id=c5c8f26c-17d5-4fd6-8bbc-e3be181dc22c - 获取特定知识点内容: node_id='kb_021'
2026-07-20 20:43:57 | INFO     | app.services.external_kb:get_node_by_id:146 | trace_id=c5c8f26c-17d5-4fd6-8bbc-e3be181dc22c - 获取特定知识点内容: node_id='kb_022'
2026-07-20 20:43:57 | INFO     | app.services.external_kb:get_node_by_id:146 | trace_id=c5c8f26c-17d5-4fd6-8bbc-e3be181dc22c - 获取特定知识点内容: node_id='kb_023'
2026-07-20 20:43:57 | INFO     | app.services.external_kb:get_node_by_id:146 | trace_id=c5c8f26c-17d5-4fd6-8bbc-e3be181dc22c - 获取特定知识点内容: node_id='kb_024'
2026-07-20 20:43:57 | INFO     | app.services.external_kb:get_node_by_id:146 | trace_id=c5c8f26c-17d5-4fd6-8bbc-e3be181dc22c - 获取特定知识点内容: node_id='kb_025'
2026-07-20 20:44:25 | INFO     | app.services.exam_engine:_load_project_scenario:590 | trace_id=c5c8f26c-17d5-4fd6-8bbc-e3be181dc22c - 加载 PBL 项目场景: 密码管理完整流程, 任务数=3
2026-07-20 20:44:44 | INFO     | app.services.exam_engine:initialize_exam:682 | trace_id=c5c8f26c-17d5-4fd6-8bbc-e3be181dc22c - PBL 项目制模式: 密码管理完整流程, 任务数=3
2026-07-20 20:44:44 | INFO     | app.services.exam_engine:initialize_exam:740 | trace_id=c5c8f26c-17d5-4fd6-8bbc-e3be181dc22c - 考试初始化完成: 模式=project, 人格=默认急躁客户, 业务线=密码重置, 初始烦躁值=20, 目标数=3
2026-07-20 20:44:44 | INFO     | app.services.retrieval_pipeline:search:272 | trace_id=c5c8f26c-17d5-4fd6-8bbc-e3be181dc22c - 高级检索管线启动: query='密码重置'
2026-07-20 20:44:44 | INFO     | app.services.retrieval_pipeline:rewrite:41 | trace_id=c5c8f26c-17d5-4fd6-8bbc-e3be181dc22c - 查询改写开始: 密码重置
2026-07-20 20:44:55 | INFO     | app.services.retrieval_pipeline:rewrite:53 | trace_id=c5c8f26c-17d5-4fd6-8bbc-e3be181dc22c - 查询改写结果: {'main_query': '密码操作', 'sub_queries': ['密码重置', '修改密码', '找回密码', '遗忘密码', '重设密码'], 'intent_tags': ['业务流程', '风控规则'], 'expected_content_type': 'sop|rule'}
2026-07-20 20:44:55 | INFO     | app.services.external_kb:search_knowledge:116 | trace_id=c5c8f26c-17d5-4fd6-8bbc-e3be181dc22c - 正在执行向量检索: query='密码操作', top_k=10
2026-07-20 20:44:55 | INFO     | app.services.external_kb:search_knowledge:116 | trace_id=c5c8f26c-17d5-4fd6-8bbc-e3be181dc22c - 正在执行向量检索: query='密码重置', top_k=10
2026-07-20 20:44:55 | INFO     | app.services.retrieval_pipeline:search:107 | trace_id=c5c8f26c-17d5-4fd6-8bbc-e3be181dc22c - BM25 检索: query='密码操作', top_k=10
2026-07-20 20:44:55 | INFO     | app.services.retrieval_pipeline:search:107 | trace_id=c5c8f26c-17d5-4fd6-8bbc-e3be181dc22c - BM25 检索: query='密码重置', top_k=10
2026-07-20 20:44:55 | INFO     | app.services.retrieval_pipeline:rerank:183 | trace_id=c5c8f26c-17d5-4fd6-8bbc-e3be181dc22c - 重排序开始，候选数: 15
2026-07-20 20:44:55 | INFO     | app.services.retrieval_pipeline:rerank:211 | trace_id=c5c8f26c-17d5-4fd6-8bbc-e3be181dc22c - 重排序完成，返回 Top-10
2026-07-20 20:44:55 | INFO     | app.services.retrieval_pipeline:search:319 | trace_id=c5c8f26c-17d5-4fd6-8bbc-e3be181dc22c - 检索管线完成: 向量20 + BM250 → 去重15 → 重排10 → 最终5
2026-07-20 20:44:55 | INFO     | app.agents.persona_agent:generate_reply:27 | trace_id=c5c8f26c-17d5-4fd6-8bbc-e3be181dc22c - PersonaAgent 正在生成客户回复
2026-07-20 20:47:43 | INFO     | app.services.retrieval_pipeline:search:272 | trace_id=15d35591-d11d-4b25-8ebb-ca8979a36f4a - 高级检索管线启动: query='密码重置'
2026-07-20 20:47:43 | INFO     | app.services.retrieval_pipeline:rewrite:41 | trace_id=15d35591-d11d-4b25-8ebb-ca8979a36f4a - 查询改写开始: 密码重置
2026-07-20 20:47:54 | INFO     | app.services.retrieval_pipeline:rewrite:53 | trace_id=15d35591-d11d-4b25-8ebb-ca8979a36f4a - 查询改写结果: {'main_query': '密码重置', 'sub_queries': ['个人网银密码重置', '手机银行密码重置', 'ATM取款密码重置'], 'intent_tags': ['业务流程', '风控规则'], 'expected_content_type': 'sop'}
2026-07-20 20:47:54 | INFO     | app.services.external_kb:search_knowledge:116 | trace_id=15d35591-d11d-4b25-8ebb-ca8979a36f4a - 正在执行向量检索: query='密码重置', top_k=10
2026-07-20 20:47:55 | INFO     | app.services.external_kb:search_knowledge:116 | trace_id=15d35591-d11d-4b25-8ebb-ca8979a36f4a - 正在执行向量检索: query='个人网银密码重置', top_k=10
2026-07-20 20:47:55 | INFO     | app.services.retrieval_pipeline:search:107 | trace_id=15d35591-d11d-4b25-8ebb-ca8979a36f4a - BM25 检索: query='密码重置', top_k=10
2026-07-20 20:47:55 | INFO     | app.services.retrieval_pipeline:search:107 | trace_id=15d35591-d11d-4b25-8ebb-ca8979a36f4a - BM25 检索: query='个人网银密码重置', top_k=10
2026-07-20 20:47:55 | INFO     | app.services.retrieval_pipeline:rerank:183 | trace_id=15d35591-d11d-4b25-8ebb-ca8979a36f4a - 重排序开始，候选数: 12
2026-07-20 20:47:55 | INFO     | app.services.retrieval_pipeline:rerank:211 | trace_id=15d35591-d11d-4b25-8ebb-ca8979a36f4a - 重排序完成，返回 Top-10
2026-07-20 20:47:55 | INFO     | app.services.retrieval_pipeline:search:319 | trace_id=15d35591-d11d-4b25-8ebb-ca8979a36f4a - 检索管线完成: 向量20 + BM250 → 去重12 → 重排10 → 最终5
2026-07-20 20:47:55 | INFO     | app.agents.persona_agent:generate_reply:27 | trace_id=15d35591-d11d-4b25-8ebb-ca8979a36f4a - PersonaAgent 正在生成客户回复
2026-07-20 20:51:24 | INFO     | app.services.retrieval_pipeline:search:272 | trace_id=cc501d99-1b9e-438d-8752-d59335326a76 - 高级检索管线启动: query='密码重置'
2026-07-20 20:51:24 | INFO     | app.services.retrieval_pipeline:rewrite:41 | trace_id=cc501d99-1b9e-438d-8752-d59335326a76 - 查询改写开始: 密码重置
2026-07-20 20:51:35 | INFO     | app.services.retrieval_pipeline:rewrite:53 | trace_id=cc501d99-1b9e-438d-8752-d59335326a76 - 查询改写结果: {'main_query': '密码重置', 'sub_queries': ['登录密码修改', '交易密码重置', '忘记密码处理', '手机银行密码找回', '网银密码重置流程', '柜台密码重置', '电话银行密码重置'], 'intent_tags': ['业务流程', '风控规则'], 'expected_content_type': ['sop', 'rule']}
2026-07-20 20:51:35 | INFO     | app.services.external_kb:search_knowledge:116 | trace_id=cc501d99-1b9e-438d-8752-d59335326a76 - 正在执行向量检索: query='密码重置', top_k=10
2026-07-20 20:51:35 | INFO     | app.services.external_kb:search_knowledge:116 | trace_id=cc501d99-1b9e-438d-8752-d59335326a76 - 正在执行向量检索: query='登录密码修改', top_k=10
2026-07-20 20:51:35 | INFO     | app.services.retrieval_pipeline:search:107 | trace_id=cc501d99-1b9e-438d-8752-d59335326a76 - BM25 检索: query='密码重置', top_k=10
2026-07-20 20:51:35 | INFO     | app.services.retrieval_pipeline:search:107 | trace_id=cc501d99-1b9e-438d-8752-d59335326a76 - BM25 检索: query='登录密码修改', top_k=10
2026-07-20 20:51:35 | INFO     | app.services.retrieval_pipeline:rerank:183 | trace_id=cc501d99-1b9e-438d-8752-d59335326a76 - 重排序开始，候选数: 12
2026-07-20 20:51:35 | INFO     | app.services.retrieval_pipeline:rerank:211 | trace_id=cc501d99-1b9e-438d-8752-d59335326a76 - 重排序完成，返回 Top-10
2026-07-20 20:51:35 | INFO     | app.services.retrieval_pipeline:search:319 | trace_id=cc501d99-1b9e-438d-8752-d59335326a76 - 检索管线完成: 向量20 + BM250 → 去重12 → 重排10 → 最终5
2026-07-20 20:51:35 | INFO     | app.agents.persona_agent:generate_reply:27 | trace_id=cc501d99-1b9e-438d-8752-d59335326a76 - PersonaAgent 正在生成客户回复
2026-07-20 20:52:44 | INFO     | app.services.retrieval_pipeline:search:272 | trace_id=36481c0f-a10d-49a6-9c48-0377cb4691f6 - 高级检索管线启动: query='密码重置'
2026-07-20 20:52:44 | INFO     | app.services.retrieval_pipeline:rewrite:41 | trace_id=36481c0f-a10d-49a6-9c48-0377cb4691f6 - 查询改写开始: 密码重置
2026-07-20 20:52:55 | INFO     | app.services.retrieval_pipeline:rewrite:53 | trace_id=36481c0f-a10d-49a6-9c48-0377cb4691f6 - 查询改写结果: {'main_query': '密码重置', 'sub_queries': ['网银密码重置', '柜面密码重置', '忘记密码处理流程', '身份核实要求'], 'intent_tags': ['业务流程', '风控规则'], 'expected_content_type': 'sop|rule|case|faq'}
2026-07-20 20:52:55 | INFO     | app.services.external_kb:search_knowledge:116 | trace_id=36481c0f-a10d-49a6-9c48-0377cb4691f6 - 正在执行向量检索: query='密码重置', top_k=10
2026-07-20 20:52:55 | INFO     | app.services.external_kb:search_knowledge:116 | trace_id=36481c0f-a10d-49a6-9c48-0377cb4691f6 - 正在执行向量检索: query='网银密码重置', top_k=10
2026-07-20 20:52:55 | INFO     | app.services.retrieval_pipeline:search:107 | trace_id=36481c0f-a10d-49a6-9c48-0377cb4691f6 - BM25 检索: query='密码重置', top_k=10
2026-07-20 20:52:55 | INFO     | app.services.retrieval_pipeline:search:107 | trace_id=36481c0f-a10d-49a6-9c48-0377cb4691f6 - BM25 检索: query='网银密码重置', top_k=10
2026-07-20 20:52:55 | INFO     | app.services.retrieval_pipeline:rerank:183 | trace_id=36481c0f-a10d-49a6-9c48-0377cb4691f6 - 重排序开始，候选数: 12
2026-07-20 20:52:55 | INFO     | app.services.retrieval_pipeline:rerank:211 | trace_id=36481c0f-a10d-49a6-9c48-0377cb4691f6 - 重排序完成，返回 Top-10
2026-07-20 20:52:55 | INFO     | app.services.retrieval_pipeline:search:319 | trace_id=36481c0f-a10d-49a6-9c48-0377cb4691f6 - 检索管线完成: 向量20 + BM250 → 去重12 → 重排10 → 最终5
2026-07-20 20:52:55 | INFO     | app.agents.persona_agent:generate_reply:27 | trace_id=36481c0f-a10d-49a6-9c48-0377cb4691f6 - PersonaAgent 正在生成客户回复
2026-07-20 20:53:25 | INFO     | app.services.external_kb:get_node_by_id:146 | trace_id=36481c0f-a10d-49a6-9c48-0377cb4691f6 - 获取特定知识点内容: node_id='kb_015'
2026-07-20 20:53:25 | INFO     | app.services.external_kb:get_node_by_id:146 | trace_id=36481c0f-a10d-49a6-9c48-0377cb4691f6 - 获取特定知识点内容: node_id='kb_031'
2026-07-20 20:53:25 | INFO     | app.services.external_kb:get_node_by_id:146 | trace_id=36481c0f-a10d-49a6-9c48-0377cb4691f6 - 获取特定知识点内容: node_id='kb_032'
2026-07-20 20:53:25 | INFO     | app.services.external_kb:get_node_by_id:146 | trace_id=36481c0f-a10d-49a6-9c48-0377cb4691f6 - 获取特定知识点内容: node_id='kb_033'
2026-07-20 20:53:25 | INFO     | app.services.external_kb:get_node_by_id:146 | trace_id=36481c0f-a10d-49a6-9c48-0377cb4691f6 - 获取特定知识点内容: node_id='kb_034'
2026-07-20 20:54:21 | INFO     | app.services.exam_engine:_load_project_scenario:590 | trace_id=36481c0f-a10d-49a6-9c48-0377cb4691f6 - 加载 PBL 项目场景: 密码管理完整流程, 任务数=3
2026-07-20 20:54:21 | INFO     | app.services.exam_engine:process_round:974 | trace_id=36481c0f-a10d-49a6-9c48-0377cb4691f6 - 业务线切换后重新加载项目场景: 密码管理完整流程
2026-07-20 20:54:48 | INFO     | app.services.retrieval_pipeline:search:272 | trace_id=e480d90f-cbe4-46be-9e3e-ceed837d280f - 高级检索管线启动: query='信息更新'
2026-07-20 20:54:48 | INFO     | app.services.retrieval_pipeline:rewrite:41 | trace_id=e480d90f-cbe4-46be-9e3e-ceed837d280f - 查询改写开始: 信息更新
2026-07-20 20:54:59 | INFO     | app.services.retrieval_pipeline:rewrite:53 | trace_id=e480d90f-cbe4-46be-9e3e-ceed837d280f - 查询改写结果: {'main_query': '个人信息变更', 'sub_queries': ['账户资料更新', '证件信息更新', '安全信息修改'], 'intent_tags': ['业务流程', '风控规则'], 'expected_content_type': 'sop|rule'}
2026-07-20 20:54:59 | INFO     | app.services.external_kb:search_knowledge:116 | trace_id=e480d90f-cbe4-46be-9e3e-ceed837d280f - 正在执行向量检索: query='个人信息变更', top_k=10
2026-07-20 20:54:59 | INFO     | app.services.external_kb:search_knowledge:116 | trace_id=e480d90f-cbe4-46be-9e3e-ceed837d280f - 正在执行向量检索: query='账户资料更新', top_k=10
2026-07-20 20:54:59 | INFO     | app.services.retrieval_pipeline:search:107 | trace_id=e480d90f-cbe4-46be-9e3e-ceed837d280f - BM25 检索: query='个人信息变更', top_k=10
2026-07-20 20:54:59 | INFO     | app.services.retrieval_pipeline:search:107 | trace_id=e480d90f-cbe4-46be-9e3e-ceed837d280f - BM25 检索: query='账户资料更新', top_k=10
2026-07-20 20:54:59 | INFO     | app.services.retrieval_pipeline:rerank:183 | trace_id=e480d90f-cbe4-46be-9e3e-ceed837d280f - 重排序开始，候选数: 17
2026-07-20 20:54:59 | INFO     | app.services.retrieval_pipeline:rerank:211 | trace_id=e480d90f-cbe4-46be-9e3e-ceed837d280f - 重排序完成，返回 Top-10
2026-07-20 20:54:59 | INFO     | app.services.retrieval_pipeline:search:319 | trace_id=e480d90f-cbe4-46be-9e3e-ceed837d280f - 检索管线完成: 向量20 + BM250 → 去重17 → 重排10 → 最终5
2026-07-20 20:54:59 | INFO     | app.agents.persona_agent:generate_reply:27 | trace_id=e480d90f-cbe4-46be-9e3e-ceed837d280f - PersonaAgent 正在生成客户回复
2026-07-20 20:57:59 | INFO     | app.services.retrieval_pipeline:search:272 | trace_id=83b988a3-6899-4885-97c4-c8c90eec368c - 高级检索管线启动: query='信息更新'
2026-07-20 20:57:59 | INFO     | app.services.retrieval_pipeline:rewrite:41 | trace_id=83b988a3-6899-4885-97c4-c8c90eec368c - 查询改写开始: 信息更新
2026-07-20 20:58:10 | INFO     | app.services.retrieval_pipeline:rewrite:53 | trace_id=83b988a3-6899-4885-97c4-c8c90eec368c - 查询改写结果: {'main_query': '信息变更流程', 'sub_queries': ['个人信息修改', '证件信息更新', '资料更新要求', '信息变更流程', '更新办理流程'], 'intent_tags': ['业务流程', '风控规则'], 'expected_content_type': 'sop|rule'}
2026-07-20 20:58:10 | INFO     | app.services.external_kb:search_knowledge:116 | trace_id=83b988a3-6899-4885-97c4-c8c90eec368c - 正在执行向量检索: query='信息变更流程', top_k=10
2026-07-20 20:58:10 | INFO     | app.services.external_kb:search_knowledge:116 | trace_id=83b988a3-6899-4885-97c4-c8c90eec368c - 正在执行向量检索: query='个人信息修改', top_k=10
2026-07-20 20:58:10 | INFO     | app.services.retrieval_pipeline:search:107 | trace_id=83b988a3-6899-4885-97c4-c8c90eec368c - BM25 检索: query='信息变更流程', top_k=10
2026-07-20 20:58:10 | INFO     | app.services.retrieval_pipeline:search:107 | trace_id=83b988a3-6899-4885-97c4-c8c90eec368c - BM25 检索: query='个人信息修改', top_k=10
2026-07-20 20:58:10 | INFO     | app.services.retrieval_pipeline:rerank:183 | trace_id=83b988a3-6899-4885-97c4-c8c90eec368c - 重排序开始，候选数: 13
2026-07-20 20:58:10 | INFO     | app.services.retrieval_pipeline:rerank:211 | trace_id=83b988a3-6899-4885-97c4-c8c90eec368c - 重排序完成，返回 Top-10
2026-07-20 20:58:10 | INFO     | app.services.retrieval_pipeline:search:319 | trace_id=83b988a3-6899-4885-97c4-c8c90eec368c - 检索管线完成: 向量20 + BM250 → 去重13 → 重排10 → 最终5
2026-07-20 20:58:10 | INFO     | app.agents.persona_agent:generate_reply:27 | trace_id=83b988a3-6899-4885-97c4-c8c90eec368c - PersonaAgent 正在生成客户回复
2026-07-20 20:59:21 | INFO     | app.services.retrieval_pipeline:search:272 | trace_id=d2cc3772-5e92-4c41-a170-6a707e8f7ded - 高级检索管线启动: query='信息更新'
2026-07-20 20:59:21 | INFO     | app.services.retrieval_pipeline:rewrite:41 | trace_id=d2cc3772-5e92-4c41-a170-6a707e8f7ded - 查询改写开始: 信息更新
2026-07-20 20:59:36 | INFO     | app.services.retrieval_pipeline:rewrite:53 | trace_id=d2cc3772-5e92-4c41-a170-6a707e8f7ded - 查询改写结果: {'main_query': '信息更新', 'sub_queries': ['客户资料更新', '银行产品信息变更', '修改密码流程'], 'intent_tags': ['业务流程', '风控规则'], 'expected_content_type': 'sop|rule'}
2026-07-20 20:59:36 | INFO     | app.services.external_kb:search_knowledge:116 | trace_id=d2cc3772-5e92-4c41-a170-6a707e8f7ded - 正在执行向量检索: query='信息更新', top_k=10
2026-07-20 20:59:36 | INFO     | app.services.external_kb:search_knowledge:116 | trace_id=d2cc3772-5e92-4c41-a170-6a707e8f7ded - 正在执行向量检索: query='客户资料更新', top_k=10
2026-07-20 20:59:36 | INFO     | app.services.retrieval_pipeline:search:107 | trace_id=d2cc3772-5e92-4c41-a170-6a707e8f7ded - BM25 检索: query='信息更新', top_k=10
2026-07-20 20:59:36 | INFO     | app.services.retrieval_pipeline:search:107 | trace_id=d2cc3772-5e92-4c41-a170-6a707e8f7ded - BM25 检索: query='客户资料更新', top_k=10
2026-07-20 20:59:36 | INFO     | app.services.retrieval_pipeline:rerank:183 | trace_id=d2cc3772-5e92-4c41-a170-6a707e8f7ded - 重排序开始，候选数: 15
2026-07-20 20:59:36 | INFO     | app.services.retrieval_pipeline:rerank:211 | trace_id=d2cc3772-5e92-4c41-a170-6a707e8f7ded - 重排序完成，返回 Top-10
2026-07-20 20:59:36 | INFO     | app.services.retrieval_pipeline:search:319 | trace_id=d2cc3772-5e92-4c41-a170-6a707e8f7ded - 检索管线完成: 向量20 + BM250 → 去重15 → 重排10 → 最终5
2026-07-20 20:59:36 | INFO     | app.agents.persona_agent:generate_reply:27 | trace_id=d2cc3772-5e92-4c41-a170-6a707e8f7ded - PersonaAgent 正在生成客户回复
2026-07-20 21:00:10 | INFO     | app.services.retrieval_pipeline:search:272 | trace_id=ccbbfd53-8f21-42ce-87f2-d9e2930b933b - 高级检索管线启动: query='信息更新'
2026-07-20 21:00:10 | INFO     | app.services.retrieval_pipeline:rewrite:41 | trace_id=ccbbfd53-8f21-42ce-87f2-d9e2930b933b - 查询改写开始: 信息更新
2026-07-20 21:00:25 | INFO     | app.services.retrieval_pipeline:rewrite:53 | trace_id=ccbbfd53-8f21-42ce-87f2-d9e2930b933b - 查询改写结果: {'main_query': '信息更新', 'sub_queries': ['个人信息变更', '身份证有效期更新', '职业信息更新流程'], 'intent_tags': ['业务流程', '风控规则'], 'expected_content_type': 'sop|rule'}
2026-07-20 21:00:25 | INFO     | app.services.external_kb:search_knowledge:116 | trace_id=ccbbfd53-8f21-42ce-87f2-d9e2930b933b - 正在执行向量检索: query='信息更新', top_k=10
2026-07-20 21:00:25 | INFO     | app.services.external_kb:search_knowledge:116 | trace_id=ccbbfd53-8f21-42ce-87f2-d9e2930b933b - 正在执行向量检索: query='个人信息变更', top_k=10
2026-07-20 21:00:25 | INFO     | app.services.retrieval_pipeline:search:107 | trace_id=ccbbfd53-8f21-42ce-87f2-d9e2930b933b - BM25 检索: query='信息更新', top_k=10
2026-07-20 21:00:25 | INFO     | app.services.retrieval_pipeline:search:107 | trace_id=ccbbfd53-8f21-42ce-87f2-d9e2930b933b - BM25 检索: query='个人信息变更', top_k=10
2026-07-20 21:00:25 | INFO     | app.services.retrieval_pipeline:rerank:183 | trace_id=ccbbfd53-8f21-42ce-87f2-d9e2930b933b - 重排序开始，候选数: 17
2026-07-20 21:00:25 | INFO     | app.services.retrieval_pipeline:rerank:211 | trace_id=ccbbfd53-8f21-42ce-87f2-d9e2930b933b - 重排序完成，返回 Top-10
2026-07-20 21:00:25 | INFO     | app.services.retrieval_pipeline:search:319 | trace_id=ccbbfd53-8f21-42ce-87f2-d9e2930b933b - 检索管线完成: 向量20 + BM250 → 去重17 → 重排10 → 最终5
2026-07-20 21:00:25 | INFO     | app.agents.persona_agent:generate_reply:27 | trace_id=ccbbfd53-8f21-42ce-87f2-d9e2930b933b - PersonaAgent 正在生成客户回复
2026-07-20 21:01:27 | ERROR    | app.services.llm_adapter:async_chat_completion:116 | trace_id=ccbbfd53-8f21-42ce-87f2-d9e2930b933b - LLM 异步调用失败: Request timed out.
2026-07-20 21:01:27 | WARNING  | app.services.exam_engine:_llm_judge_anxiety:485 | trace_id=ccbbfd53-8f21-42ce-87f2-d9e2930b933b - LLM 烦躁值评判失败，降级跳过: Request timed out.
2026-07-20 21:01:27 | INFO     | app.services.external_kb:get_node_by_id:146 | trace_id=ccbbfd53-8f21-42ce-87f2-d9e2930b933b - 获取特定知识点内容: node_id='kb_011'
2026-07-20 21:01:27 | INFO     | app.services.external_kb:get_node_by_id:146 | trace_id=ccbbfd53-8f21-42ce-87f2-d9e2930b933b - 获取特定知识点内容: node_id='kb_012'
2026-07-20 21:01:27 | INFO     | app.services.external_kb:get_node_by_id:146 | trace_id=ccbbfd53-8f21-42ce-87f2-d9e2930b933b - 获取特定知识点内容: node_id='kb_013'
2026-07-20 21:01:27 | INFO     | app.services.external_kb:get_node_by_id:146 | trace_id=ccbbfd53-8f21-42ce-87f2-d9e2930b933b - 获取特定知识点内容: node_id='kb_014'
2026-07-20 21:01:27 | INFO     | app.services.external_kb:get_node_by_id:146 | trace_id=ccbbfd53-8f21-42ce-87f2-d9e2930b933b - 获取特定知识点内容: node_id='kb_016'
2026-07-20 21:02:07 | INFO     | app.services.exam_engine:_load_project_scenario:590 | trace_id=ccbbfd53-8f21-42ce-87f2-d9e2930b933b - 加载 PBL 项目场景: 密码管理完整流程, 任务数=3
2026-07-20 21:02:07 | INFO     | app.services.exam_engine:process_round:974 | trace_id=ccbbfd53-8f21-42ce-87f2-d9e2930b933b - 业务线切换后重新加载项目场景: 密码管理完整流程
2026-07-20 21:02:31 | INFO     | app.services.retrieval_pipeline:search:272 | trace_id=377eee3d-7cae-4d0e-b781-d1f9ea563b4b - 高级检索管线启动: query='账户冻结'
2026-07-20 21:02:31 | INFO     | app.services.retrieval_pipeline:rewrite:41 | trace_id=377eee3d-7cae-4d0e-b781-d1f9ea563b4b - 查询改写开始: 账户冻结
2026-07-20 21:02:44 | INFO     | app.services.retrieval_pipeline:rewrite:53 | trace_id=377eee3d-7cae-4d0e-b781-d1f9ea563b4b - 查询改写结果: {'main_query': '账户冻结', 'sub_queries': ['银行卡冻结处理流程', '账户冻结风控规则', '司法冻结操作指引'], 'intent_tags': ['业务流程', '风控规则'], 'expected_content_type': ['faq', 'sop']}
2026-07-20 21:02:44 | INFO     | app.services.external_kb:search_knowledge:116 | trace_id=377eee3d-7cae-4d0e-b781-d1f9ea563b4b - 正在执行向量检索: query='账户冻结', top_k=10
2026-07-20 21:02:44 | INFO     | app.services.external_kb:search_knowledge:116 | trace_id=377eee3d-7cae-4d0e-b781-d1f9ea563b4b - 正在执行向量检索: query='银行卡冻结处理流程', top_k=10
2026-07-20 21:02:44 | INFO     | app.services.retrieval_pipeline:search:107 | trace_id=377eee3d-7cae-4d0e-b781-d1f9ea563b4b - BM25 检索: query='账户冻结', top_k=10
2026-07-20 21:02:44 | INFO     | app.services.retrieval_pipeline:search:107 | trace_id=377eee3d-7cae-4d0e-b781-d1f9ea563b4b - BM25 检索: query='银行卡冻结处理流程', top_k=10
2026-07-20 21:02:44 | INFO     | app.services.retrieval_pipeline:rerank:183 | trace_id=377eee3d-7cae-4d0e-b781-d1f9ea563b4b - 重排序开始，候选数: 13
2026-07-20 21:02:44 | INFO     | app.services.retrieval_pipeline:rerank:211 | trace_id=377eee3d-7cae-4d0e-b781-d1f9ea563b4b - 重排序完成，返回 Top-10
2026-07-20 21:02:44 | INFO     | app.services.retrieval_pipeline:search:319 | trace_id=377eee3d-7cae-4d0e-b781-d1f9ea563b4b - 检索管线完成: 向量20 + BM250 → 去重13 → 重排10 → 最终5
2026-07-20 21:02:44 | INFO     | app.agents.persona_agent:generate_reply:27 | trace_id=377eee3d-7cae-4d0e-b781-d1f9ea563b4b - PersonaAgent 正在生成客户回复
2026-07-20 21:03:24 | INFO     | app.services.retrieval_pipeline:search:272 | trace_id=b9179ed5-f187-4428-a3b7-85f59872eb49 - 高级检索管线启动: query='账户冻结'
2026-07-20 21:03:24 | INFO     | app.services.retrieval_pipeline:rewrite:41 | trace_id=b9179ed5-f187-4428-a3b7-85f59872eb49 - 查询改写开始: 账户冻结
2026-07-20 21:03:37 | INFO     | app.services.retrieval_pipeline:rewrite:53 | trace_id=b9179ed5-f187-4428-a3b7-85f59872eb49 - 查询改写结果: {'main_query': '账户冻结', 'sub_queries': ['冻结原因', '解冻流程', '账户状态'], 'intent_tags': ['业务流程', '风控规则'], 'expected_content_type': 'sop|rule'}
2026-07-20 21:03:37 | INFO     | app.services.external_kb:search_knowledge:116 | trace_id=b9179ed5-f187-4428-a3b7-85f59872eb49 - 正在执行向量检索: query='账户冻结', top_k=10
2026-07-20 21:03:37 | INFO     | app.services.external_kb:search_knowledge:116 | trace_id=b9179ed5-f187-4428-a3b7-85f59872eb49 - 正在执行向量检索: query='冻结原因', top_k=10
2026-07-20 21:03:37 | INFO     | app.services.retrieval_pipeline:search:107 | trace_id=b9179ed5-f187-4428-a3b7-85f59872eb49 - BM25 检索: query='账户冻结', top_k=10
2026-07-20 21:03:37 | INFO     | app.services.retrieval_pipeline:search:107 | trace_id=b9179ed5-f187-4428-a3b7-85f59872eb49 - BM25 检索: query='冻结原因', top_k=10
2026-07-20 21:03:37 | INFO     | app.services.retrieval_pipeline:rerank:183 | trace_id=b9179ed5-f187-4428-a3b7-85f59872eb49 - 重排序开始，候选数: 15
2026-07-20 21:03:37 | INFO     | app.services.retrieval_pipeline:rerank:211 | trace_id=b9179ed5-f187-4428-a3b7-85f59872eb49 - 重排序完成，返回 Top-10
2026-07-20 21:03:37 | INFO     | app.services.retrieval_pipeline:search:319 | trace_id=b9179ed5-f187-4428-a3b7-85f59872eb49 - 检索管线完成: 向量20 + BM250 → 去重15 → 重排10 → 最终5
2026-07-20 21:03:37 | INFO     | app.agents.persona_agent:generate_reply:27 | trace_id=b9179ed5-f187-4428-a3b7-85f59872eb49 - PersonaAgent 正在生成客户回复
2026-07-20 21:04:20 | INFO     | app.services.retrieval_pipeline:search:272 | trace_id=7f68db6e-37c8-4a76-a84a-e98d73a0b33e - 高级检索管线启动: query='账户冻结'
2026-07-20 21:04:20 | INFO     | app.services.retrieval_pipeline:rewrite:41 | trace_id=7f68db6e-37c8-4a76-a84a-e98d73a0b33e - 查询改写开始: 账户冻结
2026-07-20 21:04:36 | INFO     | app.services.retrieval_pipeline:rewrite:53 | trace_id=7f68db6e-37c8-4a76-a84a-e98d73a0b33e - 查询改写结果: {'main_query': '冻结原因分析', 'sub_queries': ['司法冻结处理流程', '异常交易冻结规则', '小额长期不动冻结政策'], 'intent_tags': ['业务流程', '风控规则'], 'expected_content_type': 'sop|rule'}
2026-07-20 21:04:36 | INFO     | app.services.external_kb:search_knowledge:116 | trace_id=7f68db6e-37c8-4a76-a84a-e98d73a0b33e - 正在执行向量检索: query='冻结原因分析', top_k=10
2026-07-20 21:04:36 | INFO     | app.services.external_kb:search_knowledge:116 | trace_id=7f68db6e-37c8-4a76-a84a-e98d73a0b33e - 正在执行向量检索: query='司法冻结处理流程', top_k=10
2026-07-20 21:04:36 | INFO     | app.services.retrieval_pipeline:search:107 | trace_id=7f68db6e-37c8-4a76-a84a-e98d73a0b33e - BM25 检索: query='冻结原因分析', top_k=10
2026-07-20 21:04:36 | INFO     | app.services.retrieval_pipeline:search:107 | trace_id=7f68db6e-37c8-4a76-a84a-e98d73a0b33e - BM25 检索: query='司法冻结处理流程', top_k=10
2026-07-20 21:04:36 | INFO     | app.services.retrieval_pipeline:rerank:183 | trace_id=7f68db6e-37c8-4a76-a84a-e98d73a0b33e - 重排序开始，候选数: 12
2026-07-20 21:04:36 | INFO     | app.services.retrieval_pipeline:rerank:211 | trace_id=7f68db6e-37c8-4a76-a84a-e98d73a0b33e - 重排序完成，返回 Top-10
2026-07-20 21:04:36 | INFO     | app.services.retrieval_pipeline:search:319 | trace_id=7f68db6e-37c8-4a76-a84a-e98d73a0b33e - 检索管线完成: 向量20 + BM250 → 去重12 → 重排10 → 最终5
2026-07-20 21:04:36 | INFO     | app.agents.persona_agent:generate_reply:27 | trace_id=7f68db6e-37c8-4a76-a84a-e98d73a0b33e - PersonaAgent 正在生成客户回复
2026-07-20 21:05:06 | INFO     | app.services.retrieval_pipeline:search:272 | trace_id=42c88f71-ad2c-4e12-b8c9-85586fafbfa7 - 高级检索管线启动: query='账户冻结'
2026-07-20 21:05:06 | INFO     | app.services.retrieval_pipeline:rewrite:41 | trace_id=42c88f71-ad2c-4e12-b8c9-85586fafbfa7 - 查询改写开始: 账户冻结
2026-07-20 21:06:00 | INFO     | app.services.retrieval_pipeline:rewrite:53 | trace_id=42c88f71-ad2c-4e12-b8c9-85586fafbfa7 - 查询改写结果: {'main_query': '账户冻结', 'sub_queries': ['账户冻结原因', '如何解冻账户', '冻结账户的客服处理流程'], 'intent_tags': ['业务流程', '风控规则'], 'expected_content_type': 'sop'}
2026-07-20 21:06:00 | INFO     | app.services.external_kb:search_knowledge:116 | trace_id=42c88f71-ad2c-4e12-b8c9-85586fafbfa7 - 正在执行向量检索: query='账户冻结', top_k=10
2026-07-20 21:06:00 | INFO     | app.services.external_kb:search_knowledge:116 | trace_id=42c88f71-ad2c-4e12-b8c9-85586fafbfa7 - 正在执行向量检索: query='账户冻结原因', top_k=10
2026-07-20 21:06:00 | INFO     | app.services.retrieval_pipeline:search:107 | trace_id=42c88f71-ad2c-4e12-b8c9-85586fafbfa7 - BM25 检索: query='账户冻结', top_k=10
2026-07-20 21:06:00 | INFO     | app.services.retrieval_pipeline:search:107 | trace_id=42c88f71-ad2c-4e12-b8c9-85586fafbfa7 - BM25 检索: query='账户冻结原因', top_k=10
2026-07-20 21:06:00 | INFO     | app.services.retrieval_pipeline:rerank:183 | trace_id=42c88f71-ad2c-4e12-b8c9-85586fafbfa7 - 重排序开始，候选数: 11
2026-07-20 21:06:00 | INFO     | app.services.retrieval_pipeline:rerank:211 | trace_id=42c88f71-ad2c-4e12-b8c9-85586fafbfa7 - 重排序完成，返回 Top-10
2026-07-20 21:06:00 | INFO     | app.services.retrieval_pipeline:search:319 | trace_id=42c88f71-ad2c-4e12-b8c9-85586fafbfa7 - 检索管线完成: 向量20 + BM250 → 去重11 → 重排10 → 最终5
2026-07-20 21:06:00 | INFO     | app.agents.persona_agent:generate_reply:27 | trace_id=42c88f71-ad2c-4e12-b8c9-85586fafbfa7 - PersonaAgent 正在生成客户回复
2026-07-20 21:07:35 | INFO     | app.services.retrieval_pipeline:search:272 | trace_id=b2d3e508-f52e-4b9e-b680-9666ae722b91 - 高级检索管线启动: query='账户冻结'
2026-07-20 21:07:35 | INFO     | app.services.retrieval_pipeline:rewrite:41 | trace_id=b2d3e508-f52e-4b9e-b680-9666ae722b91 - 查询改写开始: 账户冻结
2026-07-20 21:07:46 | INFO     | app.services.retrieval_pipeline:rewrite:53 | trace_id=b2d3e508-f52e-4b9e-b680-9666ae722b91 - 查询改写结果: {'main_query': '账户冻结', 'sub_queries': ['冻结', '解冻', '风险管理'], 'intent_tags': ['业务流程', '风控规则'], 'expected_content_type': 'sop|rule'}
2026-07-20 21:07:46 | INFO     | app.services.external_kb:search_knowledge:116 | trace_id=b2d3e508-f52e-4b9e-b680-9666ae722b91 - 正在执行向量检索: query='账户冻结', top_k=10
2026-07-20 21:07:46 | INFO     | app.services.external_kb:search_knowledge:116 | trace_id=b2d3e508-f52e-4b9e-b680-9666ae722b91 - 正在执行向量检索: query='冻结', top_k=10
2026-07-20 21:07:46 | INFO     | app.services.retrieval_pipeline:search:107 | trace_id=b2d3e508-f52e-4b9e-b680-9666ae722b91 - BM25 检索: query='账户冻结', top_k=10
2026-07-20 21:07:46 | INFO     | app.services.retrieval_pipeline:search:107 | trace_id=b2d3e508-f52e-4b9e-b680-9666ae722b91 - BM25 检索: query='冻结', top_k=10
2026-07-20 21:07:46 | INFO     | app.services.retrieval_pipeline:rerank:183 | trace_id=b2d3e508-f52e-4b9e-b680-9666ae722b91 - 重排序开始，候选数: 15
2026-07-20 21:07:46 | INFO     | app.services.retrieval_pipeline:rerank:211 | trace_id=b2d3e508-f52e-4b9e-b680-9666ae722b91 - 重排序完成，返回 Top-10
2026-07-20 21:07:46 | INFO     | app.services.retrieval_pipeline:search:319 | trace_id=b2d3e508-f52e-4b9e-b680-9666ae722b91 - 检索管线完成: 向量20 + BM250 → 去重15 → 重排10 → 最终5
2026-07-20 21:07:46 | INFO     | app.agents.persona_agent:generate_reply:27 | trace_id=b2d3e508-f52e-4b9e-b680-9666ae722b91 - PersonaAgent 正在生成客户回复
2026-07-20 21:07:58 | INFO     | app.services.retrieval_pipeline:search:272 | trace_id=b8441718-74c7-430f-92ff-91da5fec72f4 - 高级检索管线启动: query='账户冻结'
2026-07-20 21:07:58 | INFO     | app.services.retrieval_pipeline:rewrite:41 | trace_id=b8441718-74c7-430f-92ff-91da5fec72f4 - 查询改写开始: 账户冻结
2026-07-20 21:08:13 | INFO     | app.services.retrieval_pipeline:rewrite:53 | trace_id=b8441718-74c7-430f-92ff-91da5fec72f4 - 查询改写结果: {'main_query': '账户冻结', 'sub_queries': ['司法冻结', '风控冻结', '冻结原因', '解冻流程', '账户状态查询'], 'intent_tags': ['业务流程', '风控规则'], 'expected_content_type': 'sop|rule'}
2026-07-20 21:08:13 | INFO     | app.services.external_kb:search_knowledge:116 | trace_id=b8441718-74c7-430f-92ff-91da5fec72f4 - 正在执行向量检索: query='账户冻结', top_k=10
2026-07-20 21:08:13 | INFO     | app.services.external_kb:search_knowledge:116 | trace_id=b8441718-74c7-430f-92ff-91da5fec72f4 - 正在执行向量检索: query='司法冻结', top_k=10
2026-07-20 21:08:13 | INFO     | app.services.retrieval_pipeline:search:107 | trace_id=b8441718-74c7-430f-92ff-91da5fec72f4 - BM25 检索: query='账户冻结', top_k=10
2026-07-20 21:08:13 | INFO     | app.services.retrieval_pipeline:search:107 | trace_id=b8441718-74c7-430f-92ff-91da5fec72f4 - BM25 检索: query='司法冻结', top_k=10
2026-07-20 21:08:13 | INFO     | app.services.retrieval_pipeline:rerank:183 | trace_id=b8441718-74c7-430f-92ff-91da5fec72f4 - 重排序开始，候选数: 15
2026-07-20 21:08:13 | INFO     | app.services.retrieval_pipeline:rerank:211 | trace_id=b8441718-74c7-430f-92ff-91da5fec72f4 - 重排序完成，返回 Top-10
2026-07-20 21:08:13 | INFO     | app.services.retrieval_pipeline:search:319 | trace_id=b8441718-74c7-430f-92ff-91da5fec72f4 - 检索管线完成: 向量20 + BM250 → 去重15 → 重排10 → 最终5
2026-07-20 21:08:13 | INFO     | app.agents.persona_agent:generate_reply:27 | trace_id=b8441718-74c7-430f-92ff-91da5fec72f4 - PersonaAgent 正在生成客户回复
2026-07-20 21:08:37 | INFO     | app.services.external_kb:get_node_by_id:146 | trace_id=b8441718-74c7-430f-92ff-91da5fec72f4 - 获取特定知识点内容: node_id='kb_021'
2026-07-20 21:08:37 | INFO     | app.services.external_kb:get_node_by_id:146 | trace_id=b8441718-74c7-430f-92ff-91da5fec72f4 - 获取特定知识点内容: node_id='kb_022'
2026-07-20 21:08:37 | INFO     | app.services.external_kb:get_node_by_id:146 | trace_id=b8441718-74c7-430f-92ff-91da5fec72f4 - 获取特定知识点内容: node_id='kb_023'
2026-07-20 21:08:37 | INFO     | app.services.external_kb:get_node_by_id:146 | trace_id=b8441718-74c7-430f-92ff-91da5fec72f4 - 获取特定知识点内容: node_id='kb_024'
2026-07-20 21:08:37 | INFO     | app.services.external_kb:get_node_by_id:146 | trace_id=b8441718-74c7-430f-92ff-91da5fec72f4 - 获取特定知识点内容: node_id='kb_025'
2026-07-20 21:09:28 | INFO     | app.services.exam_engine:_load_project_scenario:590 | trace_id=b8441718-74c7-430f-92ff-91da5fec72f4 - 加载 PBL 项目场景: 完整投诉处理流程, 任务数=3
2026-07-20 21:09:28 | INFO     | app.services.exam_engine:process_round:974 | trace_id=b8441718-74c7-430f-92ff-91da5fec72f4 - 业务线切换后重新加载项目场景: 完整投诉处理流程
2026-07-20 21:09:57 | INFO     | app.services.retrieval_pipeline:search:272 | trace_id=390f19f9-3dfc-493f-abaa-ea4cf21bbdff - 高级检索管线启动: query='卡片挂失'
2026-07-20 21:09:57 | INFO     | app.services.retrieval_pipeline:rewrite:41 | trace_id=390f19f9-3dfc-493f-abaa-ea4cf21bbdff - 查询改写开始: 卡片挂失
2026-07-20 21:10:13 | INFO     | app.services.retrieval_pipeline:rewrite:53 | trace_id=390f19f9-3dfc-493f-abaa-ea4cf21bbdff - 查询改写结果: {'main_query': '银行卡挂失', 'sub_queries': ['挂失业务流程', '信用卡挂失补卡', '借记卡挂失处理'], 'intent_tags': ['业务流程', '风控规则'], 'expected_content_type': 'sop'}
2026-07-20 21:10:13 | INFO     | app.services.external_kb:search_knowledge:116 | trace_id=390f19f9-3dfc-493f-abaa-ea4cf21bbdff - 正在执行向量检索: query='银行卡挂失', top_k=10
2026-07-20 21:10:13 | INFO     | app.services.external_kb:search_knowledge:116 | trace_id=390f19f9-3dfc-493f-abaa-ea4cf21bbdff - 正在执行向量检索: query='挂失业务流程', top_k=10
2026-07-20 21:10:13 | INFO     | app.services.retrieval_pipeline:search:107 | trace_id=390f19f9-3dfc-493f-abaa-ea4cf21bbdff - BM25 检索: query='银行卡挂失', top_k=10
2026-07-20 21:10:13 | INFO     | app.services.retrieval_pipeline:search:107 | trace_id=390f19f9-3dfc-493f-abaa-ea4cf21bbdff - BM25 检索: query='挂失业务流程', top_k=10
2026-07-20 21:10:13 | INFO     | app.services.retrieval_pipeline:rerank:183 | trace_id=390f19f9-3dfc-493f-abaa-ea4cf21bbdff - 重排序开始，候选数: 18
2026-07-20 21:10:13 | INFO     | app.services.retrieval_pipeline:rerank:211 | trace_id=390f19f9-3dfc-493f-abaa-ea4cf21bbdff - 重排序完成，返回 Top-10
2026-07-20 21:10:13 | INFO     | app.services.retrieval_pipeline:search:319 | trace_id=390f19f9-3dfc-493f-abaa-ea4cf21bbdff - 检索管线完成: 向量20 + BM250 → 去重18 → 重排10 → 最终5
2026-07-20 21:10:13 | INFO     | app.agents.persona_agent:generate_reply:27 | trace_id=390f19f9-3dfc-493f-abaa-ea4cf21bbdff - PersonaAgent 正在生成客户回复
2026-07-20 21:10:46 | INFO     | app.services.retrieval_pipeline:search:272 | trace_id=f7f6411e-dd7e-4a38-91df-012b96807cf2 - 高级检索管线启动: query='卡片挂失'
2026-07-20 21:10:46 | INFO     | app.services.retrieval_pipeline:rewrite:41 | trace_id=f7f6411e-dd7e-4a38-91df-012b96807cf2 - 查询改写开始: 卡片挂失
2026-07-20 21:11:00 | INFO     | app.services.retrieval_pipeline:rewrite:53 | trace_id=f7f6411e-dd7e-4a38-91df-012b96807cf2 - 查询改写结果: {'main_query': '挂失流程', 'sub_queries': ['线上自助挂失操作', '补卡流程', '挂失生效时限'], 'intent_tags': ['业务流程', '风控规则'], 'expected_content_type': 'sop|case'}
2026-07-20 21:11:00 | INFO     | app.services.external_kb:search_knowledge:116 | trace_id=f7f6411e-dd7e-4a38-91df-012b96807cf2 - 正在执行向量检索: query='挂失流程', top_k=10
2026-07-20 21:11:00 | INFO     | app.services.external_kb:search_knowledge:116 | trace_id=f7f6411e-dd7e-4a38-91df-012b96807cf2 - 正在执行向量检索: query='线上自助挂失操作', top_k=10
2026-07-20 21:11:00 | INFO     | app.services.retrieval_pipeline:search:107 | trace_id=f7f6411e-dd7e-4a38-91df-012b96807cf2 - BM25 检索: query='挂失流程', top_k=10
2026-07-20 21:11:00 | INFO     | app.services.retrieval_pipeline:search:107 | trace_id=f7f6411e-dd7e-4a38-91df-012b96807cf2 - BM25 检索: query='线上自助挂失操作', top_k=10
2026-07-20 21:11:00 | INFO     | app.services.retrieval_pipeline:rerank:183 | trace_id=f7f6411e-dd7e-4a38-91df-012b96807cf2 - 重排序开始，候选数: 19
2026-07-20 21:11:00 | INFO     | app.services.retrieval_pipeline:rerank:211 | trace_id=f7f6411e-dd7e-4a38-91df-012b96807cf2 - 重排序完成，返回 Top-10
2026-07-20 21:11:00 | INFO     | app.services.retrieval_pipeline:search:319 | trace_id=f7f6411e-dd7e-4a38-91df-012b96807cf2 - 检索管线完成: 向量20 + BM250 → 去重19 → 重排10 → 最终5
2026-07-20 21:11:00 | INFO     | app.agents.persona_agent:generate_reply:27 | trace_id=f7f6411e-dd7e-4a38-91df-012b96807cf2 - PersonaAgent 正在生成客户回复
2026-07-20 21:11:47 | INFO     | app.services.retrieval_pipeline:search:272 | trace_id=e79121d0-5871-45d2-8189-8b050895e6e2 - 高级检索管线启动: query='卡片挂失'
2026-07-20 21:11:47 | INFO     | app.services.retrieval_pipeline:rewrite:41 | trace_id=e79121d0-5871-45d2-8189-8b050895e6e2 - 查询改写开始: 卡片挂失
2026-07-20 21:11:59 | INFO     | app.services.retrieval_pipeline:rewrite:53 | trace_id=e79121d0-5871-45d2-8189-8b050895e6e2 - 查询改写结果: {'main_query': '银行卡挂失', 'sub_queries': ['挂失申请流程', '紧急冻结操作', '补卡手续说明'], 'intent_tags': ['业务流程', '风控操作'], 'expected_content_type': 'rule'}
2026-07-20 21:11:59 | INFO     | app.services.external_kb:search_knowledge:116 | trace_id=e79121d0-5871-45d2-8189-8b050895e6e2 - 正在执行向量检索: query='银行卡挂失', top_k=10
2026-07-20 21:11:59 | INFO     | app.services.external_kb:search_knowledge:116 | trace_id=e79121d0-5871-45d2-8189-8b050895e6e2 - 正在执行向量检索: query='挂失申请流程', top_k=10
2026-07-20 21:11:59 | INFO     | app.services.retrieval_pipeline:search:107 | trace_id=e79121d0-5871-45d2-8189-8b050895e6e2 - BM25 检索: query='银行卡挂失', top_k=10
2026-07-20 21:11:59 | INFO     | app.services.retrieval_pipeline:search:107 | trace_id=e79121d0-5871-45d2-8189-8b050895e6e2 - BM25 检索: query='挂失申请流程', top_k=10
2026-07-20 21:11:59 | INFO     | app.services.retrieval_pipeline:rerank:183 | trace_id=e79121d0-5871-45d2-8189-8b050895e6e2 - 重排序开始，候选数: 17
2026-07-20 21:11:59 | INFO     | app.services.retrieval_pipeline:rerank:211 | trace_id=e79121d0-5871-45d2-8189-8b050895e6e2 - 重排序完成，返回 Top-10
2026-07-20 21:11:59 | INFO     | app.services.retrieval_pipeline:search:319 | trace_id=e79121d0-5871-45d2-8189-8b050895e6e2 - 检索管线完成: 向量20 + BM250 → 去重17 → 重排10 → 最终5
2026-07-20 21:11:59 | INFO     | app.agents.persona_agent:generate_reply:27 | trace_id=e79121d0-5871-45d2-8189-8b050895e6e2 - PersonaAgent 正在生成客户回复
2026-07-21 09:02:49 | INFO     | app.services.external_kb:_init_knowledge_base:42 | trace_id=system - 向量知识库已存在，共 105 条记录，跳过初始化。
2026-07-21 09:02:52 | INFO     | app.services.external_kb:get_all_nodes_with_business_line:229 | trace_id=prewarm - 获取知识库全部节点（含业务线）
2026-07-21 09:02:52 | INFO     | app.services.external_kb:get_all_nodes_with_business_line:241 | trace_id=prewarm - 知识库共 105 条节点
2026-07-21 09:02:52 | INFO     | app.services.exam_engine:get_business_config:84 | trace_id=prewarm - 从节点标签+知识图谱构建业务线配置: 5 条业务线, 5 条有图谱关联（零LLM调用）
2026-07-21 09:02:52 | INFO     | app.main:_prewarm:62 | trace_id=system - [预热] 业务线分类已完成
2026-07-21 09:21:30 | INFO     | app.services.external_kb:_init_knowledge_base:42 | trace_id=system - 向量知识库已存在，共 105 条记录，跳过初始化。
2026-07-21 09:21:32 | INFO     | app.services.external_kb:get_all_nodes_with_business_line:229 | trace_id=prewarm - 获取知识库全部节点（含业务线）
2026-07-21 09:21:32 | INFO     | app.services.external_kb:get_all_nodes_with_business_line:241 | trace_id=prewarm - 知识库共 105 条节点
2026-07-21 09:21:32 | INFO     | app.services.exam_engine:get_business_config:84 | trace_id=prewarm - 从节点标签+知识图谱构建业务线配置: 5 条业务线, 5 条有图谱关联（零LLM调用）
2026-07-21 09:21:32 | INFO     | app.main:_prewarm:62 | trace_id=system - [预热] 业务线分类已完成
2026-07-22 10:15:35 | INFO     | app.services.external_kb:_init_knowledge_base:42 | trace_id=system - 向量知识库已存在，共 105 条记录，跳过初始化。
2026-07-22 10:16:41 | INFO     | app.services.external_kb:_init_knowledge_base:42 | trace_id=system - 向量知识库已存在，共 105 条记录，跳过初始化。
2026-07-22 10:18:03 | INFO     | app.services.external_kb:_init_knowledge_base:42 | trace_id=system - 向量知识库已存在，共 105 条记录，跳过初始化。
2026-07-22 10:19:34 | INFO     | app.services.external_kb:_init_knowledge_base:42 | trace_id=system - 向量知识库已存在，共 105 条记录，跳过初始化。
2026-07-22 10:19:36 | INFO     | app.services.external_kb:get_all_nodes_with_business_line:229 | trace_id=prewarm - 获取知识库全部节点（含业务线）
2026-07-22 10:19:36 | INFO     | app.services.external_kb:get_all_nodes_with_business_line:241 | trace_id=prewarm - 知识库共 105 条节点
2026-07-22 10:19:36 | INFO     | app.services.exam_engine:get_business_config:84 | trace_id=prewarm - 从节点标签+知识图谱构建业务线配置: 5 条业务线, 5 条有图谱关联（零LLM调用）
2026-07-22 10:19:36 | INFO     | app.main:_prewarm:62 | trace_id=system - [预热] 业务线分类已完成
2026-07-22 10:19:36 | INFO     | app.services.external_kb:get_all_nodes:162 | trace_id=prewarm - 获取知识库全部节点
2026-07-22 10:19:36 | INFO     | app.services.external_kb:get_all_nodes:173 | trace_id=prewarm - 知识库共 105 条节点
2026-07-22 10:19:37 | INFO     | app.services.retrieval_pipeline:rebuild_index:113 | trace_id=system - Whoosh 索引重建完成，共 105 条文档
2026-07-22 10:20:30 | INFO     | app.services.exam_engine:initialize_exam:615 | trace_id=5e75310d-c9a4-4ee3-9f4e-f6fee000f566 - 初始化动态考试
2026-07-22 10:20:30 | INFO     | app.services.exam_engine:initialize_exam:622 | trace_id=5e75310d-c9a4-4ee3-9f4e-f6fee000f566 - 使用预热缓存的业务线配置
2026-07-22 10:20:30 | INFO     | app.services.exam_engine:_load_persona_configs:561 | trace_id=d117a493-cc11-43ac-b92e-2e0c4d8d0f2e - 成功从数据库加载 5 个人格配置（过滤空配置后）
2026-07-22 10:20:30 | INFO     | app.services.external_kb:get_node_by_id:146 | trace_id=5e75310d-c9a4-4ee3-9f4e-f6fee000f566 - 获取特定知识点内容: node_id='kb_015'
2026-07-22 10:20:30 | INFO     | app.services.external_kb:get_node_by_id:146 | trace_id=5e75310d-c9a4-4ee3-9f4e-f6fee000f566 - 获取特定知识点内容: node_id='kb_031'
2026-07-22 10:20:30 | INFO     | app.services.external_kb:get_node_by_id:146 | trace_id=5e75310d-c9a4-4ee3-9f4e-f6fee000f566 - 获取特定知识点内容: node_id='kb_032'
2026-07-22 10:20:30 | INFO     | app.services.external_kb:get_node_by_id:146 | trace_id=5e75310d-c9a4-4ee3-9f4e-f6fee000f566 - 获取特定知识点内容: node_id='kb_033'
2026-07-22 10:20:30 | INFO     | app.services.external_kb:get_node_by_id:146 | trace_id=5e75310d-c9a4-4ee3-9f4e-f6fee000f566 - 获取特定知识点内容: node_id='kb_034'
2026-07-22 10:20:35 | INFO     | app.services.exam_engine:_load_project_scenario:590 | trace_id=5e75310d-c9a4-4ee3-9f4e-f6fee000f566 - 加载 PBL 项目场景: 密码管理完整流程, 任务数=3
2026-07-22 10:20:39 | INFO     | app.services.exam_engine:initialize_exam:682 | trace_id=5e75310d-c9a4-4ee3-9f4e-f6fee000f566 - PBL 项目制模式: 密码管理完整流程, 任务数=3
2026-07-22 10:20:39 | INFO     | app.services.exam_engine:initialize_exam:742 | trace_id=5e75310d-c9a4-4ee3-9f4e-f6fee000f566 - 考试初始化完成: 模式=project, 人格=[Test] 极其急躁型客户, 业务线=密码重置, 初始烦躁值=20, 目标数=3
2026-07-22 10:20:39 | INFO     | app.services.retrieval_pipeline:search:297 | trace_id=5e75310d-c9a4-4ee3-9f4e-f6fee000f566 - 高级检索管线启动: query='密码重置'
2026-07-22 10:20:39 | INFO     | app.services.retrieval_pipeline:rewrite:41 | trace_id=5e75310d-c9a4-4ee3-9f4e-f6fee000f566 - 查询改写开始: 密码重置
2026-07-22 10:20:41 | INFO     | app.services.retrieval_pipeline:rewrite:53 | trace_id=5e75310d-c9a4-4ee3-9f4e-f6fee000f566 - 查询改写结果: {'main_query': '密码重置流程', 'sub_queries': ['网银密码重置', '手机银行密码重置', '银行卡密码修改'], 'intent_tags': ['业务流程', '风控规则'], 'expected_content_type': 'sop'}
2026-07-22 10:20:41 | INFO     | app.services.external_kb:search_knowledge:116 | trace_id=5e75310d-c9a4-4ee3-9f4e-f6fee000f566 - 正在执行向量检索: query='密码重置流程', top_k=10
2026-07-22 10:20:41 | INFO     | app.services.external_kb:search_knowledge:116 | trace_id=5e75310d-c9a4-4ee3-9f4e-f6fee000f566 - 正在执行向量检索: query='网银密码重置', top_k=10
2026-07-22 10:20:41 | INFO     | app.services.retrieval_pipeline:search:117 | trace_id=5e75310d-c9a4-4ee3-9f4e-f6fee000f566 - BM25 检索: query='密码重置流程', top_k=10
2026-07-22 10:20:41 | INFO     | app.services.retrieval_pipeline:search:117 | trace_id=5e75310d-c9a4-4ee3-9f4e-f6fee000f566 - BM25 检索: query='网银密码重置', top_k=10
2026-07-22 10:20:41 | INFO     | app.services.retrieval_pipeline:_load_reranker:155 | trace_id=d117a493-cc11-43ac-b92e-2e0c4d8d0f2e - BGE Reranker 未启用（设置环境变量 ENABLE_RERANKER=1 以启用），使用降级关键词覆盖率评分
2026-07-22 10:20:41 | INFO     | app.services.retrieval_pipeline:rerank:193 | trace_id=5e75310d-c9a4-4ee3-9f4e-f6fee000f566 - 重排序开始，候选数: 14
2026-07-22 10:20:41 | INFO     | app.services.retrieval_pipeline:rerank:221 | trace_id=5e75310d-c9a4-4ee3-9f4e-f6fee000f566 - 重排序完成，返回 Top-10
2026-07-22 10:20:41 | INFO     | app.services.retrieval_pipeline:search:344 | trace_id=5e75310d-c9a4-4ee3-9f4e-f6fee000f566 - 检索管线完成: 向量20 + BM257 → 去重14 → 重排10 → 最终5
2026-07-22 10:20:41 | INFO     | app.agents.persona_agent:generate_reply:27 | trace_id=5e75310d-c9a4-4ee3-9f4e-f6fee000f566 - PersonaAgent 正在生成客户回复
2026-07-22 10:21:22 | INFO     | app.services.retrieval_pipeline:search:297 | trace_id=fa36df7b-3eb9-4cab-8813-6d3cfec5a0da - 高级检索管线启动: query='密码重置'
2026-07-22 10:21:22 | INFO     | app.services.retrieval_pipeline:rewrite:41 | trace_id=fa36df7b-3eb9-4cab-8813-6d3cfec5a0da - 查询改写开始: 密码重置
2026-07-22 10:21:24 | INFO     | app.services.retrieval_pipeline:rewrite:53 | trace_id=fa36df7b-3eb9-4cab-8813-6d3cfec5a0da - 查询改写结果: {'main_query': '密码重置流程', 'sub_queries': ['忘记密码如何处理', '修改网银登录密码', '客服密码重置标准操作'], 'intent_tags': ['业务流程', '风控规则'], 'expected_content_type': 'sop'}
2026-07-22 10:21:24 | INFO     | app.services.external_kb:search_knowledge:116 | trace_id=fa36df7b-3eb9-4cab-8813-6d3cfec5a0da - 正在执行向量检索: query='密码重置流程', top_k=10
2026-07-22 10:21:24 | INFO     | app.services.external_kb:search_knowledge:116 | trace_id=fa36df7b-3eb9-4cab-8813-6d3cfec5a0da - 正在执行向量检索: query='忘记密码如何处理', top_k=10
2026-07-22 10:21:24 | INFO     | app.services.retrieval_pipeline:search:117 | trace_id=fa36df7b-3eb9-4cab-8813-6d3cfec5a0da - BM25 检索: query='密码重置流程', top_k=10
2026-07-22 10:21:24 | INFO     | app.services.retrieval_pipeline:search:117 | trace_id=fa36df7b-3eb9-4cab-8813-6d3cfec5a0da - BM25 检索: query='忘记密码如何处理', top_k=10
2026-07-22 10:21:24 | INFO     | app.services.retrieval_pipeline:rerank:193 | trace_id=fa36df7b-3eb9-4cab-8813-6d3cfec5a0da - 重排序开始，候选数: 16
2026-07-22 10:21:24 | INFO     | app.services.retrieval_pipeline:rerank:221 | trace_id=fa36df7b-3eb9-4cab-8813-6d3cfec5a0da - 重排序完成，返回 Top-10
2026-07-22 10:21:24 | INFO     | app.services.retrieval_pipeline:search:344 | trace_id=fa36df7b-3eb9-4cab-8813-6d3cfec5a0da - 检索管线完成: 向量20 + BM256 → 去重16 → 重排10 → 最终5
2026-07-22 10:21:24 | INFO     | app.agents.persona_agent:generate_reply:27 | trace_id=fa36df7b-3eb9-4cab-8813-6d3cfec5a0da - PersonaAgent 正在生成客户回复
2026-07-22 10:21:49 | INFO     | app.services.retrieval_pipeline:search:297 | trace_id=835a3d8b-e474-414b-8ae1-799ca5e5caa3 - 高级检索管线启动: query='密码重置'
2026-07-22 10:21:49 | INFO     | app.services.retrieval_pipeline:rewrite:41 | trace_id=835a3d8b-e474-414b-8ae1-799ca5e5caa3 - 查询改写开始: 密码重置
2026-07-22 10:22:26 | INFO     | app.services.retrieval_pipeline:rewrite:53 | trace_id=835a3d8b-e474-414b-8ae1-799ca5e5caa3 - 查询改写结果: {'main_query': '密码重置流程', 'sub_queries': ['密码修改操作', '忘记密码处理', '身份验证后密码重置'], 'intent_tags': ['业务流程', '风控规则'], 'expected_content_type': 'sop|rule|case|faq'}
2026-07-22 10:22:26 | INFO     | app.services.external_kb:search_knowledge:116 | trace_id=835a3d8b-e474-414b-8ae1-799ca5e5caa3 - 正在执行向量检索: query='密码重置流程', top_k=10
2026-07-22 10:22:26 | INFO     | app.services.external_kb:search_knowledge:116 | trace_id=835a3d8b-e474-414b-8ae1-799ca5e5caa3 - 正在执行向量检索: query='密码修改操作', top_k=10
2026-07-22 10:22:26 | INFO     | app.services.retrieval_pipeline:search:117 | trace_id=835a3d8b-e474-414b-8ae1-799ca5e5caa3 - BM25 检索: query='密码重置流程', top_k=10
2026-07-22 10:22:26 | INFO     | app.services.retrieval_pipeline:search:117 | trace_id=835a3d8b-e474-414b-8ae1-799ca5e5caa3 - BM25 检索: query='密码修改操作', top_k=10
2026-07-22 10:22:26 | INFO     | app.services.retrieval_pipeline:rerank:193 | trace_id=835a3d8b-e474-414b-8ae1-799ca5e5caa3 - 重排序开始，候选数: 14
2026-07-22 10:22:26 | INFO     | app.services.retrieval_pipeline:rerank:221 | trace_id=835a3d8b-e474-414b-8ae1-799ca5e5caa3 - 重排序完成，返回 Top-10
2026-07-22 10:22:26 | INFO     | app.services.retrieval_pipeline:search:344 | trace_id=835a3d8b-e474-414b-8ae1-799ca5e5caa3 - 检索管线完成: 向量20 + BM253 → 去重14 → 重排10 → 最终5
2026-07-22 10:22:26 | INFO     | app.agents.persona_agent:generate_reply:27 | trace_id=835a3d8b-e474-414b-8ae1-799ca5e5caa3 - PersonaAgent 正在生成客户回复
2026-07-22 10:23:05 | INFO     | app.services.retrieval_pipeline:search:297 | trace_id=bbba380b-dc5b-44f8-b29d-7178d4cc9b7c - 高级检索管线启动: query='密码重置'
2026-07-22 10:23:05 | INFO     | app.services.retrieval_pipeline:rewrite:41 | trace_id=bbba380b-dc5b-44f8-b29d-7178d4cc9b7c - 查询改写开始: 密码重置
2026-07-22 10:23:07 | INFO     | app.services.retrieval_pipeline:rewrite:53 | trace_id=bbba380b-dc5b-44f8-b29d-7178d4cc9b7c - 查询改写结果: {'main_query': '密码重置', 'sub_queries': ['忘记密码处理流程', '在线银行密码修改', '银行卡密码挂失与重置'], 'intent_tags': ['账户管理', '安全操作', '客户支持'], 'expected_content_type': 'sop|faq'}
2026-07-22 10:23:07 | INFO     | app.services.external_kb:search_knowledge:116 | trace_id=bbba380b-dc5b-44f8-b29d-7178d4cc9b7c - 正在执行向量检索: query='密码重置', top_k=10
2026-07-22 10:23:08 | INFO     | app.services.external_kb:search_knowledge:116 | trace_id=bbba380b-dc5b-44f8-b29d-7178d4cc9b7c - 正在执行向量检索: query='忘记密码处理流程', top_k=10
2026-07-22 10:23:08 | INFO     | app.services.retrieval_pipeline:search:117 | trace_id=bbba380b-dc5b-44f8-b29d-7178d4cc9b7c - BM25 检索: query='密码重置', top_k=10
2026-07-22 10:23:08 | INFO     | app.services.retrieval_pipeline:search:117 | trace_id=bbba380b-dc5b-44f8-b29d-7178d4cc9b7c - BM25 检索: query='忘记密码处理流程', top_k=10
2026-07-22 10:23:08 | INFO     | app.services.retrieval_pipeline:rerank:193 | trace_id=bbba380b-dc5b-44f8-b29d-7178d4cc9b7c - 重排序开始，候选数: 16
2026-07-22 10:23:08 | INFO     | app.services.retrieval_pipeline:rerank:221 | trace_id=bbba380b-dc5b-44f8-b29d-7178d4cc9b7c - 重排序完成，返回 Top-10
2026-07-22 10:23:08 | INFO     | app.services.retrieval_pipeline:search:344 | trace_id=bbba380b-dc5b-44f8-b29d-7178d4cc9b7c - 检索管线完成: 向量20 + BM256 → 去重16 → 重排10 → 最终5
2026-07-22 10:23:08 | INFO     | app.agents.persona_agent:generate_reply:27 | trace_id=bbba380b-dc5b-44f8-b29d-7178d4cc9b7c - PersonaAgent 正在生成客户回复
2026-07-22 10:23:16 | INFO     | app.services.retrieval_pipeline:search:297 | trace_id=822abe5c-22d2-4bd5-a3a0-34783cfe21c5 - 高级检索管线启动: query='密码重置'
2026-07-22 10:23:16 | INFO     | app.services.retrieval_pipeline:rewrite:41 | trace_id=822abe5c-22d2-4bd5-a3a0-34783cfe21c5 - 查询改写开始: 密码重置
2026-07-22 10:23:18 | INFO     | app.services.retrieval_pipeline:rewrite:53 | trace_id=822abe5c-22d2-4bd5-a3a0-34783cfe21c5 - 查询改写结果: {'main_query': '密码重置', 'sub_queries': ['忘记密码流程', '网银密码修改', '客服密码重置权限'], 'intent_tags': ['业务流程', '风控规则'], 'expected_content_type': 'sop'}
2026-07-22 10:23:18 | INFO     | app.services.external_kb:search_knowledge:116 | trace_id=822abe5c-22d2-4bd5-a3a0-34783cfe21c5 - 正在执行向量检索: query='密码重置', top_k=10
2026-07-22 10:23:18 | INFO     | app.services.external_kb:search_knowledge:116 | trace_id=822abe5c-22d2-4bd5-a3a0-34783cfe21c5 - 正在执行向量检索: query='忘记密码流程', top_k=10
2026-07-22 10:23:18 | INFO     | app.services.retrieval_pipeline:search:117 | trace_id=822abe5c-22d2-4bd5-a3a0-34783cfe21c5 - BM25 检索: query='密码重置', top_k=10
2026-07-22 10:23:18 | INFO     | app.services.retrieval_pipeline:search:117 | trace_id=822abe5c-22d2-4bd5-a3a0-34783cfe21c5 - BM25 检索: query='忘记密码流程', top_k=10
2026-07-22 10:23:18 | INFO     | app.services.retrieval_pipeline:rerank:193 | trace_id=822abe5c-22d2-4bd5-a3a0-34783cfe21c5 - 重排序开始，候选数: 17
2026-07-22 10:23:18 | INFO     | app.services.retrieval_pipeline:rerank:221 | trace_id=822abe5c-22d2-4bd5-a3a0-34783cfe21c5 - 重排序完成，返回 Top-10
2026-07-22 10:23:18 | INFO     | app.services.retrieval_pipeline:search:344 | trace_id=822abe5c-22d2-4bd5-a3a0-34783cfe21c5 - 检索管线完成: 向量20 + BM256 → 去重17 → 重排10 → 最终5
2026-07-22 10:23:18 | INFO     | app.agents.persona_agent:generate_reply:27 | trace_id=822abe5c-22d2-4bd5-a3a0-34783cfe21c5 - PersonaAgent 正在生成客户回复
2026-07-22 10:23:34 | INFO     | app.services.retrieval_pipeline:search:297 | trace_id=83d08761-b7e4-4a26-9c15-9d8d411a6f6f - 高级检索管线启动: query='密码重置'
2026-07-22 10:23:34 | INFO     | app.services.retrieval_pipeline:rewrite:41 | trace_id=83d08761-b7e4-4a26-9c15-9d8d411a6f6f - 查询改写开始: 密码重置
2026-07-22 10:23:36 | INFO     | app.services.retrieval_pipeline:rewrite:53 | trace_id=83d08761-b7e4-4a26-9c15-9d8d411a6f6f - 查询改写结果: {'main_query': '密码重置流程', 'sub_queries': ['网上银行密码修改', '忘记密码处理流程', '密码重置身份验证'], 'intent_tags': ['业务流程', '风控规则'], 'expected_content_type': 'sop'}
2026-07-22 10:23:36 | INFO     | app.services.external_kb:search_knowledge:116 | trace_id=83d08761-b7e4-4a26-9c15-9d8d411a6f6f - 正在执行向量检索: query='密码重置流程', top_k=10
2026-07-22 10:23:36 | INFO     | app.services.external_kb:search_knowledge:116 | trace_id=83d08761-b7e4-4a26-9c15-9d8d411a6f6f - 正在执行向量检索: query='网上银行密码修改', top_k=10
2026-07-22 10:23:36 | INFO     | app.services.retrieval_pipeline:search:117 | trace_id=83d08761-b7e4-4a26-9c15-9d8d411a6f6f - BM25 检索: query='密码重置流程', top_k=10
2026-07-22 10:23:36 | INFO     | app.services.retrieval_pipeline:search:117 | trace_id=83d08761-b7e4-4a26-9c15-9d8d411a6f6f - BM25 检索: query='网上银行密码修改', top_k=10
2026-07-22 10:23:36 | INFO     | app.services.retrieval_pipeline:rerank:193 | trace_id=83d08761-b7e4-4a26-9c15-9d8d411a6f6f - 重排序开始，候选数: 15
2026-07-22 10:23:36 | INFO     | app.services.retrieval_pipeline:rerank:221 | trace_id=83d08761-b7e4-4a26-9c15-9d8d411a6f6f - 重排序完成，返回 Top-10
2026-07-22 10:23:36 | INFO     | app.services.retrieval_pipeline:search:344 | trace_id=83d08761-b7e4-4a26-9c15-9d8d411a6f6f - 检索管线完成: 向量20 + BM253 → 去重15 → 重排10 → 最终5
2026-07-22 10:23:36 | INFO     | app.agents.persona_agent:generate_reply:27 | trace_id=83d08761-b7e4-4a26-9c15-9d8d411a6f6f - PersonaAgent 正在生成客户回复
2026-07-22 10:23:39 | INFO     | app.services.external_kb:get_node_by_id:146 | trace_id=83d08761-b7e4-4a26-9c15-9d8d411a6f6f - 获取特定知识点内容: node_id='kb_041'
2026-07-22 10:23:39 | INFO     | app.services.external_kb:get_node_by_id:146 | trace_id=83d08761-b7e4-4a26-9c15-9d8d411a6f6f - 获取特定知识点内容: node_id='kb_042'
2026-07-22 10:23:39 | INFO     | app.services.external_kb:get_node_by_id:146 | trace_id=83d08761-b7e4-4a26-9c15-9d8d411a6f6f - 获取特定知识点内容: node_id='kb_043'
2026-07-22 10:23:39 | INFO     | app.services.external_kb:get_node_by_id:146 | trace_id=83d08761-b7e4-4a26-9c15-9d8d411a6f6f - 获取特定知识点内容: node_id='kb_044'
2026-07-22 10:23:39 | INFO     | app.services.external_kb:get_node_by_id:146 | trace_id=83d08761-b7e4-4a26-9c15-9d8d411a6f6f - 获取特定知识点内容: node_id='kb_045'
2026-07-22 10:23:44 | INFO     | app.services.exam_engine:_load_project_scenario:590 | trace_id=83d08761-b7e4-4a26-9c15-9d8d411a6f6f - 加载 PBL 项目场景: 完整投诉处理流程, 任务数=3
2026-07-22 10:23:44 | INFO     | app.services.exam_engine:process_round:987 | trace_id=83d08761-b7e4-4a26-9c15-9d8d411a6f6f - 业务线切换后重新加载项目场景: 完整投诉处理流程
2026-07-22 10:23:56 | INFO     | app.services.retrieval_pipeline:search:297 | trace_id=b77560b6-8f1b-44f3-84cc-0db7577fc2db - 高级检索管线启动: query='营销活动'
2026-07-22 10:23:56 | INFO     | app.services.retrieval_pipeline:rewrite:41 | trace_id=b77560b6-8f1b-44f3-84cc-0db7577fc2db - 查询改写开始: 营销活动
2026-07-22 10:23:58 | INFO     | app.services.retrieval_pipeline:rewrite:53 | trace_id=b77560b6-8f1b-44f3-84cc-0db7577fc2db - 查询改写结果: {'main_query': '营销活动', 'sub_queries': ['营销活动流程', '营销活动话术', '营销活动规则'], 'intent_tags': ['业务流程', '客户服务'], 'expected_content_type': 'sop'}
2026-07-22 10:23:58 | INFO     | app.services.external_kb:search_knowledge:116 | trace_id=b77560b6-8f1b-44f3-84cc-0db7577fc2db - 正在执行向量检索: query='营销活动', top_k=10
2026-07-22 10:23:58 | INFO     | app.services.external_kb:search_knowledge:116 | trace_id=b77560b6-8f1b-44f3-84cc-0db7577fc2db - 正在执行向量检索: query='营销活动流程', top_k=10
2026-07-22 10:23:58 | INFO     | app.services.retrieval_pipeline:search:117 | trace_id=b77560b6-8f1b-44f3-84cc-0db7577fc2db - BM25 检索: query='营销活动', top_k=10
2026-07-22 10:23:58 | INFO     | app.services.retrieval_pipeline:search:117 | trace_id=b77560b6-8f1b-44f3-84cc-0db7577fc2db - BM25 检索: query='营销活动流程', top_k=10
2026-07-22 10:23:58 | INFO     | app.services.retrieval_pipeline:rerank:193 | trace_id=b77560b6-8f1b-44f3-84cc-0db7577fc2db - 重排序开始，候选数: 11
2026-07-22 10:23:58 | INFO     | app.services.retrieval_pipeline:rerank:221 | trace_id=b77560b6-8f1b-44f3-84cc-0db7577fc2db - 重排序完成，返回 Top-10
2026-07-22 10:23:58 | INFO     | app.services.retrieval_pipeline:search:344 | trace_id=b77560b6-8f1b-44f3-84cc-0db7577fc2db - 检索管线完成: 向量20 + BM250 → 去重11 → 重排10 → 最终5
2026-07-22 10:23:58 | INFO     | app.agents.persona_agent:generate_reply:27 | trace_id=b77560b6-8f1b-44f3-84cc-0db7577fc2db - PersonaAgent 正在生成客户回复
2026-07-22 10:24:09 | INFO     | app.services.retrieval_pipeline:search:297 | trace_id=b6160df9-5c84-4d84-824a-d8007633b3eb - 高级检索管线启动: query='营销活动'
2026-07-22 10:24:09 | INFO     | app.services.retrieval_pipeline:rewrite:41 | trace_id=b6160df9-5c84-4d84-824a-d8007633b3eb - 查询改写开始: 营销活动
2026-07-22 10:24:11 | INFO     | app.services.retrieval_pipeline:rewrite:53 | trace_id=b6160df9-5c84-4d84-824a-d8007633b3eb - 查询改写结果: {'main_query': '营销活动', 'sub_queries': ['营销活动策划流程', '营销活动客户参与规则', '营销活动话术案例'], 'intent_tags': ['业务流程', '客户服务'], 'expected_content_type': 'sop|case'}
2026-07-22 10:24:11 | INFO     | app.services.external_kb:search_knowledge:116 | trace_id=b6160df9-5c84-4d84-824a-d8007633b3eb - 正在执行向量检索: query='营销活动', top_k=10
2026-07-22 10:24:11 | INFO     | app.services.external_kb:search_knowledge:116 | trace_id=b6160df9-5c84-4d84-824a-d8007633b3eb - 正在执行向量检索: query='营销活动策划流程', top_k=10
2026-07-22 10:24:11 | INFO     | app.services.retrieval_pipeline:search:117 | trace_id=b6160df9-5c84-4d84-824a-d8007633b3eb - BM25 检索: query='营销活动', top_k=10
2026-07-22 10:24:11 | INFO     | app.services.retrieval_pipeline:search:117 | trace_id=b6160df9-5c84-4d84-824a-d8007633b3eb - BM25 检索: query='营销活动策划流程', top_k=10
2026-07-22 10:24:11 | INFO     | app.services.retrieval_pipeline:rerank:193 | trace_id=b6160df9-5c84-4d84-824a-d8007633b3eb - 重排序开始，候选数: 11
2026-07-22 10:24:11 | INFO     | app.services.retrieval_pipeline:rerank:221 | trace_id=b6160df9-5c84-4d84-824a-d8007633b3eb - 重排序完成，返回 Top-10
2026-07-22 10:24:11 | INFO     | app.services.retrieval_pipeline:search:344 | trace_id=b6160df9-5c84-4d84-824a-d8007633b3eb - 检索管线完成: 向量20 + BM250 → 去重11 → 重排10 → 最终5
2026-07-22 10:24:11 | INFO     | app.agents.persona_agent:generate_reply:27 | trace_id=b6160df9-5c84-4d84-824a-d8007633b3eb - PersonaAgent 正在生成客户回复
2026-07-22 10:24:47 | INFO     | app.services.retrieval_pipeline:search:297 | trace_id=58674c67-cadd-4bdc-a291-b5e6e6318cce - 高级检索管线启动: query='营销活动'
2026-07-22 10:24:47 | INFO     | app.services.retrieval_pipeline:rewrite:41 | trace_id=58674c67-cadd-4bdc-a291-b5e6e6318cce - 查询改写开始: 营销活动
2026-07-22 10:24:50 | INFO     | app.services.retrieval_pipeline:rewrite:53 | trace_id=58674c67-cadd-4bdc-a291-b5e6e6318cce - 查询改写结果: {'main_query': '营销活动', 'sub_queries': ['营销活动方案', '营销活动操作流程', '营销活动合规规则'], 'intent_tags': ['业务流程', '风控规则'], 'expected_content_type': 'sop|rule|case'}
2026-07-22 10:24:50 | INFO     | app.services.external_kb:search_knowledge:116 | trace_id=58674c67-cadd-4bdc-a291-b5e6e6318cce - 正在执行向量检索: query='营销活动', top_k=10
2026-07-22 10:24:50 | INFO     | app.services.external_kb:search_knowledge:116 | trace_id=58674c67-cadd-4bdc-a291-b5e6e6318cce - 正在执行向量检索: query='营销活动方案', top_k=10
2026-07-22 10:24:50 | INFO     | app.services.retrieval_pipeline:search:117 | trace_id=58674c67-cadd-4bdc-a291-b5e6e6318cce - BM25 检索: query='营销活动', top_k=10
2026-07-22 10:24:50 | INFO     | app.services.retrieval_pipeline:search:117 | trace_id=58674c67-cadd-4bdc-a291-b5e6e6318cce - BM25 检索: query='营销活动方案', top_k=10
2026-07-22 10:24:50 | INFO     | app.services.retrieval_pipeline:rerank:193 | trace_id=58674c67-cadd-4bdc-a291-b5e6e6318cce - 重排序开始，候选数: 11
2026-07-22 10:24:50 | INFO     | app.services.retrieval_pipeline:rerank:221 | trace_id=58674c67-cadd-4bdc-a291-b5e6e6318cce - 重排序完成，返回 Top-10
2026-07-22 10:24:50 | INFO     | app.services.retrieval_pipeline:search:344 | trace_id=58674c67-cadd-4bdc-a291-b5e6e6318cce - 检索管线完成: 向量20 + BM250 → 去重11 → 重排10 → 最终5
2026-07-22 10:24:50 | INFO     | app.agents.persona_agent:generate_reply:27 | trace_id=58674c67-cadd-4bdc-a291-b5e6e6318cce - PersonaAgent 正在生成客户回复
2026-07-22 10:25:18 | INFO     | app.services.retrieval_pipeline:search:297 | trace_id=32980bb8-9fc1-4e3f-ad5c-a84a60793447 - 高级检索管线启动: query='营销活动'
2026-07-22 10:25:18 | INFO     | app.services.retrieval_pipeline:rewrite:41 | trace_id=32980bb8-9fc1-4e3f-ad5c-a84a60793447 - 查询改写开始: 营销活动
2026-07-22 10:25:20 | INFO     | app.services.retrieval_pipeline:rewrite:53 | trace_id=32980bb8-9fc1-4e3f-ad5c-a84a60793447 - 查询改写结果: {'main_query': '营销活动', 'sub_queries': ['营销活动策划与执行', '营销活动常见问题', '营销活动风险控制'], 'intent_tags': ['业务流程', '风险合规'], 'expected_content_type': 'sop|rule|case|faq'}
2026-07-22 10:25:20 | INFO     | app.services.external_kb:search_knowledge:116 | trace_id=32980bb8-9fc1-4e3f-ad5c-a84a60793447 - 正在执行向量检索: query='营销活动', top_k=10
2026-07-22 10:25:20 | INFO     | app.services.external_kb:search_knowledge:116 | trace_id=32980bb8-9fc1-4e3f-ad5c-a84a60793447 - 正在执行向量检索: query='营销活动策划与执行', top_k=10
2026-07-22 10:25:20 | INFO     | app.services.retrieval_pipeline:search:117 | trace_id=32980bb8-9fc1-4e3f-ad5c-a84a60793447 - BM25 检索: query='营销活动', top_k=10
2026-07-22 10:25:20 | INFO     | app.services.retrieval_pipeline:search:117 | trace_id=32980bb8-9fc1-4e3f-ad5c-a84a60793447 - BM25 检索: query='营销活动策划与执行', top_k=10
2026-07-22 10:25:20 | INFO     | app.services.retrieval_pipeline:rerank:193 | trace_id=32980bb8-9fc1-4e3f-ad5c-a84a60793447 - 重排序开始，候选数: 11
2026-07-22 10:25:20 | INFO     | app.services.retrieval_pipeline:rerank:221 | trace_id=32980bb8-9fc1-4e3f-ad5c-a84a60793447 - 重排序完成，返回 Top-10
2026-07-22 10:25:20 | INFO     | app.services.retrieval_pipeline:search:344 | trace_id=32980bb8-9fc1-4e3f-ad5c-a84a60793447 - 检索管线完成: 向量20 + BM250 → 去重11 → 重排10 → 最终5
2026-07-22 10:25:20 | INFO     | app.agents.persona_agent:generate_reply:27 | trace_id=32980bb8-9fc1-4e3f-ad5c-a84a60793447 - PersonaAgent 正在生成客户回复
2026-07-22 10:25:42 | INFO     | app.services.retrieval_pipeline:search:297 | trace_id=0e61629e-5b6a-482a-8407-5b9247b92341 - 高级检索管线启动: query='营销活动'
2026-07-22 10:25:42 | INFO     | app.services.retrieval_pipeline:rewrite:41 | trace_id=0e61629e-5b6a-482a-8407-5b9247b92341 - 查询改写开始: 营销活动
2026-07-22 10:25:45 | INFO     | app.services.retrieval_pipeline:rewrite:53 | trace_id=0e61629e-5b6a-482a-8407-5b9247b92341 - 查询改写结果: {'main_query': '营销活动', 'sub_queries': ['活动策划流程', '客户营销方案', '促销推广执行'], 'intent_tags': ['业务流程', '产品销售', '客户服务'], 'expected_content_type': 'sop|case|faq'}
2026-07-22 10:25:45 | INFO     | app.services.external_kb:search_knowledge:116 | trace_id=0e61629e-5b6a-482a-8407-5b9247b92341 - 正在执行向量检索: query='营销活动', top_k=10
2026-07-22 10:25:45 | INFO     | app.services.external_kb:search_knowledge:116 | trace_id=0e61629e-5b6a-482a-8407-5b9247b92341 - 正在执行向量检索: query='活动策划流程', top_k=10
2026-07-22 10:25:45 | INFO     | app.services.retrieval_pipeline:search:117 | trace_id=0e61629e-5b6a-482a-8407-5b9247b92341 - BM25 检索: query='营销活动', top_k=10
2026-07-22 10:25:45 | INFO     | app.services.retrieval_pipeline:search:117 | trace_id=0e61629e-5b6a-482a-8407-5b9247b92341 - BM25 检索: query='活动策划流程', top_k=10
2026-07-22 10:25:45 | INFO     | app.services.retrieval_pipeline:rerank:193 | trace_id=0e61629e-5b6a-482a-8407-5b9247b92341 - 重排序开始，候选数: 14
2026-07-22 10:25:45 | INFO     | app.services.retrieval_pipeline:rerank:221 | trace_id=0e61629e-5b6a-482a-8407-5b9247b92341 - 重排序完成，返回 Top-10
2026-07-22 10:25:45 | INFO     | app.services.retrieval_pipeline:search:344 | trace_id=0e61629e-5b6a-482a-8407-5b9247b92341 - 检索管线完成: 向量20 + BM250 → 去重14 → 重排10 → 最终5
2026-07-22 10:25:45 | INFO     | app.agents.persona_agent:generate_reply:27 | trace_id=0e61629e-5b6a-482a-8407-5b9247b92341 - PersonaAgent 正在生成客户回复
2026-07-22 10:26:17 | INFO     | app.services.retrieval_pipeline:search:297 | trace_id=c0a9cc0f-8b2b-4ffe-b4f5-3b9a8bc6324f - 高级检索管线启动: query='营销活动'
2026-07-22 10:26:17 | INFO     | app.services.retrieval_pipeline:rewrite:41 | trace_id=c0a9cc0f-8b2b-4ffe-b4f5-3b9a8bc6324f - 查询改写开始: 营销活动
2026-07-22 10:26:19 | INFO     | app.services.retrieval_pipeline:rewrite:53 | trace_id=c0a9cc0f-8b2b-4ffe-b4f5-3b9a8bc6324f - 查询改写结果: {'main_query': '营销活动', 'sub_queries': ['营销活动类型', '营销活动话术', '营销活动规则'], 'intent_tags': ['业务流程', '产品知识'], 'expected_content_type': 'sop'}
2026-07-22 10:26:19 | INFO     | app.services.external_kb:search_knowledge:116 | trace_id=c0a9cc0f-8b2b-4ffe-b4f5-3b9a8bc6324f - 正在执行向量检索: query='营销活动', top_k=10
2026-07-22 10:26:19 | INFO     | app.services.external_kb:search_knowledge:116 | trace_id=c0a9cc0f-8b2b-4ffe-b4f5-3b9a8bc6324f - 正在执行向量检索: query='营销活动类型', top_k=10
2026-07-22 10:26:19 | INFO     | app.services.retrieval_pipeline:search:117 | trace_id=c0a9cc0f-8b2b-4ffe-b4f5-3b9a8bc6324f - BM25 检索: query='营销活动', top_k=10
2026-07-22 10:26:19 | INFO     | app.services.retrieval_pipeline:search:117 | trace_id=c0a9cc0f-8b2b-4ffe-b4f5-3b9a8bc6324f - BM25 检索: query='营销活动类型', top_k=10
2026-07-22 10:26:19 | INFO     | app.services.retrieval_pipeline:rerank:193 | trace_id=c0a9cc0f-8b2b-4ffe-b4f5-3b9a8bc6324f - 重排序开始，候选数: 10
2026-07-22 10:26:19 | INFO     | app.services.retrieval_pipeline:rerank:221 | trace_id=c0a9cc0f-8b2b-4ffe-b4f5-3b9a8bc6324f - 重排序完成，返回 Top-10
2026-07-22 10:26:19 | INFO     | app.services.retrieval_pipeline:search:344 | trace_id=c0a9cc0f-8b2b-4ffe-b4f5-3b9a8bc6324f - 检索管线完成: 向量20 + BM250 → 去重10 → 重排10 → 最终5
2026-07-22 10:26:19 | INFO     | app.agents.persona_agent:generate_reply:27 | trace_id=c0a9cc0f-8b2b-4ffe-b4f5-3b9a8bc6324f - PersonaAgent 正在生成客户回复
2026-07-22 10:26:53 | INFO     | app.services.retrieval_pipeline:search:297 | trace_id=a1707ca3-6330-4f98-bd3b-4882d7f9ad39 - 高级检索管线启动: query='营销活动'
2026-07-22 10:26:53 | INFO     | app.services.retrieval_pipeline:rewrite:41 | trace_id=a1707ca3-6330-4f98-bd3b-4882d7f9ad39 - 查询改写开始: 营销活动
2026-07-22 10:26:56 | INFO     | app.services.retrieval_pipeline:rewrite:53 | trace_id=a1707ca3-6330-4f98-bd3b-4882d7f9ad39 - 查询改写结果: {'main_query': '营销活动', 'sub_queries': ['营销活动类型', '营销活动操作流程', '营销活动客户咨询'], 'intent_tags': ['业务流程', '产品与服务'], 'expected_content_type': 'sop|faq|case'}
2026-07-22 10:26:56 | INFO     | app.services.external_kb:search_knowledge:116 | trace_id=a1707ca3-6330-4f98-bd3b-4882d7f9ad39 - 正在执行向量检索: query='营销活动', top_k=10
2026-07-22 10:26:56 | INFO     | app.services.external_kb:search_knowledge:116 | trace_id=a1707ca3-6330-4f98-bd3b-4882d7f9ad39 - 正在执行向量检索: query='营销活动类型', top_k=10
2026-07-22 10:26:56 | INFO     | app.services.retrieval_pipeline:search:117 | trace_id=a1707ca3-6330-4f98-bd3b-4882d7f9ad39 - BM25 检索: query='营销活动', top_k=10
2026-07-22 10:26:56 | INFO     | app.services.retrieval_pipeline:search:117 | trace_id=a1707ca3-6330-4f98-bd3b-4882d7f9ad39 - BM25 检索: query='营销活动类型', top_k=10
2026-07-22 10:26:56 | INFO     | app.services.retrieval_pipeline:rerank:193 | trace_id=a1707ca3-6330-4f98-bd3b-4882d7f9ad39 - 重排序开始，候选数: 10
2026-07-22 10:26:56 | INFO     | app.services.retrieval_pipeline:rerank:221 | trace_id=a1707ca3-6330-4f98-bd3b-4882d7f9ad39 - 重排序完成，返回 Top-10
2026-07-22 10:26:56 | INFO     | app.services.retrieval_pipeline:search:344 | trace_id=a1707ca3-6330-4f98-bd3b-4882d7f9ad39 - 检索管线完成: 向量20 + BM250 → 去重10 → 重排10 → 最终5
2026-07-22 10:26:56 | INFO     | app.agents.persona_agent:generate_reply:27 | trace_id=a1707ca3-6330-4f98-bd3b-4882d7f9ad39 - PersonaAgent 正在生成客户回复
2026-07-22 10:26:58 | INFO     | app.services.external_kb:get_node_by_id:146 | trace_id=a1707ca3-6330-4f98-bd3b-4882d7f9ad39 - 获取特定知识点内容: node_id='kb_001'
2026-07-22 10:26:58 | INFO     | app.services.external_kb:get_node_by_id:146 | trace_id=a1707ca3-6330-4f98-bd3b-4882d7f9ad39 - 获取特定知识点内容: node_id='kb_002'
2026-07-22 10:26:58 | INFO     | app.services.external_kb:get_node_by_id:146 | trace_id=a1707ca3-6330-4f98-bd3b-4882d7f9ad39 - 获取特定知识点内容: node_id='kb_003'
2026-07-22 10:26:58 | INFO     | app.services.external_kb:get_node_by_id:146 | trace_id=a1707ca3-6330-4f98-bd3b-4882d7f9ad39 - 获取特定知识点内容: node_id='kb_004'
2026-07-22 10:26:58 | INFO     | app.services.external_kb:get_node_by_id:146 | trace_id=a1707ca3-6330-4f98-bd3b-4882d7f9ad39 - 获取特定知识点内容: node_id='kb_007'
2026-07-22 10:27:03 | INFO     | app.services.exam_engine:_load_project_scenario:590 | trace_id=a1707ca3-6330-4f98-bd3b-4882d7f9ad39 - 加载 PBL 项目场景: 信用卡挂失完整流程, 任务数=3
2026-07-22 10:27:03 | INFO     | app.services.exam_engine:process_round:987 | trace_id=a1707ca3-6330-4f98-bd3b-4882d7f9ad39 - 业务线切换后重新加载项目场景: 信用卡挂失完整流程
2026-07-22 10:27:39 | INFO     | app.services.retrieval_pipeline:search:297 | trace_id=131d4eaa-db05-4054-a54f-11283f7620a2 - 高级检索管线启动: query='密码管理'
2026-07-22 10:27:39 | INFO     | app.services.retrieval_pipeline:rewrite:41 | trace_id=131d4eaa-db05-4054-a54f-11283f7620a2 - 查询改写开始: 密码管理
2026-07-22 10:27:41 | INFO     | app.services.retrieval_pipeline:rewrite:53 | trace_id=131d4eaa-db05-4054-a54f-11283f7620a2 - 查询改写结果: {'main_query': '密码管理', 'sub_queries': ['密码重置流程', '密码修改规则', '密码挂失操作'], 'intent_tags': ['账户安全', '身份验证'], 'expected_content_type': 'sop'}
2026-07-22 10:27:41 | INFO     | app.services.external_kb:search_knowledge:116 | trace_id=131d4eaa-db05-4054-a54f-11283f7620a2 - 正在执行向量检索: query='密码管理', top_k=10
2026-07-22 10:27:41 | INFO     | app.services.external_kb:search_knowledge:116 | trace_id=131d4eaa-db05-4054-a54f-11283f7620a2 - 正在执行向量检索: query='密码重置流程', top_k=10
2026-07-22 10:27:41 | INFO     | app.services.retrieval_pipeline:search:117 | trace_id=131d4eaa-db05-4054-a54f-11283f7620a2 - BM25 检索: query='密码管理', top_k=10
2026-07-22 10:27:41 | INFO     | app.services.retrieval_pipeline:search:117 | trace_id=131d4eaa-db05-4054-a54f-11283f7620a2 - BM25 检索: query='密码重置流程', top_k=10
2026-07-22 10:27:41 | INFO     | app.services.retrieval_pipeline:rerank:193 | trace_id=131d4eaa-db05-4054-a54f-11283f7620a2 - 重排序开始，候选数: 14
2026-07-22 10:27:41 | INFO     | app.services.retrieval_pipeline:rerank:221 | trace_id=131d4eaa-db05-4054-a54f-11283f7620a2 - 重排序完成，返回 Top-10
2026-07-22 10:27:41 | INFO     | app.services.retrieval_pipeline:search:344 | trace_id=131d4eaa-db05-4054-a54f-11283f7620a2 - 检索管线完成: 向量20 + BM253 → 去重14 → 重排10 → 最终5
2026-07-22 10:27:41 | INFO     | app.agents.persona_agent:generate_reply:27 | trace_id=131d4eaa-db05-4054-a54f-11283f7620a2 - PersonaAgent 正在生成客户回复
2026-07-22 10:28:08 | INFO     | app.services.retrieval_pipeline:search:297 | trace_id=95639744-af84-4d8b-9f17-d4f8745dedbe - 高级检索管线启动: query='密码管理'
2026-07-22 10:28:08 | INFO     | app.services.retrieval_pipeline:rewrite:41 | trace_id=95639744-af84-4d8b-9f17-d4f8745dedbe - 查询改写开始: 密码管理
2026-07-22 10:28:10 | INFO     | app.services.retrieval_pipeline:rewrite:53 | trace_id=95639744-af84-4d8b-9f17-d4f8745dedbe - 查询改写结果: {'main_query': '密码管理', 'sub_queries': ['账户密码重置流程', '密码修改操作指南', '密码锁定解锁规则'], 'intent_tags': ['业务流程', '风控规则'], 'expected_content_type': 'sop|rule'}
2026-07-22 10:28:10 | INFO     | app.services.external_kb:search_knowledge:116 | trace_id=95639744-af84-4d8b-9f17-d4f8745dedbe - 正在执行向量检索: query='密码管理', top_k=10
2026-07-22 10:28:11 | INFO     | app.services.external_kb:search_knowledge:116 | trace_id=95639744-af84-4d8b-9f17-d4f8745dedbe - 正在执行向量检索: query='账户密码重置流程', top_k=10
2026-07-22 10:28:11 | INFO     | app.services.retrieval_pipeline:search:117 | trace_id=95639744-af84-4d8b-9f17-d4f8745dedbe - BM25 检索: query='密码管理', top_k=10
2026-07-22 10:28:11 | INFO     | app.services.retrieval_pipeline:search:117 | trace_id=95639744-af84-4d8b-9f17-d4f8745dedbe - BM25 检索: query='账户密码重置流程', top_k=10
2026-07-22 10:28:11 | INFO     | app.services.retrieval_pipeline:rerank:193 | trace_id=95639744-af84-4d8b-9f17-d4f8745dedbe - 重排序开始，候选数: 15
2026-07-22 10:28:11 | INFO     | app.services.retrieval_pipeline:rerank:221 | trace_id=95639744-af84-4d8b-9f17-d4f8745dedbe - 重排序完成，返回 Top-10
2026-07-22 10:28:11 | INFO     | app.services.retrieval_pipeline:search:344 | trace_id=95639744-af84-4d8b-9f17-d4f8745dedbe - 检索管线完成: 向量20 + BM254 → 去重15 → 重排10 → 最终5
2026-07-22 10:28:11 | INFO     | app.agents.persona_agent:generate_reply:27 | trace_id=95639744-af84-4d8b-9f17-d4f8745dedbe - PersonaAgent 正在生成客户回复
2026-07-22 10:28:40 | INFO     | app.services.retrieval_pipeline:search:297 | trace_id=3d89bd0b-5a34-4f99-b6bd-8e07a671f1fc - 高级检索管线启动: query='密码管理'
2026-07-22 10:28:40 | INFO     | app.services.retrieval_pipeline:rewrite:41 | trace_id=3d89bd0b-5a34-4f99-b6bd-8e07a671f1fc - 查询改写开始: 密码管理
2026-07-22 10:28:42 | INFO     | app.services.retrieval_pipeline:rewrite:53 | trace_id=3d89bd0b-5a34-4f99-b6bd-8e07a671f1fc - 查询改写结果: {'main_query': '密码管理', 'sub_queries': ['修改密码', '重置密码', '密码规则'], 'intent_tags': ['业务流程', '风险控制'], 'expected_content_type': 'sop|faq|rule'}
2026-07-22 10:28:42 | INFO     | app.services.external_kb:search_knowledge:116 | trace_id=3d89bd0b-5a34-4f99-b6bd-8e07a671f1fc - 正在执行向量检索: query='密码管理', top_k=10
2026-07-22 10:28:42 | INFO     | app.services.external_kb:search_knowledge:116 | trace_id=3d89bd0b-5a34-4f99-b6bd-8e07a671f1fc - 正在执行向量检索: query='修改密码', top_k=10
2026-07-22 10:28:42 | INFO     | app.services.retrieval_pipeline:search:117 | trace_id=3d89bd0b-5a34-4f99-b6bd-8e07a671f1fc - BM25 检索: query='密码管理', top_k=10
2026-07-22 10:28:42 | INFO     | app.services.retrieval_pipeline:search:117 | trace_id=3d89bd0b-5a34-4f99-b6bd-8e07a671f1fc - BM25 检索: query='修改密码', top_k=10
2026-07-22 10:28:42 | INFO     | app.services.retrieval_pipeline:rerank:193 | trace_id=3d89bd0b-5a34-4f99-b6bd-8e07a671f1fc - 重排序开始，候选数: 14
2026-07-22 10:28:42 | INFO     | app.services.retrieval_pipeline:rerank:221 | trace_id=3d89bd0b-5a34-4f99-b6bd-8e07a671f1fc - 重排序完成，返回 Top-10
2026-07-22 10:28:42 | INFO     | app.services.retrieval_pipeline:search:344 | trace_id=3d89bd0b-5a34-4f99-b6bd-8e07a671f1fc - 检索管线完成: 向量20 + BM251 → 去重14 → 重排10 → 最终5
2026-07-22 10:28:42 | INFO     | app.agents.persona_agent:generate_reply:27 | trace_id=3d89bd0b-5a34-4f99-b6bd-8e07a671f1fc - PersonaAgent 正在生成客户回复
2026-07-22 10:29:10 | INFO     | app.services.retrieval_pipeline:search:297 | trace_id=e516a33c-1553-4ef8-8451-7ec1385e450a - 高级检索管线启动: query='密码管理'
2026-07-22 10:29:10 | INFO     | app.services.retrieval_pipeline:rewrite:41 | trace_id=e516a33c-1553-4ef8-8451-7ec1385e450a - 查询改写开始: 密码管理
2026-07-22 10:29:13 | INFO     | app.services.retrieval_pipeline:rewrite:53 | trace_id=e516a33c-1553-4ef8-8451-7ec1385e450a - 查询改写结果: {'main_query': '密码管理', 'sub_queries': ['银行卡密码修改', '网上银行密码重置', '密码锁定解锁'], 'intent_tags': ['业务流程', '风控规则'], 'expected_content_type': 'sop|faq'}
2026-07-22 10:29:13 | INFO     | app.services.external_kb:search_knowledge:116 | trace_id=e516a33c-1553-4ef8-8451-7ec1385e450a - 正在执行向量检索: query='密码管理', top_k=10
2026-07-22 10:29:13 | INFO     | app.services.external_kb:search_knowledge:116 | trace_id=e516a33c-1553-4ef8-8451-7ec1385e450a - 正在执行向量检索: query='银行卡密码修改', top_k=10
2026-07-22 10:29:13 | INFO     | app.services.retrieval_pipeline:search:117 | trace_id=e516a33c-1553-4ef8-8451-7ec1385e450a - BM25 检索: query='密码管理', top_k=10
2026-07-22 10:29:13 | INFO     | app.services.retrieval_pipeline:search:117 | trace_id=e516a33c-1553-4ef8-8451-7ec1385e450a - BM25 检索: query='银行卡密码修改', top_k=10
2026-07-22 10:29:13 | INFO     | app.services.retrieval_pipeline:rerank:193 | trace_id=e516a33c-1553-4ef8-8451-7ec1385e450a - 重排序开始，候选数: 18
2026-07-22 10:29:13 | INFO     | app.services.retrieval_pipeline:rerank:221 | trace_id=e516a33c-1553-4ef8-8451-7ec1385e450a - 重排序完成，返回 Top-10
2026-07-22 10:29:13 | INFO     | app.services.retrieval_pipeline:search:344 | trace_id=e516a33c-1553-4ef8-8451-7ec1385e450a - 检索管线完成: 向量20 + BM257 → 去重18 → 重排10 → 最终5
2026-07-22 10:29:13 | INFO     | app.agents.persona_agent:generate_reply:27 | trace_id=e516a33c-1553-4ef8-8451-7ec1385e450a - PersonaAgent 正在生成客户回复
2026-07-22 10:29:43 | INFO     | app.services.retrieval_pipeline:search:297 | trace_id=ca3a80ab-c9e8-4d54-a54b-7bc4f271f56e - 高级检索管线启动: query='密码管理'
2026-07-22 10:29:43 | INFO     | app.services.retrieval_pipeline:rewrite:41 | trace_id=ca3a80ab-c9e8-4d54-a54b-7bc4f271f56e - 查询改写开始: 密码管理
2026-07-22 10:29:45 | INFO     | app.services.retrieval_pipeline:rewrite:53 | trace_id=ca3a80ab-c9e8-4d54-a54b-7bc4f271f56e - 查询改写结果: {'main_query': '密码管理', 'sub_queries': ['重置密码流程', '修改密码规则', '密码锁定解锁'], 'intent_tags': ['业务流程', '风控规则'], 'expected_content_type': 'sop|rule|faq'}
2026-07-22 10:29:45 | INFO     | app.services.external_kb:search_knowledge:116 | trace_id=ca3a80ab-c9e8-4d54-a54b-7bc4f271f56e - 正在执行向量检索: query='密码管理', top_k=10
2026-07-22 10:29:45 | INFO     | app.services.external_kb:search_knowledge:116 | trace_id=ca3a80ab-c9e8-4d54-a54b-7bc4f271f56e - 正在执行向量检索: query='重置密码流程', top_k=10
2026-07-22 10:29:45 | INFO     | app.services.retrieval_pipeline:search:117 | trace_id=ca3a80ab-c9e8-4d54-a54b-7bc4f271f56e - BM25 检索: query='密码管理', top_k=10
2026-07-22 10:29:45 | INFO     | app.services.retrieval_pipeline:search:117 | trace_id=ca3a80ab-c9e8-4d54-a54b-7bc4f271f56e - BM25 检索: query='重置密码流程', top_k=10
2026-07-22 10:29:45 | INFO     | app.services.retrieval_pipeline:rerank:193 | trace_id=ca3a80ab-c9e8-4d54-a54b-7bc4f271f56e - 重排序开始，候选数: 14
2026-07-22 10:29:45 | INFO     | app.services.retrieval_pipeline:rerank:221 | trace_id=ca3a80ab-c9e8-4d54-a54b-7bc4f271f56e - 重排序完成，返回 Top-10
2026-07-22 10:29:45 | INFO     | app.services.retrieval_pipeline:search:344 | trace_id=ca3a80ab-c9e8-4d54-a54b-7bc4f271f56e - 检索管线完成: 向量20 + BM254 → 去重14 → 重排10 → 最终5
2026-07-22 10:29:45 | INFO     | app.agents.persona_agent:generate_reply:27 | trace_id=ca3a80ab-c9e8-4d54-a54b-7bc4f271f56e - PersonaAgent 正在生成客户回复
2026-07-22 10:29:46 | INFO     | app.services.external_kb:get_node_by_id:146 | trace_id=ca3a80ab-c9e8-4d54-a54b-7bc4f271f56e - 获取特定知识点内容: node_id='kb_021'
2026-07-22 10:29:46 | INFO     | app.services.external_kb:get_node_by_id:146 | trace_id=ca3a80ab-c9e8-4d54-a54b-7bc4f271f56e - 获取特定知识点内容: node_id='kb_022'
2026-07-22 10:29:46 | INFO     | app.services.external_kb:get_node_by_id:146 | trace_id=ca3a80ab-c9e8-4d54-a54b-7bc4f271f56e - 获取特定知识点内容: node_id='kb_023'
2026-07-22 10:29:46 | INFO     | app.services.external_kb:get_node_by_id:146 | trace_id=ca3a80ab-c9e8-4d54-a54b-7bc4f271f56e - 获取特定知识点内容: node_id='kb_024'
2026-07-22 10:29:46 | INFO     | app.services.external_kb:get_node_by_id:146 | trace_id=ca3a80ab-c9e8-4d54-a54b-7bc4f271f56e - 获取特定知识点内容: node_id='kb_025'
2026-07-22 10:29:51 | INFO     | app.services.exam_engine:_load_project_scenario:590 | trace_id=ca3a80ab-c9e8-4d54-a54b-7bc4f271f56e - 加载 PBL 项目场景: 完整投诉处理流程, 任务数=3
2026-07-22 10:29:51 | INFO     | app.services.exam_engine:process_round:987 | trace_id=ca3a80ab-c9e8-4d54-a54b-7bc4f271f56e - 业务线切换后重新加载项目场景: 完整投诉处理流程
2026-07-22 10:30:18 | INFO     | app.services.retrieval_pipeline:search:297 | trace_id=85bd09c7-ffda-4c8e-890f-5edcb37f0eee - 高级检索管线启动: query='卡片挂失'
2026-07-22 10:30:18 | INFO     | app.services.retrieval_pipeline:rewrite:41 | trace_id=85bd09c7-ffda-4c8e-890f-5edcb37f0eee - 查询改写开始: 卡片挂失
2026-07-22 10:30:20 | INFO     | app.services.retrieval_pipeline:rewrite:53 | trace_id=85bd09c7-ffda-4c8e-890f-5edcb37f0eee - 查询改写结果: {'main_query': '银行卡挂失', 'sub_queries': ['挂失申请流程', '挂失后补办新卡', '挂失相关费用'], 'intent_tags': ['业务流程', '风控规则'], 'expected_content_type': 'sop|rule|faq'}
2026-07-22 10:30:20 | INFO     | app.services.external_kb:search_knowledge:116 | trace_id=85bd09c7-ffda-4c8e-890f-5edcb37f0eee - 正在执行向量检索: query='银行卡挂失', top_k=10
2026-07-22 10:30:20 | INFO     | app.services.external_kb:search_knowledge:116 | trace_id=85bd09c7-ffda-4c8e-890f-5edcb37f0eee - 正在执行向量检索: query='挂失申请流程', top_k=10
2026-07-22 10:30:20 | INFO     | app.services.retrieval_pipeline:search:117 | trace_id=85bd09c7-ffda-4c8e-890f-5edcb37f0eee - BM25 检索: query='银行卡挂失', top_k=10
2026-07-22 10:30:20 | INFO     | app.services.retrieval_pipeline:search:117 | trace_id=85bd09c7-ffda-4c8e-890f-5edcb37f0eee - BM25 检索: query='挂失申请流程', top_k=10
2026-07-22 10:30:20 | INFO     | app.services.retrieval_pipeline:rerank:193 | trace_id=85bd09c7-ffda-4c8e-890f-5edcb37f0eee - 重排序开始，候选数: 22
2026-07-22 10:30:20 | INFO     | app.services.retrieval_pipeline:rerank:221 | trace_id=85bd09c7-ffda-4c8e-890f-5edcb37f0eee - 重排序完成，返回 Top-10
2026-07-22 10:30:20 | INFO     | app.services.retrieval_pipeline:search:344 | trace_id=85bd09c7-ffda-4c8e-890f-5edcb37f0eee - 检索管线完成: 向量20 + BM258 → 去重22 → 重排10 → 最终5
2026-07-22 10:30:20 | INFO     | app.agents.persona_agent:generate_reply:27 | trace_id=85bd09c7-ffda-4c8e-890f-5edcb37f0eee - PersonaAgent 正在生成客户回复
2026-07-22 10:33:44 | INFO     | app.services.external_kb:get_all_nodes_with_business_line:229 | trace_id=N/A - 获取知识库全部节点（含业务线）
2026-07-22 10:33:44 | INFO     | app.services.external_kb:get_all_nodes_with_business_line:241 | trace_id=N/A - 知识库共 105 条节点
2026-07-22 10:33:52 | INFO     | app.services.exam_engine:initialize_exam:615 | trace_id=46529f6a-fa2a-4695-8015-aa2d672ee665 - 初始化动态考试
2026-07-22 10:33:52 | INFO     | app.services.exam_engine:initialize_exam:622 | trace_id=46529f6a-fa2a-4695-8015-aa2d672ee665 - 使用预热缓存的业务线配置
2026-07-22 10:33:52 | INFO     | app.services.external_kb:get_node_by_id:146 | trace_id=46529f6a-fa2a-4695-8015-aa2d672ee665 - 获取特定知识点内容: node_id='kb_021'
2026-07-22 10:33:52 | INFO     | app.services.external_kb:get_node_by_id:146 | trace_id=46529f6a-fa2a-4695-8015-aa2d672ee665 - 获取特定知识点内容: node_id='kb_022'
2026-07-22 10:33:52 | INFO     | app.services.external_kb:get_node_by_id:146 | trace_id=46529f6a-fa2a-4695-8015-aa2d672ee665 - 获取特定知识点内容: node_id='kb_023'
2026-07-22 10:33:52 | INFO     | app.services.external_kb:get_node_by_id:146 | trace_id=46529f6a-fa2a-4695-8015-aa2d672ee665 - 获取特定知识点内容: node_id='kb_024'
2026-07-22 10:33:52 | INFO     | app.services.external_kb:get_node_by_id:146 | trace_id=46529f6a-fa2a-4695-8015-aa2d672ee665 - 获取特定知识点内容: node_id='kb_025'
2026-07-22 10:34:52 | ERROR    | app.services.llm_adapter:async_chat_completion:116 | trace_id=46529f6a-fa2a-4695-8015-aa2d672ee665 - LLM 异步调用失败: Request timed out.
2026-07-22 10:34:52 | ERROR    | app.services.exam_engine:_generate_key_points:784 | trace_id=46529f6a-fa2a-4695-8015-aa2d672ee665 - 生成踩分点失败: Request timed out.
2026-07-22 10:34:52 | INFO     | app.services.exam_engine:_load_project_scenario:590 | trace_id=46529f6a-fa2a-4695-8015-aa2d672ee665 - 加载 PBL 项目场景: 完整投诉处理流程, 任务数=3
2026-07-22 10:34:57 | INFO     | app.services.exam_engine:initialize_exam:682 | trace_id=46529f6a-fa2a-4695-8015-aa2d672ee665 - PBL 项目制模式: 完整投诉处理流程, 任务数=3
2026-07-22 10:34:57 | INFO     | app.services.exam_engine:initialize_exam:742 | trace_id=46529f6a-fa2a-4695-8015-aa2d672ee665 - 考试初始化完成: 模式=project, 人格=懵懂新生客户, 业务线=信用卡挂失, 初始烦躁值=20, 目标数=3
2026-07-22 10:34:57 | INFO     | app.services.retrieval_pipeline:search:297 | trace_id=46529f6a-fa2a-4695-8015-aa2d672ee665 - 高级检索管线启动: query='信用卡挂失'
2026-07-22 10:34:57 | INFO     | app.services.retrieval_pipeline:rewrite:41 | trace_id=46529f6a-fa2a-4695-8015-aa2d672ee665 - 查询改写开始: 信用卡挂失
2026-07-22 10:34:59 | INFO     | app.services.retrieval_pipeline:rewrite:53 | trace_id=46529f6a-fa2a-4695-8015-aa2d672ee665 - 查询改写结果: {'main_query': '信用卡挂失', 'sub_queries': ['信用卡遗失处理流程', '挂失信用卡步骤', '紧急情况卡管理'], 'intent_tags': ['业务流程', '风控规则'], 'expected_content_type': 'sop'}
2026-07-22 10:34:59 | INFO     | app.services.external_kb:search_knowledge:116 | trace_id=46529f6a-fa2a-4695-8015-aa2d672ee665 - 正在执行向量检索: query='信用卡挂失', top_k=10
2026-07-22 10:34:59 | INFO     | app.services.external_kb:search_knowledge:116 | trace_id=46529f6a-fa2a-4695-8015-aa2d672ee665 - 正在执行向量检索: query='信用卡遗失处理流程', top_k=10
2026-07-22 10:34:59 | INFO     | app.services.retrieval_pipeline:search:117 | trace_id=46529f6a-fa2a-4695-8015-aa2d672ee665 - BM25 检索: query='信用卡挂失', top_k=10
2026-07-22 10:34:59 | INFO     | app.services.retrieval_pipeline:search:117 | trace_id=46529f6a-fa2a-4695-8015-aa2d672ee665 - BM25 检索: query='信用卡遗失处理流程', top_k=10
2026-07-22 10:34:59 | INFO     | app.services.retrieval_pipeline:rerank:193 | trace_id=46529f6a-fa2a-4695-8015-aa2d672ee665 - 重排序开始，候选数: 17
2026-07-22 10:34:59 | INFO     | app.services.retrieval_pipeline:rerank:221 | trace_id=46529f6a-fa2a-4695-8015-aa2d672ee665 - 重排序完成，返回 Top-10
2026-07-22 10:34:59 | INFO     | app.services.retrieval_pipeline:search:344 | trace_id=46529f6a-fa2a-4695-8015-aa2d672ee665 - 检索管线完成: 向量20 + BM2520 → 去重17 → 重排10 → 最终5
2026-07-22 10:34:59 | INFO     | app.agents.persona_agent:generate_reply:27 | trace_id=46529f6a-fa2a-4695-8015-aa2d672ee665 - PersonaAgent 正在生成客户回复
2026-07-22 10:53:22 | INFO     | app.agents.doc_agent:answer_query_stream:44 | trace_id=N/A - DocAgent 收到查询 (Stream, mode=normal): 信用卡怎么挂失
2026-07-22 10:53:22 | INFO     | app.services.retrieval_pipeline:search:297 | trace_id=N/A - 高级检索管线启动: query='信用卡怎么挂失'
2026-07-22 10:53:22 | INFO     | app.services.retrieval_pipeline:rewrite:41 | trace_id=N/A - 查询改写开始: 信用卡怎么挂失
2026-07-22 10:53:24 | INFO     | app.services.retrieval_pipeline:rewrite:53 | trace_id=N/A - 查询改写结果: {'main_query': '信用卡挂失流程', 'sub_queries': ['信用卡如何挂失', '信用卡丢失如何处理', '挂失信用卡步骤'], 'intent_tags': ['业务流程', '风险控制'], 'expected_content_type': 'sop'}
2026-07-22 10:53:24 | INFO     | app.services.external_kb:search_knowledge:116 | trace_id=N/A - 正在执行向量检索: query='信用卡挂失流程', top_k=10
2026-07-22 10:53:24 | INFO     | app.services.external_kb:search_knowledge:116 | trace_id=N/A - 正在执行向量检索: query='信用卡如何挂失', top_k=10
2026-07-22 10:53:24 | INFO     | app.services.retrieval_pipeline:search:117 | trace_id=N/A - BM25 检索: query='信用卡挂失流程', top_k=10
2026-07-22 10:53:24 | INFO     | app.services.retrieval_pipeline:search:117 | trace_id=N/A - BM25 检索: query='信用卡如何挂失', top_k=10
2026-07-22 10:53:24 | INFO     | app.services.retrieval_pipeline:rerank:193 | trace_id=N/A - 重排序开始，候选数: 19
2026-07-22 10:53:24 | INFO     | app.services.retrieval_pipeline:rerank:221 | trace_id=N/A - 重排序完成，返回 Top-10
2026-07-22 10:53:24 | INFO     | app.services.retrieval_pipeline:search:344 | trace_id=N/A - 检索管线完成: 向量20 + BM2520 → 去重19 → 重排10 → 最终5
2026-07-22 10:58:41 | INFO     | app.services.external_kb:_init_knowledge_base:42 | trace_id=system - 向量知识库已存在，共 105 条记录，跳过初始化。
2026-07-22 10:58:43 | INFO     | app.services.external_kb:get_all_nodes_with_business_line:229 | trace_id=prewarm - 获取知识库全部节点（含业务线）
2026-07-22 10:58:43 | INFO     | app.services.external_kb:get_all_nodes_with_business_line:241 | trace_id=prewarm - 知识库共 105 条节点
2026-07-22 10:58:43 | INFO     | app.services.exam_engine:get_business_config:84 | trace_id=prewarm - 从节点标签+知识图谱构建业务线配置: 5 条业务线, 5 条有图谱关联（零LLM调用）
2026-07-22 10:58:43 | INFO     | app.main:_prewarm:62 | trace_id=system - [预热] 业务线分类已完成
2026-07-22 10:58:43 | INFO     | app.services.retrieval_pipeline:sync_bm25_from_kb:276 | trace_id=prewarm - BM25 索引已有 105 条文档，跳过同步
2026-07-22 11:00:06 | INFO     | app.services.external_kb:_init_knowledge_base:42 | trace_id=system - 向量知识库已存在，共 105 条记录，跳过初始化。
2026-07-22 11:00:08 | INFO     | app.services.external_kb:get_all_nodes_with_business_line:229 | trace_id=prewarm - 获取知识库全部节点（含业务线）
2026-07-22 11:00:08 | INFO     | app.services.external_kb:get_all_nodes_with_business_line:241 | trace_id=prewarm - 知识库共 105 条节点
2026-07-22 11:00:08 | INFO     | app.services.exam_engine:get_business_config:84 | trace_id=prewarm - 从节点标签+知识图谱构建业务线配置: 6 条业务线, 5 条有图谱关联（零LLM调用）
2026-07-22 11:00:08 | INFO     | app.main:_prewarm:62 | trace_id=system - [预热] 业务线分类已完成
2026-07-22 11:00:08 | INFO     | app.services.retrieval_pipeline:sync_bm25_from_kb:276 | trace_id=prewarm - BM25 索引已有 105 条文档，跳过同步
2026-07-22 11:00:48 | INFO     | app.services.external_kb:_init_knowledge_base:42 | trace_id=system - 向量知识库已存在，共 105 条记录，跳过初始化。
2026-07-22 11:00:50 | INFO     | app.services.external_kb:get_all_nodes_with_business_line:229 | trace_id=prewarm - 获取知识库全部节点（含业务线）
2026-07-22 11:00:51 | INFO     | app.services.external_kb:get_all_nodes_with_business_line:241 | trace_id=prewarm - 知识库共 105 条节点
2026-07-22 11:00:51 | INFO     | app.services.exam_engine:get_business_config:84 | trace_id=prewarm - 从节点标签+知识图谱构建业务线配置: 6 条业务线, 5 条有图谱关联（零LLM调用）
2026-07-22 11:00:51 | INFO     | app.main:_prewarm:62 | trace_id=system - [预热] 业务线分类已完成
2026-07-22 11:00:51 | INFO     | app.services.retrieval_pipeline:sync_bm25_from_kb:276 | trace_id=prewarm - BM25 索引已有 105 条文档，跳过同步
2026-07-22 11:01:10 | INFO     | app.services.external_kb:_init_knowledge_base:42 | trace_id=system - 向量知识库已存在，共 105 条记录，跳过初始化。
2026-07-22 11:01:17 | INFO     | app.services.external_kb:_init_knowledge_base:42 | trace_id=system - 向量知识库已存在，共 105 条记录，跳过初始化。
2026-07-22 11:01:19 | INFO     | app.services.external_kb:get_all_nodes_with_business_line:229 | trace_id=prewarm - 获取知识库全部节点（含业务线）
2026-07-22 11:01:19 | INFO     | app.services.external_kb:get_all_nodes_with_business_line:241 | trace_id=prewarm - 知识库共 105 条节点
2026-07-22 11:01:19 | INFO     | app.services.exam_engine:get_business_config:84 | trace_id=prewarm - 从节点标签+知识图谱构建业务线配置: 6 条业务线, 5 条有图谱关联（零LLM调用）
2026-07-22 11:01:19 | INFO     | app.main:_prewarm:62 | trace_id=system - [预热] 业务线分类已完成
2026-07-22 11:01:19 | INFO     | app.services.retrieval_pipeline:sync_bm25_from_kb:276 | trace_id=prewarm - BM25 索引已有 105 条文档，跳过同步
2026-07-22 11:02:33 | INFO     | app.agents.scorer_agent:generate_capability_portrait:62 | trace_id=N/A - ScorerAgent 正在生成能力画像
2026-07-22 11:03:04 | INFO     | app.services.external_kb:get_all_nodes_with_business_line:229 | trace_id=N/A - 获取知识库全部节点（含业务线）
2026-07-22 11:03:04 | INFO     | app.services.external_kb:get_all_nodes_with_business_line:241 | trace_id=N/A - 知识库共 105 条节点
2026-07-22 11:03:10 | INFO     | app.services.external_kb:get_all_nodes_with_business_line:229 | trace_id=N/A - 获取知识库全部节点（含业务线）
2026-07-22 11:03:10 | INFO     | app.services.external_kb:get_all_nodes_with_business_line:241 | trace_id=N/A - 知识库共 105 条节点
2026-07-22 11:03:12 | INFO     | app.services.external_kb:get_all_nodes_with_business_line:229 | trace_id=N/A - 获取知识库全部节点（含业务线）
2026-07-22 11:03:12 | INFO     | app.services.external_kb:get_all_nodes_with_business_line:241 | trace_id=N/A - 知识库共 105 条节点
2026-07-22 11:03:38 | INFO     | app.api.admin:auto_build_knowledge_graph:569 | trace_id=4ef3a39e-1640-400f-a24c-861851b294c2 - 跨业务线LLM返回前200字: [
    {"source": "kb_012", "target": "kb_002", "relation_type": "顺承与参照", "weight": 0.6},
    {"source": "kb_001", "target": "kb_041", "relation_type": "流程依赖", "weight": 0.7},
    {"source": "kb_015", 
2026-07-22 11:03:38 | INFO     | app.api.admin:auto_build_knowledge_graph:612 | trace_id=4ef3a39e-1640-400f-a24c-861851b294c2 - 跨业务线关系提取: 匹配到5条
2026-07-22 11:11:54 | INFO     | app.services.external_kb:get_all_nodes_with_business_line:229 | trace_id=N/A - 获取知识库全部节点（含业务线）
2026-07-22 11:11:54 | INFO     | app.services.external_kb:get_all_nodes_with_business_line:241 | trace_id=N/A - 知识库共 105 条节点
2026-07-22 11:11:56 | INFO     | app.services.external_kb:get_all_nodes_with_business_line:229 | trace_id=N/A - 获取知识库全部节点（含业务线）
2026-07-22 11:11:56 | INFO     | app.services.external_kb:get_all_nodes_with_business_line:241 | trace_id=N/A - 知识库共 105 条节点
2026-07-22 11:18:41 | INFO     | app.services.external_kb:get_all_nodes_with_business_line:229 | trace_id=N/A - 获取知识库全部节点（含业务线）
2026-07-22 11:18:41 | INFO     | app.services.external_kb:get_all_nodes_with_business_line:241 | trace_id=N/A - 知识库共 105 条节点
2026-07-22 11:18:44 | INFO     | app.services.external_kb:get_all_nodes_with_business_line:229 | trace_id=N/A - 获取知识库全部节点（含业务线）
2026-07-22 11:18:44 | INFO     | app.services.external_kb:get_all_nodes_with_business_line:241 | trace_id=N/A - 知识库共 105 条节点
2026-07-30 15:02:48 | WARNING  | app.services.llm_adapter:__init__:49 | trace_id=system - 未找到有效的 API Key 配置。
2026-07-30 15:03:04 | INFO     | app.services.external_kb:_init_knowledge_base:42 | trace_id=system - 向量知识库已存在，共 105 条记录，跳过初始化。
2026-07-30 15:03:06 | INFO     | app.services.external_kb:get_all_nodes_with_business_line:229 | trace_id=prewarm - 获取知识库全部节点（含业务线）
2026-07-30 15:03:06 | INFO     | app.services.external_kb:get_all_nodes_with_business_line:241 | trace_id=prewarm - 知识库共 105 条节点
2026-07-30 15:03:06 | INFO     | app.services.exam_engine:get_business_config:84 | trace_id=prewarm - 从节点标签+知识图谱构建业务线配置: 6 条业务线, 5 条有图谱关联（零LLM调用）
2026-07-30 15:03:06 | INFO     | app.main:_prewarm:67 | trace_id=system - [预热] 业务线分类已完成
2026-07-30 15:03:07 | INFO     | app.services.retrieval_pipeline:sync_bm25_from_kb:276 | trace_id=prewarm - BM25 索引已有 105 条文档，跳过同步
2026-07-30 15:06:16 | WARNING  | app.services.llm_adapter:__init__:49 | trace_id=system - 未找到有效的 API Key 配置。
2026-07-30 15:06:23 | INFO     | app.services.external_kb:_init_knowledge_base:42 | trace_id=system - 向量知识库已存在，共 105 条记录，跳过初始化。
2026-07-30 15:06:25 | INFO     | app.services.external_kb:get_all_nodes_with_business_line:229 | trace_id=prewarm - 获取知识库全部节点（含业务线）
2026-07-30 15:06:25 | INFO     | app.services.external_kb:get_all_nodes_with_business_line:241 | trace_id=prewarm - 知识库共 105 条节点
2026-07-30 15:06:25 | INFO     | app.services.exam_engine:get_business_config:84 | trace_id=prewarm - 从节点标签+知识图谱构建业务线配置: 6 条业务线, 5 条有图谱关联（零LLM调用）
2026-07-30 15:06:25 | INFO     | app.main:_prewarm:67 | trace_id=system - [预热] 业务线分类已完成
2026-07-30 15:06:25 | INFO     | app.services.retrieval_pipeline:sync_bm25_from_kb:276 | trace_id=prewarm - BM25 索引已有 105 条文档，跳过同步
2026-07-30 15:06:49 | WARNING  | app.services.llm_adapter:__init__:49 | trace_id=system - 未找到有效的 API Key 配置。
2026-07-30 15:06:56 | INFO     | app.services.external_kb:_init_knowledge_base:42 | trace_id=system - 向量知识库已存在，共 105 条记录，跳过初始化。
2026-07-30 15:06:59 | INFO     | app.services.external_kb:get_all_nodes_with_business_line:229 | trace_id=prewarm - 获取知识库全部节点（含业务线）
2026-07-30 15:06:59 | INFO     | app.services.external_kb:get_all_nodes_with_business_line:241 | trace_id=prewarm - 知识库共 105 条节点
2026-07-30 15:06:59 | INFO     | app.services.exam_engine:get_business_config:84 | trace_id=prewarm - 从节点标签+知识图谱构建业务线配置: 6 条业务线, 5 条有图谱关联（零LLM调用）
2026-07-30 15:06:59 | INFO     | app.main:_prewarm:67 | trace_id=system - [预热] 业务线分类已完成
2026-07-30 15:06:59 | INFO     | app.services.retrieval_pipeline:sync_bm25_from_kb:276 | trace_id=prewarm - BM25 索引已有 105 条文档，跳过同步
2026-07-30 15:50:55 | INFO     | app.services.external_kb:_init_knowledge_base:42 | trace_id=system - 向量知识库已存在，共 105 条记录，跳过初始化。
2026-07-30 15:50:57 | INFO     | app.services.external_kb:get_all_nodes_with_business_line:229 | trace_id=prewarm - 获取知识库全部节点（含业务线）
2026-07-30 15:50:57 | INFO     | app.services.external_kb:get_all_nodes_with_business_line:241 | trace_id=prewarm - 知识库共 105 条节点
2026-07-30 15:50:57 | INFO     | app.services.exam_engine:get_business_config:84 | trace_id=prewarm - 从节点标签+知识图谱构建业务线配置: 6 条业务线, 5 条有图谱关联（零LLM调用）
2026-07-30 15:50:57 | INFO     | app.main:_prewarm:62 | trace_id=system - [预热] 业务线分类已完成
2026-07-30 15:55:24 | WARNING  | app.services.llm_adapter:__init__:49 | trace_id=system - 未找到有效的 API Key 配置。
2026-07-30 15:55:30 | INFO     | app.services.external_kb:_init_knowledge_base:42 | trace_id=system - 向量知识库已存在，共 105 条记录，跳过初始化。
2026-07-30 15:55:32 | INFO     | app.services.external_kb:get_all_nodes_with_business_line:229 | trace_id=prewarm - 获取知识库全部节点（含业务线）
2026-07-30 15:55:32 | INFO     | app.services.external_kb:get_all_nodes_with_business_line:241 | trace_id=prewarm - 知识库共 105 条节点
2026-07-30 15:55:32 | INFO     | app.services.exam_engine:get_business_config:84 | trace_id=prewarm - 从节点标签+知识图谱构建业务线配置: 6 条业务线, 5 条有图谱关联（零LLM调用）
2026-07-30 15:55:32 | INFO     | app.main:_prewarm:67 | trace_id=system - [预热] 业务线分类已完成
2026-07-30 15:55:32 | INFO     | app.services.retrieval_pipeline:sync_bm25_from_kb:276 | trace_id=prewarm - BM25 索引已有 105 条文档，跳过同步
2026-07-30 15:58:24 | WARNING  | app.services.llm_adapter:__init__:49 | trace_id=system - 未找到有效的 API Key 配置。
2026-07-30 15:58:33 | INFO     | app.services.external_kb:_init_knowledge_base:42 | trace_id=system - 向量知识库已存在，共 105 条记录，跳过初始化。
2026-07-30 15:58:35 | INFO     | app.services.external_kb:get_all_nodes_with_business_line:229 | trace_id=prewarm - 获取知识库全部节点（含业务线）
2026-07-30 15:58:35 | INFO     | app.services.external_kb:get_all_nodes_with_business_line:241 | trace_id=prewarm - 知识库共 105 条节点
2026-07-30 15:58:35 | INFO     | app.services.exam_engine:get_business_config:84 | trace_id=prewarm - 从节点标签+知识图谱构建业务线配置: 6 条业务线, 5 条有图谱关联（零LLM调用）
2026-07-30 15:58:35 | INFO     | app.main:_prewarm:67 | trace_id=system - [预热] 业务线分类已完成
2026-07-30 15:58:35 | INFO     | app.services.retrieval_pipeline:sync_bm25_from_kb:276 | trace_id=prewarm - BM25 索引已有 105 条文档，跳过同步
2026-07-30 15:59:13 | INFO     | app.agents.doc_agent:answer_query_stream:46 | trace_id=N/A - DocAgent 收到查询 (Stream, mode=normal): 银行卡挂失应该怎么办
2026-07-30 15:59:13 | INFO     | app.services.retrieval_pipeline:search:297 | trace_id=N/A - 高级检索管线启动: query='银行卡挂失应该怎么办'
2026-07-30 15:59:13 | INFO     | app.services.retrieval_pipeline:rewrite:41 | trace_id=N/A - 查询改写开始: 银行卡挂失应该怎么办
2026-07-30 15:59:13 | ERROR    | app.services.retrieval_pipeline:rewrite:56 | trace_id=N/A - 查询改写失败: LLM 客户端未初始化(缺少 API Key)
2026-07-30 15:59:13 | INFO     | app.services.external_kb:search_knowledge:116 | trace_id=N/A - 正在执行向量检索: query='银行卡挂失应该怎么办', top_k=10
2026-07-30 15:59:13 | INFO     | app.services.external_kb:search_knowledge:116 | trace_id=N/A - 正在执行向量检索: query='银行卡挂失应该怎么办', top_k=10
2026-07-30 15:59:14 | INFO     | app.services.retrieval_pipeline:search:117 | trace_id=N/A - BM25 检索: query='银行卡挂失应该怎么办', top_k=10
2026-07-30 15:59:14 | INFO     | app.services.retrieval_pipeline:search:117 | trace_id=N/A - BM25 检索: query='银行卡挂失应该怎么办', top_k=10
2026-07-30 15:59:14 | INFO     | app.services.retrieval_pipeline:_load_reranker:155 | trace_id=4918357b-19d5-468e-8a32-3496e1b04877 - BGE Reranker 未启用（设置环境变量 ENABLE_RERANKER=1 以启用），使用降级关键词覆盖率评分
2026-07-30 15:59:14 | INFO     | app.services.retrieval_pipeline:rerank:193 | trace_id=N/A - 重排序开始，候选数: 18
2026-07-30 15:59:14 | INFO     | app.services.retrieval_pipeline:rerank:221 | trace_id=N/A - 重排序完成，返回 Top-10
2026-07-30 15:59:14 | INFO     | app.services.retrieval_pipeline:search:344 | trace_id=N/A - 检索管线完成: 向量20 + BM2520 → 去重18 → 重排10 → 最终5
2026-07-30 16:05:40 | WARNING  | app.services.llm_adapter:__init__:49 | trace_id=system - 未找到有效的 API Key 配置。
2026-07-30 16:05:46 | INFO     | app.services.external_kb:_init_knowledge_base:42 | trace_id=system - 向量知识库已存在，共 105 条记录，跳过初始化。
2026-07-30 16:05:48 | INFO     | app.services.external_kb:get_all_nodes_with_business_line:229 | trace_id=prewarm - 获取知识库全部节点（含业务线）
2026-07-30 16:05:48 | INFO     | app.services.external_kb:get_all_nodes_with_business_line:241 | trace_id=prewarm - 知识库共 105 条节点
2026-07-30 16:05:48 | INFO     | app.services.exam_engine:get_business_config:84 | trace_id=prewarm - 从节点标签+知识图谱构建业务线配置: 6 条业务线, 5 条有图谱关联（零LLM调用）
2026-07-30 16:05:48 | INFO     | app.main:_prewarm:67 | trace_id=system - [预热] 业务线分类已完成
2026-07-30 16:05:48 | INFO     | app.services.retrieval_pipeline:sync_bm25_from_kb:276 | trace_id=prewarm - BM25 索引已有 105 条文档，跳过同步
2026-07-30 16:52:57 | INFO     | app.services.exam_engine:initialize_exam:615 | trace_id=b87f9ac0-cffb-473f-8533-96661959fd27 - 初始化动态考试
2026-07-30 16:52:57 | INFO     | app.services.exam_engine:initialize_exam:622 | trace_id=b87f9ac0-cffb-473f-8533-96661959fd27 - 使用预热缓存的业务线配置
2026-07-30 16:52:57 | INFO     | app.services.exam_engine:_load_persona_configs:561 | trace_id=43bb8276-9df1-4c7f-9f4f-b418e47b81eb - 成功从数据库加载 4 个人格配置（过滤空配置后）
2026-07-30 16:52:57 | INFO     | app.services.external_kb:get_node_by_id:146 | trace_id=b87f9ac0-cffb-473f-8533-96661959fd27 - 获取特定知识点内容: node_id='kb_011'
2026-07-30 16:52:57 | INFO     | app.services.external_kb:get_node_by_id:146 | trace_id=b87f9ac0-cffb-473f-8533-96661959fd27 - 获取特定知识点内容: node_id='kb_012'
2026-07-30 16:52:57 | INFO     | app.services.external_kb:get_node_by_id:146 | trace_id=b87f9ac0-cffb-473f-8533-96661959fd27 - 获取特定知识点内容: node_id='kb_013'
2026-07-30 16:52:57 | INFO     | app.services.external_kb:get_node_by_id:146 | trace_id=b87f9ac0-cffb-473f-8533-96661959fd27 - 获取特定知识点内容: node_id='kb_014'
2026-07-30 16:52:57 | INFO     | app.services.external_kb:get_node_by_id:146 | trace_id=b87f9ac0-cffb-473f-8533-96661959fd27 - 获取特定知识点内容: node_id='kb_016'
2026-07-30 16:52:57 | ERROR    | app.services.exam_engine:_generate_key_points_via_llm:865 | trace_id=b87f9ac0-cffb-473f-8533-96661959fd27 - 生成踩分点失败: LLM 客户端未初始化(缺少 API Key)
2026-07-30 16:52:57 | INFO     | app.services.exam_engine:_persist_key_points:804 | trace_id=b87f9ac0-cffb-473f-8533-96661959fd27 - 业务线「账户冻结」的 4 个踩分点已沉淀入库
2026-07-30 16:52:57 | INFO     | app.services.exam_engine:_load_project_scenario:590 | trace_id=b87f9ac0-cffb-473f-8533-96661959fd27 - 加载 PBL 项目场景: 密码管理完整流程, 任务数=3
2026-07-30 16:52:57 | ERROR    | app.services.exam_engine:_generate_key_points_via_llm:865 | trace_id=b87f9ac0-cffb-473f-8533-96661959fd27 - 生成踩分点失败: LLM 客户端未初始化(缺少 API Key)
2026-07-30 16:52:57 | INFO     | app.services.exam_engine:_persist_key_points:804 | trace_id=b87f9ac0-cffb-473f-8533-96661959fd27 - 业务线「密码重置」的 4 个踩分点已沉淀入库
2026-07-30 16:52:57 | INFO     | app.services.exam_engine:initialize_exam:691 | trace_id=b87f9ac0-cffb-473f-8533-96661959fd27 - PBL 项目制模式: 密码管理完整流程, 任务数=3
2026-07-30 16:52:57 | INFO     | app.services.exam_engine:initialize_exam:751 | trace_id=b87f9ac0-cffb-473f-8533-96661959fd27 - 考试初始化完成: 模式=project, 人格=[Test] 啰嗦且迷糊型客户, 业务线=密码重置, 初始烦躁值=20, 目标数=3
2026-07-30 16:52:57 | INFO     | app.services.retrieval_pipeline:search:297 | trace_id=b87f9ac0-cffb-473f-8533-96661959fd27 - 高级检索管线启动: query='密码重置'
2026-07-30 16:52:57 | INFO     | app.services.retrieval_pipeline:rewrite:41 | trace_id=b87f9ac0-cffb-473f-8533-96661959fd27 - 查询改写开始: 密码重置
2026-07-30 16:52:57 | ERROR    | app.services.retrieval_pipeline:rewrite:56 | trace_id=b87f9ac0-cffb-473f-8533-96661959fd27 - 查询改写失败: LLM 客户端未初始化(缺少 API Key)
2026-07-30 16:52:57 | INFO     | app.services.external_kb:search_knowledge:116 | trace_id=b87f9ac0-cffb-473f-8533-96661959fd27 - 正在执行向量检索: query='密码重置', top_k=10
2026-07-30 16:52:57 | INFO     | app.services.external_kb:search_knowledge:116 | trace_id=b87f9ac0-cffb-473f-8533-96661959fd27 - 正在执行向量检索: query='密码重置', top_k=10
2026-07-30 16:52:57 | INFO     | app.services.retrieval_pipeline:search:117 | trace_id=b87f9ac0-cffb-473f-8533-96661959fd27 - BM25 检索: query='密码重置', top_k=10
2026-07-30 16:52:57 | INFO     | app.services.retrieval_pipeline:search:117 | trace_id=b87f9ac0-cffb-473f-8533-96661959fd27 - BM25 检索: query='密码重置', top_k=10
2026-07-30 16:52:57 | INFO     | app.services.retrieval_pipeline:_load_reranker:155 | trace_id=43bb8276-9df1-4c7f-9f4f-b418e47b81eb - BGE Reranker 未启用（设置环境变量 ENABLE_RERANKER=1 以启用），使用降级关键词覆盖率评分
2026-07-30 16:52:57 | INFO     | app.services.retrieval_pipeline:rerank:193 | trace_id=b87f9ac0-cffb-473f-8533-96661959fd27 - 重排序开始，候选数: 12
2026-07-30 16:52:57 | INFO     | app.services.retrieval_pipeline:rerank:221 | trace_id=b87f9ac0-cffb-473f-8533-96661959fd27 - 重排序完成，返回 Top-10
2026-07-30 16:52:57 | INFO     | app.services.retrieval_pipeline:search:344 | trace_id=b87f9ac0-cffb-473f-8533-96661959fd27 - 检索管线完成: 向量20 + BM256 → 去重12 → 重排10 → 最终5
2026-07-30 16:52:57 | INFO     | app.agents.persona_agent:generate_reply:28 | trace_id=b87f9ac0-cffb-473f-8533-96661959fd27 - PersonaAgent 正在生成客户回复
2026-07-30 20:13:15 | WARNING  | app.services.llm_adapter:__init__:49 | trace_id=system - 未找到有效的 API Key 配置。
2026-07-30 20:13:23 | INFO     | app.services.external_kb:_init_knowledge_base:42 | trace_id=system - 向量知识库已存在，共 105 条记录，跳过初始化。
2026-07-30 20:13:26 | INFO     | app.services.external_kb:get_all_nodes_with_business_line:229 | trace_id=prewarm - 获取知识库全部节点（含业务线）
2026-07-30 20:13:26 | INFO     | app.services.external_kb:get_all_nodes_with_business_line:241 | trace_id=prewarm - 知识库共 105 条节点
2026-07-30 20:13:26 | INFO     | app.services.exam_engine:get_business_config:84 | trace_id=prewarm - 从节点标签+知识图谱构建业务线配置: 6 条业务线, 5 条有图谱关联（零LLM调用）
2026-07-30 20:13:26 | INFO     | app.main:_prewarm:67 | trace_id=system - [预热] 业务线分类已完成
2026-07-30 20:13:26 | INFO     | app.services.retrieval_pipeline:sync_bm25_from_kb:276 | trace_id=prewarm - BM25 索引已有 105 条文档，跳过同步
2026-07-30 21:17:15 | WARNING  | app.services.llm_adapter:__init__:49 | trace_id=system - 未找到有效的 API Key 配置。
2026-07-30 21:17:21 | INFO     | app.services.external_kb:_init_knowledge_base:42 | trace_id=system - 向量知识库已存在，共 105 条记录，跳过初始化。
2026-07-30 21:17:22 | WARNING  | app.services.llm_adapter:__init__:49 | trace_id=system - 未找到有效的 API Key 配置。
2026-07-30 21:17:28 | INFO     | app.services.external_kb:_init_knowledge_base:42 | trace_id=system - 向量知识库已存在，共 105 条记录，跳过初始化。
2026-07-30 21:17:29 | WARNING  | app.services.llm_adapter:__init__:49 | trace_id=system - 未找到有效的 API Key 配置。
2026-07-30 21:17:34 | INFO     | app.services.external_kb:_init_knowledge_base:42 | trace_id=system - 向量知识库已存在，共 105 条记录，跳过初始化。
2026-07-30 21:17:35 | WARNING  | app.services.llm_adapter:__init__:49 | trace_id=system - 未找到有效的 API Key 配置。
2026-07-30 21:17:39 | INFO     | app.services.external_kb:_init_knowledge_base:42 | trace_id=system - 向量知识库已存在，共 105 条记录，跳过初始化。
2026-07-30 21:17:52 | WARNING  | app.services.llm_adapter:__init__:49 | trace_id=system - 未找到有效的 API Key 配置。
2026-07-30 21:17:57 | INFO     | app.services.external_kb:_init_knowledge_base:42 | trace_id=system - 向量知识库已存在，共 105 条记录，跳过初始化。
2026-07-30 21:18:00 | INFO     | app.services.external_kb:get_all_nodes_with_business_line:229 | trace_id=prewarm - 获取知识库全部节点（含业务线）
2026-07-30 21:18:00 | INFO     | app.services.external_kb:get_all_nodes_with_business_line:241 | trace_id=prewarm - 知识库共 105 条节点
2026-07-30 21:18:00 | INFO     | app.services.exam_engine:get_business_config:84 | trace_id=prewarm - 从节点标签+知识图谱构建业务线配置: 6 条业务线, 5 条有图谱关联（零LLM调用）
2026-07-30 21:18:00 | INFO     | app.main:_prewarm:67 | trace_id=system - [预热] 业务线分类已完成
2026-07-30 21:18:00 | INFO     | app.services.retrieval_pipeline:sync_bm25_from_kb:276 | trace_id=prewarm - BM25 索引已有 105 条文档，跳过同步
2026-07-30 21:34:14 | WARNING  | app.services.llm_adapter:__init__:49 | trace_id=system - 未找到有效的 API Key 配置。
2026-07-30 21:34:22 | INFO     | app.services.external_kb:_init_knowledge_base:42 | trace_id=system - 向量知识库已存在，共 105 条记录，跳过初始化。
2026-07-30 21:34:25 | INFO     | app.services.external_kb:get_all_nodes_with_business_line:229 | trace_id=prewarm - 获取知识库全部节点（含业务线）
2026-07-30 21:34:25 | INFO     | app.services.external_kb:get_all_nodes_with_business_line:241 | trace_id=prewarm - 知识库共 105 条节点
2026-07-30 21:34:25 | INFO     | app.services.exam_engine:get_business_config:84 | trace_id=prewarm - 从节点标签+知识图谱构建业务线配置: 6 条业务线, 5 条有图谱关联（零LLM调用）
2026-07-30 21:34:25 | INFO     | app.main:_prewarm:67 | trace_id=system - [预热] 业务线分类已完成
2026-07-30 21:34:25 | INFO     | app.services.retrieval_pipeline:sync_bm25_from_kb:276 | trace_id=prewarm - BM25 索引已有 105 条文档，跳过同步
2026-07-30 21:34:52 | WARNING  | app.services.llm_adapter:__init__:49 | trace_id=system - 未找到有效的 API Key 配置。
2026-07-30 21:34:58 | INFO     | app.services.external_kb:_init_knowledge_base:42 | trace_id=system - 向量知识库已存在，共 105 条记录，跳过初始化。
2026-07-30 21:35:00 | INFO     | app.services.external_kb:get_all_nodes_with_business_line:229 | trace_id=prewarm - 获取知识库全部节点（含业务线）
2026-07-30 21:35:00 | INFO     | app.services.external_kb:get_all_nodes_with_business_line:241 | trace_id=prewarm - 知识库共 105 条节点
2026-07-30 21:35:00 | INFO     | app.services.exam_engine:get_business_config:84 | trace_id=prewarm - 从节点标签+知识图谱构建业务线配置: 6 条业务线, 5 条有图谱关联（零LLM调用）
2026-07-30 21:35:00 | INFO     | app.main:_prewarm:67 | trace_id=system - [预热] 业务线分类已完成
2026-07-30 21:35:00 | INFO     | app.services.retrieval_pipeline:sync_bm25_from_kb:276 | trace_id=prewarm - BM25 索引已有 105 条文档，跳过同步
2026-07-30 21:38:29 | INFO     | app.services.exam_engine:initialize_exam:615 | trace_id=4548ac0b-987b-4c79-bfff-168ae78ffab7 - 初始化动态考试
2026-07-30 21:38:29 | INFO     | app.services.exam_engine:initialize_exam:622 | trace_id=4548ac0b-987b-4c79-bfff-168ae78ffab7 - 使用预热缓存的业务线配置
2026-07-30 21:38:29 | INFO     | app.services.exam_engine:_load_persona_configs:561 | trace_id=19103702-9e0d-4bcf-a0b3-adb0359960ba - 成功从数据库加载 4 个人格配置（过滤空配置后）
2026-07-30 21:38:29 | INFO     | app.services.external_kb:get_node_by_id:146 | trace_id=4548ac0b-987b-4c79-bfff-168ae78ffab7 - 获取特定知识点内容: node_id='kb_222725a5'
2026-07-30 21:38:29 | INFO     | app.services.external_kb:get_node_by_id:146 | trace_id=4548ac0b-987b-4c79-bfff-168ae78ffab7 - 获取特定知识点内容: node_id='kb_a756b866'
2026-07-30 21:38:29 | INFO     | app.services.external_kb:get_node_by_id:146 | trace_id=4548ac0b-987b-4c79-bfff-168ae78ffab7 - 获取特定知识点内容: node_id='kb_f2742946'
2026-07-30 21:38:29 | INFO     | app.services.external_kb:get_node_by_id:146 | trace_id=4548ac0b-987b-4c79-bfff-168ae78ffab7 - 获取特定知识点内容: node_id='kb_9c5593d5'
2026-07-30 21:38:29 | INFO     | app.services.external_kb:get_node_by_id:146 | trace_id=4548ac0b-987b-4c79-bfff-168ae78ffab7 - 获取特定知识点内容: node_id='kb_fb7342cc'
2026-07-30 21:38:29 | ERROR    | app.services.exam_engine:_generate_key_points_via_llm:865 | trace_id=4548ac0b-987b-4c79-bfff-168ae78ffab7 - 生成踩分点失败: LLM 客户端未初始化(缺少 API Key)
2026-07-30 21:38:29 | INFO     | app.services.exam_engine:_persist_key_points:804 | trace_id=4548ac0b-987b-4c79-bfff-168ae78ffab7 - 业务线「信用卡营销」的 4 个踩分点已沉淀入库
2026-07-30 21:38:29 | INFO     | app.services.exam_engine:_load_project_scenario:590 | trace_id=4548ac0b-987b-4c79-bfff-168ae78ffab7 - 加载 PBL 项目场景: 密码管理完整流程, 任务数=3
2026-07-30 21:38:29 | INFO     | app.services.exam_engine:_load_persisted_key_points:779 | trace_id=4548ac0b-987b-4c79-bfff-168ae78ffab7 - 复用业务线「密码重置」已持久化的 4 个踩分点
2026-07-30 21:38:29 | INFO     | app.services.exam_engine:initialize_exam:691 | trace_id=4548ac0b-987b-4c79-bfff-168ae78ffab7 - PBL 项目制模式: 密码管理完整流程, 任务数=3
2026-07-30 21:38:29 | INFO     | app.services.exam_engine:initialize_exam:751 | trace_id=4548ac0b-987b-4c79-bfff-168ae78ffab7 - 考试初始化完成: 模式=project, 人格=懵懂新生客户, 业务线=密码重置, 初始烦躁值=20, 目标数=3
2026-07-30 21:38:29 | INFO     | app.services.retrieval_pipeline:search:297 | trace_id=4548ac0b-987b-4c79-bfff-168ae78ffab7 - 高级检索管线启动: query='密码重置'
2026-07-30 21:38:29 | INFO     | app.services.retrieval_pipeline:rewrite:41 | trace_id=4548ac0b-987b-4c79-bfff-168ae78ffab7 - 查询改写开始: 密码重置
2026-07-30 21:38:29 | ERROR    | app.services.retrieval_pipeline:rewrite:56 | trace_id=4548ac0b-987b-4c79-bfff-168ae78ffab7 - 查询改写失败: LLM 客户端未初始化(缺少 API Key)
2026-07-30 21:38:29 | INFO     | app.services.external_kb:search_knowledge:116 | trace_id=4548ac0b-987b-4c79-bfff-168ae78ffab7 - 正在执行向量检索: query='密码重置', top_k=10
2026-07-30 21:38:29 | INFO     | app.services.external_kb:search_knowledge:116 | trace_id=4548ac0b-987b-4c79-bfff-168ae78ffab7 - 正在执行向量检索: query='密码重置', top_k=10
2026-07-30 21:38:29 | INFO     | app.services.retrieval_pipeline:search:117 | trace_id=4548ac0b-987b-4c79-bfff-168ae78ffab7 - BM25 检索: query='密码重置', top_k=10
2026-07-30 21:38:29 | INFO     | app.services.retrieval_pipeline:search:117 | trace_id=4548ac0b-987b-4c79-bfff-168ae78ffab7 - BM25 检索: query='密码重置', top_k=10
2026-07-30 21:38:29 | INFO     | app.services.retrieval_pipeline:_load_reranker:155 | trace_id=19103702-9e0d-4bcf-a0b3-adb0359960ba - BGE Reranker 未启用（设置环境变量 ENABLE_RERANKER=1 以启用），使用降级关键词覆盖率评分
2026-07-30 21:38:29 | INFO     | app.services.retrieval_pipeline:rerank:193 | trace_id=4548ac0b-987b-4c79-bfff-168ae78ffab7 - 重排序开始，候选数: 12
2026-07-30 21:38:29 | INFO     | app.services.retrieval_pipeline:rerank:221 | trace_id=4548ac0b-987b-4c79-bfff-168ae78ffab7 - 重排序完成，返回 Top-10
2026-07-30 21:38:29 | INFO     | app.services.retrieval_pipeline:search:344 | trace_id=4548ac0b-987b-4c79-bfff-168ae78ffab7 - 检索管线完成: 向量20 + BM256 → 去重12 → 重排10 → 最终5
2026-07-30 21:38:29 | INFO     | app.agents.persona_agent:generate_reply:28 | trace_id=4548ac0b-987b-4c79-bfff-168ae78ffab7 - PersonaAgent 正在生成客户回复
